1,0;1,3;0,4;0,7;1,9;1,10;1,13;0,14;1,17;0,18;0,21;1,23;1,25;1,27;1,29;0,30;1,32;0,35;0,37;1,39;0,41;1,43;0,44;1,46;0,48;0,51;1,52;0,54;0,57;1,59;0,61;1,63;0,65;0,66;1,69;0,71;0,72;1,74;1,76;0,78;1,81;1,83;0,85;0,86;0,89;0,91;1,92;0,94;1,96;0,98;0,101;1,102;1,104;0,107;1,109;0,111;0,113;0,114;0,117;0,119;1,120;1,122;0,125;0,126;1,128;0,131;0,132;1,134;1,136;0,139;1,141;0,143;0,145;1,146;0,149;0,151;0,153;1,154;1,156;0,159;0,160;0,162;0,165;0,167;1,169;1,171;0,173;1,174;0,177;0,178;1,181;0,182;0,184;1,187;1,189;1,191;1,193;0,195;0,197;1,199;1,201;0,203;1,205;0,206;1,209;0,211;1,213;1,215;0,217;1,219;0,220;0,222;1,224;1,226;1,229;1,231;1,232;0,234;0,237;0,238;0,241;1,242;1,244;1,247;0,248;0,250;0,252;1,254;1,256;0,258;0,261;1,262;1,264;1,267;1,269;0,270;1,273;1,275;0,276;1,278;1,280;1,282;0,285;1,287;0,288;1,291;0,292;1,295;1,296;0,299;0,301;1,302;1,304;1,307;0,309;1,311;1,313;1,315;1,316;0,318;0,321;0,322;1,325;0,327;0,328;1,331;0,332;0,334;1,337;1,338;1,340;0,342;1,344;0,347;0,348;1,350;1,352;0,354;1,356;0,359;1,361;0,362;0,365;1,367;1,369;0,370;1,373;1,375;0,376;0,378;1,380;0,382;0,385;0,387;0,388;0,390;1,393;0,394;1,396;0,399;0,401;1,403;1,405;1,406;1,408;0,411;0,412;1,415;0,416;1,418;1,420;0,422;0,424;1,426;1,429;1,430;1,432;1,435;1,436;0,438;1,440;0,442;1,444;0,446;1,449;1,450;0,453;1,455;0,456;0,458;1,460;1,463;1,465;1,466;1,469;0,471;1,473;1,474;0,477;1,478;0,480;1,483;0,485;1,487;0,488;0,491;1,492;0,494;1,497;1,498;1,501;0,502;1,505;0,507;0,509;1,511
2,1;3,2;2,5;2,6;3,8;3,11;3,12;3,15;3,16;3,19;3,20;2,23;3,25;3,27;3,28;2,30;2,33;2,35;2,36;3,39;2,40;3,43;3,45;2,46;2,48;3,50;2,53;2,55;3,56;3,59;3,61;2,62;2,64;2,66;2,69;3,71;2,72;2,75;2,77;2,79;3,80;2,83;3,85;3,86;3,88;2,91;3,93;3,94;3,96;3,98;3,101;3,103;3,105;2,107;3,109;3,111;3,113;3,114;2,117;2,118;3,120;3,123;3,124;3,127;3,129;3,131;2,132;2,134;2,136;3,138;2,141;3,142;3,144;2,146;3,149;2,151;2,153;2,154;3,157;3,158;2,160;2,163;3,164;3,167;3,169;2,170;2,173;2,175;3,176;3,178;3,180;2,183;3,185;2,187;2,188;2,190;2,192;3,194;2,196;3,199;2,201;2,202;3,204;3,206;2,208;3,211;3,213;2,215;3,217;3,218;3,221;2,222;2,224;3,227;3,228;3,231;3,232;2,234;3,237;3,239;2,241;2,243;3,245;2,246;2,249;2,250;2,253;3,254;2,256;3,258;2,261;2,263;2,264;2,266;3,268;3,270;2,273;3,275;2,276;3,279;2,281;2,283;2,285;3,287;3,288;3,291;2,292;3,294;2,297;2,299;3,301;2,302;3,304;3,306;3,308;3,310;2,313;2,315;2,316;2,318;3,320;2,323;2,324;2,327;3,329;2,330;2,333;2,334;2,336;3,338;3,340;2,343;2,345;3,346;3,348;2,351;3,352;2,355;2,357;2,358;3,360;3,362;2,365;2,366;2,368;3,370;3,372;2,375;2,377;2,378;3,381;3,383;3,384;2,387;2,389;2,390;3,392;2,395;3,396;3,399;3,401;2,402;3,405;3,406;2,408;3,410;3,413;3,414;2,417;3,419;2,421;3,422;3,425;3,427;2,429;3,431;3,433;2,434;2,436;3,438;3,441;2,442;2,445;2,446;2,449;2,450;2,452;3,455;3,457;2,459;2,460;3,462;2,464;2,467;3,468;3,470;3,472;3,475;3,477;2,478;3,480;2,483;3,484;3,487;3,489;2,491;2,492;2,494;3,497;3,499;3,501;3,503;2,505;2,506;3,508;3,511
5,1;5,3;5,5;4,6;5,9;4,10;5,13;5,14;5,16;5,18;4,21;5,22;5,24;4,27;5,28;4,30;4,33;4,35;5,37;5,39;4,40;4,43;5,45;4,46;5,49;5,50;5,52;5,54;5,57;5,59;4,60;4,62;5,64;4,67;4,68;4,71;5,72;4,74;4,77;5,78;5,81;5,82;4,84;4,86;4,88;4,91;5,92;4,94;5,97;4,98;4,101;4,103;4,105;5,106;4,109;5,110;5,113;4,115;4,116;5,118;5,121;4,122;5,125;5,127;5,129;5,131;4,132;4,134;4,137;4,139;4,141;5,142;5,144;5,146;5,148;4,150;5,152;4,155;4,157;5,158;5,161;5,162;4,165;5,167;4,168;4,171;4,173;4,174;5,177;5,178;4,181;5,182;5,185;4,186;5,189;4,191;5,193;5,195;4,196;4,198;4,200;5,203;5,205;5,207;4,208;5,211;5,213;4,215;4,216;4,219;4,221;5,222;5,224;5,227;4,228;4,230;5,232;5,235;4,237;4,238;4,240;5,242;4,245;5,247;4,249;4,251;4,253;5,255;4,256;5,259;5,261;4,263;5,264;4,267;4,269;5,270;4,273;4,274;5,276;5,278;4,280;5,282;5,285;4,286;5,289;4,291;4,292;4,294;4,296;5,298;4,301;5,302;5,305;4,307;5,308;5,310;5,313;5,314;4,317;4,319;4,321;4,323;5,324;4,326;5,329;4,330;4,333;4,334;5,336;4,338;5,341;4,343;4,344;4,347;4,348;5,351;4,352;5,354;5,357;5,358;4,360;5,362;5,365;5,366;5,369;5,370;4,372;5,374;4,376;4,379;5,381;5,382;4,384;4,386;5,389;4,391;5,392;5,394;5,397;5,398;5,400;4,402;4,405;5,406;5,409;5,411;5,412;4,414;4,416;4,418;5,421;4,423;5,424;4,427;5,428;5,431;4,433;4,434;5,437;5,439;4,440;4,442;5,445;5,446;5,448;5,450;4,453;4,454;5,457;5,458;5,461;4,462;5,464;5,467;5,468;5,470;5,472;5,475;4,477;4,479;4,481;4,482;4,485;4,486;4,489;4,490;5,492;5,494;4,497;5,499;5,500;4,503;5,504;5,506;5,508;4,511
6,0;7,3;7,4;7,6;7,8;6,10;6,13;6,14;6,17;7,19;6,20;6,23;7,24;6,26;6,28;6,30;7,33;7,34;6,37;7,38;6,41;7,42;6,44;6,46;6,48;6,51;6,53;7,55;7,56;7,58;6,61;6,62;6,65;6,67;6,68;7,71;7,73;7,75;6,77;7,79;6,81;7,83;6,85;6,87;7,89;6,91;7,92;6,95;6,96;6,99;6,101;7,102;6,104;6,107;6,109;6,110;6,113;6,115;6,117;7,118;6,121;6,122;6,125;7,127;7,129;7,131;7,132;6,134;7,136;7,138;6,141;6,143;7,144;6,147;6,148;6,151;7,153;7,155;6,156;7,158;6,160;6,162;6,164;7,167;7,169;6,170;6,173;6,175;7,176;7,178;7,181;7,183;6,184;6,187;7,189;6,190;6,193;7,194;6,197;6,199;6,200;7,203;7,204;7,207;6,209;7,211;6,212;6,215;6,217;6,219;6,221;6,223;7,225;7,227;6,229;6,231;7,233;7,235;7,237;6,239;7,240;7,243;7,244;7,247;7,248;6,250;7,252;7,254;6,257;7,259;7,261;6,262;6,264;6,267;7,269;6,271;7,272;7,275;6,276;6,279;6,281;7,283;7,284;7,287;6,289;7,291;7,292;6,294;6,297;6,298;6,301;7,303;6,305;7,307;6,308;6,310;7,313;7,315;7,316;7,318;7,321;6,322;6,325;7,326;7,329;6,330;7,333;6,335;7,336;7,338;6,340;6,343;7,345;7,347;6,348;7,351;7,353;7,355;6,357;7,359;6,361;6,363;7,364;6,366;7,368;7,370;7,373;7,375;7,377;6,378;7,381;7,382;7,384;7,387;6,388;6,391;7,393;6,395;7,396;7,399;7,401;6,403;7,405;6,406;6,409;7,411;7,412;6,414;6,417;7,418;6,421;6,423;6,425;6,427;7,429;6,431;6,433;6,435;7,437;6,439;6,441;6,442;6,444;6,447;7,449;7,450;6,452;7,455;7,456;7,458;6,461;7,462;6,465;6,467;7,468;7,470;7,472;6,475;7,476;6,478;7,481;6,483;6,485;7,487;7,489;7,491;7,492;6,495;7,496;7,499;7,500;7,502;6,505;7,506;6,508;6,511
9,1;8,3;9,4;8,7;8,9;9,10;8,13;9,15;9,17;8,19;9,21;9,23;9,25;8,27;8,29;9,30;9,33;8,34;8,36;8,38;9,40;8,43;9,45;9,46;8,48;8,51;9,52;9,54;8,56;9,58;8,60;9,62;9,64;9,66;8,69;9,71;9,72;8,74;9,77;8,79;8,80;9,82;9,84;9,87;9,89;8,91;8,92;9,95;9,96;9,99;9,100;8,102;9,104;9,106;9,109;8,111;9,113;8,114;9,117;8,118;8,120;9,123;8,124;8,127;8,128;8,130;8,132;9,135;9,136;9,138;9,140;9,142;8,145;9,147;8,148;9,151;8,153;8,155;9,157;8,159;8,160;9,162;9,164;9,167;8,169;9,171;9,173;9,174;8,177;8,179;8,180;8,182;8,184;9,187;9,189;9,190;8,193;9,195;9,196;9,199;9,200;9,202;9,205;9,207;9,208;8,211;9,212;9,214;8,216;9,218;8,221;8,223;9,224;9,226;8,229;8,230;8,233;9,235;8,237;9,239;8,240;9,243;8,245;8,247;9,249;9,250;8,252;9,255;9,257;8,259;8,261;8,262;9,265;9,267;9,268;8,271;9,273;9,274;9,277;8,279;8,281;8,282;8,284;8,287;9,289;9,290;9,292;9,295;9,297;8,299;8,300;8,303;8,305;9,306;8,309;8,311;9,312;8,314;9,317;8,319;9,321;8,322;8,324;9,326;8,328;8,331;8,333;9,335;9,336;8,338;9,340;9,342;9,344;9,347;9,349;8,351;9,352;9,355;9,357;8,358;8,360;8,362;9,365;9,366;9,369;8,371;8,372;9,375;9,377;9,379;9,381;8,383;9,384;9,387;8,389;8,390;9,393;8,395;9,397;9,398;8,401;8,403;9,404;9,406;8,408;8,411;9,413;8,415;8,416;8,418;9,421;8,423;9,425;8,427;8,428;8,431;9,432;9,434;9,436;9,439;9,441;8,443;8,445;9,446;9,449;8,451;9,453;8,455;9,456;9,458;9,461;9,462;9,464;8,466;8,469;9,470;8,473;8,474;8,477;9,478;9,480;8,483;8,484;8,487;9,489;9,490;9,493;8,495;8,496;8,499;8,500;9,502;9,505;8,507;8,508;9,510
11,0;10,3;10,5;10,7;10,9;11,10;10,13;10,14;11,17;10,19;10,20;10,23;10,24;11,27;11,29;10,30;11,33;10,34;11,36;10,38;11,40;11,43;11,44;10,47;11,49;10,50;11,53;10,54;11,56;10,58;11,60;10,62;11,65;11,66;11,68;10,71;10,73;11,75;10,76;11,78;11,81;11,83;10,85;10,86;10,89;10,91;11,92;10,94;11,96;11,98;10,101;10,103;10,105;10,106;10,109;10,110;10,113;10,115;11,117;10,118;10,120;11,123;10,125;11,127;11,129;11,130;11,132;11,135;11,136;10,139;11,141;11,142;11,144;10,147;10,149;10,150;11,152;10,155;11,157;11,159;10,160;10,162;11,164;10,167;11,169;11,170;11,173;10,175;10,176;10,179;11,180;11,182;10,185;10,187;10,188;10,191;10,193;11,194;11,196;10,199;10,200;10,202;11,204;11,207;10,208;11,210;11,213;11,215;11,217;10,218;11,220;10,222;11,224;11,227;11,228;11,231;10,233;11,234;11,236;10,238;10,240;10,243;10,244;10,246;11,249;11,251;10,253;11,255;11,257;10,259;11,261;10,262;10,265;11,267;10,268;11,270;10,273;10,275;10,276;11,278;10,281;11,282;10,284;10,287;11,288;11,290;11,293;11,295;11,296;10,298;11,300;10,303;11,304;10,307;10,308;10,310;11,312;11,314;11,316;11,318;11,320;10,323;11,325;11,326;10,328;10,331;10,333;11,335;10,337;11,339;10,340;10,342;11,344;11,346;10,349;11,350;11,353;11,355;10,357;11,359;10,361;11,363;11,364;10,367;11,369;10,370;10,373;11,374;11,377;10,378;11,380;11,382;10,384;11,386;10,389;10,391;10,393;10,395;11,396;11,399;11,401;10,402;10,405;10,407;11,409;10,410;11,412;10,414;11,417;10,419;11,420;10,422;10,425;11,427;11,428;10,431;10,433;10,435;10,437;10,439;11,441;11,442;11,445;11,446;10,448;11,450;10,453;11,454;10,456;11,458;10,461;10,462;10,464;11,466;11,469;10,471;11,473;11,474;10,476;10,478;10,481;10,483;11,484;11,486;10,488;10,491;10,492;11,495;10,497;10,499;11,501;10,502;11,505;10,507;11,509;10,510
13,0;13,3;13,5;13,7;13,8;12,11;13,13;13,14;13,16;12,18;12,21;12,22;13,25;13,26;12,28;12,30;13,33;13,34;12,36;13,38;12,41;12,43;13,44;13,46;12,49;13,50;12,52;12,54;13,57;12,58;12,60;13,63;12,65;13,67;12,69;12,70;13,73;12,75;13,77;12,78;13,81;13,82;12,84;13,87;13,88;12,91;12,93;12,94;12,96;12,99;13,100;13,103;12,105;12,107;12,108;12,110;13,112;12,115;12,116;13,118;12,121;12,123;12,124;13,127;12,129;12,130;13,133;12,135;13,137;13,138;12,141;12,142;13,144;12,147;13,148;13,150;13,153;12,155;13,157;12,158;13,160;12,163;12,164;13,166;12,169;12,171;12,173;13,175;13,177;12,178;12,180;13,183;13,184;12,187;13,189;13,190;13,193;12,194;12,196;12,198;12,201;13,203;12,204;13,206;12,208;12,210;12,213;12,214;13,217;12,218;13,221;12,222;12,225;12,227;13,228;12,230;12,233;12,235;13,236;12,238;12,240;13,243;12,245;12,246;13,249;12,250;13,252;12,254;12,256;12,259;13,261;12,263;13,264;13,266;13,268;12,270;13,272;13,274;13,277;12,279;12,280;12,283;12,285;12,286;13,288;12,291;13,292;12,294;12,296;13,298;12,300;13,302;13,304;13,307;12,309;12,311;13,313;12,314;12,316;13,319;12,321;13,322;13,325;13,327;12,329;13,331;12,332;12,335;12,337;12,339;12,341;12,343;13,344;13,347;13,349;12,350;12,353;13,355;12,356;12,358;12,360;12,363;13,365;12,367;13,368;13,371;13,372;13,374;13,376;12,379;12,380;13,382;13,385;13,387;12,388;12,391;12,392;13,395;13,397;13,399;13,400;12,402;12,404;13,406;12,409;13,410;12,412;12,414;12,417;13,418;12,420;12,423;12,425;13,427;12,429;13,430;12,433;13,435;13,437;13,439;13,440;13,442;12,444;12,446;13,449;13,451;13,452;13,454;12,457;12,459;13,460;13,462;12,465;13,466;12,469;12,470;12,472;12,474;12,477;12,479;13,481;12,483;13,485;12,486;13,489;13,491;12,492;12,495;13,496;12,499;13,501;12,503;13,504;12,506;13,508;12,510
14,1;15,2;14,5;15,6;15,9;15,10;14,13;14,14;15,16;15,18;15,21;15,22;14,24;15,27;14,28;15,31;14,33;14,34;14,37;14,38;14,41;15,42;14,45;15,46;15,49;14,51;14,52;15,55;14,57;14,58;14,61;14,62;14,65;14,66;15,69;14,71;15,73;15,74;15,77;14,79;14,81;14,82;15,84;15,87;14,88;15,90;14,92;14,95;14,96;15,99;15,100;15,103;14,104;14,106;15,109;15,111;14,112;15,115;14,116;14,118;14,121;14,122;14,125;14,127;14,129;15,131;14,133;14,134;15,136;15,139;15,141;14,143;15,145;14,147;14,148;14,151;15,153;14,154;15,156;15,158;14,161;15,162;15,165;15,167;15,168;15,170;15,173;15,174;14,177;15,178;15,181;15,183;15,184;15,187;15,188;15,190;15,192;15,195;14,197;15,198;15,200;14,202;14,204;14,207;15,209;15,210;14,213;14,215;15,216;15,218;14,220;15,222;15,224;14,226;15,229;15,230;15,233;15,234;14,237;14,239;15,240;14,243;14,245;14,247;15,248;14,251;15,253;14,254;15,256;15,259;15,260;14,262;14,264;14,267;15,269;14,271;14,273;14,275;14,277;15,278;15,280;15,282;14,284;15,286;15,288;15,290;15,292;14,294;15,297;14,299;15,300;15,303;14,305;14,307;15,309;15,310;14,313;15,314;14,316;14,319;14,321;15,322;14,324;15,326;14,328;14,331;15,333;14,334;15,336;14,339;14,341;14,342;14,344;14,346;14,349;14,350;14,353;14,354;14,357;15,358;14,361;15,363;15,364;14,366;14,369;15,371;14,372;15,374;15,376;15,378;14,380;15,382;14,385;14,386;15,389;15,391;15,392;14,395;14,396;15,399;14,400;14,403;14,404;14,406;14,409;15,410;14,412;14,414;15,417;14,418;15,420;15,422;14,424;14,427;14,428;15,431;15,433;14,435;14,436;14,438;14,441;15,442;14,445;14,447;14,448;14,450;14,453;15,455;15,456;14,458;14,461;15,463;15,465;15,466;15,469;14,470;15,472;14,474;14,476;15,478;14,480;15,482;14,485;15,486;15,489;14,491;15,492;14,495;15,497;14,499;15,500;14,503;14,504;14,506;14,508;14,510
17,1;16,2;16,4;17,7;16,9;16,11;17,13;17,15;16,17;17,19;17,21;16,23;17,24;16,27;17,29;16,30;17,33;16,34;16,36;17,39;16,41;16,43;17,44;17,46;17,49;16,51;16,52;16,55;16,56;16,58;16,60;16,62;17,65;16,66;16,68;16,70;16,73;16,75;16,77;17,78;17,81;16,82;16,85;16,87;16,88;16,90;17,93;16,95;17,97;17,99;16,100;16,103;16,105;16,107;16,108;16,110;17,113;17,114;16,116;17,118;16,121;16,122;17,124;17,126;17,128;17,131;17,133;16,134;16,137;16,138;16,141;17,143;17,145;17,146;17,149;17,151;16,152;16,154;17,156;16,159;17,161;17,163;16,164;16,167;16,168;17,171;17,172;17,174;16,177;16,179;17,181;17,183;16,185;17,186;17,189;17,190;16,192;17,195;17,196;16,199;16,200;16,202;17,204;16,207;17,209;17,211;16,213;17,214;17,217;16,218;16,220;17,223;16,225;16,227;16,229;17,230;16,233;17,234;16,236;17,238;17,241;16,242;16,244;16,247;16,248;16,250;17,253;16,255;17,257;16,258;16,261;16,263;17,264;17,266;16,269;16,271;17,273;16,275;16,277;17,278;17,281;17,283;17,284;17,286;17,289;16,291;16,293;16,295;16,296;16,298;16,301;16,302;16,305;16,306;16,308;16,311;17,313;17,314;17,317;16,319;17,321;17,323;16,324;17,327;17,328;17,330;16,332;17,334;16,336;16,338;16,340;17,343;17,344;17,347;16,349;16,350;17,353;17,354;17,356;16,359;17,360;16,362;17,364;16,366;16,368;16,371;16,372;16,374;17,376;16,379;16,380;16,382;16,384;17,387;17,388;16,391;16,392;16,394;16,396;17,398;16,401;17,402;16,404;16,407;17,408;17,411;17,413;17,415;17,416;17,419;17,420;17,423;17,424;17,427;17,428;16,430;16,432;17,435;16,436;16,439;16,441;16,442;16,444;16,447;17,449;17,451;16,452;16,455;17,456;17,459;16,460;16,463;16,464;17,467;16,468;17,471;16,472;16,474;17,477;16,478;16,481;17,483;16,485;17,487;16,488;16,491;16,493;17,495;16,497;16,499;16,501;17,502;17,505;17,506;16,508;16,510
19,1;18,3;19,4;18,7;18,8;18,10;18,13;19,15;18,17;19,19;18,20;18,22;18,25;18,27;18,29;18,31;19,32;18,34;19,37;19,38;19,41;18,42;19,44;19,47;18,49;19,50;19,52;18,54;18,57;19,58;18,61;18,62;18,65;19,67;18,69;18,70;18,72;18,74;18,76;18,79;19,81;19,82;18,84;19,87;18,89;18,90;18,92;19,94;19,96;19,98;18,100;19,102;18,105;19,107;19,108;18,111;18,112;18,114;18,116;18,119;19,121;19,123;18,125;19,126;18,128;18,131;19,132;19,135;18,137;19,139;19,140;19,143;18,145;18,146;18,149;18,150;18,153;18,154;19,157;19,159;19,160;19,162;18,164;19,166;19,168;19,171;19,173;19,175;19,177;18,179;19,180;19,182;19,185;19,186;18,189;19,190;19,193;18,194;19,196;19,198;19,200;19,202;19,205;18,207;19,209;19,210;19,212;18,215;18,216;19,219;18,220;18,222;19,225;18,227;18,229;18,230;19,233;18,234;18,236;19,239;19,240;18,242;19,245;18,247;18,249;19,250;19,252;18,254;19,257;18,259;18,260;19,263;19,265;18,266;18,268;18,271;19,272;19,274;19,277;18,279;19,281;19,282;19,285;19,287;19,289;18,291;19,292;18,294;18,296;18,298;19,300;18,303;18,304;19,306;19,309;18,311;19,313;19,314;19,317;19,319;19,321;19,323;18,325;18,326;19,329;19,330;18,333;19,335;19,337;18,339;19,340;19,342;18,345;19,346;19,349;18,350;18,352;19,354;18,356;19,358;19,361;19,363;18,365;19,367;18,369;19,371;19,373;19,374;18,376;18,378;18,380;19,382;19,384;19,386;18,388;18,390;19,393;18,395;18,397;19,399;18,400;18,402;18,405;19,407;19,408;18,410;18,413;18,414;18,416;18,419;18,420;19,423;18,425;18,427;18,428;19,431;18,432;18,435;18,436;18,438;19,441;18,443;18,444;18,447;18,448;18,451;19,453;19,454;18,456;18,459;19,461;19,463;19,464;18,466;19,468;19,471;18,472;19,475;18,477;18,479;19,480;19,483;18,484;19,487;19,489;19,491;18,492;18,495;19,496;19,498;19,500;19,502;19,505;19,506;19,508;18,510
21,0;20,2;20,4;21,6;20,8;20,10;20,12;21,14;20,16;21,19;21,21;21,23;21,25;21,27;20,28;20,31;21,32;21,34;20,36;20,38;20,41;21,42;21,45;20,47;21,49;20,51;21,52;21,54;21,56;20,59;20,61;20,62;20,64;20,66;21,68;21,70;20,73;20,74;20,76;20,79;21,80;20,82;21,85;20,87;20,88;21,91;21,92;20,95;21,96;21,99;21,100;21,103;20,104;20,106;20,109;21,110;20,112;21,115;20,116;20,119;21,120;20,123;21,125;21,126;21,129;20,130;20,133;20,134;20,137;20,138;21,141;21,142;20,145;21,146;21,148;20,150;21,152;20,155;21,156;21,159;20,161;20,163;21,164;21,167;20,169;20,171;20,173;20,175;21,177;21,179;21,181;20,183;21,185;21,187;20,188;20,191;20,192;21,194;20,196;20,198;21,201;20,203;21,204;20,206;20,208;21,211;21,212;20,214;21,217;21,218;21,220;20,223;21,225;20,226;20,229;20,230;20,232;21,235;21,237;21,238;21,240;20,242;21,245;21,247;21,248;20,251;20,252;21,254;21,257;20,259;21,261;20,263;21,264;20,267;21,269;20,270;20,272;20,274;20,277;20,279;20,281;20,282;20,284;21,286;21,288;21,290;20,293;20,295;20,297;21,299;21,300;21,302;21,305;20,307;21,309;20,310;21,313;20,315;20,316;21,318;20,321;21,322;21,325;20,327;20,328;20,330;21,332;20,335;21,337;21,339;20,340;21,343;20,344;21,346;20,348;21,351;21,353;20,355;20,357;21,359;20,361;21,363;21,365;20,366;20,369;20,370;20,372;20,374;20,376;21,379;20,381;20,383;21,385;20,387;20,389;21,390;21,393;21,395;20,397;20,399;20,400;21,402;20,404;21,407;20,408;20,410;21,413;20,415;21,416;20,418;20,421;21,422;21,425;21,427;20,429;20,430;20,433;20,434;21,436;20,439;21,441;20,442;20,444;20,446;20,449;21,450;21,452;20,454;21,457;21,458;21,460;21,462;21,464;20,467;21,468;21,471;20,472;21,474;20,477;21,478;21,480;21,482;20,484;21,486;20,489;20,491;21,493;21,494;20,496;21,499;21,500;20,502;21,504;20,506;21,508;20,511
23,0;23,2;22,4;23,7;22,8;23,11;23,12;22,15;23,16;22,19;22,21;23,22;23,24;23,27;23,28;22,31;22,33;22,34;23,37;23,39;23,40;22,42;23,45;23,46;23,48;22,50;23,53;22,54;23,57;23,58;23,61;22,63;23,65;22,66;22,68;23,71;22,72;22,74;23,77;22,79;22,80;23,83;22,85;23,86;22,89;22,91;23,93;22,95;22,96;22,98;22,100;22,102;22,105;23,106;22,108;22,111;23,112;22,115;23,116;22,119;23,121;22,123;23,125;23,126;22,129;22,131;22,132;22,135;23,137;22,139;22,141;22,143;23,145;23,146;23,149;22,150;23,153;22,155;23,157;22,158;23,160;22,163;22,164;22,167;23,169;22,170;23,172;23,174;23,176;22,179;23,181;23,183;23,184;22,186;22,188;23,190;22,192;23,194;22,197;23,198;23,200;23,202;23,204;23,207;23,209;22,210;22,213;23,214;23,217;23,219;23,220;23,223;23,224;22,226;23,228;22,230;23,232;22,234;23,236;23,239;22,240;23,242;23,245;23,247;23,249;22,251;23,253;23,255;23,257;22,258;22,261;23,263;22,265;23,266;23,268;23,271;22,272;22,275;23,276;22,279;22,281;22,282;22,285;22,287;22,288;22,290;22,292;22,295;22,297;23,298;22,301;23,302;22,304;22,306;23,309;22,311;23,312;22,314;22,317;23,319;23,320;22,323;22,325;23,327;23,328;23,330;23,333;23,335;22,337;22,338;23,340;23,342;22,345;22,347;23,348;22,350;23,353;23,354;22,357;22,359;22,361;23,363;23,365;22,367;22,369;23,370;23,372;23,375;22,376;22,379;23,380;22,382;22,384;22,386;23,388;22,390;22,392;22,395;22,396;23,398;22,401;22,402;23,404;23,407;22,409;23,411;22,413;23,415;22,416;23,419;22,421;22,423;23,424;23,426;23,429;23,431;22,433;22,435;22,437;23,439;23,441;22,442;22,445;23,446;23,448;23,451;23,452;22,455;22,457;23,459;22,460;23,463;23,465;23,467;22,469;23,470;23,473;22,475;23,476;23,478;22,480;22,482;23,484;23,487;23,488;23,491;22,492;23,494;22,496;22,499;23,500;23,503;22,504;22,507;22,508;23,511
24,1;24,2;24,4;25,7;25,9;24,10;25,12;25,14;25,17;25,18;25,21;25,22;25,25;24,27;24,29;24,31;25,32;24,34;25,37;24,38;24,40;24,42;24,45;25,46;25,49;25,50;24,53;25,55;25,57;24,58;25,60;24,62;25,65;24,67;24,69;24,70;24,73;25,74;24,76;25,78;25,81;24,83;25,85;24,86;25,88;24,91;24,93;24,94;25,97;24,98;25,100;24,103;24,104;25,107;24,108;24,110;24,112;24,114;25,117;24,119;24,121;24,123;25,125;24,126;24,128;24,130;24,132;25,134;24,137;25,138;24,141;24,142;24,145;24,146;24,148;24,151;24,152;24,155;25,156;24,158;25,161;25,163;25,165;24,167;24,168;24,171;25,172;25,174;24,176;24,178;25,181;25,183;24,185;25,186;24,188;25,190;24,192;25,195;24,197;25,199;25,200;25,202;25,204;24,206;25,209;24,210;25,212;24,214;25,216;25,218;24,221;25,222;25,225;24,226;24,228;24,231;24,232;25,234;25,237;24,239;25,240;24,242;25,245;24,247;25,249;24,251;25,253;24,254;25,256;24,259;25,260;24,262;25,265;24,266;25,268;25,270;25,272;24,275;24,277;24,278;24,280;24,282;25,285;24,286;25,289;25,290;24,293;24,295;25,297;25,298;25,300;24,303;24,305;25,307;24,308;24,311;25,313;25,314;24,316;25,318;24,320;25,322;24,324;24,327;24,329;24,330;25,333;24,334;24,337;24,339;25,341;24,342;25,345;24,347;24,348;25,351;24,352;24,354;25,357;24,359;25,361;24,363;24,364;24,367;24,368;24,370;25,373;24,374;24,377;25,378;24,380;25,383;25,385;25,386;24,389;24,391;24,392;24,394;24,397;25,398;24,400;24,402;24,404;25,407;25,409;24,410;25,412;25,414;25,417;25,419;24,421;25,422;24,424;25,427;24,428;24,431;25,433;24,434;24,437;24,438;24,440;25,443;25,445;25,447;25,449;25,451;25,452;24,455;24,456;25,458;25,461;24,462;24,465;25,466;25,469;25,471;25,472;25,474;25,476;25,478;25,480;24,483;25,484;24,487;25,489;24,491;25,493;24,494;25,496;24,498;25,501;24,503;25,505;25,507;24,508;24,510
26,0;27,2;26,5;26,6;26,9;26,11;26,13;27,15;26,17;26,18;26,21;26,23;27,25;27,27;26,28;26,30;27,32;27,34;27,37;26,38;26,41;26,42;27,44;26,46;27,49;27,50;27,52;26,54;27,57;26,58;26,61;27,62;26,65;27,66;26,68;26,71;26,73;26,75;26,77;27,78;26,81;27,83;26,85;27,87;27,88;26,90;26,93;26,94;26,97;26,99;27,100;26,103;27,105;26,107;27,109;26,110;27,113;27,115;27,117;27,118;26,120;27,123;27,125;26,127;27,129;26,130;26,132;27,135;26,136;27,138;27,141;27,142;27,144;26,147;27,148;26,151;27,152;27,155;27,156;27,158;26,160;27,163;26,165;26,166;26,168;27,170;26,173;27,174;26,177;27,178;26,181;27,182;26,185;26,186;27,189;26,190;26,193;27,194;27,196;26,198;26,201;27,202;26,204;27,207;27,209;26,211;26,213;27,214;26,217;26,218;26,221;27,223;26,225;27,226;26,228;27,231;26,233;27,234;26,236;27,239;26,240;26,242;26,245;27,246;27,248;27,250;27,253;26,254;26,257;27,259;27,260;27,262;26,264;26,266;27,269;27,270;26,272;26,274;27,276;27,279;27,280;26,283;26,285;26,287;26,289;26,290;27,293;27,295;27,296;27,298;26,301;26,303;26,304;26,307;26,308;27,310;27,313;26,315;27,316;26,319;27,321;27,322;26,325;26,327;26,328;26,331;26,333;26,335;27,337;27,338;26,340;26,342;27,344;26,347;27,348;26,350;26,353;27,354;26,357;26,358;27,360;27,362;26,365;26,367;26,368;26,370;27,372;27,375;27,377;26,379;27,381;26,382;27,384;26,386;26,389;26,390;26,392;27,395;26,396;27,399;27,400;26,402;26,404;27,406;27,408;27,410;26,413;26,415;27,417;26,419;26,420;26,422;26,425;27,427;26,429;26,430;26,432;26,434;26,437;27,438;26,441;27,443;27,445;27,447;26,448;27,450;27,452;27,455;27,457;27,458;27,461;27,462;26,465;26,466;27,469;26,471;26,472;27,475;26,476;27,479;27,481;27,482;26,485;27,486;26,489;27,490;26,493;26,494;27,496;27,498;27,501;26,503;26,505;27,506;26,509;26,510
28,0;28,2;29,5;29,7;29,8;29,11;29,13;28,15;29,17;29,18;28,21;28,23;29,25;29,27;28,28;28,30;28,33;29,34;28,36;29,38;29,40;29,42;28,44;28,46;29,49;28,51;29,53;28,55;29,57;28,58;28,60;28,62;28,65;28,67;29,68;29,71;29,73;29,74;28,77;29,78;28,80;29,83;29,84;28,87;28,89;29,90;29,93;28,94;29,96;28,98;29,100;28,103;28,104;29,107;28,109;29,111;28,113;28,115;28,117;29,118;28,121;29,122;28,125;29,126;28,128;29,130;28,132;28,135;29,137;28,139;28,140;29,143;28,144;29,147;29,149;28,151;29,153;29,155;28,157;28,158;29,160;29,163;28,165;29,167;29,169;29,170;29,172;29,174;28,177;29,179;29,180;29,183;29,185;28,187;29,189;29,191;28,193;28,194;28,196;29,198;29,200;28,203;29,205;28,207;29,209;28,211;28,213;28,215;29,216;28,218;28,220;28,222;28,225;29,227;28,229;29,230;29,232;29,235;28,236;28,238;28,241;28,242;29,245;29,247;28,249;29,250;28,253;29,254;29,256;28,258;28,260;28,262;28,265;29,266;28,269;28,271;28,272;28,275;28,277;29,279;29,281;29,282;29,284;28,286;28,288;29,291;29,292;29,295;28,296;28,298;29,300;29,302;29,305;28,307;28,308;29,310;28,313;29,315;28,317;28,319;29,320;29,322;29,324;28,327;29,328;28,330;29,333;28,334;28,337;29,339;28,341;28,342;28,344;29,346;28,348;29,350;28,352;28,355;29,356;28,358;28,360;29,362;28,365;28,367;28,369;29,370;29,373;28,374;28,377;28,379;28,380;28,383;28,385;28,386;29,388;28,390;29,393;28,394;28,396;29,398;28,400;28,402;29,404;29,406;28,409;29,410;29,413;28,415;28,416;29,419;29,421;29,422;28,424;28,427;29,428;29,430;28,432;29,435;28,436;28,438;29,441;28,443;29,444;29,446;29,449;28,450;29,453;29,454;29,456;28,459;28,460;28,462;29,465;28,467;28,469;29,471;28,472;28,474;29,476;29,479;28,480;29,483;28,485;28,486;28,488;29,490;29,493;28,495;29,497;29,499;29,501;29,502;28,505;29,506;28,509;29,511
31,1;30,2;30,4;30,6;30,8;31,11;30,13;30,14;31,16;30,19;30,21;30,22;31,25;31,27;30,29;30,31;30,32;31,34;30,37;30,39;30,40;31,42;30,44;31,47;31,48;30,50;31,52;30,54;31,56;30,59;31,60;30,62;31,64;31,67;30,69;31,71;31,73;31,74;31,76;30,79;30,80;31,83;30,84;30,87;30,89;31,90;31,93;31,95;30,97;31,99;30,100;30,103;30,105;30,107;31,108;30,110;31,112;30,115;31,117;30,119;30,121;31,123;30,124;30,127;30,128;30,130;30,132;31,134;30,137;31,139;30,140;31,143;31,144;31,146;30,148;31,151;30,152;31,155;31,156;31,159;30,161;31,163;31,165;30,166;31,169;31,171;30,172;30,175;31,176;31,178;31,180;30,182;31,185;31,186;31,188;31,190;30,193;30,194;31,197;31,199;31,201;31,203;30,205;30,206;30,208;31,211;31,213;30,215;30,217;31,218;30,220;30,222;31,225;30,226;31,228;30,230;31,233;31,235;30,237;30,238;31,241;31,242;30,245;31,247;30,248;31,251;30,253;31,254;31,256;31,259;30,260;30,262;30,264;31,266;30,268;31,270;30,273;31,274;30,277;31,279;30,281;31,282;30,284;31,287;31,289;30,291;31,293;31,294;31,296;30,298;30,300;31,302;30,304;30,306;31,308;31,311;31,313;30,315;31,316;30,318;31,320;30,322;31,324;31,326;30,328;30,331;30,333;30,335;31,336;31,339;31,341;31,342;30,345;30,346;30,348;31,351;30,353;31,355;30,357;30,358;30,360;30,363;31,365;31,366;31,369;30,370;30,372;30,375;31,377;30,379;30,380;30,382;30,385;30,386;31,388;31,390;31,393;30,394;31,397;31,398;30,401;31,402;30,404;31,407;31,409;31,410;30,412;30,414;30,417;30,419;30,421;30,422;31,425;30,426;31,429;30,431;31,432;30,435;31,437;30,439;30,441;31,442;31,445;31,446;30,448;30,451;31,453;30,455;30,457;31,459;31,460;30,462;31,464;31,467;30,469;31,470;30,473;30,475;30,476;31,479;30,480;30,482;31,485;30,487;31,488;31,490;31,493;30,494;31,496;30,499;31,501;31,502;30,505;31,506;30,508;31,510
33,0;32,3;33,5;32,6;33,9;32,10;33,12;32,14;33,17;33,18;33,21;32,23;33,24;32,27;32,28;33,30;32,33;33,34;33,37;33,39;33,41;32,42;33,44;33,46;32,48;32,51;33,53;33,54;32,56;33,59;33,60;33,62;33,64;33,66;32,68;33,71;33,72;33,75;33,76;32,79;32,80;32,83;33,85;32,86;32,88;32,90;33,93;32,95;32,96;32,98;32,101;32,103;32,105;33,106;32,108;32,110;33,112;32,114;32,117;32,118;33,120;32,122;32,125;32,126;33,128;33,131;33,132;32,135;33,136;32,138;33,141;32,143;33,145;33,146;33,148;32,150;32,153;33,155;33,156;32,159;33,160;32,163;33,164;33,167;32,169;33,171;32,172;33,174;32,177;33,179;33,181;32,183;32,184;32,187;33,188;33,191;33,193;32,194;32,197;32,199;33,201;32,203;33,204;32,206;33,209;32,211;32,212;33,214;33,216;33,218;33,221;33,223;32,224;33,227;32,229;32,231;32,233;32,234;33,237;32,239;32,241;33,243;32,245;33,247;32,249;33,251;32,252;32,254;32,257;32,258;33,260;33,262;33,264;32,267;33,269;32,270;32,272;33,274;32,276;33,278;32,281;32,282;33,285;33,286;33,289;33,290;32,293;32,294;33,296;33,298;33,300;32,303;32,305;33,307;32,308;32,310;32,312;32,315;32,316;33,318;32,320;32,323;32,324;32,326;33,329;33,330;33,333;32,335;33,336;33,338;32,341;32,343;32,344;32,347;32,349;33,351;32,352;32,354;33,356;32,358;32,361;32,363;33,364;33,366;33,369;32,371;32,373;33,374;32,376;32,379;32,381;33,383;33,385;32,386;32,388;33,391;33,393;32,395;32,397;32,398;33,400;33,403;33,404;32,407;33,408;32,410;32,413;33,415;33,416;33,419;32,421;33,422;32,424;33,427;32,428;33,431;33,432;33,434;33,436;32,438;33,441;33,442;32,445;32,447;33,448;32,451;32,453;33,454;33,456;33,458;32,460;32,463;33,465;33,467;33,469;32,470;33,472;33,474;33,476;33,479;32,480;32,483;33,485;32,487;32,488;33,491;33,493;32,495;33,496;33,499;33,501;32,503;33,504;33,506;33,508;32,511
35,0;34,2;34,5;35,7;35,8;34,11;34,13;35,15;34,17;34,19;34,21;35,23;35,25;34,26;35,29;34,31;34,32;34,34;35,37;35,39;35,41;34,42;34,44;35,47;34,48;34,50;34,53;34,55;35,57;34,59;34,60;35,62;34,65;34,67;35,69;35,70;34,72;35,75;35,76;35,78;34,80;34,82;35,84;35,87;35,88;35,91;35,92;34,95;35,96;34,99;35,101;35,103;34,105;35,106;35,109;34,110;35,112;35,115;35,117;35,119;34,121;35,123;35,125;35,127;34,128;35,131;35,133;35,135;34,137;35,138;35,140;35,143;35,144;35,147;35,149;34,151;34,153;35,154;35,156;35,158;34,160;34,163;35,165;35,166;34,169;35,171;35,172;35,175;35,177;34,179;35,181;34,182;35,184;35,186;35,189;35,190;35,193;34,194;35,197;35,198;34,200;34,202;35,204;34,206;35,209;34,211;35,213;35,214;35,216;34,218;35,220;35,222;35,224;35,226;35,228;34,230;34,232;34,235;35,236;35,239;34,241;35,242;35,244;34,247;34,248;34,250;34,252;34,255;34,256;35,258;35,260;35,262;35,264;34,266;35,268;34,271;35,272;35,275;34,277;35,279;35,281;35,282;34,285;34,286;35,289;35,291;34,293;35,295;34,297;35,299;34,301;35,302;35,305;34,306;34,309;35,311;35,313;34,314;34,316;34,319;34,321;34,323;35,325;34,326;34,329;34,330;35,333;35,334;35,336;34,339;34,341;35,343;34,345;35,347;34,349;35,351;34,352;34,355;34,357;34,358;35,360;34,362;34,365;34,366;35,368;35,370;34,373;34,375;34,377;35,379;35,381;34,382;34,384;34,386;34,388;35,391;34,393;35,394;35,397;35,399;35,400;35,403;34,405;35,406;35,408;35,410;35,412;35,415;35,417;34,418;34,421;35,423;34,425;35,427;34,429;35,431;35,432;34,434;34,437;34,438;34,441;34,443;35,444;35,446;35,449;35,451;35,452;34,455;35,457;34,458;35,460;35,462;35,465;34,466;35,469;34,471;35,473;34,475;34,476;35,478;35,480;34,483;34,484;35,486;34,488;35,490;34,492;35,494;34,496;35,498;35,500;34,502;35,505;34,506;34,508;35,511
36,1;37,3;37,5;37,6;36,9;37,10;37,13;36,15;36,16;37,18;36,21;37,22;36,25;36,27;37,28;36,31;37,33;36,34;37,36;37,39;36,41;37,42;37,45;36,47;37,49;37,50;37,52;36,54;36,56;37,59;36,60;36,62;37,64;37,66;36,69;37,70;36,72;36,75;36,77;36,79;37,81;36,82;36,85;36,87;37,88;36,90;36,92;37,95;36,96;36,98;36,101;37,103;36,104;36,106;36,109;37,110;36,113;37,114;36,117;37,119;36,120;37,123;37,125;36,126;37,129;36,131;36,132;36,135;36,136;37,139;36,140;37,143;36,145;36,147;37,148;36,151;37,153;37,155;36,157;36,158;36,161;36,162;36,164;36,167;36,168;37,170;36,173;37,174;36,177;36,178;37,180;37,182;36,185;37,186;36,189;36,191;36,193;36,194;36,197;37,199;36,200;36,203;37,204;37,207;36,209;37,210;37,212;37,215;36,216;37,218;37,220;37,223;36,224;37,226;36,228;37,231;36,233;36,234;36,236;36,238;36,241;36,242;37,244;36,247;36,248;36,250;36,252;36,254;36,257;37,259;36,261;36,262;36,265;37,267;37,269;37,270;36,272;37,275;37,277;36,278;36,280;37,282;36,285;36,286;37,288;37,291;36,292;36,294;36,297;36,298;37,301;37,303;37,304;37,307;36,309;37,311;36,313;36,314;37,316;37,319;37,320;37,322;37,324;37,326;37,328;37,330;36,332;36,334;37,337;37,338;36,341;37,343;36,345;36,346;36,348;36,350;37,352;36,355;36,357;37,358;37,360;36,362;36,364;36,367;36,369;37,371;36,372;37,375;36,376;37,378;37,381;37,382;36,384;37,386;36,389;36,390;36,393;37,394;37,397;37,399;37,401;36,403;36,405;36,407;37,409;36,410;37,413;37,415;36,416;36,419;37,421;37,423;37,425;37,426;36,429;37,430;37,433;36,435;36,437;37,439;36,440;36,443;37,444;37,446;37,448;37,451;36,452;37,455;37,457;37,459;37,461;37,463;36,464;37,466;36,469;36,470;37,473;36,474;37,476;36,478;36,480;37,483;36,485;36,487;36,488;36,490;36,492;36,494;36,497;37,499;36,500;36,502;36,505;36,507;36,508;37,510
38,1;39,3;38,5;38,6;39,9;38,10;38,12;39,15;39,17;39,19;39,20;39,22;39,25;39,26;39,29;39,30;38,33;39,35;39,37;39,39;38,40;38,42;38,44;39,47;38,49;38,51;39,52;38,55;38,56;38,59;38,61;39,62;38,64;38,66;38,69;38,71;38,72;38,74;39,77;39,79;38,80;38,82;38,85;38,86;39,88;38,91;38,93;38,94;38,96;38,98;38,100;39,102;39,104;38,106;39,109;39,111;39,112;38,115;39,117;38,119;38,121;39,122;38,124;39,127;38,128;38,130;39,132;38,135;39,136;39,139;38,140;39,143;39,144;39,147;38,149;38,150;38,153;39,155;38,156;39,158;39,161;38,162;38,164;38,167;38,168;38,171;39,172;38,174;38,176;38,178;38,181;39,183;39,185;39,186;38,188;38,190;38,192;39,194;38,197;39,198;38,201;38,202;38,205;38,206;39,209;38,211;39,212;38,215;39,216;39,218;39,220;38,223;38,225;39,227;39,229;38,230;39,232;39,235;38,237;38,238;38,240;39,243;39,244;38,246;38,249;39,250;39,252;38,255;38,257;38,259;38,260;38,263;38,264;39,267;38,268;38,270;38,273;39,274;38,276;38,278;39,280;38,283;39,285;38,287;38,288;39,291;39,293;39,294;38,297;38,298;38,301;38,303;39,304;38,307;38,308;38,311;39,313;39,315;38,316;39,318;38,320;39,323;39,324;38,326;39,329;38,331;39,332;38,335;38,336;38,338;39,340;39,343;39,344;39,347;39,349;38,350;38,352;39,355;38,357;38,359;38,360;39,362;39,365;38,367;39,368;38,370;38,372;38,375;38,377;39,378;39,380;38,382;38,384;38,387;38,389;39,391;39,393;39,395;39,396;39,399;38,401;38,402;39,405;38,407;39,408;39,410;39,412;38,414;38,416;39,419;39,420;38,422;38,425;39,426;39,428;38,430;38,433;39,434;38,436;38,438;38,440;39,442;38,445;38,447;38,449;39,451;39,452;38,455;38,457;38,458;39,461;38,463;39,465;39,466;39,468;38,471;38,473;38,474;39,477;38,478;38,480;39,483;38,484;38,486;38,488;39,490;38,492;38,495;39,497;39,499;39,501;38,503;38,504;39,507;38,508;38,510
40,1;40,3;40,4;41,7;41,8;41,11;41,12;40,14;40,16;40,19;41,20;40,22;41,25;40,26;41,28;40,30;41,33;40,34;40,37;40,38;41,40;40,43;40,44;41,46;41,49;40,50;41,52;40,54;40,56;41,58;40,61;40,62;40,65;40,66;40,69;40,70;40,73;40,74;40,76;41,78;40,81;40,83;40,84;40,87;41,89;40,90;40,93;40,95;41,97;40,99;40,100;41,103;40,104;40,106;41,109;40,110;41,113;41,115;41,116;40,118;41,120;40,123;40,125;41,127;40,128;40,131;41,133;41,134;41,137;40,138;41,140;40,143;40,145;41,147;40,149;41,150;40,153;41,154;41,157;40,158;41,160;41,163;41,165;40,166;41,168;41,171;41,172;40,175;41,176;40,178;41,181;41,182;40,184;41,186;41,188;41,191;41,192;41,195;41,197;40,198;40,201;40,202;41,204;41,206;40,208;41,210;41,213;40,215;40,216;40,218;41,220;41,222;40,225;41,227;41,229;40,230;41,232;41,235;40,236;41,239;40,241;41,243;41,244;40,247;40,248;41,251;40,252;41,255;40,257;40,259;41,261;40,263;40,265;41,266;40,268;40,270;40,273;40,274;40,277;40,278;41,280;41,282;40,284;40,287;40,289;40,290;41,293;40,294;40,297;41,299;41,300;41,303;40,304;41,307;41,309;41,310;41,313;41,315;40,317;41,318;41,321;41,322;40,324;40,326;41,328;41,331;40,332;41,334;40,336;41,338;40,340;41,343;41,344;40,346;41,348;41,350;41,352;40,355;41,356;41,358;41,360;41,362;40,365;41,367;41,369;41,371;41,373;41,375;41,377;40,379;40,381;41,382;41,385;40,387;40,389;40,390;40,393;40,395;40,396;40,398;41,400;41,403;40,405;40,406;41,409;40,411;40,412;41,415;41,416;40,418;40,421;40,422;40,425;40,426;41,428;40,431;41,433;41,434;40,436;41,439;40,440;40,442;41,444;41,446;41,449;41,450;41,452;41,455;41,457;41,458;40,461;40,462;41,464;40,466;41,469;40,471;40,472;41,474;40,477;40,478;41,481;41,483;41,484;41,487;40,488;40,490;40,493;40,495;40,496;41,499;40,501;40,502;41,504;40,506;41,509;41,511
43,1;42,3;42,5;42,7;42,9;43,11;43,12;43,14;43,16;43,19;42,21;42,23;42,25;42,27;42,29;42,31;43,32;43,35;42,37;42,39;43,41;42,43;43,44;43,46;43,49;43,50;42,52;42,54;43,57;43,58;43,61;43,62;42,64;43,66;42,69;43,71;43,73;42,74;42,77;43,78;43,80;42,83;43,85;42,87;43,89;42,90;42,93;43,94;42,97;42,99;43,100;42,102;42,105;43,107;43,108;42,110;43,112;43,114;43,116;43,119;42,121;42,123;42,125;42,127;42,129;42,130;43,132;43,134;43,136;43,138;42,141;42,143;42,145;42,147;42,148;43,151;42,152;42,155;43,156;42,159;43,160;43,163;43,165;43,166;43,169;43,171;42,173;43,175;42,176;42,178;43,181;42,183;42,184;42,186;43,188;42,190;43,193;43,195;42,197;42,198;43,201;43,202;43,204;42,206;42,208;43,211;43,213;43,215;43,216;43,219;43,220;43,223;42,224;43,227;43,229;43,231;42,232;43,235;43,236;42,238;42,241;43,243;43,244;43,246;43,248;42,251;42,252;43,255;43,257;42,259;43,261;42,263;42,264;42,266;42,269;43,271;42,273;43,274;42,277;43,279;42,281;43,283;43,284;42,286;42,289;43,291;42,293;42,294;42,297;42,299;42,300;42,302;43,305;42,307;43,309;43,310;43,312;42,315;43,317;42,318;43,320;42,322;43,324;43,326;43,328;43,331;42,333;43,334;42,336;42,339;42,341;43,342;42,345;42,347;42,348;42,351;43,353;42,354;42,357;43,358;43,360;42,363;43,365;43,367;43,369;43,370;42,373;43,374;42,376;42,378;42,381;42,382;43,384;43,386;43,388;43,390;43,393;43,394;42,396;43,398;42,401;42,402;43,404;43,406;42,409;42,411;43,413;43,415;42,416;42,418;42,420;43,423;42,424;42,427;43,429;42,431;43,433;43,434;43,437;42,439;43,440;42,443;42,445;42,446;43,448;43,450;43,453;43,455;43,456;43,458;42,460;42,462;42,464;42,466;42,468;43,470;43,473;42,474;43,476;42,479;43,481;43,482;43,484;43,487;43,488;43,491;42,492;43,494;43,497;43,499;43,501;43,503;42,505;42,506;42,509;43,510
45,0;44,3;45,4;45,6;44,9;45,10;44,12;45,14;44,16;44,19;45,20;45,22;44,24;45,26;45,29;45,31;45,32;45,35;45,36;45,39;44,41;44,42;45,45;45,46;45,48;45,50;45,52;44,54;44,56;45,58;44,61;45,62;45,64;44,67;44,69;45,70;45,73;45,75;44,76;44,79;44,81;45,83;45,85;45,86;44,88;45,91;44,92;44,94;44,97;45,99;45,100;45,103;44,104;45,107;44,108;44,110;45,113;45,114;44,117;45,118;45,121;45,122;45,124;45,126;44,129;45,131;45,133;44,134;45,137;44,138;44,140;45,142;45,145;44,146;45,148;44,151;44,153;45,155;44,156;45,158;44,160;44,163;45,165;45,167;44,169;45,170;45,173;44,174;44,177;45,179;45,181;45,183;45,184;45,186;45,188;45,190;45,193;44,195;45,197;44,198;44,200;45,203;45,204;45,206;45,209;44,211;45,213;44,214;45,217;45,218;44,220;45,222;44,225;45,227;44,229;45,230;45,232;44,234;44,236;45,238;45,241;44,243;44,244;45,247;44,248;45,250;45,253;44,254;44,256;45,259;45,261;45,262;45,264;44,267;45,268;44,270;45,272;45,275;44,277;44,278;44,280;44,282;44,284;44,287;44,288;45,290;45,292;44,294;44,297;45,299;45,301;44,303;44,305;45,306;45,309;45,311;45,312;45,315;45,317;44,319;45,321;45,322;44,325;44,327;44,328;44,331;45,333;44,334;45,337;44,339;44,340;44,342;44,345;45,346;45,348;44,351;44,353;45,354;44,357;45,358;45,360;44,362;45,364;44,366;45,368;45,370;44,372;44,375;45,376;44,379;44,381;44,382;44,385;45,387;44,389;45,391;45,392;44,395;45,397;44,398;44,400;44,402;44,405;44,406;44,409;45,411;45,412;44,414;45,416;44,418;44,420;45,423;44,424;45,427;44,428;44,431;44,432;44,434;45,436;44,438;45,441;45,443;44,445;45,447;45,448;45,451;45,453;44,454;44,456;45,459;44,460;45,463;44,465;45,467;44,469;44,470;44,472;45,475;45,476;45,478;44,481;45,482;45,485;45,487;44,489;45,490;45,492;44,495;44,497;45,498;44,501;45,502;44,504;44,506;44,509;45,510
47,0;46,2;46,5;47,6;46,9;46,10;46,12;47,15;47,17;46,19;46,21;47,22;46,24;46,27;46,28;47,31;46,32;47,35;46,37;46,39;46,40;47,43;47,45;47,47;46,49;47,51;47,52;46,55;46,57;46,58;47,60;47,62;47,65;47,66;46,68;47,70;46,73;46,74;46,76;46,78;46,80;47,83;47,85;47,87;46,89;47,90;47,93;46,95;47,97;46,99;46,101;47,102;46,104;46,106;46,109;47,111;46,112;47,114;46,117;47,119;47,120;47,123;46,124;47,127;47,129;47,131;46,132;46,135;47,136;46,138;46,140;47,142;47,145;46,147;46,149;46,151;47,152;47,155;47,156;46,158;46,161;46,163;46,165;46,167;46,168;46,170;47,172;46,174;46,177;47,178;46,180;46,182;46,184;46,187;47,188;46,190;46,193;47,195;47,197;47,198;47,200;46,203;46,205;46,206;46,209;46,211;47,212;47,215;46,216;47,218;46,221;47,222;47,225;46,227;47,229;46,230;47,233;47,235;46,237;46,238;47,241;46,243;47,245;47,247;47,248;47,250;46,252;46,254;46,256;47,259;46,260;47,263;47,264;47,266;47,269;47,270;46,273;47,274;47,277;47,278;46,280;47,283;46,285;47,286;47,288;47,291;46,292;47,294;47,297;47,298;47,301;47,303;47,304;47,306;46,309;47,311;47,313;46,314;47,317;46,318;47,321;46,323;46,324;46,326;46,329;46,331;46,332;47,335;47,337;47,338;46,341;47,343;47,345;46,347;46,348;46,350;47,352;46,354;46,357;46,359;46,360;47,362;47,364;47,367;46,369;47,371;46,373;46,375;47,377;47,378;47,380;46,382;47,385;47,387;47,388;47,391;47,392;47,395;46,396;47,398;47,400;46,402;47,405;46,407;46,408;46,410;46,413;46,415;47,416;47,419;46,421;47,422;47,424;47,427;46,429;46,431;46,432;46,435;46,437;46,439;46,440;47,442;47,445;46,446;47,449;47,450;47,452;46,454;47,456;46,458;47,461;46,462;46,464;47,466;46,468;47,470;47,473;46,474;46,477;47,479;46,481;47,483;47,485;46,487;46,488;46,491;46,492;47,495;46,497;47,499;47,500;46,502;46,505;47,507;46,508;46,511
49,0;49,3;48,4;48,6;48,8;49,11;49,12;48,15;48,17;48,18;48,21;49,23;48,24;48,26;48,28;49,31;49,33;48,35;48,36;49,39;48,40;49,43;49,44;48,46;48,49;48,50;48,52;49,54;48,56;48,59;49,60;48,63;49,64;48,66;49,69;49,71;49,72;49,74;49,77;48,79;48,81;48,83;49,84;49,86;48,88;48,90;48,92;49,94;48,96;48,99;49,101;49,103;48,105;48,107;48,109;48,111;48,113;48,114;49,116;49,118;49,120;48,123;48,125;48,127;48,128;49,131;48,133;48,134;48,136;49,138;48,141;49,143;49,144;49,147;48,148;48,151;49,152;49,154;48,156;48,158;49,160;48,163;49,165;49,166;48,168;49,171;48,173;49,175;48,176;49,179;48,180;49,183;48,184;49,187;48,188;49,190;48,193;48,194;49,196;49,198;48,201;48,202;49,205;48,206;49,208;49,210;48,212;49,214;48,217;49,219;48,221;48,223;48,225;48,227;49,228;49,231;48,232;48,235;49,236;49,239;49,241;49,242;49,245;49,247;49,248;48,250;49,252;49,255;48,257;48,258;49,261;49,262;48,265;48,266;49,269;49,271;49,273;49,275;48,277;49,278;48,281;48,283;49,285;48,286;48,289;49,290;49,292;49,294;49,297;49,299;49,300;48,302;49,304;48,306;48,308;49,311;48,312;48,314;48,317;49,319;49,321;49,322;48,324;49,326;48,329;49,330;49,333;48,335;49,337;48,339;48,341;48,343;48,344;48,346;49,349;48,350;48,352;48,355;49,356;49,359;48,361;49,362;49,365;49,367;48,368;49,371;49,373;49,375;49,377;49,379;49,381;49,382;48,384;48,386;48,388;48,390;48,392;48,394;49,397;49,399;48,400;49,402;49,404;48,407;48,408;49,410;49,413;49,414;48,417;48,419;48,421;48,423;48,425;49,427;49,428;49,431;48,433;48,435;48,437;49,438;49,441;48,443;49,445;48,446;49,449;48,450;49,453;49,454;48,456;49,459;49,461;48,462;48,465;49,466;48,469;48,470;49,472;48,474;49,477;49,478;49,480;48,482;48,484;49,486;48,488;48,490;48,493;49,494;48,496;48,499;48,501;48,502;49,504;48,507;48,508;48,510
51,1;51,3;50,5;51,7;51,9;51,11;50,12;51,15;51,16;51,19;51,21;51,23;50,25;51,27;51,29;50,30;51,33;50,34;51,37;50,39;51,40;50,42;50,45;51,46;50,48;50,51;50,52;51,55;50,56;51,59;50,61;50,63;50,64;51,66;50,69;50,71;51,72;50,75;50,77;51,78;50,81;51,82;51,85;51,86;51,88;51,90;51,92;51,94;51,97;50,98;51,100;50,103;50,104;51,107;51,108;50,110;51,113;50,114;50,117;51,118;50,120;50,123;51,124;50,126;51,129;51,131;50,133;51,134;51,137;51,139;51,141;51,143;51,145;51,146;51,148;50,150;50,152;50,155;50,156;50,159;51,161;51,162;51,165;50,167;51,169;51,171;50,173;50,174;50,177;51,179;50,180;50,183;50,184;50,186;50,188;50,190;51,193;50,195;51,196;51,198;50,200;50,203;51,205;51,207;50,208;50,210;51,212;51,215;51,217;51,219;50,220;50,223;50,224;51,226;50,229;51,231;50,233;50,235;50,237;51,239;50,240;50,242;50,245;50,247;51,249;51,250;51,252;51,255;51,256;50,259;50,260;51,263;51,265;51,266;51,269;50,271;50,273;50,275;51,277;51,279;50,280;50,283;51,284;51,286;51,289;51,291;50,293;51,294;50,297;50,299;51,300;50,302;51,304;51,306;50,309;51,311;51,313;51,314;50,317;50,318;51,321;50,323;50,325;51,327;51,329;51,330;50,332;50,335;51,336;51,339;50,340;51,343;50,345;51,346;51,348;50,350;51,353;51,354;51,356;51,359;51,360;51,363;50,365;51,366;51,369;50,371;51,373;50,374;50,376;50,378;51,380;50,383;51,384;51,386;50,388;50,390;50,393;51,395;51,396;50,398;50,400;51,402;50,404;50,406;51,408;51,411;51,412;50,415;50,417;50,419;50,421;50,423;50,425;51,427;51,429;50,430;51,433;51,435;51,436;51,439;51,441;50,442;50,444;51,447;50,449;51,450;50,453;50,455;50,456;50,458;50,461;51,463;50,465;50,467;51,469;51,470;51,472;51,474;50,476;51,478;51,481;51,483;50,484;50,487;50,488;51,491;51,492;51,494;51,496;51,498;50,501;51,502;51,504;50,507;51,508;51,511
52,1;53,3;53,4;52,6;52,8;53,11;53,13;52,14;52,16;53,18;52,20;52,22;53,24;52,26;53,28;53,31;52,32;52,34;53,36;53,39;53,40;53,43;53,45;52,46;52,48;53,50;52,52;52,55;52,56;52,58;53,60;52,62;53,65;53,67;52,69;52,70;52,73;52,75;53,77;53,78;52,81;53,83;53,84;53,87;53,88;52,90;52,93;52,94;53,97;53,99;52,100;52,103;52,105;53,107;53,108;53,111;52,112;52,114;53,116;53,119;52,121;53,122;52,125;52,126;52,128;52,130;53,132;52,134;53,136;53,139;53,140;53,142;53,144;53,146;52,148;53,150;52,152;52,154;52,157;53,158;52,160;52,162;53,165;53,166;53,169;52,170;53,173;53,175;53,177;52,178;52,181;52,183;52,185;53,186;53,189;52,191;52,192;53,195;53,196;53,198;53,200;52,202;52,205;53,206;52,209;52,211;53,213;53,214;52,217;53,219;53,221;53,222;53,225;53,226;53,228;53,231;52,233;52,234;52,237;53,239;52,240;52,242;52,245;53,246;53,248;53,250;52,252;53,254;53,257;52,259;52,261;52,262;52,264;53,266;52,268;53,270;53,273;52,275;53,276;52,278;52,281;52,282;53,285;52,287;52,289;52,290;52,293;53,295;52,296;53,299;52,300;53,303;53,304;52,307;52,308;53,311;52,312;52,314;53,317;52,319;53,321;53,323;52,325;52,326;52,328;52,331;53,333;52,334;52,337;53,338;53,341;52,343;52,345;52,347;53,349;53,350;53,353;52,354;53,356;52,359;53,360;52,362;53,365;52,366;53,368;52,370;52,372;53,375;53,377;53,379;53,381;52,383;53,385;53,387;53,388;53,390;53,393;53,395;52,396;52,398;53,400;53,402;53,404;52,407;52,408;53,411;53,412;52,414;52,417;53,419;52,421;52,423;53,424;52,426;52,428;52,431;52,432;52,435;53,437;52,439;53,441;53,442;52,444;52,446;52,448;53,450;52,453;53,454;53,456;52,459;53,461;52,462;52,464;53,466;52,469;52,470;53,473;52,474;52,476;52,479;52,480;52,482;53,484;52,487;53,488;53,490;53,493;53,495;53,496;53,499;53,501;53,503;53,504;53,506;53,508;52,510
55,1;54,3;54,4;54,6;54,8;55,10;55,12;54,14;54,17;55,18;54,20;54,22;55,24;54,26;54,29;55,31;55,33;55,34;54,36;54,38;55,40;54,42;54,44;54,46;55,49;54,50;55,52;54,55;55,56;55,59;55,60;54,63;54,64;55,66;54,68;55,71;55,72;55,74;55,77;55,79;55,81;55,82;55,85;55,86;55,88;55,90;55,92;55,94;55,96;54,99;54,100;54,103;54,104;54,106;55,109;55,110;54,112;54,114;55,117;55,119;55,121;54,123;55,125;54,126;54,129;54,131;55,133;55,135;55,136;54,139;54,140;55,143;55,145;55,146;54,148;55,150;55,153;55,155;55,157;54,159;54,161;54,163;55,165;55,167;54,168;55,170;54,172;55,174;54,177;54,178;55,180;54,183;55,184;55,187;55,189;54,190;55,192;54,195;55,196;54,198;54,201;54,202;54,205;54,207;54,209;55,211;54,212;55,215;55,216;55,218;55,221;54,222;54,225;54,227;55,228;54,231;55,232;55,235;55,236;55,239;54,240;54,242;54,245;55,247;54,248;55,251;54,252;55,255;55,256;55,259;55,260;55,262;55,265;54,266;55,268;54,271;54,272;54,275;54,277;55,279;55,281;55,282;54,285;55,286;54,288;55,291;54,292;55,294;55,297;54,298;55,301;55,303;54,304;55,306;55,308;55,310;54,313;54,314;55,316;54,318;55,321;54,323;54,325;54,326;54,328;54,330;55,333;54,334;55,337;55,338;55,341;54,342;54,344;54,347;54,348;55,350;55,352;55,355;55,356;54,359;54,361;55,363;55,364;54,366;55,368;54,370;55,372;55,375;54,376;55,378;55,380;54,383;55,385;55,386;54,389;55,390;54,392;55,394;54,396;55,398;54,400;54,403;55,404;55,406;54,409;55,411;54,413;54,415;54,416;54,419;55,420;55,422;55,424;54,427;54,429;55,430;54,433;55,434;55,436;55,439;54,441;55,442;55,445;54,447;55,448;54,451;54,452;55,455;55,456;54,459;55,460;54,463;54,465;54,467;55,469;55,470;54,472;55,475;55,477;54,479;55,480;55,483;55,484;54,487;54,489;54,490;55,493;54,494;54,496;54,498;55,501;55,502;54,504;54,507;55,509;54,510
56,0;56,3;56,4;56,7;57,8;56,11;57,13;56,15;57,16;57,18;56,21;56,23;56,24;56,27;56,29;56,30;57,32;57,35;57,36;56,39;56,40;56,43;56,44;57,47;57,48;56,50;56,52;57,54;57,57;57,59;57,60;56,62;56,65;56,66;57,69;57,70;56,72;57,74;56,77;57,78;56,81;57,83;56,85;56,86;56,88;56,91;56,92;56,95;56,97;57,99;57,100;56,103;57,105;56,106;57,109;57,110;57,112;57,115;56,117;56,119;56,121;57,122;57,124;57,127;56,129;56,130;57,133;57,134;56,137;56,139;57,140;57,142;56,144;56,146;57,149;57,151;57,152;57,154;57,156;57,158;56,160;56,162;57,165;57,167;57,169;56,170;56,173;57,175;56,177;57,179;56,180;56,183;56,184;57,186;56,188;56,191;56,192;57,195;56,196;57,199;56,201;57,202;57,205;57,207;56,208;57,210;57,213;56,214;57,217;57,219;56,220;56,223;57,224;57,226;56,228;56,231;57,233;56,234;57,237;57,238;56,241;56,242;57,245;56,246;57,249;57,250;57,253;57,255;56,256;56,259;56,261;57,263;57,264;56,266;57,268;56,270;57,272;56,274;57,276;57,278;57,280;56,283;56,284;56,286;56,289;56,291;56,292;56,294;56,296;56,298;57,301;56,302;56,305;56,306;57,308;56,311;57,313;57,314;57,316;56,319;57,320;57,322;57,324;56,326;56,329;56,330;56,332;56,335;57,336;56,339;57,341;56,343;56,344;57,347;56,349;56,351;56,353;56,354;56,356;56,359;57,361;57,363;56,365;56,367;56,368;56,371;57,373;57,374;57,376;57,378;56,381;56,383;56,384;56,386;57,388;57,391;57,392;56,394;56,396;57,399;56,401;56,402;57,405;57,406;57,408;57,410;57,413;56,414;56,417;57,418;56,421;57,422;57,425;57,426;56,429;57,431;56,433;56,435;56,437;57,439;56,441;56,443;56,445;57,446;57,448;57,451;57,453;57,455;57,456;57,459;56,461;56,463;57,464;57,466;57,468;57,470;56,472;56,475;56,476;56,479;57,481;57,482;56,485;56,486;56,489;56,490;57,492;56,494;56,496;56,499;56,500;56,502;56,505;56,506;56,508;56,511
58,1;59,3;58,5;58,7;59,8;59,11;59,13;59,15;59,16;58,18;59,21;58,23;59,25;59,26;59,29;58,31;59,33;59,34;58,37;58,39;59,41;59,43;58,44;58,47;59,48;58,51;58,53;58,54;58,56;58,58;59,61;58,63;59,65;59,66;59,69;59,70;59,72;58,74;58,76;58,79;58,81;58,83;59,84;58,87;59,89;58,90;58,92;59,95;59,96;58,98;58,101;59,102;58,105;59,106;58,109;59,111;58,112;58,115;58,116;58,118;59,120;58,123;59,125;58,127;58,129;59,130;59,133;59,135;59,137;58,139;58,141;59,142;59,144;59,146;58,148;59,150;58,153;59,154;58,156;59,159;59,161;58,163;59,164;59,166;58,168;59,170;58,173;58,174;59,177;58,178;58,181;58,182;59,184;58,186;59,188;58,190;58,192;59,195;59,196;58,199;58,200;59,203;58,204;58,207;58,209;58,211;58,212;59,215;58,217;59,219;58,221;59,223;59,225;59,226;58,229;59,230;58,232;59,235;59,237;59,239;58,240;59,242;59,244;58,246;59,249;59,250;59,252;59,254;59,256;58,258;58,261;58,263;59,264;58,266;59,269;58,271;58,272;59,274;59,276;59,279;59,281;59,282;59,284;58,287;59,288;58,291;58,292;58,294;58,296;59,298;58,300;59,303;59,304;58,306;59,309;59,311;58,313;58,315;59,316;58,319;58,321;59,322;59,325;59,326;58,328;59,331;58,333;59,334;58,337;58,339;59,341;59,342;58,345;59,346;58,348;59,350;58,353;59,355;59,356;58,358;59,360;58,362;58,364;58,367;58,368;58,370;59,372;58,374;59,376;58,378;58,380;58,383;59,384;59,387;59,389;58,390;59,392;59,394;59,396;59,398;58,401;58,402;58,405;58,406;59,408;58,411;58,413;58,414;58,417;58,419;59,420;58,423;58,425;58,427;58,428;59,430;58,432;59,435;58,436;58,439;59,440;58,443;59,444;59,447;58,448;59,450;58,453;59,455;59,457;58,458;58,460;59,462;58,464;58,466;59,468;59,471;59,472;59,474;58,476;58,479;58,481;58,483;58,484;59,486;59,488;59,491;59,493;58,494;58,497;59,498;58,501;59,502;59,505;59,506;58,509;59,510
61,0;61,2;61,4;60,6;61,8;61,11;61,13;61,14;61,16;60,18;60,21;61,22;60,25;61,26;61,28;60,30;61,32;60,35;61,36;61,39;61,40;61,43;60,45;61,46;61,48;61,51;60,53;60,54;61,56;61,59;61,60;61,63;61,65;60,67;60,68;61,70;61,72;60,74;60,77;60,78;61,80;60,83;61,85;61,87;60,88;61,91;60,92;61,94;60,96;61,98;61,101;60,103;60,105;61,106;61,108;60,110;60,112;61,115;60,116;61,119;61,120;61,123;61,124;61,126;61,129;61,130;61,132;60,135;60,136;60,138;60,140;61,143;61,144;60,146;61,149;61,150;60,153;60,155;60,156;61,158;60,160;61,162;61,164;61,166;61,168;61,171;61,173;60,174;61,176;61,178;60,181;61,183;60,184;60,187;60,189;60,190;60,192;61,195;60,197;61,198;60,200;61,202;60,204;61,207;60,208;61,211;60,213;61,214;60,216;60,219;60,221;61,223;61,225;61,226;60,228;61,230;61,232;61,234;60,237;61,238;60,240;61,243;61,245;60,246;61,249;60,250;61,252;60,255;60,257;60,259;61,260;61,262;60,265;61,267;61,268;60,270;60,273;60,274;60,277;60,279;61,280;61,282;60,284;61,286;61,288;60,290;60,293;60,294;61,296;61,299;61,300;61,302;60,305;60,307;61,309;60,311;60,313;61,315;60,317;60,319;60,321;61,323;60,324;60,327;60,329;61,330;60,333;61,334;60,336;61,338;60,341;60,343;61,345;61,347;61,348;60,351;61,353;61,355;61,356;60,359;60,360;61,363;61,365;60,367;60,369;61,371;60,373;61,375;60,376;61,379;61,380;60,382;60,385;61,387;61,389;61,391;60,392;60,395;60,397;61,399;61,401;61,402;60,404;61,407;60,409;60,411;61,413;61,415;61,417;60,419;60,420;61,423;61,425;61,427;61,428;60,431;60,432;60,434;60,436;60,438;61,441;60,443;60,445;60,447;60,448;60,451;60,452;60,455;60,457;60,458;61,461;60,462;60,464;61,467;61,469;60,471;60,473;60,474;60,477;60,478;60,481;61,483;61,485;60,486;60,488;61,490;61,492;61,495;61,496;61,498;61,501;61,502;60,504;61,507;61,508;61,510
63,1;63,2;62,4;62,6;63,8;62,11;63,13;62,14;62,17;62,19;63,21;63,22;62,25;62,26;62,28;62,31;63,33;62,34;62,36;62,39;63,41;63,42;63,44;63,46;63,49;62,50;63,52;62,54;62,56;63,59;63,61;63,62;63,64;63,67;62,69;63,71;63,73;63,74;63,76;63,78;62,80;62,82;63,85;63,86;63,88;62,90;62,92;62,95;62,96;63,98;63,100;63,103;63,104;62,107;63,109;62,111;63,112;63,114;63,117;62,118;62,120;62,122;62,124;63,126;62,129;63,131;63,133;62,134;62,136;62,139;62,140;63,142;63,145;63,147;62,148;62,150;62,153;63,155;63,156;63,159;62,160;62,162;63,165;62,167;63,168;62,171;62,172;62,175;63,176;63,178;63,181;63,182;63,184;62,187;63,189;62,190;62,192;62,194;62,196;63,199;63,201;63,202;63,205;62,207;63,208;63,210;63,213;62,214;63,216;63,218;62,220;62,223;62,225;62,226;62,228;62,231;62,233;63,235;62,236;63,239;63,240;63,242;62,244;62,246;62,248;63,251;62,252;63,254;63,257;63,258;62,261;63,263;62,264;63,267;63,268;63,270;62,272;62,275;62,276;63,278;62,280;63,282;62,284;62,287;63,288;62,291;62,292;62,295;63,297;63,298;63,300;63,302;63,304;62,307;62,309;62,310;63,313;62,314;62,317;63,319;62,321;62,322;62,325;62,326;62,329;63,330;62,333;63,335;63,336;62,339;63,340;63,343;63,344;62,347;63,348;63,351;63,352;62,355;62,356;62,359;62,360;63,362;62,365;63,366;63,368;62,371;62,373;62,374;63,377;63,379;63,380;63,382;63,385;63,387;62,388;63,390;63,392;63,395;63,397;63,398;62,400;63,402;63,405;62,406;62,408;62,410;63,413;62,414;63,417;63,419;63,420;63,423;62,424;62,426;63,429;63,430;63,433;62,435;62,437;62,438;62,441;62,442;62,444;63,446;62,449;63,450;62,452;62,455;62,456;62,459;62,461;63,463;63,465;63,466;63,469;63,471;63,473;63,474;62,477;62,478;62,480;63,482;62,485;63,486;62,488;63,491;63,493;63,495;63,496;63,498;63,501;63,502;62,505;63,506;63,509;63,511
64,1;65,2;65,4;64,7;65,9;64,11;64,12;64,14;65,17;65,18;64,20;64,22;64,24;65,26;65,29;64,31;65,32;64,35;65,36;65,38;65,40;65,43;65,45;65,46;64,48;64,50;65,52;65,55;64,56;64,58;64,60;65,63;65,65;64,67;65,69;65,70;64,72;64,74;65,77;65,78;64,81;65,83;64,85;64,87;65,89;64,90;64,92;65,95;64,97;65,98;64,101;64,103;65,104;64,107;65,109;64,111;64,113;65,115;65,117;65,119;65,120;64,122;65,124;65,127;64,128;65,130;64,132;64,134;64,136;65,139;65,141;65,142;64,144;64,147;65,149;64,151;65,152;65,154;64,156;65,159;65,161;64,163;65,165;64,167;64,169;65,171;65,172;65,174;64,177;64,179;64,180;65,182;65,185;65,186;64,189;64,190;65,193;64,195;65,197;65,198;65,200;65,202;64,205;64,206;64,209;65,210;64,212;64,215;64,216;65,218;65,221;64,222;65,224;64,227;64,228;64,230;64,233;64,235;65,236;64,238;64,241;64,242;65,245;65,247;64,248;64,251;65,252;65,254;64,257;64,258;65,260;64,263;64,265;64,267;64,268;65,270;64,273;64,274;65,276;65,279;64,280;64,283;64,284;65,286;64,288;65,290;64,293;65,295;65,297;64,298;65,301;64,303;64,305;64,307;65,309;64,310;64,313;64,315;65,316;65,319;64,321;64,322;65,324;64,327;64,328;64,331;64,332;64,335;64,336;64,339;64,340;64,342;65,345;65,346;64,349;64,351;64,352;64,355;64,356;65,359;65,360;64,363;64,364;64,366;65,368;64,370;64,373;64,375;65,377;64,378;65,381;65,382;64,385;65,387;64,389;64,390;64,393;65,395;65,397;65,398;65,401;64,402;65,405;64,406;65,409;65,411;65,412;64,415;65,417;64,418;64,421;64,422;65,424;64,426;64,428;64,431;65,432;64,434;64,437;65,439;65,440;65,442;64,445;64,446;64,448;64,451;64,453;65,454;64,457;65,458;65,460;64,463;64,465;65,467;65,468;64,471;65,473;65,475;64,476;64,478;65,480;64,483;64,484;64,487;65,488;64,491;64,493;65,494;65,497;64,499;64,501;64,502;64,505;64,506;64,508;65,510
66,0;66,3;66,5;66,6;67,9;67,11;66,13;67,15;66,17;66,19;67,20;67,23;67,24;67,27;66,28;67,30;67,33;67,34;67,36;67,39;67,41;67,43;66,44;66,47;66,49;67,51;66,53;66,54;67,56;66,59;66,60;67,62;67,64;66,67;67,68;66,70;66,73;66,75;67,77;67,78;66,80;67,82;67,84;67,86;66,89;66,91;67,92;67,95;66,96;67,98;66,100;67,102;67,105;67,106;66,109;67,111;67,113;66,114;66,117;66,118;67,121;67,122;67,124;67,126;66,129;66,130;67,132;67,135;66,137;66,138;67,141;67,142;67,144;67,146;67,149;67,151;66,153;66,155;67,156;67,159;67,160;66,163;66,164;66,167;66,169;66,170;66,173;67,175;67,176;66,178;66,181;66,182;67,184;66,186;66,189;67,191;66,193;66,194;67,197;66,198;66,200;67,202;67,204;66,207;66,209;66,210;66,213;66,215;66,216;67,219;66,220;67,222;67,224;66,226;66,229;67,230;66,232;66,235;67,236;66,239;67,241;66,243;67,245;66,246;67,248;66,251;66,252;67,254;67,256;67,259;67,260;67,263;66,265;67,266;66,269;66,270;67,272;66,275;66,276;66,278;66,281;67,282;67,284;66,287;67,288;67,290;67,293;67,295;67,297;66,298;67,301;66,303;66,304;67,307;67,309;66,311;67,312;66,315;66,316;67,319;67,321;66,322;66,324;66,327;66,328;66,330;66,332;66,335;67,336;67,339;66,340;66,343;67,345;67,346;66,348;66,350;66,352;67,355;67,357;67,358;66,361;67,363;67,365;66,367;67,368;67,371;67,373;67,374;67,377;66,379;66,381;66,382;67,385;67,386;66,388;66,391;67,392;67,395;66,396;67,398;67,400;66,402;66,405;67,407;66,408;66,410;67,412;67,415;67,417;66,418;66,420;66,423;66,425;66,427;67,429;67,430;67,433;67,434;66,436;67,439;67,440;67,442;66,444;67,447;67,449;67,451;67,453;66,454;67,457;66,458;66,461;67,463;67,464;66,466;67,469;67,471;66,472;66,474;66,476;66,478;66,481;66,482;67,485;66,486;67,488;66,490;66,493;66,495;66,496;66,499;66,500;66,502;66,505;66,506;67,509;66,510
68,1;69,3;68,4;69,7;68,9;69,11;69,12;69,15;68,17;68,19;68,21;69,23;69,24;69,26;69,29;69,30;69,32;69,34;68,36;69,38;68,40;69,42;68,44;68,46;68,49;68,51;69,52;69,55;69,56;68,58;68,61;68,63;69,64;69,66;68,69;68,71;69,73;68,74;69,76;68,79;68,80;69,83;68,85;68,86;68,88;68,90;68,92;68,95;68,97;68,98;69,101;68,103;69,104;69,106;68,109;69,110;68,112;68,114;68,117;69,118;68,120;68,123;69,125;68,126;68,129;69,131;68,133;69,134;69,137;68,138;69,140;69,142;68,144;68,146;69,149;69,151;69,153;69,155;68,157;68,158;68,161;69,163;69,165;68,167;68,168;69,170;69,173;69,175;69,177;68,178;69,181;68,182;69,185;69,186;68,189;69,191;69,192;68,195;68,197;69,199;69,200;69,203;68,205;68,206;68,208;68,210;69,212;68,214;68,217;68,218;68,221;69,223;68,224;68,226;68,228;69,230;68,233;68,235;68,236;69,239;68,240;68,243;68,245;69,246;69,248;68,251;69,253;68,255;68,257;68,258;68,261;69,262;68,265;69,267;69,269;68,271;68,273;68,275;68,277;69,279;68,281;68,282;69,284;68,287;69,289;68,290;69,292;69,294;69,296;68,299;68,300;68,303;69,304;68,307;68,308;69,310;68,312;69,315;69,316;68,318;69,320;68,323;68,325;68,327;68,329;68,330;69,332;69,335;68,337;69,339;69,341;69,343;68,345;69,347;69,348;68,350;68,352;69,354;68,357;68,359;69,360;69,362;69,364;69,367;68,369;69,370;69,372;68,374;68,377;68,378;68,381;69,383;68,384;69,387;68,388;69,391;68,393;68,394;69,397;69,398;69,400;69,403;69,404;68,407;69,408;68,410;69,413;69,415;69,416;68,419;68,421;69,422;69,425;69,427;68,428;69,431;69,432;69,435;69,436;68,439;68,440;68,442;69,444;69,447;69,449;69,451;68,453;68,454;69,456;68,459;68,460;69,463;68,464;68,467;68,468;69,471;68,473;69,474;68,477;68,479;68,481;69,483;69,484;68,487;68,488;69,490;69,493;69,495;69,496;69,499;69,501;69,503;69,504;69,507;69,509;68,510
71,1;70,2;71,5;70,6;70,8;71,10;70,13;70,14;70,17;70,18;70,21;70,22;70,24;70,27;70,28;70,30;70,32;70,35;70,36;71,38;71,41;71,43;70,45;71,46;70,49;71,50;70,53;70,54;71,57;71,59;70,61;71,62;70,65;71,66;71,69;70,71;70,73;71,74;70,76;71,78;71,80;71,82;71,84;71,86;71,88;71,91;70,93;71,95;70,97;70,98;70,100;71,103;71,104;71,107;71,109;70,110;71,113;71,114;71,117;70,119;70,120;70,122;71,125;70,126;70,129;70,131;70,132;70,134;70,136;71,138;70,140;70,142;70,144;71,147;70,149;71,150;71,152;71,155;71,156;70,158;70,161;70,163;70,164;71,166;70,169;70,170;71,173;70,175;70,177;71,179;70,180;70,182;70,185;70,186;71,189;70,190;70,193;70,194;70,196;70,199;70,201;71,202;70,205;70,207;70,209;71,210;70,212;70,214;71,217;70,218;71,220;70,223;71,224;71,226;71,228;71,230;70,232;70,234;70,236;71,239;71,241;70,242;71,244;70,247;70,249;71,250;71,253;70,254;70,257;71,258;71,260;71,262;71,264;70,267;71,269;70,271;70,272;71,274;71,276;71,278;70,280;70,283;70,285;70,287;70,289;70,290;70,292;71,294;70,296;70,299;71,301;70,302;71,305;71,306;70,308;70,311;70,312;71,315;70,317;70,318;71,320;70,322;70,325;71,326;70,328;71,331;70,333;71,334;71,337;70,339;70,340;70,343;71,344;71,346;70,349;70,351;70,353;70,354;70,356;70,358;71,360;70,362;70,365;71,366;71,369;70,370;70,373;70,374;71,377;70,379;70,380;70,382;71,384;71,387;71,389;70,391;70,392;71,394;70,397;70,398;70,400;70,402;71,405;71,407;71,408;71,411;71,413;70,414;70,417;71,419;70,421;71,422;71,424;71,427;71,428;71,430;71,433;70,435;71,436;70,439;70,441;70,443;70,444;71,446;71,448;70,450;71,453;71,454;70,457;70,459;71,460;70,463;70,464;70,467;70,469;71,470;71,473;71,474;70,476;71,478;70,480;71,482;71,484;70,487;70,488;71,490;70,493;70,494;71,496;71,498;70,501;71,502;71,505;71,506;70,508;71,511
73,0;73,3;72,4;72,6;72,9;72,10;73,13;72,15;72,16;73,18;72,20;72,22;73,25;72,26;72,29;73,31;73,32;72,34;72,36;72,38;73,41;72,43;72,45;72,46;73,48;73,50;72,52;72,55;73,56;73,58;73,60;73,63;72,64;73,67;73,68;73,71;72,73;73,74;73,76;72,79;72,81;73,82;73,85;73,87;72,88;73,90;72,92;72,95;73,96;73,99;73,100;72,102;72,105;72,107;73,109;73,110;73,112;73,114;73,116;73,119;73,120;73,123;72,125;73,126;73,128;73,130;73,133;72,134;72,137;72,139;73,141;73,143;72,145;72,147;73,149;73,150;73,153;72,154;72,157;72,158;73,161;72,162;72,164;73,167;72,168;73,171;72,173;72,174;72,176;73,178;73,180;72,183;72,184;72,187;72,188;73,190;73,192;72,194;72,197;73,198;72,201;73,202;72,205;73,206;72,209;72,211;72,212;73,214;73,216;73,219;72,220;72,222;72,225;72,227;73,228;73,230;72,233;72,235;72,237;73,239;72,240;73,243;72,244;72,247;73,249;72,251;73,253;73,255;72,256;72,259;73,260;72,263;73,264;72,266;72,268;72,270;73,272;72,275;73,277;72,279;72,280;72,282;72,284;73,287;73,288;72,290;73,292;73,295;73,297;73,298;72,300;73,303;73,304;73,306;72,308;73,310;73,313;72,315;72,317;72,318;72,320;72,322;72,325;73,327;73,329;73,330;72,332;72,334;73,337;72,338;72,340;73,342;72,345;73,347;73,349;72,350;73,353;73,355;72,356;73,358;72,360;72,362;73,365;72,367;73,368;72,370;72,372;72,374;72,376;72,378;72,381;72,383;72,385;72,386;72,389;73,391;72,392;72,395;73,396;73,399;73,400;72,403;72,404;73,406;72,408;72,410;72,412;72,415;72,417;73,419;72,420;72,423;73,424;72,427;72,428;73,431;72,432;72,435;72,437;72,439;72,440;72,442;73,445;72,447;73,448;73,450;72,452;73,454;73,457;73,458;72,460;73,463;72,465;73,466;73,469;73,471;73,473;72,475;73,476;73,478;72,481;72,482;73,485;73,486;72,489;73,491;72,493;72,495;72,496;72,498;73,501;73,503;72,505;72,507;73,508;73,510
75,1;75,3;75,4;75,6;74,9;74,11;75,13;75,14;74,17;75,19;75,20;74,23;75,24;74,27;75,28;74,31;74,32;75,35;74,36;74,39;75,41;75,43;75,44;74,46;75,48;75,50;75,52;75,55;74,57;75,59;74,61;75,62;74,65;74,67;74,69;74,71;75,73;74,75;74,76;74,79;74,80;75,82;74,84;74,86;75,89;75,90;75,92;74,95;75,96;75,99;74,100;75,102;75,104;75,106;75,108;74,111;74,112;75,114;75,116;75,118;75,120;75,123;74,125;75,127;75,129;74,131;74,133;74,135;75,137;75,139;74,140;75,142;74,145;75,146;74,149;75,150;75,152;75,155;75,157;74,158;75,160;75,163;74,164;75,167;74,168;75,171;74,172;75,175;75,177;74,179;74,181;75,183;74,185;75,187;74,188;74,191;75,192;75,194;75,197;74,198;74,201;74,203;74,204;74,206;75,208;74,211;75,213;74,214;75,216;74,219;75,220;74,223;74,224;74,227;75,228;75,231;74,232;75,234;75,237;74,239;74,240;74,242;75,244;75,246;75,248;75,251;75,252;74,255;75,257;74,258;75,260;75,262;74,264;75,266;75,269;74,270;75,272;75,274;74,277;74,279;75,280;74,282;75,285;75,286;75,289;74,290;74,292;75,294;74,296;74,298;75,301;75,302;74,304;74,306;75,308;75,311;74,312;74,314;74,316;74,318;75,320;75,323;74,325;74,326;75,329;74,331;75,333;75,335;75,336;74,339;75,341;74,343;74,344;75,346;74,349;74,351;74,352;75,354;75,356;75,359;74,360;75,363;75,365;75,367;74,368;75,371;75,373;74,375;75,376;74,379;74,381;75,382;74,385;75,386;74,389;74,390;75,393;75,395;75,396;74,398;74,401;74,402;75,404;74,407;74,408;75,411;75,412;75,414;75,416;75,418;74,420;75,423;74,425;75,427;74,429;75,430;75,432;74,435;75,436;75,438;74,440;75,442;75,445;74,446;74,449;75,450;75,453;74,454;74,457;74,458;75,460;74,463;75,464;74,466;74,469;74,471;74,473;74,474;74,476;74,478;75,481;74,482;75,485;74,487;75,488;74,490;74,492;74,495;75,496;74,499;75,501;74,503;75,504;74,506;74,508;74,510
76,0;77,2;76,5;76,7;76,8;77,11;76,13;76,15;76,17;77,19;77,20;77,22;76,25;76,27;76,28;77,30;76,33;76,35;76,36;76,39;76,40;76,43;76,44;76,47;77,49;76,50;76,52;76,54;76,57;77,58;77,60;77,62;77,64;76,66;76,68;76,71;77,72;77,75;76,76;77,78;77,80;76,83;77,84;77,87;76,89;77,91;76,93;76,95;77,96;77,99;76,100;77,103;76,104;76,107;76,108;76,110;77,113;76,114;76,116;77,118;77,121;76,122;77,125;77,127;77,129;77,130;77,132;76,135;77,137;76,138;77,140;76,143;76,145;77,147;76,149;76,151;76,152;76,155;76,157;77,159;76,161;77,163;77,165;76,166;77,169;76,171;76,173;76,175;77,177;77,178;77,180;77,183;77,185;77,186;76,189;77,190;77,193;77,194;76,197;76,198;76,201;77,203;77,204;76,207;76,208;77,211;76,213;76,215;77,217;77,218;76,220;77,222;77,225;77,226;77,229;76,230;77,232;77,235;77,237;76,239;76,241;76,243;77,245;76,246;76,248;76,250;76,253;76,254;77,256;77,259;76,260;76,262;76,265;76,266;77,269;77,270;77,273;76,275;77,277;77,278;77,281;76,282;76,284;77,286;76,288;76,291;76,293;77,294;76,297;76,298;77,300;76,302;77,305;77,307;77,309;76,310;77,313;77,315;77,317;76,319;76,321;77,322;76,325;77,327;76,328;76,330;76,333;77,335;76,337;77,338;77,341;77,343;77,344;76,346;76,349;77,351;76,353;77,354;77,357;76,359;77,360;77,363;77,365;77,367;77,369;76,370;77,373;77,375;77,377;77,379;76,381;77,382;77,385;77,386;76,388;77,390;76,392;77,394;77,397;77,399;77,400;76,402;77,404;76,407;76,409;77,410;77,413;77,414;76,417;76,419;76,420;76,423;76,424;76,427;77,428;77,431;77,432;76,434;77,436;76,439;76,440;77,443;77,445;76,447;77,449;76,451;77,453;76,454;76,457;76,459;76,460;76,463;76,465;77,466;76,468;77,471;76,473;77,474;76,477;77,478;77,481;77,483;76,485;77,486;76,488;77,490;76,493;77,495;77,496;77,499;77,501;77,503;77,504;77,506;76,509;77,511
78,0;78,3;79,5;78,7;78,9;78,10;79,12;79,15;78,16;78,18;79,21;78,22;78,24;79,27;79,29;78,30;78,32;78,35;78,37;78,39;79,40;79,42;79,44;79,46;79,49;79,50;78,53;79,54;79,56;78,59;79,60;79,62;78,65;78,67;78,68;78,71;78,73;78,75;79,77;78,78;79,80;79,82;78,85;79,86;78,89;78,90;78,93;78,94;79,96;78,98;79,100;78,103;78,105;78,106;79,108;78,110;78,112;78,114;79,116;78,119;79,121;79,123;78,125;79,127;79,128;79,130;79,133;78,134;79,137;79,138;78,141;79,142;79,145;79,147;79,149;79,150;78,153;79,155;78,156;79,159;78,161;79,163;78,165;79,166;78,169;79,170;78,173;78,175;78,177;78,178;79,180;79,182;78,185;78,186;78,189;79,191;78,193;78,194;79,197;78,198;78,201;79,202;79,205;79,206;79,209;79,211;78,213;78,214;79,216;78,218;78,220;78,222;79,224;79,226;79,229;78,231;78,232;79,235;78,237;79,239;79,240;78,242;78,245;79,246;78,248;79,250;79,253;79,255;78,257;78,258;78,261;78,263;78,265;79,266;79,268;78,271;78,272;79,274;79,276;79,279;78,280;79,283;78,284;78,286;78,288;79,291;78,292;79,295;78,297;78,299;78,300;78,303;79,305;79,307;78,308;79,310;79,313;78,315;79,317;79,319;78,320;78,322;78,325;78,326;78,329;79,330;79,332;79,335;78,337;79,339;78,340;78,343;78,344;78,346;79,348;78,351;78,352;78,354;79,357;79,359;78,360;78,363;79,365;78,367;78,369;78,370;79,372;79,374;78,377;78,378;78,380;78,383;78,384;79,386;79,388;79,391;78,393;79,394;78,396;79,398;78,400;78,402;79,404;79,407;79,408;78,410;79,412;79,414;79,417;79,418;79,421;79,423;78,424;78,426;79,429;79,431;79,432;78,434;78,437;78,439;78,440;78,443;79,444;79,446;78,449;79,450;79,452;79,455;79,457;79,459;78,460;79,463;78,464;79,467;79,469;78,470;79,472;78,475;79,477;78,478;78,481;78,483;78,485;79,487;78,488;78,491;78,493;79,494;79,496;78,498;79,501;79,502;78,504;78,506;79,508;78,511
80,0;80,3;81,5;80,7;81,9;81,11;80,12;81,14;81,17;81,19;81,20;81,23;81,24;80,27;80,28;80,31;80,33;81,34;81,36;81,39;81,40;81,42;80,44;81,46;80,48;80,51;81,52;81,54;81,57;81,58;81,60;81,63;81,65;80,66;80,69;80,70;80,73;81,75;81,77;80,78;81,80;80,83;81,84;81,86;80,89;81,90;81,93;81,94;81,96;81,99;81,100;81,103;80,105;80,107;81,108;81,110;81,113;81,115;81,116;80,118;81,121;81,122;80,125;81,127;81,128;81,131;81,133;81,135;81,137;81,139;80,140;80,143;81,145;80,147;81,148;81,151;80,153;81,155;80,157;81,158;81,161;81,163;81,164;80,167;80,168;81,170;80,173;80,174;80,176;81,178;80,181;81,183;81,185;81,187;80,189;81,190;80,192;80,194;81,197;80,199;80,200;81,202;80,205;81,206;81,208;80,211;80,213;81,214;81,216;80,219;81,221;81,222;81,224;81,227;81,228;80,230;80,232;81,234;80,236;81,238;80,241;80,242;81,245;80,247;80,248;80,250;81,253;80,255;81,256;81,259;81,260;80,263;81,265;80,266;80,268;81,271;80,273;80,274;81,277;81,278;80,281;81,282;80,284;80,286;81,288;81,290;80,293;80,294;80,296;81,299;81,300;80,302;81,305;81,307;80,308;80,311;80,312;80,315;80,317;81,318;80,321;80,323;81,324;81,326;81,329;80,331;80,333;80,334;80,337;80,338;81,340;80,343;80,344;80,347;81,349;80,350;80,353;81,355;80,356;81,358;81,361;81,363;80,364;81,366;80,369;80,370;80,372;81,374;80,376;81,379;81,380;80,383;80,384;80,386;81,388;80,390;80,392;81,395;81,396;81,399;80,401;81,402;80,404;80,407;81,409;81,410;81,413;80,415;81,416;81,418;81,420;81,422;80,425;81,427;80,429;80,430;80,432;80,435;80,437;81,438;81,440;80,442;80,445;80,447;80,449;80,451;80,452;80,455;81,457;81,459;81,461;80,463;80,464;80,467;80,469;81,470;80,472;80,475;81,477;80,479;81,480;81,483;81,484;80,486;81,488;81,491;80,492;80,495;81,497;81,498;80,500;80,502;80,505;80,507;81,509;80,511
83,0;82,3;82,4;83,7;83,8;83,10;83,12;82,15;83,16;83,19;82,20;83,22;82,24;82,26;82,28;83,30;82,32;83,34;83,37;83,39;82,41;83,42;83,45;83,46;82,49;83,50;83,52;83,55;83,56;82,59;82,60;83,63;82,64;82,66;82,69;83,70;83,73;82,75;82,76;83,79;82,81;82,83;82,85;83,87;82,88;83,91;83,92;83,94;83,96;83,98;82,100;82,103;82,104;82,106;82,108;82,111;82,113;82,114;83,116;82,118;82,121;83,123;82,125;83,127;82,129;83,130;83,132;82,134;83,136;82,139;83,140;83,143;83,145;83,146;83,149;82,150;83,153;83,155;82,157;82,158;82,161;83,162;83,164;82,166;82,169;83,171;82,172;82,175;83,176;82,178;83,180;83,182;83,185;83,187;82,189;83,190;83,192;82,194;82,196;83,199;83,200;82,202;83,204;83,207;83,208;82,210;82,212;83,214;82,216;83,218;82,221;83,222;83,225;83,227;82,228;82,231;82,233;83,235;82,236;82,238;82,241;82,243;83,245;82,246;83,248;83,251;82,252;82,255;82,257;83,258;82,260;82,262;82,264;83,267;82,268;83,271;82,273;82,275;82,276;82,278;83,281;83,283;82,284;82,286;82,288;82,291;82,293;83,295;82,296;83,299;83,301;82,302;82,305;82,307;82,308;83,310;82,312;82,315;83,317;83,318;82,320;82,323;82,325;83,326;83,328;82,331;83,333;83,334;82,337;83,338;82,340;83,343;82,345;82,346;83,348;83,351;82,352;82,355;83,356;83,358;83,360;82,362;82,364;82,366;83,369;82,370;83,373;83,374;83,377;83,379;83,380;82,383;82,384;82,387;83,389;82,390;83,393;83,395;83,397;82,399;82,401;82,402;83,405;82,406;83,408;82,410;83,412;82,414;82,416;82,419;83,420;82,422;83,425;83,427;83,428;83,431;83,432;82,435;83,437;82,439;82,441;82,443;83,445;82,447;82,449;82,450;83,453;83,455;83,456;83,458;83,461;83,462;82,464;83,466;82,468;82,470;83,472;82,475;83,477;83,478;83,480;83,483;83,485;83,486;83,489;83,490;83,492;82,494;82,496;82,499;82,501;83,502;83,505;82,507;83,508;83,510
84,0;84,2;85,5;84,7;85,8;85,11;85,13;85,15;84,17;84,19;85,20;84,22;84,25;85,27;84,28;84,31;85,33;84,35;84,37;84,38;85,41;84,43;85,45;85,47;84,48;84,51;85,53;84,54;85,57;85,58;85,61;84,63;85,65;85,66;84,69;84,71;85,73;85,74;85,77;84,79;85,80;84,83;85,84;85,87;85,88;84,91;85,92;84,95;85,97;84,99;84,100;84,102;84,104;85,107;84,109;85,111;84,112;84,115;85,116;85,119;84,120;85,123;85,124;85,127;85,129;85,130;84,132;84,135;85,137;85,139;85,141;84,143;84,145;85,146;84,149;85,151;84,152;85,154;84,156;85,159;85,160;84,163;84,165;85,166;85,168;85,171;84,173;84,174;85,176;85,179;84,180;85,182;84,185;85,186;85,189;84,190;84,192;84,195;84,196;85,199;84,200;84,202;85,205;84,207;85,208;84,210;85,213;84,214;84,216;84,218;85,220;85,223;85,224;85,227;84,228;84,230;84,233;84,235;85,237;85,239;84,241;84,242;84,244;84,246;84,249;84,250;85,253;85,254;84,257;84,258;84,260;84,262;84,265;84,266;85,268;85,270;84,273;84,275;85,277;84,278;85,281;84,282;84,284;84,287;85,289;84,290;84,292;84,294;84,297;85,298;85,301;84,302;85,304;84,307;85,308;84,311;84,312;85,314;84,317;84,318;84,320;84,323;85,324;85,326;84,329;85,331;84,333;84,335;85,337;85,339;84,341;84,343;84,345;84,347;84,348;84,350;84,352;84,355;84,357;84,358;85,361;85,362;85,365;84,367;84,368;85,370;85,373;85,374;84,376;85,379;84,380;85,382;84,385;84,387;84,389;85,391;84,393;84,394;85,397;85,399;84,400;85,403;84,404;84,406;84,408;84,411;84,413;85,415;84,417;84,419;84,421;85,423;85,424;85,426;84,429;85,431;85,433;85,435;85,437;84,439;85,440;85,443;84,444;85,446;84,449;85,451;84,453;84,455;84,456;85,459;84,461;85,462;84,465;84,467;85,469;84,471;84,473;85,475;85,476;85,479;84,481;84,482;85,484;84,486;85,488;85,490;84,493;85,495;84,497;84,498;85,500;85,502;85,504;84,507;85,508;85,511
87,0;87,3;87,5;87,6;86,9;87,11;86,13;87,15;87,17;86,18;86,21;86,22;87,25;87,27;86,29;86,31;87,32;86,35;86,36;87,38;86,41;87,43;86,44;86,47;87,49;87,51;87,53;87,55;86,57;87,58;87,60;87,62;87,64;86,66;87,69;87,71;86,72;87,74;87,77;86,78;87,81;87,82;87,84;86,87;87,89;87,90;87,93;86,94;86,96;86,99;87,101;87,102;87,104;86,106;87,108;87,110;86,112;87,115;86,116;86,118;86,121;86,122;86,125;87,126;86,129;86,131;86,133;87,135;86,137;86,138;86,140;87,142;86,144;86,146;86,148;86,151;87,153;86,154;87,157;86,158;86,160;86,163;86,165;87,166;86,168;86,171;87,172;87,175;87,177;87,178;86,180;86,183;87,184;87,186;86,189;87,191;87,192;87,194;87,196;87,199;86,201;86,202;87,205;87,207;86,208;87,211;87,212;87,214;87,217;86,218;87,221;87,223;86,225;87,227;87,228;87,230;86,233;86,235;86,237;86,238;87,241;86,243;86,244;86,246;86,249;87,250;86,252;87,255;87,256;86,259;86,261;86,262;86,265;87,267;86,268;87,270;87,272;86,274;86,277;86,279;86,281;86,282;86,285;86,287;86,288;87,291;87,292;87,295;87,297;86,299;86,301;87,302;86,305;86,307;86,309;86,311;87,312;86,315;87,317;86,318;86,321;86,322;86,325;87,327;86,328;86,331;86,332;86,335;86,336;86,339;87,341;87,343;86,344;86,347;87,348;87,350;86,352;87,354;86,357;86,358;87,360;87,363;87,365;86,366;87,368;87,371;87,372;87,375;87,376;86,378;87,381;86,382;87,385;87,386;87,388;87,391;87,392;87,394;86,396;87,398;87,400;87,402;86,405;87,407;87,409;87,411;86,412;86,415;87,416;87,418;87,420;86,423;86,425;86,427;87,429;86,430;86,432;87,435;86,437;87,438;86,441;86,443;87,444;87,446;86,449;86,451;86,452;86,455;87,456;87,458;86,460;86,462;86,464;87,466;87,468;86,470;86,473;87,475;86,477;87,478;86,481;87,483;86,485;86,486;86,489;87,491;87,493;86,494;86,496;87,498;86,501;87,503;86,504;87,506;86,509;86,510
89,1;89,3;88,5;88,7;89,9;89,10;88,13;88,15;88,16;89,19;88,21;89,23;89,24;88,26;89,29;88,31;89,32;89,35;89,36;88,39;88,41;89,43;89,45;89,47;89,49;89,51;89,52;89,54;88,56;88,58;88,61;88,62;89,64;88,67;89,68;88,71;88,73;89,74;88,76;89,78;89,81;89,82;89,84;89,87;89,89;89,91;89,93;89,94;89,97;89,98;88,100;88,103;89,104;89,107;88,108;88,110;89,113;88,115;89,117;89,119;88,120;88,122;89,124;88,126;89,128;88,131;88,133;88,134;88,136;88,139;88,141;88,143;89,144;88,146;89,149;89,151;88,152;88,154;89,157;88,158;89,161;89,163;88,164;88,167;89,169;88,171;89,173;88,174;89,176;89,178;89,181;88,183;88,184;89,186;89,188;89,190;89,193;89,195;89,196;89,199;89,201;88,202;89,204;88,207;89,208;89,211;88,213;89,214;88,216;89,218;89,220;89,222;89,225;88,227;89,228;89,230;89,232;89,234;89,236;89,239;89,240;89,243;88,245;89,246;88,248;89,250;89,253;89,254;88,256;88,258;89,261;89,262;89,265;88,267;88,268;89,270;89,273;88,275;88,276;88,279;89,280;88,282;89,284;89,286;89,288;88,290;89,292;89,294;89,297;88,299;89,301;89,303;89,305;88,306;89,309;89,311;88,313;89,315;89,316;89,319;88,320;88,322;88,325;88,327;89,329;89,331;89,333;88,335;88,336;89,338;89,341;88,342;89,344;88,346;88,348;88,351;89,352;89,355;89,356;89,358;89,360;89,363;88,365;89,366;89,368;88,371;88,373;89,375;88,377;89,379;88,380;89,382;89,384;89,386;88,389;89,390;89,393;89,395;88,396;89,398;89,401;89,402;89,404;89,406;89,409;89,410;88,412;89,414;89,416;89,419;89,420;88,422;89,425;89,426;89,429;89,430;89,433;89,435;89,436;88,438;88,440;89,442;89,444;89,446;88,448;88,451;89,453;88,454;88,457;89,459;88,460;89,463;88,464;89,466;89,469;89,471;88,472;89,474;88,477;88,479;89,480;88,483;88,485;88,487;89,488;89,491;88,493;88,494;89,497;89,498;88,501;88,502;88,504;88,507;89,508;89,511
90,1;91,2;91,4;90,7;90,9;90,10;91,13;90,15;91,17;91,18;91,21;90,23;91,25;91,26;91,29;91,31;91,33;90,35;91,37;90,39;90,41;90,42;90,44;90,46;90,49;91,51;91,53;91,55;90,56;90,58;90,61;91,62;91,65;91,67;91,68;90,70;91,73;91,75;91,77;90,78;91,80;90,83;91,84;90,86;91,89;90,90;91,93;91,94;91,97;91,99;91,100;91,102;91,104;90,107;90,109;91,110;91,113;91,115;90,116;90,119;91,120;91,123;90,125;91,126;90,128;91,131;91,132;91,135;90,137;91,139;90,141;91,143;90,144;91,147;90,148;91,150;91,153;91,154;91,157;91,159;91,161;91,163;90,164;91,166;90,169;91,171;91,172;91,174;91,176;91,178;91,180;91,182;90,185;91,186;91,188;91,190;90,192;91,194;90,196;90,198;90,201;90,203;90,205;90,207;90,208;90,210;90,213;90,214;90,217;90,219;90,221;90,222;91,224;90,226;90,229;90,230;90,233;90,234;90,237;90,239;90,241;91,243;90,244;91,246;90,249;91,250;91,253;90,255;91,256;90,259;91,261;90,263;90,264;90,266;91,268;91,271;91,272;91,275;90,277;90,278;91,281;91,283;90,284;91,286;90,289;91,290;91,293;91,295;90,297;91,299;91,301;90,303;91,304;90,307;91,308;91,311;90,313;91,315;91,317;91,319;90,320;91,323;90,325;91,326;90,329;90,330;91,333;90,334;91,336;91,339;90,340;91,343;91,345;91,347;90,348;90,350;90,352;91,354;91,357;91,358;91,360;90,363;91,365;90,367;90,369;90,370;90,372;90,375;90,377;90,378;90,380;91,382;91,384;91,387;91,389;91,390;90,393;90,394;91,396;90,399;91,400;91,402;90,405;91,406;90,408;91,410;91,413;91,414;91,417;91,418;91,420;91,423;90,425;91,426;90,429;90,431;90,433;91,434;91,437;91,438;91,440;90,443;90,444;91,446;91,449;90,451;90,452;91,455;90,456;90,458;91,461;91,462;90,465;91,467;91,469;90,470;91,473;91,475;91,476;90,478;90,480;90,483;90,484;91,487;91,488;90,490;91,493;91,494;91,496;90,498;90,500;90,502;90,504;91,506;90,508;90,510
92,0;92,2;92,5;93,6;92,9;93,11;93,13;93,14;92,16;93,19;93,21;93,23;92,25;92,27;92,29;93,30;92,33;92,34;92,36;93,39;92,40;93,43;93,45;93,47;92,49;92,51;92,52;93,54;93,57;92,58;92,61;92,62;93,65;93,67;93,68;93,70;93,73;93,75;92,77;93,78;92,80;93,83;93,85;93,87;93,88;92,90;93,92;93,95;92,97;92,98;93,100;92,103;92,105;93,106;92,108;92,110;92,113;92,114;92,117;92,118;93,120;92,122;93,125;93,126;92,129;92,130;92,133;92,135;93,137;93,138;93,140;92,143;92,145;92,147;93,148;93,151;92,153;93,155;93,157;92,158;92,161;93,162;93,165;92,167;93,169;93,171;92,173;93,175;92,176;93,179;93,180;93,182;93,185;92,186;93,189;93,191;93,193;93,195;93,196;92,199;93,201;93,202;93,204;93,206;92,208;93,211;92,213;93,215;92,216;92,219;93,221;93,222;92,225;93,226;93,229;92,231;92,232;92,235;92,237;92,239;92,241;93,242;93,245;93,247;92,249;92,250;92,253;93,254;93,257;93,258;92,261;93,263;93,264;93,266;92,269;93,271;93,273;92,275;93,277;93,279;93,281;93,282;93,284;93,286;93,288;93,291;93,292;92,295;93,297;92,299;92,301;93,302;92,305;92,307;92,308;93,310;93,312;92,314;92,316;93,319;92,320;92,323;92,324;92,326;93,328;93,330;93,332;92,334;92,336;93,339;93,341;92,342;92,344;92,346;92,348;93,351;93,353;92,355;93,357;93,359;93,361;92,362;93,364;92,367;93,369;93,370;92,373;93,375;93,376;92,378;93,381;92,382;92,385;93,386;93,389;92,390;92,392;93,395;92,396;92,398;93,401;92,402;93,405;93,407;92,409;93,410;93,412;93,415;92,417;92,418;93,421;93,422;92,424;92,427;93,429;93,430;93,432;92,434;92,437;92,439;93,441;93,443;93,444;93,446;93,449;93,450;93,452;93,455;92,456;92,459;92,460;93,463;92,465;93,466;93,469;93,470;92,472;92,474;92,476;93,479;92,480;92,483;93,485;93,486;92,489;92,491;93,492;93,494;93,497;92,499;92,501;93,502;92,505;93,507;93,509;93,510
94,1;94,3;95,5;94,6;94,9;94,11;95,13;95,14;94,16;95,18;94,20;95,23;95,24;95,27;95,29;94,31;94,32;94,34;94,36;94,39;94,40;95,42;94,44;95,47;95,49;95,50;94,53;94,55;95,56;95,58;94,60;95,63;95,64;94,66;94,69;94,71;94,72;95,75;94,76;95,79;94,81;94,83;95,84;94,87;95,88;94,90;94,93;95,95;94,96;95,98;94,100;94,102;94,105;94,106;94,108;95,110;95,113;95,115;95,117;94,119;95,121;94,122;94,125;95,127;94,129;95,130;94,132;95,135;95,137;95,138;94,140;94,143;94,145;95,147;94,148;94,150;95,152;95,155;94,157;94,159;95,161;95,163;94,165;95,167;95,168;94,170;95,172;94,174;95,176;94,179;94,180;95,183;95,184;94,187;94,188;94,190;95,192;94,194;95,196;95,198;95,201;95,202;95,204;95,207;94,209;95,211;95,212;94,215;95,216;95,218;95,220;95,223;95,224;95,227;95,228;95,231;94,233;94,235;94,236;94,239;94,240;95,243;94,244;94,247;94,248;95,250;94,253;95,254;94,257;94,259;94,260;95,262;94,265;95,267;95,269;95,271;95,273;95,275;95,277;94,279;94,281;95,282;94,284;95,287;95,289;95,291;94,292;95,294;94,296;95,298;95,301;95,303;95,304;95,307;94,308;95,310;94,312;94,315;94,316;95,319;95,321;95,322;94,324;95,327;94,328;95,330;94,332;95,335;94,337;94,339;95,341;95,342;95,344;95,346;95,348;94,350;94,353;95,354;94,356;94,359;95,360;94,362;94,365;95,366;95,368;94,371;95,372;94,374;95,377;94,378;95,381;95,382;95,384;95,387;94,388;95,391;94,392;95,395;95,396;95,398;94,401;95,402;95,404;95,406;95,409;95,411;94,413;95,414;95,417;95,418;95,421;95,423;94,424;95,427;95,429;94,431;95,432;95,435;95,437;95,439;95,440;94,443;94,444;95,447;95,449;95,451;94,452;94,454;95,457;94,458;94,460;94,462;95,465;95,467;95,469;94,470;95,472;95,474;94,476;95,478;95,480;95,482;95,484;95,486;95,488;95,490;95,493;94,495;94,496;94,498;94,500;94,502;95,504;94,507;94,508;95,510
96,0;96,2;97,4;97,6;96,8;96,11;96,12;96,14;96,17;96,19;97,21;97,23;97,25;96,26;96,29;97,31;97,32;97,34;97,37;97,38;97,41;96,43;97,45;97,46;96,49;97,51;96,52;96,54;97,57;97,59;96,60;96,62;96,65;97,66;97,69;96,70;96,73;97,75;97,77;96,79;96,80;96,82;97,85;97,87;96,89;96,91;97,92;97,95;97,97;96,99;97,101;97,102;96,105;96,107;97,108;97,111;96,113;96,114;97,116;96,119;97,121;96,122;96,125;96,126;96,128;96,131;96,133;96,135;97,137;97,139;96,140;97,142;97,144;97,147;96,148;96,150;97,153;97,154;96,156;96,159;97,160;96,162;97,165;97,167;96,169;96,170;96,173;96,174;96,177;96,178;96,181;97,183;97,184;97,187;96,188;97,190;96,193;96,195;96,196;96,199;96,201;97,203;96,204;96,206;96,209;96,210;96,213;96,215;96,217;96,219;96,220;96,222;96,224;96,227;96,228;97,230;96,233;97,234;97,236;97,239;97,241;97,243;97,244;97,246;96,249;97,251;97,253;97,254;97,257;97,258;96,261;97,262;96,265;96,267;97,269;96,271;96,273;96,274;97,276;97,278;96,281;97,282;97,285;97,287;96,288;97,290;97,292;97,295;97,296;97,299;97,301;96,303;96,304;96,307;97,309;96,310;97,313;96,315;96,316;96,319;97,321;96,323;97,324;96,326;97,328;96,331;96,332;96,335;97,336;97,339;96,341;96,342;96,345;97,347;96,348;97,351;96,353;97,355;96,356;96,358;96,361;96,363;97,364;96,367;96,368;97,370;96,373;96,374;96,376;96,379;97,380;97,383;97,385;96,386;97,388;97,391;97,392;96,395;96,396;96,399;97,400;96,403;96,405;96,406;97,408;97,411;96,413;96,414;97,417;97,418;96,420;96,422;96,424;97,426;97,428;97,431;96,433;97,434;97,436;97,439;96,441;97,442;96,445;97,446;96,449;97,451;96,452;96,455;97,457;96,458;96,461;97,462;97,465;97,467;97,469;96,470;96,472;97,475;97,477;96,479;96,480;97,483;96,485;96,487;97,488;97,491;97,492;97,494;96,497;97,499;96,501;97,502;97,505;96,506;97,509;96,511
99,0;98,2;99,5;99,7;99,9;99,10;99,13;98,15;99,17;99,18;99,21;99,23;99,25;98,26;98,29;98,31;98,32;99,35;98,36;99,38;99,41;99,42;99,45;98,46;99,48;99,50;99,53;98,54;98,57;99,59;99,60;99,62;99,64;98,66;99,69;99,71;99,73;99,74;98,77;98,79;99,80;99,83;98,85;98,87;98,88;99,91;99,92;99,95;99,97;98,98;99,101;98,102;99,105;98,107;98,108;99,110;99,112;99,115;98,117;98,119;98,120;98,123;98,125;99,127;98,129;98,131;98,132;99,135;99,137;99,138;99,141;99,142;99,144;99,146;98,149;98,151;98,152;99,155;99,157;99,158;98,161;98,162;99,165;98,167;98,169;99,171;98,173;98,174;98,176;98,178;99,180;98,183;99,184;99,187;98,188;99,190;98,192;98,195;98,196;98,198;98,200;99,202;99,204;99,207;99,208;99,210;98,212;98,214;98,216;99,219;99,221;99,223;98,224;98,226;98,228;99,230;99,232;98,234;98,236;99,239;99,240;98,243;98,244;99,247;98,248;99,250;98,253;98,254;99,257;99,258;99,261;98,262;99,265;98,266;99,269;98,270;99,272;99,275;98,277;99,279;98,281;99,282;98,284;99,286;99,289;99,290;99,293;99,294;98,297;99,299;98,300;98,302;98,305;99,306;98,309;99,310;98,313;98,315;98,317;98,319;99,320;98,322;99,324;98,326;98,328;98,331;99,333;99,334;98,336;99,339;98,340;99,343;98,345;98,346;99,349;99,351;98,353;98,354;98,356;98,358;99,360;99,363;99,364;98,367;98,369;99,370;99,372;99,374;98,376;99,378;98,380;98,383;98,385;99,387;99,389;98,391;99,392;98,395;99,396;98,399;98,401;98,402;98,405;99,406;99,408;98,410;99,412;99,414;99,416;99,418;98,421;99,422;98,424;99,427;99,429;99,430;99,432;98,434;99,437;98,438;99,441;98,442;99,444;99,446;99,449;98,451;99,452;98,454;99,456;98,458;99,461;99,462;98,465;99,467;98,468;99,470;99,473;98,475;99,477;98,479;98,480;99,482;98,484;98,487;98,488;98,490;99,493;99,494;99,497;98,499;98,501;98,503;99,505;99,507;99,509;99,511
101,0;101,3;101,4;100,7;101,8;100,11;101,12;101,14;101,17;101,18;101,20;100,23;100,25;100,26;100,29;101,31;101,32;101,34;101,36;100,38;101,41;100,42;101,44;100,47;100,48;101,51;100,52;101,55;100,56;101,58;100,60;101,63;100,64;101,67;100,68;100,70;101,73;101,74;101,76;101,79;101,80;101,83;100,84;100,86;100,88;100,90;100,92;100,94;101,97;100,99;100,100;100,102;101,104;100,107;101,109;101,111;100,112;101,115;101,117;100,119;101,120;100,123;100,125;100,126;100,128;101,130;101,132;101,135;101,136;101,138;101,140;100,143;101,144;100,147;101,149;101,151;101,152;100,155;101,156;100,159;101,160;101,162;100,164;101,166;101,168;100,171;100,172;101,175;101,176;101,179;100,180;100,183;101,184;100,187;101,188;100,190;101,192;100,194;101,196;100,199;101,201;100,202;100,204;101,207;101,209;101,210;101,213;101,214;101,216;101,219;101,221;101,223;101,225;100,227;101,229;101,231;101,233;101,234;101,237;101,239;101,240;101,242;101,244;100,247;100,248;101,250;100,252;100,254;101,257;100,258;100,260;100,263;101,265;101,266;101,269;101,271;101,272;100,274;100,277;101,279;100,280;101,282;100,285;101,286;101,289;100,290;100,293;101,295;101,296;100,298;100,301;100,302;100,304;101,307;101,308;100,311;100,312;101,315;100,317;101,319;100,321;100,322;100,325;100,326;100,328;101,331;100,332;101,334;100,336;101,338;101,341;101,342;101,344;101,347;101,348;101,350;101,353;101,354;101,356;101,359;101,360;100,362;101,365;100,367;100,368;100,371;100,372;101,374;100,377;101,379;101,380;100,382;100,385;101,386;101,389;100,390;100,392;100,394;101,396;101,399;101,401;101,403;100,404;101,407;101,408;101,411;100,413;101,415;100,416;100,419;101,421;100,422;100,425;100,427;100,429;101,430;101,432;101,434;101,437;100,438;101,441;101,443;101,444;101,446;101,449;101,450;101,453;101,455;101,457;100,458;100,460;100,463;100,465;100,466;101,468;100,471;101,472;100,474;101,477;101,478;101,480;101,482;101,485;101,487;100,488;101,490;100,493;100,495;100,497;101,499;100,500;100,502;101,504;101,507;100,508;100,511
102,1;103,2;102,4;103,6;103,8;102,10;103,12;103,14;102,16;102,18;103,21;102,23;102,25;102,27;102,29;102,31;103,32;102,35;102,36;103,38;103,40;102,42;103,44;102,46;103,48;103,51;103,52;102,55;102,57;102,59;102,60;103,63;102,64;102,66;103,68;103,70;103,72;103,75;103,76;103,78;103,80;103,83;102,85;103,87;102,88;103,90;102,92;103,94;103,96;102,99;103,100;103,103;102,104;103,107;102,108;102,110;103,112;102,114;102,117;102,119;103,120;102,122;102,124;102,126;103,129;102,130;103,133;102,135;102,136;103,139;103,140;103,142;102,144;102,147;102,149;103,150;102,152;102,155;102,157;102,158;102,161;102,163;103,165;102,166;103,169;102,170;103,173;102,175;103,177;102,178;103,181;103,182;103,185;102,186;103,189;103,191;102,193;103,195;102,197;102,198;102,200;102,202;103,205;102,206;103,209;102,210;102,213;102,215;102,216;103,218;102,220;102,222;102,225;102,226;102,229;103,230;102,232;102,234;103,237;102,239;102,241;102,243;102,244;103,246;102,248;103,251;103,253;103,254;102,257;103,258;103,260;102,263;103,264;103,267;102,268;103,270;103,272;103,275;102,277;103,278;103,280;103,283;102,284;102,287;102,289;102,290;103,293;103,294;103,296;102,298;102,300;102,303;102,304;103,306;102,308;103,311;103,312;102,314;102,316;102,319;102,320;102,323;103,325;102,327;103,329;102,331;102,332;102,335;103,337;103,338;102,340;103,343;103,345;103,347;103,349;102,350;102,353;103,355;103,356;103,358;103,360;102,362;102,364;102,366;103,368;102,370;103,372;102,375;102,377;102,379;102,381;102,383;103,385;102,386;103,388;103,390;103,393;102,395;103,396;103,398;102,401;102,402;103,405;103,406;103,408;103,411;103,413;102,414;103,417;103,418;103,421;103,422;102,424;103,427;103,428;102,431;102,433;103,434;103,436;103,439;103,440;103,443;102,445;102,447;102,449;102,451;102,453;103,455;102,456;103,459;102,460;103,463;102,464;102,467;102,469;102,471;102,472;102,474;103,476;102,478;103,480;102,482;103,485;103,487;102,488;102,491;102,493;102,494;103,496;103,499;103,500;102,503;103,504;102,507;102,508;102,510
105,1;105,2;105,5;104,7;104,8;104,11;105,13;105,14;104,16;105,18;104,21;104,23;105,24;104,26;104,29;105,31;104,33;104,35;104,36;105,39;104,40;105,43;105,44;104,47;104,48;105,51;104,53;105,55;105,56;104,58;105,61;104,62;104,65;104,66;105,68;104,70;105,73;104,75;104,77;105,78;104,80;105,82;104,84;104,87;104,88;105,91;104,93;105,94;104,96;104,98;104,100;104,102;104,105;105,107;104,109;105,111;104,112;104,114;105,117;104,119;105,120;104,122;105,125;104,127;105,129;105,131;105,133;104,134;104,137;105,138;104,141;104,143;105,144;104,146;104,148;104,151;104,152;105,154;105,156;104,158;105,160;105,163;105,164;104,166;105,168;104,171;105,172;105,174;105,176;105,179;105,180;104,182;105,184;104,187;105,188;105,190;104,192;104,195;105,196;105,198;104,201;104,202;104,204;105,206;104,209;104,211;105,213;104,215;104,216;104,219;104,220;104,222;105,225;105,226;104,228;105,230;104,232;105,234;105,237;104,238;104,240;104,243;104,245;105,246;105,248;105,250;105,252;104,254;105,257;104,258;105,261;104,262;104,264;104,266;105,269;104,271;105,273;104,274;105,277;104,278;104,281;105,282;104,285;105,286;104,288;105,291;104,292;104,294;104,297;104,298;104,300;105,302;104,305;105,307;105,309;104,311;105,313;105,315;104,316;104,318;104,321;104,323;105,324;105,326;104,329;105,330;105,332;105,334;104,336;105,339;105,340;104,343;105,344;104,346;105,348;104,351;105,352;104,354;104,356;104,359;105,360;105,363;104,364;104,366;105,368;105,370;104,373;104,375;105,377;104,379;105,381;104,382;105,384;104,386;105,389;104,391;104,392;105,395;105,396;104,399;105,401;105,402;105,405;104,407;105,409;105,410;105,412;104,415;104,416;104,418;104,420;104,422;105,424;105,426;104,428;105,431;104,432;105,435;105,437;104,439;104,441;105,442;104,444;105,446;104,448;105,450;105,452;105,455;105,456;105,459;104,460;104,462;105,465;105,467;105,468;105,471;105,472;104,475;105,477;105,479;105,481;104,482;104,485;104,487;105,489;105,490;105,493;104,494;105,497;105,499;104,500;105,502;105,505;104,507;104,508;104,510
106,1;107,2;106,5;106,7;106,8;107,11;107,13;107,15;106,17;107,18;106,21;107,23;107,24;107,26;106,28;107,31;107,32;106,34;106,37;107,39;107,40;106,43;107,44;106,46;106,48;106,51;107,53;107,54;106,57;107,58;106,61;106,63;106,65;106,67;107,69;106,70;107,72;106,75;107,77;107,78;107,81;107,82;107,85;106,87;107,88;107,91;107,93;106,94;107,97;107,99;106,100;106,102;106,105;106,106;107,108;107,110;106,112;106,115;106,116;107,118;106,121;107,123;107,124;106,127;106,128;106,130;107,133;106,134;107,136;107,138;107,140;107,143;107,145;107,146;107,149;106,150;107,153;106,155;107,156;106,158;107,160;106,162;107,165;107,167;107,169;106,171;107,172;107,174;106,176;106,179;106,181;107,182;106,185;106,187;106,188;107,190;107,193;107,195;106,196;107,199;107,200;106,202;107,204;107,206;107,209;106,211;107,212;107,215;107,216;107,218;106,221;107,223;107,224;107,226;106,229;107,230;107,232;107,235;107,237;107,239;107,240;107,243;107,244;107,247;106,249;107,251;107,253;107,255;106,256;107,258;107,260;107,263;106,265;106,267;106,269;106,270;106,273;107,274;106,277;106,279;106,281;106,283;106,284;106,287;106,288;106,290;106,292;107,294;107,296;106,299;107,301;107,302;107,304;106,307;106,309;106,311;106,313;106,315;106,317;107,318;106,321;106,323;107,324;107,326;107,328;106,330;107,332;107,334;106,337;106,338;106,341;107,342;107,345;106,347;106,348;107,351;107,352;106,354;107,356;107,358;107,361;106,363;107,365;107,366;107,368;106,370;106,373;106,375;107,377;107,378;107,381;107,382;106,385;107,387;107,389;106,390;106,393;107,394;106,396;106,398;106,401;107,403;107,405;106,407;106,408;107,411;106,412;107,414;106,417;107,418;107,421;107,422;106,424;106,426;106,428;107,430;107,432;107,435;107,437;107,438;107,441;107,442;106,445;107,447;107,448;106,451;107,452;107,455;107,457;107,458;106,461;106,463;106,464;106,466;106,469;107,471;107,473;107,474;106,477;106,478;106,481;107,483;106,485;107,487;107,489;107,491;107,492;107,495;106,497;107,499;106,501;106,502;106,504;106,507;106,508;106,511
109,0;108,3;108,5;108,7;108,9;108,10;108,13;109,15;109,17;109,18;109,20;109,22;108,24;108,26;109,29;108,31;109,33;109,34;109,36;109,38;108,41;109,43;109,44;108,46;108,49;108,50;108,52;109,54;108,57;108,59;109,61;108,62;108,64;109,67;109,69;109,70;109,72;108,75;109,77;109,79;109,80;109,83;109,84;108,86;109,88;108,90;109,92;108,94;109,97;108,99;109,101;109,102;109,104;108,107;108,108;108,110;108,113;109,115;108,117;108,118;109,121;109,123;108,125;109,127;109,129;109,130;109,133;109,135;108,136;109,139;109,140;109,142;109,144;108,147;108,149;108,150;109,153;108,155;109,157;109,158;109,160;108,163;108,164;108,166;109,168;109,170;109,172;108,174;108,176;108,178;109,180;109,183;108,185;109,186;109,189;109,191;108,193;108,195;108,197;108,198;108,201;108,203;108,204;108,207;109,209;108,210;108,212;108,215;109,217;108,219;108,221;109,222;108,225;108,227;108,229;109,231;108,232;108,235;108,237;108,238;109,241;108,242;108,245;108,247;108,248;108,250;108,253;108,255;108,257;108,258;109,261;109,263;109,264;109,267;109,269;109,271;109,272;109,274;108,276;109,279;109,280;108,282;108,284;109,286;108,288;109,291;108,293;108,294;108,296;109,298;108,301;109,303;109,304;108,307;109,308;109,311;108,312;109,314;108,317;109,318;108,321;109,323;108,324;109,326;108,328;109,331;109,333;109,334;108,336;108,339;108,340;108,343;108,344;109,346;109,348;108,350;109,352;108,355;108,356;108,359;109,361;109,363;109,364;109,367;108,369;108,371;109,373;108,374;109,376;109,379;109,381;109,383;109,385;108,386;109,388;109,390;108,393;109,395;109,396;108,398;108,400;108,402;108,404;108,407;108,408;108,411;108,413;108,414;109,417;108,419;109,420;109,422;109,424;108,426;109,429;108,431;109,432;108,435;109,436;109,439;108,441;108,443;109,445;109,446;108,448;108,450;108,452;108,454;109,456;108,459;109,460;108,463;109,464;108,466;108,468;109,470;108,472;108,475;108,476;109,479;108,480;108,483;109,484;108,486;108,489;108,491;108,492;109,495;108,496;108,499;108,500;108,502;109,504;108,507;108,508;108,511
110,0;110,2;110,4;110,7;110,8;110,11;110,12;110,14;110,17;110,18;111,20;111,22;110,24;111,26;110,29;110,30;111,32;111,35;111,37;110,38;110,40;111,42;110,44;110,47;111,48;110,51;110,52;110,55;110,56;111,58;110,60;111,63;110,65;110,66;111,69;110,70;111,73;111,74;110,77;111,78;111,81;111,82;111,84;111,86;111,89;111,90;111,93;111,94;110,96;110,98;111,101;110,102;111,104;110,106;110,108;111,111;110,112;111,114;111,116;110,119;110,121;110,122;111,125;111,127;110,128;111,131;111,132;111,135;110,137;110,139;111,140;111,142;110,144;110,147;110,149;110,150;110,152;111,155;110,156;110,159;111,161;110,162;111,164;110,167;111,169;110,170;111,172;110,175;110,177;110,179;111,181;111,182;111,184;110,187;111,189;110,190;110,193;111,195;110,196;110,198;111,200;110,203;110,205;111,207;111,208;110,210;110,213;110,215;111,217;111,218;110,220;110,223;111,224;110,227;111,229;111,230;110,232;111,235;111,237;110,238;111,241;111,243;110,244;111,246;110,249;111,251;110,252;111,254;110,256;110,259;111,261;111,263;111,265;111,267;111,268;111,270;110,273;110,275;111,277;110,278;111,281;111,282;110,284;111,286;111,288;111,290;110,292;111,295;110,297;111,299;110,301;111,303;110,305;111,306;111,308;111,311;110,312;111,314;110,317;111,318;111,321;110,322;110,325;111,326;110,328;111,331;110,333;111,334;111,337;111,339;111,341;111,342;110,345;110,347;110,348;110,351;111,353;111,354;110,357;111,359;111,360;111,362;110,365;111,367;111,369;110,371;111,372;111,374;110,376;111,378;111,380;111,382;111,384;110,386;110,388;111,390;111,392;110,394;111,396;110,399;111,401;110,403;111,405;111,406;110,408;111,410;110,413;111,415;111,417;110,418;110,421;111,422;111,424;110,426;110,428;110,431;110,432;110,434;110,436;111,438;111,441;110,442;111,444;111,447;110,449;110,451;111,453;110,454;111,457;110,459;110,461;110,463;110,465;111,466;110,469;110,471;110,472;110,475;111,477;110,478;111,481;110,483;111,484;111,486;111,488;111,491;110,492;111,495;111,497;111,499;111,501;111,502;110,504;111,507;111,508;110,510
112,0;113,2;113,4;113,7;112,9;113,11;112,12;112,14;113,16;112,19;113,20;113,23;113,25;113,26;112,29;113,31;113,32;112,34;112,37;112,39;112,41;113,42;112,45;112,46;112,48;113,50;112,52;112,54;113,57;112,59;113,61;113,63;112,64;112,67;112,69;113,71;112,72;113,75;112,77;112,78;112,80;113,82;112,84;113,87;112,88;113,90;113,93;112,94;113,96;112,99;112,100;113,102;112,105;113,107;113,108;112,111;113,112;112,114;113,117;113,119;112,121;112,123;113,125;112,127;113,129;113,130;113,133;113,134;113,137;112,139;113,141;113,142;112,144;113,146;112,149;113,151;113,153;112,154;112,157;112,158;112,161;112,163;113,165;113,166;112,168;112,171;113,173;112,174;112,177;112,179;113,180;112,183;113,185;113,187;113,188;112,191;112,193;113,195;113,197;113,199;112,200;112,202;112,204;113,206;113,208;113,211;113,212;113,214;112,217;112,219;113,220;112,222;112,224;113,226;113,229;112,231;113,233;112,235;112,237;112,238;113,240;112,242;113,245;112,247;113,248;113,251;113,252;112,255;113,256;113,259;113,260;112,263;113,265;113,267;113,268;112,270;113,272;112,274;112,276;113,279;113,280;113,282;112,284;113,286;112,289;112,291;113,293;112,295;112,296;113,299;112,300;113,302;113,305;112,307;112,308;113,310;113,312;112,315;113,316;112,319;113,321;113,323;112,324;113,327;113,329;112,331;112,332;113,334;113,336;113,338;112,340;112,342;112,345;112,347;112,348;112,351;113,353;113,355;112,357;113,358;113,360;113,362;112,364;113,366;113,369;112,370;113,372;113,375;113,377;113,379;112,381;112,383;112,385;113,386;112,388;113,391;113,393;112,394;112,396;113,399;112,401;112,402;112,405;112,407;112,409;113,411;113,412;113,414;112,417;113,419;112,421;112,423;113,424;113,426;112,428;112,431;113,433;113,435;113,437;112,439;112,441;112,442;113,444;112,446;113,449;113,451;112,452;113,454;112,456;112,458;113,460;113,463;112,464;113,467;113,468;112,470;112,472;113,475;112,476;112,478;113,480;113,482;113,485;112,486;112,489;112,491;112,493;113,495;112,497;113,499;113,500;112,502;113,504;112,507;113,508;113,510
114,1;114,3;115,5;114,6;114,9;115,11;114,13;115,15;114,17;115,19;114,21;115,22;114,25;114,26;115,29;114,30;114,33;114,35;114,36;115,39;114,41;114,42;115,44;114,46;115,49;115,51;114,52;115,55;115,57;114,58;115,61;115,62;114,64;114,66;115,69;114,70;115,73;115,75;115,77;115,78;115,81;114,82;115,84;115,87;115,89;115,91;115,93;114,94;114,96;115,99;114,100;115,102;115,104;114,107;115,109;114,110;114,112;114,114;115,117;115,119;115,121;115,123;114,125;114,126;114,128;114,131;114,132;114,134;114,137;115,138;114,140;114,143;115,145;114,147;115,148;114,151;114,153;114,154;115,157;114,159;114,161;115,163;115,164;114,167;114,168;115,171;115,172;114,175;114,177;114,179;114,180;115,183;114,185;114,187;115,188;115,191;115,192;114,194;115,197;115,198;114,200;115,203;115,204;114,206;115,209;114,211;115,213;115,215;115,217;114,218;115,220;114,222;114,225;115,226;114,228;114,230;115,233;114,234;115,236;115,239;115,241;114,243;114,244;114,247;114,248;115,250;115,252;115,254;114,256;114,258;114,261;115,263;114,264;114,266;114,268;115,271;114,272;115,274;115,276;115,278;115,280;115,282;114,284;114,287;114,289;114,290;114,293;114,295;115,296;115,299;114,301;115,303;114,304;115,306;115,308;114,311;115,312;115,314;115,317;115,318;115,320;114,323;115,324;114,326;115,329;115,330;114,332;114,334;115,337;115,338;115,340;115,342;114,345;115,346;115,349;115,350;115,353;114,354;115,357;115,359;115,361;114,362;114,365;114,366;115,369;114,371;115,373;114,375;114,377;114,379;114,381;115,383;114,385;114,387;115,389;115,391;115,392;115,394;114,397;114,399;114,400;115,402;115,404;114,406;114,408;115,411;114,413;115,414;115,417;114,418;115,421;115,422;114,424;114,427;115,429;115,430;115,433;115,435;115,437;115,438;115,441;114,443;114,445;115,446;115,448;115,451;115,452;114,455;114,457;114,458;114,460;114,462;115,465;114,466;115,468;114,471;115,473;114,474;115,477;115,479;115,481;114,482;115,485;114,486;115,488;114,490;114,493;114,495;115,497;114,498;115,501;114,502;114,504;115,506;115,508;115,510
117,1;116,2;116,5;117,7;117,8;117,11;116,12;116,15;116,16;117,19;116,20;116,22;117,25;116,26;117,28;117,30;117,33;116,34;117,37;117,38;116,41;117,43;116,45;117,47;117,48;116,50;116,52;116,54;117,57;116,59;117,61;117,62;117,65;116,66;116,68;117,70;117,73;116,75;117,76;116,79;116,80;117,82;116,84;116,86;117,89;117,90;117,92;117,94;117,96;117,98;117,100;116,103;116,105;116,106;117,109;117,111;117,112;116,114;117,117;117,118;117,120;116,123;117,125;117,127;117,128;116,130;116,132;117,134;116,136;117,138;117,140;117,142;116,144;117,146;116,149;117,150;117,153;117,154;116,156;117,158;117,161;117,162;116,165;116,166;117,169;116,171;117,172;116,175;117,176;117,178;116,181;117,182;117,184;117,187;116,188;117,191;117,193;116,195;117,196;117,198;116,200;116,202;117,204;117,206;116,209;117,210;117,212;117,215;116,216;117,218;117,220;116,223;116,224;116,227;117,228;116,230;116,232;116,234;117,236;116,239;116,240;117,243;116,245;116,246;116,249;117,250;116,252;117,255;117,256;116,259;116,261;117,263;117,264;117,267;116,268;117,271;116,273;117,274;116,276;117,279;117,280;117,283;117,284;116,287;116,289;117,290;117,292;117,295;117,297;117,298;117,300;116,303;117,305;117,306;117,308;116,311;117,312;117,314;117,317;117,318;117,321;116,322;116,325;117,326;117,328;116,331;116,332;116,335;117,337;116,339;117,340;117,343;117,345;117,347;116,348;116,351;116,352;117,355;116,356;116,358;116,360;117,363;116,365;116,367;116,368;117,370;117,372;117,374;116,376;116,379;116,380;117,382;116,384;116,387;117,389;117,391;117,393;116,395;116,396;116,398;117,400;117,402;117,404;117,406;117,408;117,410;117,413;117,415;116,417;117,419;116,420;116,423;117,424;117,427;116,429;116,430;117,433;116,435;116,437;117,439;117,441;117,443;117,444;116,447;116,449;116,450;117,452;116,454;116,456;116,459;117,460;117,462;116,464;116,467;117,469;116,471;116,473;116,475;116,477;117,478;117,480;116,483;117,484;116,486;116,488;117,490;117,492;117,494;116,497;117,498;116,501;117,503;116,505;117,507;117,508;116,511
118,1;119,3;118,5;119,6;118,9;119,11;118,12;118,14;118,17;118,19;119,20;119,22;119,24;118,26;119,28;118,30;119,33;119,34;119,36;118,38;118,41;119,42;119,45;119,46;119,49;119,51;119,53;118,54;118,56;119,58;118,60;118,62;118,65;118,67;118,69;118,71;119,73;118,74;119,76;119,78;118,80;119,82;119,84;119,87;119,88;118,90;119,93;119,95;118,97;118,98;119,101;118,102;118,104;119,106;119,108;119,111;118,113;118,114;118,116;119,118;119,120;119,123;119,124;118,127;119,128;119,130;119,133;118,135;118,136;118,139;118,140;119,143;118,145;119,147;118,148;119,150;118,152;118,154;119,157;119,159;119,161;118,162;118,165;119,166;119,169;119,171;119,172;119,175;119,176;118,179;118,180;118,183;119,184;118,186;119,189;119,190;118,193;119,195;119,197;119,198;118,201;119,203;119,205;118,206;119,208;119,211;119,213;119,214;119,216;119,218;119,221;118,222;118,224;118,226;118,229;118,231;118,232;118,234;118,237;119,239;119,241;118,243;118,245;118,247;119,248;118,250;119,253;119,255;118,256;119,259;119,261;119,263;118,264;118,266;118,268;118,271;118,273;118,274;118,276;118,278;119,281;118,282;119,285;118,286;119,288;118,290;119,293;119,294;118,297;118,299;118,301;119,303;118,304;118,307;119,309;119,310;118,313;118,315;118,316;118,319;118,320;119,323;118,325;119,326;118,329;118,331;118,333;118,334;118,336;118,338;118,341;119,342;118,344;119,346;119,349;119,351;118,353;119,355;119,356;118,358;119,360;118,363;118,365;119,367;118,369;119,371;119,372;118,374;118,376;118,379;118,380;118,382;118,385;119,386;118,388;119,391;118,393;118,395;119,397;119,398;118,401;119,402;119,405;118,406;118,409;118,410;118,413;118,414;118,416;118,419;118,420;119,423;119,424;119,427;119,429;118,431;119,432;119,434;119,436;119,438;118,441;118,442;118,445;119,447;119,448;118,450;119,453;119,454;119,456;119,459;118,460;119,463;119,465;119,466;118,468;118,471;118,472;119,475;119,476;119,479;118,480;118,483;118,485;119,487;118,489;118,491;119,492;119,494;118,496;118,498;118,501;118,503;119,505;118,507;118,508;118,511
120,0;121,2;121,4;120,7;120,9;121,11;120,12;121,14;121,16;121,18;121,21;120,23;120,24;121,27;121,29;121,31;120,32;121,34;120,36;121,39;120,40;121,42;120,45;120,47;120,49;120,51;120,52;121,54;120,56;120,59;120,60;120,63;120,64;120,67;120,68;120,70;121,73;120,74;121,77;121,79;120,80;121,82;121,84;121,87;120,88;121,91;120,93;120,95;121,96;121,98;121,101;121,103;121,105;120,107;120,109;120,110;120,113;121,114;121,117;120,119;121,120;121,123;121,124;121,126;121,128;120,130;120,132;121,135;120,136;120,139;120,141;120,142;120,145;121,146;120,149;121,151;121,152;121,155;120,156;121,158;121,160;120,162;121,165;120,167;120,169;120,171;120,173;120,175;121,177;120,178;121,181;120,182;120,184;120,186;121,188;120,190;120,192;120,194;121,196;120,198;121,201;121,202;121,205;121,206;120,208;120,210;121,212;120,214;121,217;120,218;120,220;121,223;120,225;121,226;121,229;121,230;121,233;121,235;120,237;121,238;121,240;121,243;121,245;121,246;120,249;121,251;121,253;121,254;120,257;121,258;121,261;120,263;121,265;121,266;121,269;120,270;120,272;121,274;120,277;120,278;120,281;120,282;121,284;121,287;121,289;121,290;121,292;121,294;121,296;121,299;121,300;120,303;120,304;120,306;120,309;121,310;121,313;121,314;120,316;120,318;121,321;120,323;121,325;120,327;121,328;121,330;121,333;121,334;121,337;121,339;121,341;120,342;120,344;121,347;120,348;120,351;120,352;120,355;121,357;121,359;120,361;121,362;121,364;120,367;121,369;120,370;120,372;121,375;120,377;120,379;121,381;121,382;121,385;120,387;120,388;121,391;120,393;121,395;120,397;121,398;120,401;121,402;121,405;120,406;120,408;120,411;120,413;121,415;120,417;121,418;121,420;121,423;121,425;121,427;120,429;121,431;120,432;120,435;120,436;120,439;120,440;121,443;121,445;120,447;121,449;121,451;121,452;121,455;120,457;121,459;121,460;121,462;121,464;120,467;121,469;120,470;120,473;120,475;121,477;120,479;121,481;120,482;121,485;121,486;121,488;121,490;120,493;121,495;121,496;120,499;120,500;120,502;121,504;120,506;120,509;121,511
122,1;123,3;123,4;123,6;122,8;122,11;122,13;122,15;123,16;123,19;123,20;123,22;122,25;123,27;123,29;122,30;122,32;123,35;122,37;122,38;123,41;122,43;122,45;122,46;123,48;122,50;123,52;123,54;122,57;122,59;122,60;122,63;122,65;122,66;122,68;123,70;122,72;123,75;122,77;123,79;122,80;122,83;122,85;122,86;122,89;122,90;122,93;122,94;123,96;123,98;123,101;123,103;122,104;122,106;122,109;122,110;123,113;122,115;122,117;122,119;122,120;122,123;123,124;123,126;123,129;122,130;123,132;123,134;122,137;123,138;123,141;123,143;122,145;123,147;122,149;123,150;122,153;122,154;122,156;122,159;122,161;122,163;123,165;123,166;122,168;122,171;122,173;122,175;122,177;122,178;122,180;123,182;123,185;123,187;123,188;123,190;123,192;122,195;122,196;123,199;122,200;123,202;122,205;123,206;123,208;123,210;122,212;123,215;123,217;123,219;123,220;123,222;123,225;123,227;122,229;123,231;123,232;122,235;123,237;122,239;123,241;123,243;122,245;123,246;122,248;122,250;123,252;123,254;123,257;123,258;123,261;123,263;122,264;122,266;123,269;122,270;123,272;122,275;122,277;122,279;123,281;123,282;122,285;122,286;123,289;123,290;122,292;122,294;122,296;122,298;123,301;123,302;122,304;122,307;123,309;122,311;122,313;122,315;123,316;122,318;122,320;122,322;123,325;123,326;122,328;123,331;123,333;123,334;122,337;123,338;123,340;123,343;123,345;122,346;122,349;122,351;123,353;123,355;123,357;123,359;123,360;122,362;123,365;123,367;123,369;122,370;123,373;123,374;123,376;122,379;122,380;122,383;123,385;122,386;123,389;123,390;123,393;122,395;122,397;123,399;122,401;122,403;123,404;122,406;123,409;122,411;123,412;122,415;123,416;122,418;123,421;123,422;122,424;123,426;123,429;123,431;122,432;123,435;122,437;123,438;122,440;122,442;122,444;122,447;123,448;123,450;122,452;122,455;122,457;122,459;123,461;122,462;122,465;122,466;123,469;122,471;123,472;122,474;123,477;123,479;122,481;122,482;122,484;122,486;122,489;122,491;123,493;123,495;123,496;123,499;123,500;123,502;122,505;122,506;123,509;122,511
124,0;125,2;124,5;125,7;125,8;124,11;125,12;124,14;124,16;125,19;124,21;125,23;124,25;124,27;124,29;124,31;125,32;124,34;125,37;124,39;125,41;124,42;124,44;125,47;124,49;125,51;125,53;124,54;124,57;124,59;124,61;124,63;124,64;124,66;124,68;125,71;125,72;125,75;124,77;124,79;124,81;125,83;124,84;124,87;124,89;125,90;125,93;125,95;125,97;125,99;125,100;125,102;124,105;124,106;124,109;125,110;125,112;124,114;125,117;124,119;125,121;124,123;125,125;124,126;125,129;124,130;125,132;124,135;124,136;125,139;125,141;124,143;125,145;125,147;125,148;124,150;125,153;124,155;125,157;125,158;124,160;125,163;124,165;124,166;125,168;125,170;124,172;124,175;125,177;125,178;124,180;125,183;125,184;124,187;125,189;124,191;124,193;124,195;125,197;124,199;125,201;124,203;124,205;124,206;125,209;125,211;125,212;125,214;125,217;125,218;124,221;124,223;125,225;124,227;124,228;125,231;125,233;125,235;124,236;125,238;124,240;125,242;124,244;124,246;124,248;124,251;125,252;124,255;125,256;124,259;125,260;125,263;124,265;124,267;124,269;124,271;125,273;125,274;124,277;125,278;124,281;125,283;124,285;124,286;124,288;124,291;125,293;124,294;125,296;124,298;125,301;125,303;125,305;125,307;125,308;125,310;125,312;124,314;125,316;125,319;125,320;125,322;125,325;124,326;125,328;125,331;125,333;124,334;125,337;125,339;125,340;125,343;125,344;124,347;124,348;124,351;124,352;124,354;125,357;124,359;125,361;125,362;124,365;124,366;125,368;124,371;124,372;125,374;125,376;124,379;125,380;124,383;125,385;125,387;125,388;125,390;125,392;124,395;125,396;124,399;125,401;125,403;125,405;124,406;125,408;125,410;124,412;124,414;124,416;124,418;124,420;124,422;125,425;125,427;124,429;124,430;124,433;124,435;124,437;124,439;125,440;124,443;125,445;125,446;125,448;125,451;124,453;125,454;124,457;125,458;124,460;125,463;124,465;125,467;125,468;124,471;125,473;124,475;124,477;124,478;124,480;124,483;125,484;124,487;124,488;125,491;124,493;124,494;125,496;124,499;124,501;125,503;125,505;124,506;124,508;124,510
126,1;127,2;126,4;126,7;126,8;126,10;127,12;126,14;126,17;126,18;127,20;126,23;127,25;126,27;127,28;127,30;127,33;126,34;127,36;126,38;127,41;127,42;126,45;126,46;127,48;126,51;127,52;126,54;127,56;126,58;126,61;126,62;126,65;126,67;126,69;126,70;126,73;127,75;126,76;127,79;127,80;127,83;127,85;126,87;126,89;127,90;126,92;126,95;126,96;127,99;127,100;127,103;127,105;126,106;126,109;127,110;126,112;126,114;127,116;126,119;126,121;127,122;127,124;127,127;127,129;127,130;127,132;126,134;127,136;126,139;126,141;127,143;126,144;126,147;126,148;126,150;127,153;127,154;127,157;126,159;126,161;127,163;127,164;127,167;126,169;126,171;127,173;126,175;126,177;127,179;126,181;127,182;126,185;127,187;127,189;126,190;127,192;127,194;127,196;126,198;127,200;127,202;126,205;126,206;126,208;127,211;126,212;127,215;127,217;126,219;126,221;126,223;126,224;126,227;127,229;127,230;126,232;126,234;127,236;127,238;127,240;126,242;127,245;127,246;127,249;127,251;127,252;126,254;127,256;126,259;127,260;127,262;127,264;127,267;126,268;127,271;126,272;127,275;127,276;127,278;127,281;127,283;126,284;127,286;127,288;127,290;127,292;126,294;126,297;126,299;127,300;127,302;127,305;126,307;127,308;126,311;127,312;127,315;127,316;126,318;127,321;127,323;127,325;126,326;127,329;127,331;127,332;126,335;127,336;126,338;127,340;127,342;126,344;126,346;126,349;126,350;126,352;127,355;126,356;126,359;126,360;126,363;127,364;127,367;126,369;126,370;127,373;127,374;126,377;127,379;127,380;126,382;126,384;127,387;126,389;126,391;127,392;127,394;127,397;127,399;126,401;127,403;126,405;127,406;127,408;126,411;126,412;126,415;126,416;127,419;127,421;126,423;126,425;126,427;127,429;126,431;127,433;126,435;127,437;126,438;127,441;126,442;127,444;127,447;127,449;127,450;127,453;127,454;126,457;127,459;127,461;127,462;127,465;127,466;127,468;126,471;126,473;127,474;127,476;126,478;127,480;126,483;126,485;126,487;127,489;126,491;127,492;127,495;126,496;126,499;126,500;126,502;126,505;127,506;126,509;126,510
129,0;129,2;128,5;128,7;128,9;128,11;129,13;129,15;128,17;129,19;128,20;128,22;129,24;129,27;128,28;128,30;128,33;128,35;129,37;128,39;129,40;129,43;129,44;129,47;128,49;128,51;128,53;128,54;129,57;128,58;129,60;128,63;128,65;128,66;129,68;128,70;128,72;128,75;128,77;128,79;129,80;128,83;129,85;128,86;129,88;129,90;128,93;128,94;129,97;129,98;128,101;129,102;129,105;128,107;129,108;128,111;128,112;129,115;128,116;128,118;128,120;128,122;128,124;129,126;129,128;128,130;128,133;129,134;129,137;129,138;128,141;128,142;129,145;128,146;129,149;129,150;128,153;129,154;128,157;128,159;129,160;129,162;128,165;128,166;129,169;128,171;129,173;129,174;128,176;129,178;129,180;129,183;128,184;129,186;128,188;128,191;129,193;129,194;129,197;128,198;129,201;129,202;129,205;129,206;129,209;128,211;129,212;129,214;128,216;128,218;129,220;129,222;128,225;129,226;128,229;128,230;129,233;128,235;128,236;128,239;128,241;129,243;128,245;129,246;128,248;129,251;129,253;128,255;128,256;128,258;129,260;129,263;128,264;128,267;128,268;129,271;128,272;128,274;129,276;129,279;128,281;128,283;128,284;128,287;129,288;129,290;128,293;129,294;128,297;128,298;129,301;129,302;129,304;129,306;128,308;129,311;129,312;128,315;129,316;129,318;129,321;128,323;129,325;128,327;128,329;129,330;128,332;128,334;129,336;128,339;129,340;129,343;128,344;129,347;129,349;128,350;129,353;129,355;129,356;128,358;128,361;129,362;128,364;129,366;129,368;128,371;129,372;128,374;129,376;128,379;129,381;128,382;129,384;128,387;129,389;129,391;128,392;128,395;129,397;129,398;128,400;128,402;129,404;129,407;128,408;128,411;129,412;129,415;128,417;128,419;129,421;128,423;129,425;128,426;128,429;129,430;129,433;129,434;129,437;128,439;129,440;128,443;129,445;128,447;128,448;128,451;128,452;129,454;128,457;129,459;128,460;129,462;129,465;129,467;129,469;128,471;129,472;129,475;128,477;129,479;129,480;129,483;129,484;128,486;129,488;128,490;129,492;129,495;129,496;128,499;129,500;129,502;128,504;129,506;129,508;128,510
131,0;130,3;130,5;130,6;131,9;130,10;131,12;131,15;130,16;130,18;131,20;131,22;131,25;130,27;130,28;131,30;131,33;130,35;131,37;131,39;130,41;130,43;131,45;130,47;131,48;131,51;130,52;131,54;131,56;130,59;130,61;130,63;130,65;130,66;130,68;130,71;131,73;130,75;131,77;130,78;130,80;131,83;131,84;131,86;130,89;131,90;131,92;130,94;131,96;131,99;131,101;131,102;131,104;131,106;131,109;130,110;130,113;131,114;130,116;130,118;130,120;131,122;130,124;131,127;130,128;130,131;130,132;130,135;130,136;131,139;130,141;131,143;131,144;130,147;130,149;131,150;131,153;130,154;131,156;131,159;131,160;130,163;130,164;131,166;130,169;130,171;131,173;130,175;130,177;131,179;131,181;130,183;130,184;130,186;131,188;131,191;130,193;130,194;131,196;130,198;131,201;131,203;130,204;130,206;130,209;130,210;131,212;130,214;130,217;130,219;130,220;130,222;130,224;131,226;130,228;130,230;130,233;130,235;130,236;131,238;130,240;130,243;130,244;131,246;131,248;131,251;131,252;130,254;130,256;130,259;130,260;130,263;131,264;131,267;130,269;131,271;131,272;130,274;130,277;130,278;131,281;130,283;130,284;130,286;130,289;131,291;131,293;130,294;131,296;131,298;131,300;131,302;131,305;130,307;130,308;130,311;130,313;131,314;131,316;130,319;131,321;131,322;130,325;131,326;131,329;131,330;130,333;130,334;131,337;130,339;130,340;130,343;131,345;131,347;131,348;131,351;130,352;131,354;131,356;131,359;131,360;130,363;130,364;131,367;131,369;131,370;131,372;130,374;130,377;131,379;131,381;131,383;131,385;131,386;130,389;131,391;131,393;131,395;130,397;130,399;130,401;130,402;131,405;131,406;130,408;131,410;131,413;131,414;130,416;131,419;131,420;130,422;131,425;131,426;131,429;130,431;131,432;130,434;130,437;131,438;130,441;130,443;130,445;131,446;131,448;131,451;130,452;130,454;131,457;130,458;130,461;131,462;131,465;130,467;131,468;130,471;131,473;130,474;130,476;131,479;130,481;130,482;131,484;130,486;130,489;130,491;131,492;131,495;131,496;131,498;131,501;130,502;131,504;131,506;130,508;131,511
132,0;133,3;133,4;133,6;132,9;133,11;132,12;133,14;133,17;132,18;132,20;132,22;133,25;133,27;132,29;132,30;133,33;133,34;132,36;132,39;132,41;133,43;133,44;132,46;132,48;133,50;132,52;133,55;132,57;132,59;132,61;133,63;132,64;133,67;132,68;132,70;132,73;133,74;132,76;133,79;133,81;132,82;133,84;132,87;133,89;132,91;133,93;132,95;133,96;133,99;132,100;132,102;132,104;132,107;133,109;133,110;133,112;132,114;133,116;132,118;133,121;132,123;132,125;132,127;132,129;132,131;132,133;133,135;132,136;133,138;132,140;133,142;133,144;133,147;133,149;132,151;132,153;133,154;132,157;132,159;132,160;133,163;132,165;133,167;133,168;133,170;133,172;133,175;133,177;133,178;132,180;132,183;132,185;132,186;132,189;132,191;132,192;132,194;133,196;132,199;133,201;133,203;133,205;132,206;133,209;133,211;132,212;132,215;132,216;133,219;133,221;133,223;133,224;133,226;133,228;133,230;132,232;133,234;132,236;133,239;132,240;132,242;133,245;133,247;133,248;133,251;133,252;133,255;132,257;132,259;133,260;132,263;133,264;133,267;133,268;133,271;133,273;133,275;133,276;132,278;133,280;132,283;132,284;132,286;132,288;133,290;132,292;132,295;133,297;132,298;132,300;133,302;132,304;132,307;133,309;132,310;133,313;133,315;133,317;132,318;132,321;133,323;133,324;132,326;133,328;132,331;132,333;133,334;133,336;133,338;132,340;133,342;132,345;133,346;132,349;132,350;132,352;133,354;132,356;133,358;132,360;132,363;132,364;133,367;133,369;133,370;133,372;133,374;133,376;132,378;133,380;132,382;132,385;132,386;132,389;132,391;132,393;133,394;132,397;132,398;132,400;133,403;133,405;133,406;133,409;133,410;132,412;133,414;133,417;133,418;133,421;132,423;132,424;132,427;132,429;132,431;132,432;133,434;133,436;132,438;133,440;132,443;133,444;133,447;133,449;133,451;132,452;133,455;133,456;132,459;132,461;133,462;133,464;132,467;133,468;133,471;133,472;133,475;133,476;133,478;133,481;133,482;133,484;133,487;133,489;133,490;133,492;133,494;133,496;133,498;132,500;133,503;133,505;133,507;133,509;133,510
135,0;134,2;134,4;134,7;134,8;135,10;135,13;134,14;135,17;135,19;134,20;135,23;134,24;135,27;134,28;134,31;134,32;134,34;135,37;135,38;135,40;134,42;135,45;135,46;134,48;134,51;135,52;135,55;134,56;135,58;135,61;135,62;135,64;134,66;135,68;134,70;134,72;135,75;134,76;135,78;134,81;135,82;135,85;134,86;134,88;135,90;134,93;134,95;135,97;135,98;135,100;135,102;134,105;134,106;135,109;135,110;135,113;135,114;135,116;134,118;134,120;134,122;134,124;135,127;135,129;134,131;134,132;135,134;135,136;135,138;134,141;134,143;134,145;135,147;135,149;135,150;135,152;135,154;135,156;135,158;134,161;134,162;135,165;135,166;135,168;134,171;134,172;134,175;134,176;134,179;134,180;134,183;134,184;134,187;134,189;135,190;134,192;134,194;134,197;134,199;135,201;134,203;134,205;135,207;135,209;135,211;134,212;135,215;135,217;135,219;134,221;135,222;134,224;135,226;135,229;135,231;134,233;134,234;135,237;134,238;134,241;134,242;134,244;135,247;134,248;134,251;134,253;135,254;135,257;135,258;134,260;134,262;134,264;135,266;135,268;134,270;135,272;135,274;135,277;134,278;134,280;135,283;134,285;135,287;135,288;135,291;134,292;135,294;135,297;135,299;135,300;134,302;134,305;135,307;135,308;134,311;134,312;134,315;135,317;135,318;135,320;134,323;135,325;135,326;135,328;135,330;134,332;135,334;135,336;135,338;134,341;135,343;134,344;135,346;135,348;135,350;135,352;134,354;135,356;135,358;135,361;134,362;134,364;134,367;134,369;134,370;134,373;135,375;135,377;135,378;135,380;135,383;134,385;134,387;135,388;134,391;135,393;135,394;134,396;135,398;135,401;134,402;135,404;134,406;135,408;135,411;135,413;135,415;134,416;135,418;134,421;135,422;135,424;134,427;134,429;134,430;134,433;135,434;134,436;134,439;134,440;134,443;134,444;135,447;135,449;135,451;134,453;134,455;135,457;135,458;134,461;135,463;134,464;134,466;135,469;134,471;134,473;134,475;134,476;135,479;134,480;135,482;135,484;135,487;134,488;135,490;135,493;135,494;134,497;134,498;134,500;134,502;134,505;135,507;134,509;134,511
137,0;137,3;136,5;137,6;137,9;136,11;136,13;136,15;136,16;137,19;137,21;137,22;137,24;136,26;137,28;137,30;136,33;136,35;136,37;137,38;137,40;136,43;136,44;136,47;136,48;136,51;136,53;136,55;136,56;137,58;137,61;137,63;137,65;137,66;137,68;136,71;137,72;137,75;137,76;137,79;136,80;137,82;136,85;137,86;137,89;137,90;136,92;137,95;136,96;136,98;137,101;137,102;136,104;137,106;137,109;136,110;137,112;136,115;137,117;136,119;136,120;137,123;136,124;137,127;137,128;136,131;136,133;137,135;136,137;137,138;136,140;137,142;136,145;137,146;137,149;136,150;136,153;137,154;136,157;137,158;136,160;137,162;136,164;136,167;136,168;136,171;136,172;137,174;136,176;136,178;137,181;136,182;136,185;136,186;136,188;137,191;136,192;137,195;136,197;137,198;136,200;137,203;136,205;137,206;137,209;137,211;136,213;137,215;137,217;136,219;137,220;136,223;136,224;136,227;137,228;136,230;136,232;136,234;137,237;136,239;136,240;137,242;137,245;137,247;136,249;137,251;137,253;137,255;137,256;136,259;137,260;137,262;136,264;137,266;137,268;137,270;136,272;136,274;137,276;137,279;137,280;137,283;137,284;136,286;137,289;136,291;137,293;136,295;136,296;136,299;137,300;137,303;136,305;137,307;137,309;136,311;137,312;137,315;136,317;137,319;136,320;136,323;137,325;136,326;136,328;136,331;137,332;136,334;136,337;136,339;137,341;136,342;137,345;137,346;137,348;137,351;137,352;136,354;136,357;137,358;137,360;137,363;136,364;136,366;136,369;137,370;136,372;137,375;137,377;137,379;137,381;137,383;136,384;136,386;136,388;136,391;136,393;137,394;136,396;136,398;137,400;136,402;137,405;136,407;136,408;136,410;137,413;137,415;136,416;137,418;137,421;136,423;137,424;136,427;137,428;136,430;136,433;136,435;136,437;136,438;136,440;136,442;136,445;136,447;136,449;137,450;136,452;136,455;136,457;137,459;137,461;136,463;136,465;137,467;136,468;137,471;137,473;136,474;137,477;136,479;137,481;137,483;137,484;137,487;137,488;136,491;137,492;136,495;137,497;137,498;137,501;136,503;136,505;137,507;136,509;136,511
139,0;139,2;139,5;138,6;139,9;139,10;138,13;139,15;138,16;138,18;139,21;138,23;138,24;138,27;138,29;139,31;138,33;139,34;139,36;138,39;139,40;139,42;138,44;138,46;139,48;139,51;138,52;138,54;139,56;138,58;139,61;139,63;139,64;139,66;139,68;139,70;138,72;138,75;138,77;139,78;139,81;138,83;139,85;139,86;139,89;138,90;138,92;139,94;139,96;138,99;139,101;138,102;138,104;139,107;138,109;138,111;138,113;139,115;139,117;139,119;138,120;138,123;139,124;138,127;139,128;138,130;138,133;138,135;138,136;138,139;139,141;139,142;139,145;139,146;139,149;139,150;138,152;138,155;139,157;139,158;138,161;138,162;139,165;138,167;138,168;138,170;139,173;138,174;139,176;138,179;139,180;138,182;138,185;139,187;138,189;139,191;138,193;138,195;138,197;138,199;138,200;138,203;139,205;139,206;138,208;139,211;138,212;139,215;139,217;139,219;139,221;138,223;139,224;138,227;139,229;139,230;139,232;139,235;138,236;139,239;139,241;139,243;139,244;138,246;138,248;139,250;138,252;138,254;139,256;138,259;139,260;138,262;139,265;138,267;138,269;138,271;139,273;139,275;139,276;139,279;138,281;139,283;138,284;138,287;138,288;138,290;138,293;138,295;139,297;138,298;138,300;139,302;138,305;139,306;138,309;139,310;139,312;138,315;139,317;138,318;139,321;139,322;139,325;139,326;139,328;139,330;138,333;138,334;138,336;139,339;138,341;138,342;139,344;139,346;139,348;138,350;139,353;138,355;138,357;138,358;139,360;139,362;138,365;138,367;138,369;139,370;139,373;139,375;139,376;138,378;139,381;138,383;139,384;139,387;139,389;138,391;139,393;139,395;138,397;138,398;138,400;138,402;138,405;139,406;138,408;138,411;138,412;138,414;138,416;138,419;139,420;139,423;139,424;138,426;138,429;138,430;139,432;138,434;138,436;139,438;139,441;138,443;138,445;138,447;138,449;138,450;139,452;139,454;139,456;139,458;139,460;138,462;139,464;139,467;139,468;139,470;139,472;138,475;138,477;139,478;139,481;139,482;138,485;138,486;138,488;138,491;138,493;138,494;138,497;139,498;138,500;138,502;139,504;139,507;138,508;138,510
140,0;141,2;141,4;141,7;140,8;141,11;140,12;140,14;141,17;141,18;140,20;140,22;141,24;140,27;141,29;140,30;140,32;140,34;140,36;141,39;140,40;141,42;141,45;141,47;140,48;140,51;141,52;141,54;141,56;140,58;140,61;141,63;141,65;141,67;140,68;141,71;141,72;140,75;141,77;141,78;140,80;141,82;140,84;140,87;141,89;141,90;141,92;141,95;140,96;140,98;141,101;140,103;140,105;140,107;141,109;140,111;140,113;141,115;141,117;141,118;140,120;140,123;141,124;141,127;141,128;140,130;141,133;140,134;140,137;141,139;141,140;141,142;141,144;140,147;140,149;141,151;140,153;140,155;141,156;141,159;140,160;141,163;140,165;140,166;140,168;140,171;141,173;140,175;141,176;140,178;140,180;141,183;141,185;140,187;140,189;140,190;140,192;141,194;140,196;141,198;141,200;141,203;141,204;141,207;141,209;141,211;140,213;140,215;140,216;140,219;141,221;141,222;141,224;140,226;141,228;140,230;140,232;141,235;141,236;140,239;140,241;141,242;140,244;140,246;140,249;140,250;140,252;141,254;140,257;140,259;141,260;141,263;141,264;140,266;141,268;141,271;141,273;141,274;141,277;140,278;141,281;141,283;140,284;141,287;141,288;140,290;141,293;140,295;140,296;140,299;140,300;140,303;141,304;140,306;140,309;141,310;141,312;140,314;141,317;141,318;140,320;140,322;141,324;141,327;140,328;140,330;141,332;141,335;140,336;140,338;140,341;140,343;140,344;140,347;141,349;140,350;140,353;140,355;141,357;140,359;141,361;140,362;141,364;140,366;141,369;140,370;141,373;141,375;140,376;141,378;141,380;140,383;141,384;141,386;141,388;140,391;141,393;141,394;141,396;141,398;140,400;140,402;141,405;141,406;140,408;141,410;140,413;141,415;141,416;141,418;141,420;141,422;140,425;141,427;140,429;140,431;140,432;140,435;141,436;141,439;141,441;140,442;140,445;140,447;141,449;141,450;140,453;141,455;141,456;140,458;141,461;140,462;141,464;140,467;141,469;141,470;140,472;141,475;141,476;141,478;141,481;140,483;141,484;141,486;141,489;140,491;140,492;140,495;140,497;141,499;141,500;141,502;140,505;141,507;140,509;140,510
142,0;142,2;142,4;142,6;142,9;142,10;142,13;142,14;142,17;143,19;143,21;142,22;143,25;143,27;143,29;143,30;142,33;143,35;142,37;142,39;143,41;142,43;142,44;142,46;142,48;143,51;142,52;143,55;142,57;143,59;142,61;143,62;142,64;142,67;142,68;142,71;143,72;142,75;143,77;143,79;142,81;143,83;142,85;142,86;143,89;143,91;143,93;142,94;142,96;142,98;142,101;142,102;142,104;143,106;143,108;143,111;142,112;142,114;143,117;143,119;142,121;142,122;142,125;143,127;142,129;143,131;143,133;143,135;143,137;143,139;142,141;142,142;142,145;142,147;142,148;143,150;142,153;142,154;142,157;142,158;143,160;142,162;142,165;142,167;143,169;143,170;142,173;142,175;143,176;143,178;143,180;142,183;143,185;142,186;142,188;143,191;142,193;143,195;142,196;142,198;142,201;142,202;142,204;143,207;142,208;143,210;143,213;143,215;142,217;142,218;142,220;142,223;143,225;143,227;142,228;143,230;143,233;142,235;143,236;143,239;143,240;143,243;143,244;143,246;142,249;142,250;142,253;143,255;143,256;143,258;142,261;143,262;142,264;142,267;143,268;142,271;143,273;143,274;143,276;142,279;142,281;142,283;142,284;142,287;143,289;143,291;142,293;143,294;142,296;143,298;142,301;142,303;142,305;143,306;143,309;143,311;143,313;142,314;142,316;143,318;142,321;142,323;142,324;142,327;142,328;143,331;142,332;143,335;142,337;142,339;143,340;142,343;143,344;142,347;142,349;143,350;143,352;142,354;143,356;142,359;143,360;142,362;142,364;143,366;142,369;142,371;143,373;142,375;142,377;142,378;142,381;143,382;143,385;142,386;143,388;143,391;142,392;142,394;142,397;142,398;143,400;143,403;143,405;142,407;142,409;142,410;142,412;142,414;142,417;142,419;142,420;143,422;143,424;143,426;142,428;143,431;142,433;143,434;142,436;143,439;143,441;142,443;143,445;143,447;142,448;142,450;142,452;142,455;143,456;142,459;143,461;143,462;143,465;143,467;142,469;143,471;142,473;142,474;143,477;142,478;143,480;142,482;142,485;143,486;142,489;142,491;142,492;142,494;142,496;142,498;143,500;143,502;142,505;142,507;142,508;142,510
145,0;144,2;145,4;145,6;145,9;145,10;144,13;145,15;144,17;145,19;145,21;145,23;145,24;144,26;144,29;145,31;145,32;145,34;145,37;144,38;145,40;145,42;144,45;145,46;145,49;144,50;145,52;145,54;144,56;145,58;144,61;145,63;144,64;145,67;144,68;145,71;144,72;144,74;144,77;144,78;144,80;145,83;144,85;145,87;144,89;145,90;145,93;144,94;144,96;144,98;144,101;145,102;145,104;144,107;145,108;144,111;144,113;144,114;145,116;144,118;145,121;145,123;145,125;144,127;144,129;144,130;144,132;144,134;144,137;145,139;144,140;144,143;144,145;144,146;145,149;144,151;144,153;144,154;144,157;145,158;145,160;144,162;145,165;144,166;144,169;145,171;144,172;144,174;144,177;144,178;145,180;145,183;144,185;145,186;144,189;144,191;144,193;145,195;145,197;145,198;144,201;144,202;145,204;144,206;144,208;144,210;144,212;145,214;145,216;145,219;145,220;145,222;144,225;144,226;145,228;145,231;145,232;145,234;145,236;145,238;144,241;145,242;144,245;144,246;144,248;144,250;145,252;144,254;144,257;145,258;145,260;145,262;144,265;145,267;145,269;145,270;145,273;144,274;144,276;144,278;145,280;145,283;144,284;144,286;144,288;145,290;144,292;144,294;145,296;144,298;145,300;144,303;144,305;145,307;144,308;145,311;145,313;144,315;145,317;145,318;145,320;144,322;145,325;145,326;144,328;145,331;145,333;145,335;144,337;145,339;144,341;144,342;145,345;145,347;144,348;144,351;145,353;145,355;144,357;144,359;144,361;145,363;144,364;145,367;145,369;144,371;144,373;144,375;145,376;144,379;144,381;144,383;145,384;145,386;145,388;144,391;144,392;145,395;145,396;145,399;144,400;144,402;145,404;145,406;145,409;145,410;144,413;144,414;145,416;145,418;145,421;145,422;145,424;144,426;145,429;144,430;144,433;144,434;145,437;145,438;145,440;145,442;145,445;144,446;145,448;145,450;144,453;144,455;144,456;144,459;145,460;145,462;145,465;145,466;144,469;144,470;144,473;145,474;144,477;144,478;144,481;144,483;144,485;144,487;145,489;144,491;145,493;144,494;144,497;144,499;145,501;144,502;144,504;144,506;145,509;145,510
146,1;147,2;146,4;146,7;147,9;147,11;147,12;146,14;146,16;147,19;147,20;146,23;147,25;146,27;147,29;146,30;147,33;146,35;146,37;147,38;146,41;147,42;146,45;147,46;146,48;146,50;146,52;146,55;147,56;147,58;147,61;147,62;146,65;146,66;147,68;146,70;147,72;146,74;147,77;146,79;147,80;146,83;147,85;147,86;147,88;146,91;146,93;147,95;146,97;147,99;147,100;147,103;147,104;146,107;147,109;146,111;146,112;146,114;147,116;147,118;146,121;147,122;146,125;146,127;146,129;147,131;146,132;147,134;147,136;146,139;147,140;147,142;146,144;146,146;146,149;146,150;146,153;146,154;146,157;147,159;146,160;146,162;147,164;147,166;147,168;146,171;146,173;147,175;146,176;147,179;146,180;146,182;146,185;147,187;147,189;146,191;146,193;146,194;146,196;146,199;146,200;147,203;146,204;147,207;146,208;146,211;146,212;147,215;146,216;147,219;146,220;146,223;147,225;147,227;147,228;147,230;147,233;146,235;146,236;147,239;146,241;146,242;147,244;146,247;147,248;147,250;146,253;146,254;147,256;147,258;147,261;147,262;146,265;147,266;147,269;146,271;147,273;146,274;147,276;147,279;146,281;147,282;147,284;146,287;147,289;147,291;146,293;147,294;147,297;147,298;147,300;147,303;147,305;147,307;147,308;146,310;147,312;147,315;147,317;147,319;147,321;147,323;146,325;147,326;146,329;147,331;147,333;147,335;147,336;146,339;147,340;147,342;147,344;146,346;146,348;146,350;147,352;146,354;146,357;147,359;147,360;146,362;147,364;146,366;146,369;146,370;146,372;147,374;147,376;147,378;147,381;147,383;146,385;146,387;146,388;147,391;146,393;146,394;147,397;147,399;146,401;147,403;147,405;147,406;146,408;146,411;146,412;147,415;147,417;147,419;147,420;146,422;147,424;147,427;146,429;146,430;147,433;146,434;146,437;146,439;146,441;147,443;147,444;146,447;146,448;146,450;147,453;147,455;146,457;146,459;147,461;147,462;146,465;147,466;147,468;147,470;147,472;146,474;147,476;147,478;146,480;147,483;146,485;147,487;147,489;147,490;146,492;147,495;146,496;146,498;147,500;147,502;146,504;146,506;147,509;146,511
148,0;148,3;149,4;149,7;149,9;149,10;148,13;149,14;148,16;149,19;149,21;149,23;148,24;149,26;148,28;148,30;149,33;148,35;148,36;149,39;149,41;149,42;148,45;149,47;149,48;148,51;148,52;149,55;148,56;148,58;149,61;149,63;148,64;149,66;148,69;148,70;149,72;148,74;148,76;149,79;148,81;149,83;149,84;149,87;148,88;148,91;149,93;149,95;148,97;149,99;148,100;148,103;148,105;148,107;149,108;149,111;148,112;149,114;148,116;149,118;149,121;148,122;149,125;148,127;148,128;149,131;148,133;148,134;148,137;148,139;149,140;148,142;149,145;148,147;148,148;149,151;149,152;148,154;148,157;148,159;148,161;148,162;149,164;148,167;148,168;148,170;148,173;148,175;148,177;149,179;148,180;148,182;148,184;149,187;148,188;149,191;148,192;148,195;148,196;148,199;149,200;149,203;149,204;148,206;148,208;148,210;148,213;148,214;148,216;149,218;149,221;148,222;148,225;148,227;148,228;148,231;148,233;149,235;149,236;149,238;148,240;149,243;148,244;149,247;149,248;149,251;148,252;148,255;148,256;149,258;148,261;149,262;148,264;148,266;148,268;148,270;148,272;149,275;148,277;149,279;149,281;148,282;148,285;148,287;148,289;149,291;149,293;148,295;148,296;148,299;148,301;148,302;148,305;149,307;149,308;149,311;148,312;148,314;148,316;149,318;149,320;149,322;148,325;149,327;149,328;148,331;148,332;149,334;149,337;148,338;149,340;148,342;148,345;149,347;148,348;149,350;148,353;148,354;148,357;149,359;149,360;148,363;148,365;149,366;148,368;148,371;148,373;149,374;149,377;148,378;149,381;148,383;148,384;149,387;148,388;149,390;149,393;149,394;148,396;149,398;149,400;149,402;148,405;148,406;149,409;148,411;148,413;148,415;148,416;149,419;149,421;148,423;149,424;149,426;149,428;149,430;148,433;149,435;148,437;148,438;149,440;149,443;149,444;148,446;149,449;148,450;148,453;149,454;148,457;148,459;149,461;148,462;148,465;149,466;148,468;149,470;148,473;148,475;149,476;148,478;148,480;148,483;149,484;148,487;148,489;148,491;148,492;149,495;148,496;149,499;149,500;149,503;149,504;149,506;148,508;148,511
150,0;151,3;150,4;150,6;150,9;150,10;150,12;150,14;151,17;151,19;150,21;151,22;151,25;150,26;150,28;151,30;151,33;151,34;150,36;151,38;151,40;150,43;150,45;150,47;150,49;150,50;150,52;150,54;150,57;151,59;150,61;151,63;151,65;151,66;151,69;150,70;151,72;151,74;150,76;150,79;150,80;151,83;150,84;151,86;150,89;151,91;150,93;150,95;150,96;150,98;151,101;150,103;151,105;150,106;150,109;151,111;150,113;151,115;151,116;150,118;150,121;151,122;151,124;151,127;151,129;150,131;150,132;151,135;150,137;151,139;150,140;151,142;150,145;151,146;150,148;150,150;150,152;150,154;151,157;151,158;151,161;150,163;150,165;150,166;151,169;151,170;151,172;150,174;150,177;150,179;151,181;150,183;150,184;150,186;150,188;151,190;150,192;150,195;150,197;151,199;150,200;151,203;150,205;151,207;151,209;151,211;150,212;151,215;150,217;150,219;150,220;150,222;150,225;150,227;150,229;150,230;151,232;150,235;150,236;151,238;150,241;151,242;150,244;150,246;150,249;151,250;150,253;151,254;150,257;150,259;150,260;151,262;151,265;150,266;151,269;151,270;150,273;150,274;151,277;151,279;151,280;151,283;150,284;150,287;150,288;150,290;151,293;150,295;150,297;150,299;151,301;151,302;150,305;150,307;151,309;151,310;151,313;150,314;151,316;150,318;150,320;150,323;151,325;151,327;151,328;150,331;150,332;150,334;150,336;150,339;150,341;150,342;151,344;150,346;150,349;150,350;150,352;150,355;150,356;150,358;150,361;151,362;150,365;151,367;151,369;150,371;150,372;150,375;150,377;151,378;150,381;151,382;150,385;151,387;150,389;150,391;150,393;151,395;151,397;150,399;150,400;150,402;150,405;150,407;151,408;150,410;151,412;150,414;151,417;150,418;150,421;150,422;150,424;150,426;151,429;151,431;150,432;150,434;151,436;150,439;151,441;150,443;150,444;150,447;150,449;151,450;151,453;150,455;151,456;151,458;151,460;150,463;151,464;150,467;150,468;151,471;151,472;151,474;151,476;150,478;150,481;150,482;150,484;151,486;150,488;150,491;150,493;150,495;151,496;150,498;150,500;150,503;151,505;151,507;151,508;151,510
153,0;152,3;153,5;152,6;153,8;152,11;153,12;153,14;153,16;152,19;152,21;152,23;153,25;153,27;153,29;152,31;152,32;152,34;152,37;152,38;152,41;152,42;153,45;153,46;152,48;153,50;152,53;153,54;153,56;152,59;153,61;153,63;153,65;153,66;153,69;153,70;153,73;153,75;153,76;152,78;152,81;153,83;152,85;152,87;152,88;152,90;153,92;152,94;152,96;153,98;153,101;152,102;152,104;152,107;153,108;153,110;152,113;153,114;153,116;153,119;153,120;152,122;153,124;152,127;153,129;153,130;153,132;152,134;153,137;152,138;152,141;153,142;152,145;152,147;152,148;152,151;153,152;152,155;153,157;153,159;152,161;152,163;152,164;152,167;152,169;152,170;153,172;152,175;152,177;152,178;153,180;153,182;153,184;152,186;152,189;152,190;152,193;153,194;152,196;152,199;152,200;152,202;152,204;153,207;152,209;153,210;153,212;152,215;153,216;153,218;152,221;153,223;152,224;153,226;153,228;152,231;153,233;153,235;153,236;152,238;153,240;152,243;152,245;152,246;152,249;153,251;153,253;153,255;152,257;153,258;153,261;152,262;153,264;152,266;153,269;153,270;152,273;153,275;152,277;152,279;152,280;152,282;153,284;153,286;152,289;153,290;153,293;152,294;152,297;153,299;153,300;152,302;153,304;152,307;152,309;152,310;152,312;153,315;153,316;153,318;152,321;153,323;153,324;152,327;152,329;153,330;152,332;152,335;152,336;152,339;153,341;153,342;153,345;153,347;152,349;153,351;152,352;152,354;152,357;153,359;153,360;152,362;153,365;152,366;152,369;152,370;152,373;152,375;152,377;152,378;152,381;153,383;153,384;153,387;153,388;153,391;153,393;152,395;152,396;153,398;152,401;153,402;152,404;152,406;153,409;153,411;153,413;153,414;153,416;153,418;153,420;153,422;152,424;153,427;153,428;152,431;153,433;152,435;152,437;152,439;153,440;152,443;152,445;153,446;152,448;153,450;153,452;152,454;152,456;153,459;152,461;152,463;153,465;153,467;152,469;153,470;152,473;153,474;153,477;153,479;152,481;153,482;152,484;152,487;152,489;153,490;153,492;153,495;152,496;152,498;153,501;153,502;153,505;153,507;153,508;153,510
155,0;154,2;155,5;155,6;154,9;154,10;155,12;155,14;155,17;154,18;155,21;155,22;155,25;154,26;154,28;155,30;155,33;155,34;155,37;154,39;154,40;155,42;155,45;155,46;155,49;154,50;154,52;155,54;155,56;155,58;154,61;155,62;154,65;155,66;154,68;155,71;154,72;155,75;155,76;154,78;154,80;155,83;154,85;155,86;154,89;154,90;155,92;155,95;154,96;155,98;155,100;155,102;154,105;155,106;155,109;155,111;154,113;155,114;155,117;154,118;155,120;154,122;154,124;155,126;154,129;154,131;155,133;154,134;155,137;154,138;154,141;154,143;154,144;155,147;154,149;155,150;155,152;154,154;154,156;154,158;155,161;155,162;154,164;154,167;155,168;154,170;155,172;154,174;154,177;155,178;154,180;155,182;154,185;155,187;154,188;154,190;155,192;154,194;155,197;155,199;155,201;155,203;154,205;154,207;155,208;155,211;155,213;155,214;154,217;155,218;155,221;154,223;154,224;154,227;155,229;154,231;154,232;154,234;155,236;154,239;154,240;155,242;154,244;154,246;154,248;155,251;155,252;154,255;154,257;155,258;154,260;154,262;155,265;155,266;154,268;154,270;154,273;154,275;155,276;154,278;155,280;154,282;155,284;155,286;155,289;155,291;154,293;155,294;155,296;155,298;154,301;154,303;154,304;154,306;154,309;155,310;154,313;155,315;155,317;155,319;155,320;155,323;154,324;155,326;155,329;155,331;154,333;154,335;155,336;155,338;155,341;154,342;154,345;154,347;154,349;155,350;155,353;154,354;155,356;154,358;154,361;154,363;155,364;155,367;154,368;155,371;154,373;155,375;155,376;155,378;154,381;154,382;154,384;155,387;154,388;154,391;154,393;155,395;155,396;154,399;154,400;155,402;155,404;155,406;154,409;154,411;155,412;155,415;155,416;154,418;155,421;155,423;155,425;154,426;154,429;154,431;155,433;154,434;155,436;154,439;154,441;154,443;154,444;155,446;154,449;154,451;155,452;155,455;154,456;154,459;154,461;155,463;154,464;155,467;154,468;155,470;155,473;154,474;154,477;155,478;154,480;154,483;154,484;154,486;154,489;154,491;154,492;154,494;154,497;154,499;154,501;154,502;154,505;154,506;155,508;155,510
157,0;156,2;156,5;157,6;157,9;157,10;157,12;157,15;156,17;156,19;156,20;156,23;157,24;157,27;157,29;157,30;157,33;157,35;157,37;156,38;156,40;157,43;156,44;157,46;156,49;156,51;157,52;156,55;157,56;156,59;156,61;156,63;156,64;157,66;156,68;157,70;156,72;157,74;156,77;156,78;156,81;157,83;156,85;156,86;157,89;156,90;157,92;157,94;157,96;156,99;157,100;156,103;156,104;157,106;156,109;156,111;156,112;157,115;157,117;157,119;156,120;157,122;157,125;156,127;156,128;157,130;156,133;156,134;157,137;156,139;156,140;156,143;157,145;157,147;156,149;156,150;156,152;157,155;157,157;157,159;156,161;157,162;157,165;156,167;157,168;157,170;156,173;156,175;157,176;156,179;157,180;156,182;157,184;156,186;156,188;157,190;157,193;157,195;156,197;156,198;157,201;156,203;157,205;157,206;156,208;156,210;156,212;156,215;156,217;156,218;156,220;157,223;157,224;157,227;156,229;156,231;157,233;156,234;157,236;156,238;157,240;156,243;156,245;157,246;156,248;156,250;156,252;157,254;157,257;156,258;156,261;157,262;157,264;156,266;156,268;157,270;156,273;157,274;156,276;156,278;157,280;157,283;157,284;157,287;156,288;157,290;157,292;157,294;157,296;157,298;156,301;156,303;157,304;156,306;156,309;156,311;157,313;157,315;157,317;157,318;156,321;156,323;156,325;156,326;156,329;156,331;156,333;156,334;157,336;156,339;156,341;156,342;156,345;157,346;156,349;157,351;156,352;156,355;157,356;157,359;156,360;156,363;157,364;157,366;156,368;156,370;157,372;157,375;156,377;156,379;156,380;156,383;156,385;157,387;157,389;156,391;157,393;157,395;157,397;156,399;157,400;157,403;157,405;156,407;157,408;156,410;157,413;156,414;157,417;156,419;156,421;156,422;156,424;157,427;157,429;157,430;157,432;157,435;156,436;156,438;157,441;156,442;157,445;156,446;157,448;156,451;156,452;156,455;157,457;157,458;157,461;157,463;157,465;157,467;157,469;156,470;156,472;156,474;156,476;157,479;157,481;156,482;157,485;156,487;156,489;157,491;157,493;157,494;156,497;157,498;157,500;157,502;156,505;156,507;157,509;157,511
158,0;158,3;159,4;159,6;158,8;158,10;159,13;159,14;159,16;159,18;158,20;159,22;158,24;159,27;158,28;159,30;158,32;158,34;158,36;158,39;159,40;158,42;159,44;159,47;159,49;158,50;158,53;159,54;158,56;158,59;158,61;159,63;159,64;158,66;158,69;158,71;159,72;158,75;158,76;158,79;159,81;159,82;158,84;159,86;158,89;159,91;159,92;158,94;159,96;159,98;159,100;159,103;159,105;159,107;159,109;158,111;158,113;159,114;158,116;158,118;159,120;159,122;159,124;158,126;158,128;159,131;159,133;158,134;159,136;158,138;159,141;159,143;158,145;159,146;159,149;158,151;158,152;158,155;159,157;158,158;159,161;158,162;159,164;159,167;159,169;158,170;159,173;159,175;159,176;158,179;158,181;159,182;159,184;159,186;159,189;158,191;159,193;158,195;159,197;158,198;159,201;159,203;159,205;159,206;159,208;159,211;159,213;158,215;159,217;159,219;158,220;158,223;159,224;159,226;159,228;158,230;159,233;158,234;159,236;159,239;158,241;158,242;158,245;159,247;158,249;158,251;159,252;158,254;159,257;159,258;158,261;159,263;159,264;159,266;158,268;159,270;158,273;158,275;159,277;158,279;158,281;158,282;159,285;159,287;159,289;159,290;159,292;158,294;158,296;159,298;158,301;159,302;159,304;159,307;159,309;159,311;158,313;158,315;159,317;159,319;159,320;159,322;158,325;159,327;158,328;159,330;159,333;158,334;159,336;158,339;158,340;158,343;159,345;159,346;158,349;158,351;158,352;158,354;158,357;158,358;159,361;159,363;158,364;158,366;159,369;158,371;159,372;159,375;158,377;158,378;159,381;158,382;158,385;159,387;159,389;159,390;159,393;159,395;159,397;158,398;159,401;159,402;158,405;159,406;159,408;159,410;159,412;159,414;159,417;158,418;159,421;158,423;158,425;158,427;158,429;158,430;159,432;158,434;159,436;159,439;158,440;158,443;159,445;159,447;158,449;159,450;158,452;158,454;159,457;158,458;159,460;159,463;158,464;158,466;158,469;158,470;158,472;159,475;159,477;159,479;158,481;159,482;158,485;158,487;158,489;159,490;158,493;158,495;158,496;158,498;158,500;158,503;159,504;158,507;159,509;159,511
161,1;160,3;160,5;161,6;161,8;161,10;161,12;161,14;160,16;160,18;160,21;160,23;160,24;161,27;161,28;160,31;161,32;161,35;160,36;160,39;160,40;161,42;161,44;160,46;160,49;161,50;160,52;161,54;160,57;161,59;161,61;161,63;161,64;160,67;161,68;160,70;161,73;161,74;161,76;160,79;161,81;160,83;161,85;161,86;161,88;160,91;161,93;161,95;161,97;160,99;160,100;161,103;160,104;160,106;161,109;160,110;160,113;160,114;160,117;161,119;161,121;161,122;160,124;161,127;161,128;161,131;161,133;161,134;160,136;160,138;161,140;160,142;161,144;160,147;161,148;160,151;160,153;160,155;160,157;160,159;160,161;161,162;160,165;161,167;161,169;161,170;160,172;160,174;161,176;161,179;160,180;160,182;160,184;161,187;160,189;161,190;160,192;160,195;161,197;161,199;161,201;161,203;160,205;161,206;160,208;161,211;160,213;160,215;161,216;161,218;160,220;161,223;160,224;161,226;161,229;161,230;160,233;160,234;160,237;161,239;161,240;160,243;160,245;161,247;160,248;161,251;160,252;161,254;161,257;160,259;161,260;161,263;160,264;161,267;160,268;161,270;161,272;160,274;161,277;161,279;161,280;161,282;160,284;160,287;161,289;161,290;161,293;160,295;161,296;161,299;160,301;161,302;160,304;160,307;160,309;160,311;161,313;160,314;160,317;161,318;160,320;161,322;161,324;161,327;161,328;160,330;160,333;161,334;161,336;160,339;160,340;160,342;161,345;160,347;160,349;160,350;161,352;161,354;161,356;161,358;161,360;161,362;161,365;160,367;160,369;161,371;160,373;160,374;160,376;160,379;161,380;161,382;160,385;160,386;161,389;161,391;161,392;161,395;161,397;161,399;161,400;161,403;161,404;161,406;160,409;160,410;160,413;160,414;161,416;161,419;160,420;160,423;160,424;160,427;160,428;160,431;161,432;161,434;160,436;161,439;161,440;160,443;161,445;160,447;160,449;161,451;161,452;160,455;160,457;160,458;161,460;160,463;160,464;160,466;160,469;160,471;160,472;161,475;160,476;161,479;161,480;160,482;161,484;160,486;161,489;161,491;161,493;161,494;161,497;161,498;161,501;161,502;160,504;160,507;161,509;161,510
162,1;162,3;162,4;163,6;163,9;163,10;163,13;162,14;163,17;162,19;163,20;163,23;162,25;163,27;163,28;163,31;163,32;163,34;162,36;162,38;163,41;163,43;162,44;162,47;163,48;162,51;163,52;162,55;163,57;163,58;162,61;163,63;162,65;162,66;162,68;163,70;163,73;163,75;162,76;162,78;162,80;163,82;162,85;162,86;163,88;163,91;163,92;163,95;162,97;162,98;163,101;162,102;163,104;162,107;162,108;162,110;162,113;162,115;163,116;162,118;162,121;163,122;163,124;163,126;163,129;163,130;162,132;162,135;163,136;162,139;163,140;162,143;163,145;163,146;162,148;162,151;162,153;163,154;163,156;163,159;162,160;163,162;163,164;163,166;163,169;163,171;162,173;163,174;163,177;163,179;163,180;162,182;162,185;162,187;162,189;163,191;162,193;163,195;163,197;163,198;162,201;163,203;162,204;162,207;162,208;163,210;163,212;162,215;163,217;163,219;163,220;163,222;162,224;162,226;162,228;163,231;162,232;162,235;162,236;162,239;162,240;163,242;163,244;163,247;162,249;163,251;162,253;163,255;163,256;162,258;162,260;162,262;162,265;163,267;162,268;162,270;162,273;163,275;162,276;162,279;162,280;163,283;162,284;163,287;163,289;162,290;162,293;163,294;163,296;163,299;162,300;163,303;163,304;162,307;163,308;163,310;163,313;163,314;162,317;162,318;163,320;163,322;163,324;162,327;162,329;162,330;162,333;162,334;162,336;162,338;162,340;163,343;163,345;162,346;162,349;162,350;162,352;162,355;163,356;162,358;163,361;163,362;163,364;162,367;162,369;162,370;162,373;162,374;163,376;162,378;163,381;163,383;163,384;162,387;162,389;163,390;163,393;163,395;162,396;162,399;162,400;163,403;163,404;162,406;162,409;162,410;162,412;162,414;163,416;163,419;162,420;162,422;163,425;163,426;163,428;163,430;163,433;162,434;163,437;163,438;163,441;162,443;163,444;162,446;163,449;163,451;163,453;162,454;163,457;162,459;162,461;162,463;162,464;163,466;163,468;163,470;163,472;162,474;163,477;162,478;162,480;163,482;162,485;162,487;163,489;162,491;162,493;163,495;162,497;163,498;162,500;162,502;163,504;162,507;162,508;162,511
165,1;165,2;164,5;164,7;165,9;164,10;165,13;165,14;165,17;165,18;164,20;165,22;164,25;165,26;164,29;164,31;165,33;165,34;165,36;164,38;165,41;164,43;164,45;164,46;165,48;164,50;164,52;165,54;164,57;164,59;165,61;164,63;164,65;165,66;165,68;165,70;165,73;164,75;164,76;165,79;164,80;164,83;165,84;165,87;165,89;165,91;164,93;165,94;165,96;165,98;165,101;165,102;165,105;165,107;165,108;164,111;164,112;164,115;165,117;164,118;164,121;165,123;164,124;165,127;164,129;165,131;165,132;164,135;165,137;165,138;165,140;165,143;164,145;165,147;164,148;164,150;165,152;164,155;164,156;164,158;164,161;165,162;165,165;164,167;165,169;165,170;165,173;165,175;165,176;164,179;164,180;165,182;164,184;164,186;165,188;165,191;165,192;165,195;165,197;165,198;164,200;165,203;164,205;165,207;164,208;165,211;165,213;165,214;164,216;165,219;164,220;164,223;165,224;165,226;165,229;165,230;165,232;165,235;164,236;164,238;164,240;164,242;165,244;165,247;165,248;164,250;165,252;165,254;164,256;164,258;165,261;164,263;165,264;164,267;164,269;164,271;164,273;164,274;164,276;164,278;165,280;165,283;165,285;165,287;165,289;164,290;165,293;164,295;165,297;165,299;164,301;164,303;164,305;165,307;164,308;165,311;164,313;164,315;164,317;164,318;164,321;165,323;165,325;165,327;165,328;164,331;165,333;164,334;165,336;164,339;165,340;165,343;164,344;164,347;165,349;165,351;164,352;164,355;164,357;164,359;165,360;165,363;164,364;164,367;165,369;165,370;164,373;164,375;165,377;165,378;165,380;165,383;165,385;165,387;164,389;164,390;165,392;164,394;164,397;164,398;164,400;165,403;164,405;164,406;164,408;165,410;165,413;164,414;164,416;165,418;165,421;164,422;165,425;165,426;165,429;165,431;164,433;164,434;165,436;165,438;164,441;165,442;164,445;164,446;165,449;165,451;165,452;165,454;164,457;164,458;164,460;164,462;164,465;164,467;164,469;165,471;165,473;164,475;164,477;164,479;165,480;165,483;164,485;164,487;164,489;165,490;165,493;165,495;164,496;165,498;165,500;165,503;165,505;165,507;164,508;165,510
167,0;167,3;167,4;167,7;166,9;167,10;166,12;166,15;166,17;167,19;167,21;167,22;167,24;167,26;166,29;166,30;167,32;166,35;166,36;167,38;167,41;167,43;167,44;166,46;167,49;167,50;166,53;167,54;167,57;167,58;167,60;167,63;167,65;167,66;167,69;166,71;167,72;167,75;167,76;167,79;166,81;166,82;167,85;166,86;166,88;166,91;166,93;167,94;166,97;167,98;166,100;167,103;166,104;166,106;167,109;166,111;166,112;167,115;167,117;167,118;166,121;167,122;166,125;167,127;166,128;166,130;167,133;167,134;167,137;167,138;167,141;167,142;166,145;166,146;166,148;166,151;166,152;167,154;166,157;167,158;167,161;166,163;167,165;166,166;167,168;166,170;166,173;166,174;166,176;167,179;166,180;167,182;167,185;167,186;166,189;167,190;167,192;166,195;167,196;167,198;166,201;167,202;167,204;166,207;166,208;167,210;166,212;167,215;167,217;166,218;166,221;167,223;167,225;167,227;166,228;166,231;167,233;167,235;166,237;167,238;166,240;167,243;166,244;166,247;167,248;166,251;167,252;166,254;166,257;167,258;167,261;166,263;166,264;166,267;166,268;166,271;166,273;167,275;166,276;166,278;166,281;167,283;166,284;166,287;167,289;166,290;167,293;166,294;166,296;167,298;167,301;167,302;166,304;166,306;167,309;166,310;166,313;166,314;167,317;167,319;166,321;166,323;166,325;167,327;167,329;166,331;166,333;166,334;166,337;166,338;167,341;167,343;167,344;166,347;167,348;166,351;166,353;167,355;166,356;167,359;166,360;166,363;167,364;167,366;167,369;167,370;166,372;167,375;167,376;166,379;167,381;167,383;166,384;166,387;166,389;167,391;166,393;167,394;166,396;166,399;166,400;166,403;167,404;166,406;166,409;167,410;167,412;166,415;167,417;167,419;167,421;166,422;167,424;167,427;167,428;167,430;167,432;166,435;166,437;167,439;166,441;167,442;167,444;166,447;167,449;166,451;166,453;167,454;166,456;167,458;167,460;167,463;167,464;167,466;166,468;167,471;166,472;167,474;166,476;166,478;166,480;166,482;167,484;166,486;166,488;166,490;167,492;166,495;166,497;166,499;166,500;166,503;167,504;167,506;167,508;167,510
168,1;168,2;168,4;169,7;169,9;168,11;169,13;168,14;168,17;168,18;169,20;168,23;168,25;169,27;168,28;168,31;169,32;169,34;169,37;168,38;168,41;168,43;169,45;168,47;169,49;168,50;169,53;169,55;168,56;168,59;168,61;169,63;169,65;169,66;168,69;169,71;168,72;169,74;168,76;168,78;169,80;168,82;169,84;169,86;168,88;168,91;169,92;168,94;169,97;168,99;169,101;168,103;169,105;169,106;168,109;169,111;168,112;169,115;169,117;168,119;169,121;169,123;169,124;168,126;168,128;169,131;168,133;168,135;169,137;169,138;169,141;168,142;168,145;169,147;169,149;168,151;168,153;168,154;169,157;168,158;169,160;168,162;169,165;168,166;168,169;168,170;169,173;168,175;168,176;169,179;168,181;168,182;168,184;168,186;169,189;169,190;169,192;168,195;169,197;168,199;169,200;168,203;169,204;169,207;169,209;169,210;168,213;168,215;168,216;169,219;169,220;168,223;168,224;169,226;168,229;169,230;168,233;168,235;169,237;168,239;168,240;168,243;168,244;169,247;168,248;168,251;168,252;168,254;169,256;169,258;169,260;168,262;168,265;168,266;169,269;168,270;169,272;169,275;168,276;169,278;168,281;168,283;168,284;169,287;169,288;168,291;168,293;169,295;168,296;168,299;168,301;168,302;169,304;168,306;169,308;169,310;168,312;169,315;168,316;169,319;168,320;168,323;169,324;169,327;168,328;168,330;168,333;169,334;169,337;169,338;168,340;168,343;168,344;169,347;169,348;169,351;168,353;168,354;168,356;168,359;168,361;168,363;169,364;169,367;168,368;168,371;169,372;169,375;168,377;169,379;169,380;169,382;169,385;169,387;168,389;168,391;169,393;168,395;169,396;169,399;169,401;169,403;169,405;168,407;168,408;169,411;168,412;168,415;168,417;168,419;168,421;169,423;168,425;168,426;168,429;168,430;168,432;169,434;168,436;168,439;168,441;169,442;169,445;168,447;169,449;169,450;168,453;169,454;168,457;169,458;169,460;168,462;168,464;168,466;169,468;169,471;168,472;169,475;169,477;168,479;168,481;169,483;168,484;168,486;168,488;168,490;169,492;169,495;168,496;168,499;168,501;168,502;169,504;168,507;169,508;168,510
170,0;170,2;170,5;170,7;170,8;170,10;170,13;171,15;171,17;170,19;170,21;171,23;171,24;171,26;171,29;171,30;171,33;170,34;171,36;170,39;170,40;171,42;170,44;170,46;171,49;170,51;171,52;171,54;171,57;170,59;171,61;170,63;170,65;171,66;170,69;171,70;170,73;171,75;171,77;171,78;170,81;171,82;171,85;171,86;170,89;170,90;170,93;171,94;171,96;171,99;170,101;171,102;171,105;171,107;170,108;171,111;170,113;171,115;170,117;171,119;170,120;170,123;171,124;171,126;170,128;170,130;170,133;170,135;170,137;171,139;171,141;170,142;171,144;171,147;170,149;171,151;170,153;171,155;170,156;171,158;170,160;171,163;170,164;170,166;170,168;171,171;171,172;171,175;170,177;170,179;170,181;171,183;171,184;171,186;171,189;170,190;171,192;171,195;170,196;171,199;171,201;171,202;171,205;170,207;170,209;171,211;171,212;170,215;171,216;171,219;170,220;171,222;170,225;171,226;171,229;171,230;171,233;171,235;170,236;170,238;170,240;170,243;171,244;170,247;171,249;170,251;170,253;170,255;170,257;170,259;170,261;170,262;170,264;171,266;170,269;170,271;170,272;171,274;171,277;171,279;171,280;171,282;171,284;170,287;171,289;171,290;171,292;170,294;171,297;170,299;171,300;170,303;170,304;170,306;170,308;171,311;171,312;170,315;171,316;171,318;170,320;171,323;171,325;171,327;170,329;171,331;170,332;170,334;171,337;171,338;170,341;171,343;171,344;170,347;171,349;171,351;171,353;171,354;171,357;171,359;171,361;171,363;171,364;171,366;171,369;171,370;170,373;170,375;170,376;171,378;170,381;171,382;171,384;171,386;170,388;171,391;170,393;171,395;171,397;171,398;171,400;170,402;170,405;170,407;171,409;171,411;170,412;170,415;171,416;170,418;170,421;170,423;171,425;171,426;170,428;171,430;170,432;170,434;170,436;171,439;171,440;170,442;170,444;171,447;170,448;170,451;171,452;170,455;170,456;171,458;170,461;171,462;170,464;171,466;170,469;170,471;171,472;170,475;170,476;171,478;170,481;170,483;171,485;170,486;170,488;171,490;171,493;170,494;171,497;171,499;171,500;170,503;170,505;170,507;170,508;171,511
172,1;172,3;172,5;173,6;173,8;172,11;172,12;173,14;172,17;172,19;173,21;173,22;172,24;172,26;173,28;172,31;173,33;172,35;173,36;173,38;173,40;173,43;173,45;172,47;172,48;173,50;172,52;172,54;173,57;172,58;172,61;172,63;172,65;172,66;172,68;172,70;172,73;173,75;172,77;172,79;173,81;173,82;172,84;172,87;172,89;173,90;172,92;172,94;173,96;172,99;173,101;172,102;173,105;173,106;173,108;173,111;173,113;173,114;172,117;173,118;173,121;172,123;173,125;173,126;172,128;172,131;173,132;173,135;172,136;172,139;172,141;173,143;172,144;173,147;173,149;173,150;173,152;173,155;173,156;173,159;172,160;173,163;172,164;173,167;173,169;172,170;172,172;173,175;173,176;172,179;173,181;173,182;172,185;172,187;172,188;173,190;172,193;173,195;173,197;172,198;173,200;172,203;173,205;172,206;173,209;173,210;173,212;172,215;172,217;172,218;172,221;172,223;173,224;173,227;173,229;173,231;172,233;173,235;173,236;172,238;172,240;172,242;172,245;173,246;172,248;172,251;172,253;172,255;173,257;172,259;173,260;173,263;173,264;173,267;172,268;172,270;172,273;172,274;172,276;172,278;173,280;173,282;172,284;172,287;172,288;172,291;172,293;173,294;173,296;172,299;172,301;173,302;172,305;172,307;173,309;172,310;173,313;173,314;173,316;173,319;172,321;173,323;172,325;172,326;172,328;173,331;172,332;173,335;173,336;172,338;173,340;173,343;172,345;173,346;172,349;172,350;172,353;173,355;173,357;172,358;173,360;173,362;172,365;173,366;173,368;172,370;173,373;173,375;173,376;172,378;173,381;172,382;173,385;173,386;173,389;172,391;172,393;173,395;172,396;173,399;172,400;173,403;172,405;172,406;173,409;172,411;172,413;172,415;173,416;173,418;172,421;173,423;173,425;173,427;173,429;173,431;172,432;172,434;172,437;173,439;173,440;172,442;173,444;172,446;172,449;172,450;172,452;173,455;172,457;173,459;172,460;172,463;173,464;172,467;173,468;173,471;172,472;173,475;172,477;172,479;172,481;173,483;173,484;173,486;173,488;172,491;173,493;172,494;173,497;172,499;173,501;172,503;172,504;173,507;172,508;172,511
174,1;175,3;175,4;175,7;175,9;175,10;174,13;175,14;174,17;175,18;175,20;175,22;175,24;175,27;175,28;175,31;175,32;175,34;174,36;175,39;174,41;175,42;175,45;174,47;174,48;175,50;174,53;174,54;174,56;174,59;174,61;175,63;174,65;174,66;175,68;175,71;174,73;174,75;175,77;175,78;174,80;174,82;174,85;174,86;175,89;174,91;174,93;175,94;174,97;175,98;174,100;174,103;175,105;174,107;174,108;174,111;175,112;175,115;175,117;174,119;175,120;175,122;174,125;175,127;175,128;175,131;174,132;175,134;175,137;175,139;175,141;175,142;174,145;174,147;174,149;174,151;175,152;174,154;174,157;174,159;174,161;174,163;175,165;174,166;174,168;175,170;175,173;175,175;175,176;175,179;174,181;174,183;175,185;174,187;175,189;174,190;175,192;175,195;174,196;174,198;174,200;174,202;175,205;174,207;175,209;175,211;175,212;175,215;175,216;175,219;174,221;174,223;174,225;174,226;175,228;174,231;174,232;174,235;174,236;175,238;175,241;174,242;175,244;175,247;175,249;174,251;175,253;175,254;174,257;175,258;174,261;174,262;175,264;175,266;174,269;174,271;175,273;174,274;175,277;174,278;174,280;175,282;174,284;174,286;174,289;175,291;174,292;175,294;174,297;175,299;174,301;175,303;175,304;174,306;175,309;174,310;174,313;174,315;174,317;175,318;174,320;175,323;175,325;175,326;174,329;175,331;174,332;174,335;174,337;174,338;175,340;175,343;175,345;175,347;174,348;175,351;174,353;174,354;174,357;175,359;174,360;174,362;175,365;174,367;174,368;174,370;174,373;174,374;175,376;175,378;174,381;175,383;174,385;174,387;175,389;175,390;175,393;174,395;175,396;174,399;174,400;175,402;174,405;175,406;175,409;174,411;174,413;175,415;175,416;174,418;175,421;175,422;174,424;175,427;175,428;174,430;175,432;174,434;175,436;174,438;174,440;174,442;174,444;174,447;175,449;174,451;174,452;175,455;174,456;174,459;175,461;175,463;174,464;175,467;174,468;175,470;175,473;175,475;175,477;175,479;175,480;174,483;174,484;174,487;174,489;174,490;175,492;174,495;175,497;175,498;174,501;174,502;175,504;175,506;174,509;175,510
177,1;177,3;177,4;176,7;176,8;176,11;177,13;176,14;176,17;176,18;176,20;176,22;176,25;177,26;176,28;176,30;176,33;176,34;176,36;177,39;176,41;176,43;176,45;177,47;177,49;177,51;176,52;177,55;177,56;177,59;176,61;176,63;176,65;176,67;177,69;176,71;176,72;177,74;177,77;176,79;177,81;176,83;177,84;176,87;177,89;177,91;177,92;177,94;177,96;176,98;176,100;176,102;177,104;177,106;176,109;177,110;176,112;177,114;176,116;176,119;176,120;177,123;177,125;177,126;176,128;177,131;177,133;177,134;177,137;176,138;177,141;177,142;177,145;177,146;177,149;177,151;177,152;177,155;177,156;177,159;177,161;177,163;176,164;177,167;176,169;177,171;176,172;176,174;176,177;176,178;177,180;176,182;177,185;177,186;177,189;176,191;176,193;176,194;176,196;176,199;176,200;176,203;176,204;177,206;176,208;176,210;176,213;177,214;177,216;177,218;177,221;177,223;176,224;177,226;176,228;177,231;176,233;177,234;176,236;176,239;176,240;176,243;176,245;176,246;177,248;177,250;177,253;177,255;177,256;177,258;176,261;177,262;177,265;177,267;176,268;177,271;176,272;177,274;176,276;177,279;177,280;177,283;176,285;176,287;176,289;177,291;177,292;177,295;176,297;177,299;176,301;176,302;177,305;176,306;177,309;177,310;177,312;176,314;176,317;177,318;176,321;176,323;176,324;176,327;176,329;176,331;176,333;177,334;177,337;177,339;176,341;177,343;177,344;177,346;176,349;177,350;177,353;177,355;177,356;176,359;177,361;176,362;176,365;177,366;176,369;177,370;176,372;177,374;177,377;177,378;176,380;177,382;177,384;176,387;176,388;177,390;177,392;176,395;176,397;177,398;176,401;177,403;176,404;177,406;176,409;176,410;177,413;176,415;176,417;176,419;177,421;177,422;177,425;176,427;176,429;177,430;176,432;177,434;177,436;177,438;177,441;176,443;176,445;176,446;177,448;176,451;176,452;176,455;176,456;176,458;176,461;177,462;176,464;176,466;176,469;177,470;176,472;176,474;177,477;176,478;176,481;176,483;177,485;176,486;176,489;177,490;177,493;177,494;177,497;176,498;177,500;176,503;177,505;176,507;176,508;177,511
179,1;178,3;178,4;178,6;178,8;179,11;178,12;179,15;178,17;179,19;179,20;178,23;178,24;178,26;179,29;178,31;178,32;179,34;179,37;178,39;178,40;179,43;178,44;178,46;178,49;179,50;179,52;178,55;178,57;178,58;178,61;178,63;179,65;179,67;179,69;179,70;179,73;179,75;178,77;179,78;178,81;178,83;179,85;179,86;178,88;178,90;179,93;178,95;179,96;179,98;178,100;178,102;178,105;178,106;178,108;178,111;179,112;179,114;178,116;178,118;178,120;179,123;179,124;179,126;178,129;179,130;178,133;178,135;179,137;178,139;178,140;179,143;179,144;179,146;179,148;178,151;178,153;178,155;179,157;179,159;179,161;178,162;179,165;178,167;179,168;179,170;179,172;178,175;178,177;178,178;179,181;178,182;178,184;179,187;179,189;179,190;178,193;178,195;178,196;179,198;178,200;178,202;178,204;178,207;179,209;178,210;178,213;178,215;178,216;178,218;179,221;179,222;179,224;178,227;178,228;178,230;178,232;179,234;178,237;178,239;179,241;179,242;179,244;179,246;178,249;178,250;178,253;178,254;178,256;178,259;179,261;178,262;178,265;179,266;178,269;179,271;179,273;179,275;178,277;179,278;178,281;178,283;178,285;179,287;178,288;179,290;178,292;178,295;179,297;178,298;178,301;179,303;179,304;178,307;179,308;178,311;178,313;178,314;179,317;179,319;179,321;179,323;178,324;179,327;179,329;178,331;178,333;178,334;178,337;179,338;178,341;178,343;179,345;178,347;178,349;178,351;179,353;179,354;178,356;178,358;179,361;179,362;179,364;179,367;179,369;179,370;179,372;178,374;179,376;179,379;178,380;178,383;179,384;179,387;178,389;179,390;179,392;178,394;178,397;178,399;178,400;179,403;179,404;178,407;179,409;178,411;178,412;178,414;179,417;179,419;179,420;178,423;179,424;179,426;179,428;178,431;179,433;178,435;178,436;179,438;179,440;178,442;178,444;179,447;178,448;179,451;179,453;178,455;179,457;179,459;179,460;179,462;179,464;178,466;179,469;179,470;178,473;179,475;178,476;179,478;178,480;179,482;179,485;178,487;178,489;179,490;179,493;178,494;179,496;179,498;178,500;179,503;178,505;178,507;179,509;179,510
180,0;181,3;181,4;181,6;181,8;181,11;180,13;181,15;181,17;181,19;181,20;180,23;180,25;180,27;181,28;181,30;180,32;181,34;181,36;181,38;180,40;180,43;181,44;180,47;181,49;181,51;181,53;180,55;180,57;181,59;181,60;181,63;181,65;181,66;181,68;181,71;181,73;181,75;180,77;181,78;181,81;180,82;181,84;180,86;181,88;180,90;180,93;180,95;180,96;180,99;180,100;181,103;180,105;180,106;180,108;180,111;180,112;180,114;181,116;181,118;180,120;181,122;180,124;180,127;181,128;180,131;180,133;181,135;181,137;181,138;180,140;180,143;180,145;180,147;181,149;180,151;180,152;180,154;181,157;181,158;180,160;181,163;181,164;180,167;180,169;180,170;181,173;180,174;180,176;180,178;180,181;181,183;181,184;181,186;181,189;181,191;180,192;180,195;181,196;180,198;181,200;181,202;181,205;181,207;181,209;181,210;180,212;181,214;181,217;181,218;181,221;181,223;180,224;181,227;181,229;181,231;181,233;181,235;181,237;181,239;181,241;181,242;180,244;180,246;180,248;180,250;180,253;180,254;180,256;180,258;180,261;181,262;180,264;181,267;180,269;181,270;181,273;181,274;180,276;180,279;180,280;180,282;181,284;181,287;180,288;180,291;181,293;180,295;181,297;180,298;181,301;181,303;181,304;180,307;180,308;180,310;180,313;180,314;180,317;180,318;180,320;180,322;181,324;180,326;181,328;180,331;180,333;180,334;181,337;180,339;180,341;181,342;181,345;181,347;181,349;181,351;180,352;180,355;181,356;181,358;180,361;181,362;181,365;181,366;181,368;180,371;181,373;181,375;181,377;180,378;181,381;180,383;180,385;181,387;180,389;181,391;180,392;180,395;180,396;181,398;181,401;181,403;180,405;181,407;181,408;180,410;181,412;181,415;180,416;180,418;181,421;181,423;181,425;180,426;181,429;181,431;181,432;180,435;180,436;180,439;181,440;180,442;180,445;180,446;181,449;181,451;180,452;180,454;181,456;180,459;181,461;181,462;180,464;181,466;180,468;180,471;180,473;180,474;181,477;181,478;180,480;181,482;181,484;180,486;181,488;180,491;181,492;181,494;181,497;180,499;180,501;180,502;180,504;180,506;180,509;181,511
183,0;182,2;183,4;183,6;183,9;183,11;182,12;183,15;182,16;182,19;182,20;183,22;182,25;182,27;183,28;183,31;183,33;182,35;183,37;183,38;183,40;182,43;183,45;183,47;183,49;183,50;182,52;182,55;182,56;183,59;183,61;182,63;183,65;182,66;182,68;182,71;183,73;182,75;182,76;182,79;182,80;182,83;182,84;183,86;183,88;182,91;182,93;182,95;182,97;182,98;183,101;182,102;182,104;182,106;182,109;183,110;182,113;182,114;182,116;182,119;182,120;183,122;183,124;183,126;182,129;182,131;182,133;182,134;183,136;183,139;183,140;183,143;183,144;182,146;182,148;182,151;183,153;182,154;183,156;182,159;182,161;183,163;182,164;182,167;182,169;182,170;183,172;182,174;182,176;182,179;183,181;183,183;183,184;183,186;183,188;183,191;183,192;183,195;183,197;183,198;183,200;182,202;182,204;183,207;183,208;183,211;182,212;183,214;182,217;183,219;183,221;182,223;183,225;183,226;182,228;182,230;183,232;183,235;182,237;183,239;183,241;182,242;182,245;183,247;183,249;182,251;182,253;183,254;182,257;183,259;182,260;182,262;183,264;183,266;182,269;182,271;183,272;182,275;182,276;183,278;183,281;182,282;182,285;182,287;183,288;183,291;183,293;183,294;183,297;182,299;182,301;183,303;182,304;182,307;182,309;183,311;182,313;183,315;182,316;182,319;182,321;182,322;182,325;183,326;183,329;183,330;183,333;183,335;183,336;183,339;182,341;183,343;182,344;182,346;183,348;183,351;182,353;183,355;182,356;182,358;182,361;183,363;182,365;183,366;183,368;182,371;183,372;183,375;183,376;183,379;182,380;182,383;182,384;183,387;183,389;183,390;183,393;182,395;182,397;182,399;182,400;183,402;182,405;183,406;183,408;182,411;183,412;182,414;182,416;183,419;183,421;183,423;182,424;183,426;183,429;183,430;183,432;183,435;182,437;182,439;182,441;182,443;183,445;183,447;182,448;183,450;182,452;183,455;183,457;183,459;182,461;182,463;182,465;183,467;183,469;183,470;183,473;183,474;182,476;183,479;183,480;183,482;183,485;183,487;183,488;182,491;183,492;182,494;183,496;182,498;182,500;183,503;182,504;183,507;183,508;182,510
185,1;185,2;185,4;185,6;184,8;185,11;184,12;184,15;184,16;185,19;185,21;184,23;185,24;184,26;184,29;184,30;184,32;184,35;185,37;185,38;185,41;185,43;185,45;184,46;185,48;184,51;184,52;184,54;185,57;184,59;184,61;184,63;184,65;184,66;185,68;185,71;184,73;184,75;185,76;185,78;184,81;184,83;184,85;184,87;185,89;185,90;185,93;184,95;185,96;184,98;184,101;184,103;185,104;184,106;185,108;184,110;185,113;184,115;184,116;185,119;185,120;184,123;185,124;184,127;184,129;185,131;184,133;184,135;184,137;185,138;184,141;184,142;184,144;185,146;184,148;184,150;184,153;185,154;184,156;185,158;184,160;184,163;185,165;185,166;184,168;184,171;184,172;185,175;185,176;184,179;185,181;184,182;184,185;185,186;185,188;185,191;185,193;185,194;185,197;184,199;185,201;184,203;185,205;184,207;184,209;185,210;184,212;185,214;184,216;185,219;184,221;185,222;184,224;185,226;185,229;184,231;185,233;185,235;184,237;185,239;185,240;184,243;185,245;184,246;185,249;184,250;185,253;185,254;185,256;185,258;185,261;184,263;184,264;185,267;184,268;185,271;184,273;184,274;184,276;185,278;185,280;184,283;185,285;184,287;185,289;185,291;185,293;184,294;184,296;184,299;184,301;184,302;184,304;184,306;184,308;184,311;185,312;185,315;185,316;184,319;185,321;185,322;185,325;184,327;185,329;184,331;185,333;184,334;185,337;184,338;185,341;184,342;185,345;184,347;184,348;185,351;184,353;184,355;185,356;185,358;185,360;185,363;185,364;185,367;185,369;185,370;185,373;185,374;184,376;184,378;185,380;184,382;184,385;184,387;185,389;185,391;184,392;184,395;185,396;185,398;185,401;185,403;184,405;185,406;185,409;184,411;185,413;185,415;185,416;185,418;184,420;184,422;185,425;184,426;184,429;184,430;185,432;184,434;184,437;185,438;185,441;184,442;184,444;185,446;184,449;185,450;185,452;184,455;184,456;185,458;185,460;184,462;185,464;185,467;185,468;184,471;184,472;184,474;185,476;184,478;185,481;185,482;185,484;185,487;184,489;185,490;184,492;185,494;185,497;185,498;185,501;185,503;184,504;184,506;184,509;184,511
186,0;187,2;187,4;186,6;186,9;187,11;186,13;187,15;187,16;187,18;187,20;187,23;186,24;187,27;186,28;186,30;186,33;186,35;186,37;187,39;186,41;187,42;186,45;186,46;186,49;187,50;187,53;186,55;187,57;187,59;186,61;186,63;187,65;186,66;186,69;187,71;187,73;187,75;186,76;186,78;187,80;187,83;186,84;186,87;186,89;187,90;187,92;187,95;187,96;186,99;186,101;186,102;186,105;187,106;186,108;187,110;187,112;186,114;186,116;187,118;187,120;187,123;187,124;186,126;186,128;186,131;186,132;186,135;187,137;186,138;187,140;187,143;186,145;186,146;186,149;186,150;186,152;186,154;186,156;187,159;187,161;187,163;187,165;187,167;186,169;186,170;187,173;186,174;187,177;186,179;187,181;186,183;187,184;186,186;187,189;187,190;186,193;186,194;187,197;186,198;186,200;187,202;187,205;187,206;186,209;187,210;187,213;187,214;186,216;186,219;186,221;186,223;187,224;187,226;187,229;186,230;186,232;187,234;186,237;187,238;186,240;187,243;186,245;186,247;186,248;186,251;187,252;186,255;186,257;187,258;187,261;187,262;186,264;186,266;187,268;187,271;187,273;187,274;187,277;186,278;187,281;187,282;187,284;187,287;187,288;187,291;187,292;187,295;187,296;186,298;186,300;186,302;187,304;186,307;187,308;186,310;187,313;186,315;187,316;186,319;187,321;186,323;186,324;187,326;186,328;186,331;186,333;186,334;186,336;187,338;186,341;187,343;187,344;187,347;187,348;187,350;187,352;186,354;187,357;187,359;187,360;187,363;187,365;187,366;187,369;187,370;186,373;186,375;186,376;187,378;187,380;186,382;187,385;186,387;187,389;186,390;186,392;187,394;186,397;186,399;186,400;187,402;186,405;186,406;187,409;187,410;186,413;187,415;186,417;186,418;187,420;187,423;186,425;187,426;186,429;187,431;186,432;187,434;187,437;187,438;187,441;186,442;186,444;187,446;187,448;187,451;187,452;186,455;186,457;186,459;187,461;187,462;186,465;187,467;187,469;186,471;186,472;186,474;186,476;187,479;187,480;187,483;187,484;186,486;187,489;186,491;187,492;187,494;186,497;187,499;186,501;187,503;186,504;187,506;187,509;186,510
188,0;189,3;189,5;188,6;189,8;189,10;188,13;188,14;189,17;188,19;188,21;189,23;189,24;188,26;189,28;188,30;188,33;189,34;188,37;189,39;188,40;189,42;189,44;189,47;189,48;189,51;188,52;189,55;189,56;189,59;188,61;189,63;188,65;188,66;189,69;188,70;189,73;188,75;188,76;189,78;188,80;188,82;188,85;189,87;188,88;188,90;188,92;188,94;189,97;189,99;188,101;189,102;189,104;188,106;189,108;188,110;189,113;188,114;188,117;189,119;189,121;188,123;188,124;189,126;189,129;188,130;189,133;189,135;189,137;188,139;188,140;189,142;189,145;189,147;188,148;189,151;188,153;189,154;188,156;188,159;188,161;188,163;189,165;188,167;189,168;189,171;188,172;188,175;188,176;188,178;189,181;188,182;188,184;189,186;189,188;188,190;188,193;188,194;188,197;188,198;189,201;188,203;189,204;188,206;188,209;188,211;188,212;188,214;188,217;189,219;189,220;188,222;188,225;189,226;188,228;188,231;189,233;188,234;189,236;188,238;188,241;188,243;189,244;189,247;188,249;188,251;188,252;188,255;188,257;188,258;189,261;189,262;189,264;188,266;188,269;189,271;188,272;189,274;188,276;188,279;189,280;189,282;189,285;188,287;189,289;189,291;189,293;188,294;188,297;188,298;189,300;189,302;188,305;189,307;188,308;189,310;188,313;189,314;189,317;189,319;188,321;188,322;189,324;189,326;189,329;188,330;189,332;189,334;189,337;189,338;189,341;188,343;188,345;188,347;188,348;189,350;189,353;188,354;188,357;188,359;188,361;189,363;189,365;188,366;189,368;189,370;188,373;188,375;189,376;189,378;189,381;189,383;188,385;189,386;188,388;189,391;188,392;188,394;189,396;189,398;188,400;189,402;188,405;189,407;188,408;188,410;188,413;189,414;189,417;189,419;188,421;189,423;188,425;189,426;189,429;189,431;189,432;189,434;188,437;189,438;189,440;189,442;188,444;189,446;188,449;189,450;189,452;188,454;189,457;188,459;188,461;188,463;188,465;189,467;189,469;189,470;189,472;188,474;188,477;188,479;189,481;189,482;189,484;189,487;189,488;189,490;189,493;188,494;189,496;189,499;188,501;188,502;189,505;189,506;189,509;189,511
191,1;190,2;190,5;191,6;190,9;191,10;191,13;190,14;190,16;190,18;191,20;190,22;190,25;190,27;190,29;191,31;191,32;190,34;190,37;191,39;191,41;190,43;191,44;191,47;191,48;191,50;191,53;190,54;191,56;191,58;190,61;190,63;190,64;191,67;190,68;191,71;191,73;190,74;190,77;190,78;190,80;190,83;190,85;190,86;191,89;191,91;190,93;191,94;190,96;191,98;191,101;190,102;191,105;190,107;191,108;190,110;191,113;190,114;190,117;191,118;191,120;190,123;190,125;191,127;191,128;190,130;191,133;190,134;191,137;190,138;190,140;190,143;191,145;191,147;190,148;191,150;190,152;190,154;191,157;190,158;191,161;191,162;190,165;190,166;190,169;191,170;191,172;190,175;191,177;190,179;190,181;191,182;191,184;190,186;190,188;191,191;191,192;191,195;191,196;190,198;191,200;190,203;190,204;191,206;190,208;191,211;190,213;191,215;190,216;191,218;190,220;191,223;191,224;190,226;190,228;190,230;190,233;191,235;190,236;190,239;190,240;190,242;190,244;190,246;191,249;190,251;190,253;191,254;191,257;191,258;191,260;190,262;191,265;191,266;190,268;191,270;191,272;191,275;191,276;190,278;190,281;191,282;190,284;191,286;191,289;191,290;191,293;191,294;191,296;191,298;190,300;191,302;191,304;191,307;191,308;191,311;191,312;191,314;191,316;190,319;190,320;191,323;190,325;190,326;190,328;190,331;191,332;190,334;190,337;191,338;191,341;190,342;190,345;190,346;191,349;190,351;191,353;191,354;191,356;190,359;190,360;190,363;190,364;190,366;190,368;191,371;191,373;190,375;191,376;190,378;191,380;190,382;190,385;190,387;190,389;191,390;190,392;191,395;190,396;190,399;190,400;191,403;190,405;190,407;190,409;190,410;190,412;190,414;190,416;191,419;190,420;190,422;191,425;190,427;191,429;190,430;190,433;191,435;191,437;191,439;191,440;191,442;191,445;190,447;191,448;190,451;191,453;191,454;191,456;191,458;190,461;190,463;191,465;190,466;190,468;190,471;191,472;190,474;190,477;191,478;191,480;191,483;190,485;191,487;190,489;190,490;190,493;191,495;191,496;191,499;190,500;191,503;191,505;191,507;190,509;191,510
192,1;193,2;193,4;192,7;193,8;192,11;192,13;192,14;192,17;192,18;192,21;193,22;193,24;193,26;192,28;192,30;192,33;193,35;192,37;192,38;193,40;192,43;193,45;193,47;192,49;193,50;193,53;193,55;192,57;192,59;193,61;192,63;193,65;193,66;193,69;192,71;192,72;192,75;192,76;192,78;193,81;192,83;193,84;192,87;193,88;192,90;193,93;193,94;192,96;193,98;192,101;192,102;192,104;193,107;192,109;193,110;192,112;193,114;193,116;193,118;193,120;193,123;193,124;193,127;193,128;193,130;193,133;193,134;192,137;192,139;192,141;193,142;192,145;192,147;193,148;192,151;193,152;193,154;192,156;192,159;192,161;193,162;192,165;192,167;193,168;192,170;192,172;192,175;193,177;193,178;193,180;193,182;193,185;193,187;192,189;192,190;193,192;193,195;192,197;193,199;192,201;192,202;193,204;192,207;193,208;193,211;193,213;192,215;192,217;193,218;193,220;193,222;192,225;193,226;193,228;193,230;192,233;193,235;192,236;192,238;193,241;193,243;193,245;192,246;193,248;193,250;192,253;192,254;193,257;192,259;192,260;193,263;193,265;193,266;192,268;192,270;193,272;193,274;192,277;193,279;193,280;192,282;192,285;192,286;192,289;192,290;193,293;192,295;192,297;193,299;193,301;192,303;193,305;192,307;193,309;193,310;192,313;192,315;193,317;192,318;193,321;193,323;193,325;193,327;192,328;193,331;193,333;193,334;192,337;192,339;193,340;192,342;192,344;192,347;192,349;192,351;192,353;193,354;193,357;193,358;192,360;192,362;193,365;193,367;193,369;193,370;193,373;193,374;193,377;192,378;192,381;193,383;193,384;192,386;193,388;193,390;192,392;192,395;192,397;192,399;192,401;193,403;192,405;192,406;192,409;193,410;193,412;192,415;193,417;193,418;193,421;192,423;192,425;192,426;192,428;193,431;192,432;193,435;192,436;193,438;192,440;193,443;192,445;192,447;193,449;193,450;193,452;193,455;193,456;193,459;193,461;193,463;192,465;192,466;193,468;193,471;193,473;193,474;192,477;192,479;193,481;193,483;192,485;192,487;193,488;192,490;192,492;192,495;193,497;193,499;193,501;193,502;192,504;193,506;192,508;193,511
195,1;194,2;195,5;195,7;194,9;194,11;195,13;195,14;194,16;194,18;195,21;194,22;194,25;195,26;195,28;194,30;194,32;195,34;194,36;194,38;195,40;195,43;194,44;195,47;194,49;194,50;195,53;195,54;194,57;194,58;195,61;194,63;195,65;194,67;195,69;195,70;195,72;195,75;195,77;195,79;194,81;195,82;194,85;195,87;195,88;195,90;194,92;194,94;194,96;195,98;195,101;194,102;194,104;194,106;195,109;195,111;194,113;195,115;194,117;194,118;195,120;195,122;194,124;194,127;194,128;195,131;194,133;194,134;194,136;195,138;194,141;195,143;194,145;195,147;194,149;194,151;194,152;194,154;194,156;195,159;195,160;194,163;195,165;195,167;195,168;195,171;194,172;195,175;194,176;194,179;194,180;194,182;195,185;194,187;195,189;194,190;194,193;194,195;194,196;194,198;194,200;194,202;194,204;194,206;195,208;194,211;195,213;194,215;195,216;194,218;194,220;194,223;194,225;194,226;195,228;194,230;195,232;195,235;194,237;194,238;194,240;195,243;195,245;195,246;195,249;195,251;195,253;194,254;195,256;195,259;194,260;195,263;194,265;195,266;194,268;194,270;194,272;195,275;195,277;194,278;194,281;195,282;194,284;194,287;195,289;195,290;194,292;194,295;194,297;195,299;194,301;195,303;195,305;194,307;194,309;194,311;195,313;194,314;194,316;195,318;194,320;195,323;194,324;195,326;194,328;194,330;194,333;194,335;194,337;194,338;195,341;194,343;195,345;195,346;195,348;195,350;194,352;195,354;194,356;194,359;195,361;195,362;194,364;194,367;194,369;195,370;195,373;194,374;195,376;194,378;194,381;195,383;194,384;195,386;194,389;195,391;194,392;195,394;194,397;194,398;194,400;195,402;194,404;195,407;195,408;195,410;195,412;194,415;195,416;194,418;194,421;194,423;194,424;195,427;195,429;194,430;195,432;195,435;195,436;195,438;194,441;194,442;194,445;194,447;194,448;194,450;194,452;195,454;194,456;194,459;195,460;195,463;194,465;195,467;194,468;195,470;194,473;194,474;195,476;195,479;194,480;195,482;195,485;194,487;194,489;194,490;194,492;195,494;194,497;195,499;194,500;195,503;195,504;194,507;195,508;195,511
197,1;197,2;196,5;197,6;197,8;196,10;196,12;196,14;197,16;196,19;197,21;197,23;197,25;197,26;196,28;196,31;197,33;196,35;197,37;197,39;196,40;196,42;196,44;197,46;197,49;196,50;197,53;196,54;196,57;197,59;197,61;196,62;196,65;196,66;196,68;197,71;197,72;196,75;196,76;197,79;197,81;197,83;197,85;197,87;197,88;196,90;196,93;197,95;197,96;197,99;197,100;197,102;197,105;196,107;197,108;196,111;196,112;197,115;197,116;197,119;197,120;196,123;196,125;197,126;196,128;196,131;197,133;196,135;197,136;197,139;197,140;197,142;197,145;197,147;196,148;196,150;197,152;197,155;196,156;196,158;196,160;196,163;197,164;197,166;196,168;196,171;196,173;197,174;197,177;197,179;197,181;197,183;197,184;196,186;197,188;196,191;197,193;196,194;196,197;196,199;196,200;196,203;197,204;197,207;197,208;197,210;196,213;196,214;196,216;196,219;196,221;197,222;197,225;196,226;196,228;197,231;197,232;196,235;196,237;197,238;196,240;197,242;196,244;196,247;197,248;196,251;197,252;197,254;197,257;196,259;197,261;197,263;197,264;196,266;196,268;197,271;196,272;197,275;196,277;197,279;196,280;196,283;197,284;196,286;197,289;196,291;197,292;197,294;196,296;196,299;196,300;196,303;196,304;197,306;196,308;196,311;196,312;196,314;197,317;197,318;197,320;197,322;196,324;196,327;196,328;196,331;197,332;197,335;196,337;196,338;197,341;197,342;196,345;197,347;197,349;197,351;197,353;197,355;196,357;197,358;196,361;196,362;197,364;197,366;197,369;197,370;197,372;196,375;197,376;196,379;196,380;197,382;197,384;197,387;196,389;197,390;197,393;197,395;197,396;197,398;197,400;196,402;196,404;196,406;196,409;197,410;197,412;197,414;196,417;196,418;197,421;196,422;196,424;196,427;196,428;196,430;197,432;196,435;196,436;196,439;196,441;197,442;196,445;196,447;196,448;196,450;197,453;197,455;196,457;197,459;197,460;196,462;197,464;197,466;196,468;196,470;196,473;196,475;197,477;197,478;196,480;196,482;196,484;196,487;197,489;196,491;197,493;197,495;196,496;197,499;196,500;197,502;197,505;197,506;196,509;197,511
198,1;198,3;198,4;198,6;198,8;199,11;198,13;198,15;198,17;199,19;198,21;198,23;198,25;199,26;199,28;198,31;199,33;198,34;199,36;198,38;198,41;199,42;198,45;199,47;199,48;199,50;199,52;199,54;199,57;198,58;199,61;198,63;198,65;198,66;198,68;198,71;199,73;199,75;199,76;199,79;199,80;199,82;198,84;199,86;198,89;198,90;199,93;198,94;199,96;199,98;198,101;198,102;198,105;199,107;198,109;199,111;198,113;199,115;198,117;198,119;199,120;199,123;199,124;198,126;198,128;198,130;199,132;199,135;199,137;199,139;199,141;199,142;198,145;198,146;198,148;198,151;199,152;199,154;199,156;199,159;198,160;199,163;198,165;199,166;198,169;198,170;198,172;199,174;198,177;198,178;198,181;198,183;198,185;198,186;199,189;199,190;198,192;198,194;199,197;199,199;198,201;198,203;199,204;198,206;198,208;198,211;199,212;198,215;198,217;199,218;198,221;199,223;198,225;198,226;199,228;198,231;198,232;199,234;199,236;198,238;198,241;198,243;199,245;198,246;199,248;199,250;198,252;199,255;199,257;198,259;199,261;198,262;198,264;199,266;199,268;199,270;199,273;198,274;199,276;198,278;198,281;199,283;199,285;199,287;198,288;199,290;199,293;199,295;199,297;199,299;199,300;198,302;198,305;199,306;198,309;199,310;198,312;199,314;198,317;199,319;198,320;199,323;198,324;199,327;199,328;198,330;199,332;199,334;198,336;199,338;199,340;198,343;199,344;199,346;198,349;199,351;198,353;198,355;198,357;198,359;198,361;198,363;199,364;199,367;199,369;199,371;198,373;198,374;199,376;199,379;199,380;198,382;199,384;199,387;198,388;198,391;198,392;198,394;198,397;198,398;198,401;199,403;198,405;199,407;199,408;198,410;199,412;199,414;198,417;199,418;198,420;198,422;199,425;198,426;199,429;198,431;199,433;199,434;199,437;199,439;198,441;198,443;199,444;198,446;198,448;198,450;198,452;199,454;198,457;198,458;199,460;199,463;198,464;198,466;199,468;199,470;199,473;198,474;198,477;199,478;198,480;198,483;198,484;199,487;199,489;198,491;199,492;198,494;199,497;198,499;199,500;198,503;199,504;199,506;198,508;198,510
201,0;200,2;200,5;200,6;200,8;201,11;200,12;200,15;201,17;201,18;200,20;200,22;201,24;201,26;201,29;200,30;200,32;200,34;201,37;201,39;200,40;200,42;201,44;200,47;201,49;201,50;200,52;201,55;200,56;201,58;200,61;200,62;201,65;201,66;201,68;200,70;200,73;200,74;200,77;200,79;201,80;200,83;200,84;201,86;201,88;201,91;201,93;201,94;200,97;201,98;201,101;201,102;201,105;201,106;200,108;201,111;201,113;200,115;201,116;200,119;201,121;200,122;200,125;200,126;200,129;201,130;200,132;200,135;200,136;201,139;200,141;201,143;200,145;200,146;200,149;201,151;200,152;200,155;201,157;200,159;201,161;201,163;200,165;201,167;200,169;201,170;200,173;200,175;200,176;201,179;201,180;201,183;201,184;200,186;201,189;201,190;201,193;201,194;200,197;200,199;201,201;201,203;200,205;200,207;201,208;200,210;201,213;201,214;201,217;200,219;200,221;201,222;200,225;201,227;201,228;201,231;200,232;201,235;200,236;201,238;201,240;201,242;200,245;200,247;201,249;200,251;200,252;201,254;201,257;201,258;200,260;201,262;201,264;201,266;201,269;201,271;200,273;201,274;201,276;201,278;201,281;201,282;200,285;200,287;201,288;201,291;201,293;201,295;200,297;201,298;200,301;201,303;200,304;200,306;201,309;200,310;200,313;201,314;201,316;201,319;200,321;200,322;200,325;201,327;201,329;200,330;200,333;201,334;201,337;200,338;201,340;201,343;201,345;201,347;201,349;200,351;201,352;201,354;201,357;201,358;201,361;200,362;200,364;201,366;201,369;200,370;200,372;200,374;201,376;200,379;200,380;201,382;200,384;201,387;201,389;200,391;201,393;201,394;201,397;201,398;201,400;201,403;201,405;200,407;200,408;200,411;200,412;201,415;201,417;201,418;201,421;201,423;200,425;200,427;200,429;201,431;200,432;200,434;200,437;201,438;201,440;201,442;201,444;200,446;200,448;200,450;201,452;200,454;201,456;201,459;200,461;200,462;201,465;201,467;200,469;200,471;201,473;200,475;200,477;201,478;201,481;201,482;201,484;201,487;200,489;201,491;201,492;200,494;200,496;200,499;200,500;201,502;200,504;201,506;201,509;200,510
202,1;203,3;202,5;202,7;203,8;202,10;202,13;202,15;203,17;203,18;202,21;202,23;202,24;202,27;203,29;202,30;202,33;203,34;202,36;202,39;202,40;202,42;203,45;203,47;202,48;202,50;202,52;202,55;203,56;202,58;202,61;202,63;203,64;203,66;203,69;202,70;202,73;203,75;203,76;202,79;202,80;202,83;203,84;202,86;202,89;202,91;203,92;202,94;203,97;202,99;203,101;202,102;202,104;203,107;202,109;202,110;202,113;203,114;203,116;203,118;202,121;203,123;202,124;203,126;202,129;203,130;202,132;202,135;202,136;203,139;203,141;203,142;202,145;203,146;203,148;203,151;203,152;202,154;203,156;203,159;202,161;202,163;203,165;202,166;202,169;202,170;202,172;203,175;203,176;203,179;202,181;203,183;202,185;202,186;202,188;202,191;202,192;203,195;203,197;203,198;202,200;203,203;202,205;203,206;203,209;202,210;202,213;202,215;202,217;203,218;202,220;202,222;203,224;202,227;203,229;202,231;203,232;202,234;202,237;202,239;203,241;203,242;202,245;203,247;203,248;202,251;203,253;202,254;202,256;203,258;203,261;202,263;202,264;203,267;202,269;202,271;203,273;202,275;203,276;203,279;203,281;203,282;203,285;203,287;202,289;203,290;203,293;203,295;203,296;202,298;202,300;202,302;202,304;203,307;203,309;203,310;202,313;203,314;202,317;203,318;203,320;202,322;202,325;202,327;202,329;202,331;202,333;203,334;202,336;202,338;203,340;203,343;202,345;202,347;203,349;203,350;202,352;202,355;202,356;203,358;203,360;203,362;202,364;202,367;202,368;202,371;203,372;203,374;202,377;202,378;202,380;202,382;202,385;202,387;202,389;202,391;203,393;203,394;202,397;202,399;202,400;202,402;202,405;202,407;203,409;203,410;202,412;203,415;203,417;203,419;202,421;203,422;203,424;203,427;203,429;202,430;202,432;202,434;202,437;202,439;203,441;202,442;202,445;202,447;203,448;203,450;203,453;203,455;202,456;202,459;202,460;202,463;203,465;202,466;202,469;203,470;202,473;203,475;203,476;202,478;202,480;203,483;202,484;202,486;202,488;203,490;203,493;202,495;202,497;202,498;202,500;202,502;203,505;203,507;203,509;202,510
204,1;204,2;205,5;205,7;205,8;205,10;204,13;205,14;205,16;205,18;204,20;205,22;205,25;204,26;204,28;204,31;205,33;204,34;205,37;205,39;205,40;204,42;205,44;205,47;205,48;204,50;205,53;204,54;204,57;204,58;204,61;205,63;204,65;204,67;204,68;204,71;204,72;205,75;205,76;205,79;204,81;205,83;204,84;204,87;204,89;205,91;204,92;204,94;204,96;205,98;205,101;204,102;204,104;205,107;205,109;205,110;205,113;204,114;205,117;205,118;205,120;204,122;204,125;204,126;204,129;204,130;204,133;204,134;204,137;205,139;204,140;204,142;204,145;204,147;205,149;205,151;204,153;205,154;204,156;204,159;204,161;205,162;204,165;204,167;204,169;205,170;204,172;204,174;205,176;204,178;205,180;204,183;204,184;205,186;205,188;204,191;205,193;205,195;204,197;204,199;205,200;205,202;204,205;204,206;204,208;204,211;205,212;205,214;204,216;204,219;204,221;205,222;204,224;204,227;204,228;205,231;205,232;205,235;205,237;204,239;205,241;204,243;204,245;205,247;205,248;205,250;204,253;204,255;204,256;204,259;205,261;205,262;205,264;205,266;205,268;204,271;204,272;204,275;205,277;205,278;205,281;204,283;204,285;205,287;205,289;204,291;204,292;204,294;204,296;205,299;204,301;204,303;205,305;204,306;205,308;204,311;204,312;205,314;205,316;205,318;205,321;205,323;205,325;204,326;205,329;204,331;205,333;204,334;205,336;204,338;205,340;205,342;204,345;204,347;205,349;204,350;205,352;204,355;204,357;205,359;204,360;205,362;205,364;204,366;204,368;205,371;205,372;204,374;205,376;204,378;205,381;204,383;205,385;205,387;205,389;205,390;204,392;204,394;204,397;204,399;204,400;205,402;205,405;205,406;204,409;205,411;205,413;204,415;204,417;204,419;204,420;205,423;204,424;204,427;205,429;205,430;205,432;205,435;205,437;204,439;204,441;205,442;204,444;205,446;204,448;205,450;205,453;204,455;205,456;205,458;205,460;205,462;204,465;204,466;204,469;205,470;205,472;204,474;204,476;205,478;205,481;204,482;205,484;204,486;204,489;205,490;205,492;204,495;204,497;204,499;205,500;205,503;204,504;205,506;205,508;204,510
207,0;206,3;207,4;207,7;207,8;206,11;207,12;206,14;206,16;207,19;207,20;207,22;207,24;207,26;207,29;207,30;207,33;207,34;206,37;206,39;207,41;206,42;206,45;207,46;207,49;207,50;206,53;207,54;206,56;207,58;207,61;206,63;206,65;206,66;206,68;207,71;207,72;206,75;207,77;206,78;206,80;207,83;206,84;206,86;207,89;206,90;206,93;206,95;206,96;206,98;207,101;207,103;207,104;206,106;206,108;206,110;206,113;207,114;207,116;207,119;207,120;207,122;207,124;207,126;206,128;206,130;207,132;207,135;206,137;206,139;207,141;207,142;206,144;206,147;206,148;207,150;206,152;206,155;207,157;207,159;206,160;207,163;207,165;206,167;207,169;207,171;206,172;206,174;206,177;207,178;207,181;207,183;206,184;206,187;207,188;206,191;207,193;206,195;206,196;207,199;207,200;206,203;207,205;206,206;206,208;207,211;206,213;207,215;207,217;206,218;206,220;207,223;206,224;207,226;207,228;207,230;206,232;207,235;207,237;207,239;207,241;206,243;206,244;206,246;206,249;206,250;206,253;206,254;206,256;207,259;206,260;207,262;207,264;207,266;206,268;206,270;207,273;206,275;207,277;207,279;206,280;207,283;206,285;207,287;206,288;206,290;207,293;206,294;206,297;207,299;206,300;207,303;207,304;207,307;207,309;206,310;207,313;207,314;207,317;206,319;206,321;207,322;207,325;207,326;206,329;207,330;207,333;206,335;207,336;206,338;206,341;206,342;207,344;207,346;206,348;206,351;207,353;207,354;207,357;206,358;207,361;206,363;207,365;206,366;206,368;207,370;206,372;207,375;206,377;206,379;207,380;206,383;207,385;207,386;207,388;207,391;206,392;206,395;207,396;207,399;207,400;207,402;207,405;206,407;206,409;207,410;206,413;207,415;206,416;206,418;207,421;206,422;206,424;207,426;206,428;207,430;206,433;207,434;207,437;206,438;206,440;206,442;206,444;207,446;207,448;206,451;207,452;207,454;207,456;206,458;207,460;207,462;206,465;207,466;207,468;207,470;207,473;207,475;207,476;207,479;207,480;207,482;206,485;206,487;207,489;207,491;207,493;207,494;206,496;207,498;206,500;206,503;206,505;206,506;207,509;206,511
208,0;208,3;208,5;209,6;209,8;208,11;209,13;208,15;209,17;208,19;208,20;208,23;209,25;208,26;208,29;209,30;208,32;208,35;208,36;208,38;208,41;208,42;208,45;209,46;209,49;208,51;209,52;208,54;208,57;209,59;208,60;209,63;209,65;209,67;209,68;209,71;208,73;208,74;208,76;208,78;208,81;208,83;208,85;208,87;208,89;209,90;208,92;209,95;208,97;208,98;208,100;208,103;208,104;208,107;208,109;208,111;208,113;208,114;209,116;208,118;209,120;208,122;209,125;208,126;208,128;208,131;208,132;209,134;208,136;208,138;208,141;209,143;208,145;208,147;209,149;209,151;208,152;208,154;208,156;208,158;208,160;208,162;209,165;208,166;209,168;209,171;209,173;209,174;208,176;209,178;209,180;208,182;209,184;209,187;208,188;208,190;208,192;208,194;208,197;209,198;209,200;209,203;209,204;208,206;208,209;208,210;209,212;209,214;209,217;208,219;208,220;208,222;208,224;208,226;208,228;209,231;209,233;208,234;208,236;208,239;208,241;209,242;208,245;208,246;208,248;208,250;209,252;209,254;209,256;209,259;209,261;208,263;209,265;208,266;208,269;209,270;208,273;209,275;208,276;208,278;208,281;208,282;209,285;208,286;209,289;209,291;208,292;209,295;209,296;208,299;209,300;208,303;209,305;208,306;209,309;208,311;209,313;208,314;209,317;208,319;209,320;208,323;208,324;208,326;209,329;208,330;209,332;208,335;208,337;209,339;209,340;208,342;208,345;209,347;208,349;209,350;209,352;209,354;208,357;209,358;208,361;209,363;209,364;209,366;208,369;208,370;208,372;208,374;209,376;208,378;209,380;208,383;209,385;209,386;209,388;209,391;208,393;209,394;209,396;209,398;209,400;209,403;208,404;208,407;209,408;208,410;208,412;208,414;209,417;208,418;208,421;208,423;209,424;208,426;208,428;208,430;208,433;209,434;209,436;209,438;209,441;209,442;208,444;209,447;209,448;209,451;209,452;209,454;209,457;209,458;209,460;209,463;208,465;209,466;209,469;209,471;208,472;208,475;209,477;209,478;209,480;209,483;208,484;208,486;208,489;208,491;208,493;208,494;209,497;208,498;209,500;209,502;208,504;208,506;208,509;209,510
211,1;211,3;211,5;210,7;211,8;211,10;210,13;210,14;211,16;211,19;211,21;210,22;210,24;210,27;210,29;210,30;211,32;211,35;210,36;210,39;210,41;211,42;211,45;211,46;210,48;210,50;211,53;210,54;211,56;210,58;210,61;210,63;211,65;211,66;211,68;210,71;211,72;211,74;211,76;210,78;210,80;210,82;210,85;210,86;211,89;210,90;211,92;211,95;210,97;211,99;210,101;211,102;210,104;210,106;211,108;210,110;210,112;210,114;210,117;211,118;210,120;211,122;211,125;211,127;210,128;210,131;211,132;211,134;210,136;210,138;210,140;210,142;211,144;211,146;210,149;210,150;210,152;211,154;211,157;211,159;210,160;210,162;210,164;210,166;210,169;211,170;210,172;211,174;211,176;210,179;210,180;210,183;210,185;210,187;210,188;210,190;211,193;211,195;211,197;210,198;210,201;211,203;211,205;211,206;211,209;211,210;211,213;211,215;211,217;210,218;211,220;210,222;210,225;211,227;211,228;211,230;210,233;210,235;211,237;211,239;210,240;210,242;211,245;211,247;210,249;210,251;210,253;211,254;211,256;211,258;211,261;211,263;211,265;210,266;211,269;211,270;211,273;211,275;210,277;211,279;211,281;210,283;211,285;211,287;210,288;211,290;210,293;210,295;210,297;210,299;211,300;211,303;211,305;211,307;211,308;211,310;210,312;210,315;210,316;211,319;210,321;211,322;210,325;210,327;210,328;210,331;210,332;211,334;211,337;211,339;210,340;211,342;210,344;210,347;210,348;210,351;211,352;210,355;211,356;210,358;210,360;211,363;210,364;211,366;210,368;210,370;210,372;210,375;210,376;211,379;211,381;211,383;210,385;210,386;211,389;210,390;211,392;211,395;211,397;211,399;210,401;210,403;211,404;210,406;211,408;210,410;210,412;211,415;210,417;211,418;210,421;210,423;210,425;210,426;211,429;210,430;211,432;211,435;211,436;211,438;210,441;210,442;211,445;211,447;211,448;211,450;210,452;210,454;210,456;211,459;210,460;210,463;211,464;210,466;211,468;211,470;211,472;210,474;211,477;211,478;211,481;210,482;211,484;211,487;211,488;211,491;210,492;211,494;210,496;211,498;210,501;210,502;211,504;210,507;211,508;211,510
212,0;213,3;212,5;212,7;213,8;212,10;213,12;213,15;212,16;212,19;212,20;213,23;212,25;212,26;213,28;212,30;212,32;213,35;212,37;212,39;212,40;212,42;212,44;213,46;212,48;212,50;212,52;213,54;213,57;213,59;213,61;212,63;213,65;212,66;212,68;212,71;212,72;213,75;212,76;213,78;212,80;212,82;212,85;213,86;212,89;212,90;212,93;212,95;212,96;213,99;213,101;213,102;213,105;212,107;213,108;213,111;213,113;212,115;212,117;212,118;213,121;212,122;212,125;212,126;212,128;212,130;212,132;213,134;212,137;213,139;213,140;213,142;213,144;213,146;213,149;213,151;212,153;213,155;212,157;213,159;212,160;213,162;213,165;213,166;212,169;212,170;212,172;212,175;212,177;212,179;212,180;213,182;213,185;213,186;212,189;213,191;213,192;212,194;212,196;212,198;213,201;213,202;213,204;212,206;212,209;213,210;212,212;212,214;213,217;213,218;213,220;213,223;213,225;212,226;213,229;212,231;213,232;213,234;212,236;212,239;212,240;213,243;213,244;212,247;213,248;213,251;212,252;213,255;213,257;212,259;213,260;212,262;212,265;213,267;213,269;212,271;213,272;212,274;212,277;213,278;213,281;213,282;213,285;213,286;212,288;213,291;212,292;212,294;212,297;213,298;213,300;213,303;213,304;212,307;213,308;212,310;212,313;212,315;212,316;213,318;213,320;212,322;213,324;212,327;213,329;213,330;212,333;212,335;212,337;212,338;212,341;213,342;212,344;212,347;212,349;212,350;212,353;213,354;212,356;213,359;212,360;212,362;213,364;213,367;213,368;213,370;212,373;212,375;213,377;213,379;213,380;213,382;213,385;212,386;212,389;212,390;213,393;212,394;212,397;212,399;212,401;213,403;212,404;213,407;213,409;212,410;212,413;213,414;213,417;213,418;212,421;212,422;213,424;212,426;213,429;213,430;213,432;213,434;213,436;213,439;212,441;213,443;213,444;213,446;212,448;212,451;213,453;213,455;212,456;212,459;213,461;212,462;212,465;212,467;213,469;212,471;213,472;213,474;212,476;213,479;212,481;213,483;212,484;212,487;213,488;213,490;212,492;212,495;212,497;212,499;213,500;213,503;213,504;213,507;212,509;212,511
214,0;215,2;214,4;214,6;215,8;214,11;214,13;215,14;215,16;214,19;214,21;215,22;215,24;214,27;215,29;215,30;215,33;214,35;214,36;214,38;215,41;214,43;214,44;214,47;215,48;214,51;214,53;215,54;214,57;214,58;215,61;214,63;214,65;214,66;215,68;215,71;214,73;214,75;214,76;214,79;214,80;215,82;215,85;215,87;215,88;214,90;214,92;214,94;215,96;214,99;214,101;214,102;215,105;214,107;214,108;215,110;214,113;214,115;214,116;214,119;214,121;214,122;214,125;215,127;214,129;214,131;214,132;215,135;214,136;214,138;215,141;214,143;214,144;215,147;215,148;214,151;214,152;215,155;215,156;214,159;215,161;215,162;215,164;214,166;214,168;215,170;215,172;214,174;214,177;215,178;215,180;215,183;214,185;214,187;215,188;214,191;215,193;215,194;215,196;215,199;215,201;214,202;214,205;214,207;214,208;214,211;214,212;215,215;215,217;215,218;214,221;214,222;215,224;215,227;215,228;215,230;214,232;214,234;214,236;215,238;214,240;214,243;214,245;214,246;214,249;214,251;215,253;214,254;215,256;214,258;214,261;215,263;215,265;215,266;215,268;214,271;215,272;214,274;215,277;214,279;214,280;214,283;215,284;215,286;215,289;214,291;215,292;215,294;214,296;215,299;214,300;214,303;214,305;214,307;215,308;214,310;214,312;215,315;215,316;214,319;214,321;214,322;214,325;214,326;215,328;215,330;215,333;215,334;214,337;214,338;215,340;214,343;214,344;215,347;215,348;215,351;215,352;214,355;215,356;214,358;215,360;215,363;215,365;214,367;214,369;214,370;215,373;214,375;215,376;214,379;214,380;214,382;214,384;214,387;214,389;214,391;215,393;215,394;215,397;215,398;215,401;214,402;214,404;215,407;214,409;214,410;214,412;215,415;215,417;214,419;215,421;215,423;214,425;215,427;214,428;214,430;215,432;214,434;214,436;215,438;215,440;214,443;215,445;215,447;215,448;214,451;215,453;215,454;215,456;214,458;214,461;214,463;215,464;214,467;214,469;214,470;215,472;214,475;214,476;215,479;215,480;215,483;215,484;214,487;215,489;214,491;215,492;214,495;214,497;215,499;215,500;214,502;215,504;215,506;215,508;215,511
216,0;216,2;216,5;217,6;217,9;216,11;216,13;217,14;217,17;216,19;216,21;217,23;217,25;217,26;216,29;216,31;216,33;217,34;217,36;217,39;216,41;216,43;217,45;217,46;216,48;217,51;216,53;216,54;216,57;217,59;217,61;216,63;217,65;216,66;217,68;217,70;216,73;217,74;216,77;217,79;216,81;217,82;217,85;216,86;217,89;217,91;216,92;217,95;216,97;216,99;217,101;217,102;217,104;216,106;216,109;216,111;217,113;216,115;217,116;217,119;216,121;217,122;216,124;216,127;216,129;216,130;216,132;217,134;217,136;216,139;216,140;216,143;216,144;216,146;216,148;216,151;216,152;216,154;216,157;216,158;217,161;217,163;216,164;217,166;217,169;216,170;217,172;217,174;217,176;216,179;216,181;217,182;216,185;217,186;216,188;216,191;217,192;217,195;216,197;217,199;216,201;217,203;217,204;216,206;216,209;217,210;217,213;217,214;217,217;217,219;216,220;216,222;216,225;217,227;217,228;216,231;216,233;217,235;216,236;216,239;216,241;217,243;217,244;216,247;216,249;216,250;217,253;216,254;216,256;216,258;217,260;217,262;217,264;216,267;216,269;216,270;217,273;217,274;216,277;216,278;216,281;217,282;216,285;216,287;216,288;217,291;216,293;216,295;216,296;217,299;217,300;217,302;216,304;216,306;216,309;216,310;216,312;217,315;216,316;216,319;217,320;217,323;217,325;216,327;217,329;217,331;216,332;216,334;217,337;217,338;217,340;217,342;217,345;217,346;216,349;216,350;216,352;217,354;216,356;216,359;216,361;217,363;216,364;216,367;217,368;217,371;217,373;217,374;217,376;216,379;216,381;216,382;216,385;216,386;216,388;216,391;217,393;217,395;216,397;217,399;216,400;216,403;216,405;217,406;217,409;217,410;217,412;216,415;216,416;217,418;216,421;217,423;216,424;217,427;216,428;217,431;216,433;216,435;217,436;217,439;217,440;217,442;216,445;216,446;217,449;216,451;216,452;216,454;216,456;217,458;217,461;216,462;216,464;217,467;217,469;217,471;217,473;216,474;217,476;217,479;217,481;216,482;217,484;217,487;216,488;217,491;216,492;217,494;217,496;217,499;217,501;217,503;217,504;217,506;216,508;217,511
218,1;219,3;219,4;219,7;219,8;219,10;219,13;219,14;219,16;218,18;218,20;218,22;219,25;218,26;219,29;219,31;219,32;219,34;219,36;219,39;219,40;218,43;218,45;219,47;219,49;218,50;219,52;218,54;219,57;218,59;218,61;219,63;219,64;218,66;218,68;218,71;219,73;218,74;219,77;218,79;219,80;218,82;218,84;219,86;219,88;218,90;219,92;219,94;218,97;218,99;218,101;218,103;218,104;218,106;219,109;218,111;219,112;219,114;219,116;218,119;218,120;218,123;218,125;219,126;218,129;218,130;219,133;218,135;218,136;219,139;219,140;218,143;219,144;218,146;218,149;219,151;218,153;219,154;218,157;218,159;219,160;218,163;218,164;219,167;219,169;219,171;219,173;219,175;218,177;218,179;218,181;218,182;218,185;219,187;218,189;218,190;218,193;218,194;218,196;218,199;219,201;218,203;219,205;219,207;218,208;219,211;219,212;218,214;218,216;219,219;218,220;218,222;219,224;218,227;219,229;218,231;218,232;218,235;218,236;218,238;218,240;219,242;219,245;219,247;218,248;218,250;218,252;218,255;218,257;218,259;219,261;218,262;218,265;219,267;218,268;218,271;219,272;219,274;219,276;219,279;219,280;218,282;219,284;218,287;219,288;218,290;218,292;218,294;219,296;218,298;218,300;218,302;218,305;218,307;218,309;218,311;219,312;218,315;218,316;219,318;218,320;218,322;218,325;219,327;218,328;218,331;218,333;218,334;219,337;219,338;218,340;219,343;219,344;219,346;218,348;218,350;219,352;219,354;218,357;218,358;219,360;218,362;219,364;219,367;219,368;219,371;218,373;218,375;218,377;219,378;218,380;218,383;219,385;218,386;219,389;219,391;218,392;218,395;219,397;219,398;218,400;218,402;219,404;219,406;218,408;218,410;218,413;219,414;219,417;219,418;219,420;218,423;219,424;219,427;218,429;218,431;218,432;219,434;218,436;219,439;218,441;218,442;219,445;219,447;219,448;218,451;219,452;218,455;219,457;218,458;219,460;218,463;219,465;219,466;219,469;219,471;219,472;219,474;218,476;218,479;218,480;219,482;218,485;218,487;218,488;218,491;218,492;219,494;219,497;218,498;218,501;218,503;218,505;219,506;219,508;218,510
220,1;220,2;221,4;220,6;220,9;220,11;221,13;220,15;221,16;220,18;221,21;220,23;220,25;221,26;221,28;221,31;221,33;221,34;221,37;221,38;220,40;221,43;220,45;221,46;220,48;221,51;220,52;220,54;221,56;220,58;220,61;220,63;220,65;220,66;221,68;221,71;221,72;221,75;220,76;221,79;220,80;221,82;221,84;221,86;220,89;221,91;220,92;221,94;221,97;220,99;220,101;221,102;221,105;220,107;221,108;220,111;221,113;221,115;221,116;220,119;220,121;220,122;220,125;220,127;220,129;221,130;220,133;220,135;220,137;221,138;221,141;220,142;220,145;221,147;221,148;221,150;221,153;220,155;220,156;220,158;220,161;221,163;221,165;221,166;220,169;220,171;221,173;221,174;220,176;221,179;221,181;220,182;220,185;220,186;220,189;221,190;221,193;221,195;220,197;220,198;220,201;220,202;220,204;221,207;220,208;220,210;221,213;221,215;221,217;221,219;221,221;220,223;221,224;220,226;221,228;221,231;221,232;220,234;220,236;220,238;221,241;220,242;220,245;220,247;220,248;221,250;220,252;220,254;221,257;220,259;221,261;220,262;221,264;221,267;221,268;221,270;221,273;221,274;221,276;221,278;220,280;220,282;221,285;221,286;221,289;221,290;220,292;221,295;220,297;221,298;221,300;221,302;221,304;220,307;220,309;220,311;221,312;220,314;220,317;220,318;220,320;221,323;221,324;220,327;221,329;221,331;221,332;221,335;220,336;220,339;220,341;220,342;221,345;220,347;220,349;221,351;220,352;221,355;220,357;221,359;221,361;220,362;221,365;221,367;221,368;221,371;221,372;221,374;220,377;220,379;221,381;220,382;220,384;221,386;221,388;220,391;220,393;220,394;221,397;220,399;221,400;221,403;221,405;220,407;221,409;221,411;221,413;221,415;220,416;220,419;221,420;220,423;220,424;221,427;220,429;220,431;220,433;220,435;220,436;221,438;221,441;220,443;220,444;220,446;221,448;220,450;221,453;220,454;221,456;221,459;220,461;220,463;220,464;220,467;220,469;220,471;220,472;221,475;221,477;220,479;220,480;220,482;220,484;221,487;220,489;221,490;220,493;221,494;220,496;220,499;221,500;221,502;221,505;221,506;221,508;221,511
222,1;223,3;222,5;223,7;222,9;223,10;223,12;223,14;222,17;222,18;223,21;222,23;223,24;222,27;223,28;223,30;223,33;223,34;223,36;223,38;223,40;222,42;222,45;223,47;223,48;222,50;223,53;222,54;222,57;223,59;223,61;223,63;223,65;223,66;223,68;223,70;222,72;223,74;223,76;222,79;222,80;222,83;222,84;223,87;222,89;222,91;223,92;222,94;223,97;223,98;223,101;223,102;223,105;223,106;222,108;223,111;223,113;223,115;222,116;222,118;222,120;223,122;222,125;222,126;222,129;223,130;223,132;223,134;222,136;223,138;223,140;222,143;222,145;223,147;222,148;222,150;222,152;223,155;222,157;222,159;223,161;222,163;223,165;222,167;223,168;222,171;222,172;222,174;222,177;222,178;222,181;222,182;222,185;222,186;223,189;222,190;223,192;222,194;223,197;223,199;222,200;222,202;223,204;222,206;222,208;223,211;223,212;222,214;222,216;223,218;222,221;223,222;223,225;223,226;222,229;223,231;223,233;223,235;223,236;222,238;223,240;222,243;222,244;222,246;223,248;222,250;222,253;223,255;223,256;222,258;223,260;223,263;222,265;223,266;223,268;222,271;223,273;222,275;222,277;223,278;222,281;222,282;223,284;223,287;223,289;222,291;223,293;223,294;222,296;223,299;223,300;222,302;222,304;222,306;222,308;222,311;223,313;223,314;222,316;222,319;223,321;223,322;222,324;222,326;223,329;223,330;222,332;223,335;222,337;222,338;222,341;222,342;222,344;223,347;223,349;222,350;222,352;222,355;223,356;222,358;223,360;223,363;222,365;223,367;223,369;223,371;223,373;223,374;223,377;222,378;223,380;223,382;222,384;223,387;222,388;223,390;223,392;222,394;222,397;223,399;222,401;223,402;223,405;222,406;223,409;222,410;223,412;223,414;222,416;223,418;223,420;222,423;223,425;223,426;222,428;222,430;223,433;223,435;223,437;223,438;222,440;223,442;222,444;222,447;223,449;223,450;223,452;222,454;222,457;223,458;222,461;222,463;222,465;222,466;222,468;222,470;222,473;222,475;222,477;222,478;223,480;222,483;222,484;222,487;223,488;222,490;223,492;222,494;223,497;222,498;222,500;223,502;222,504;223,506;222,509;222,510
224,0;225,3;224,5;225,6;225,9;224,11;225,13;224,15;225,16;224,19;225,21;224,23;225,25;225,27;224,29;224,31;225,33;225,34;224,37;224,38;225,41;224,42;225,45;224,46;225,49;225,50;225,52;225,54;225,56;225,59;225,61;225,63;225,64;225,67;224,68;225,70;224,73;224,75;224,76;225,79;224,81;225,83;224,84;224,87;225,89;225,91;224,92;224,94;225,97;224,98;224,101;224,102;224,104;224,107;224,109;224,111;224,113;224,115;225,117;224,119;225,121;224,122;224,124;224,126;224,129;225,131;225,133;225,134;225,137;225,138;225,141;225,143;224,145;225,146;224,148;225,151;224,153;224,155;225,156;225,159;225,161;224,163;224,165;225,167;225,168;224,170;224,172;224,174;225,177;225,178;225,181;224,182;225,184;224,186;225,189;224,190;224,192;224,195;224,196;224,198;225,200;224,203;224,205;224,207;225,209;225,211;225,212;225,215;225,217;225,218;224,220;225,223;225,224;224,227;224,228;225,231;225,233;224,235;225,237;224,239;224,241;225,243;225,245;225,246;225,249;225,250;224,252;224,254;225,256;225,258;224,260;225,263;225,264;224,266;224,269;225,270;224,273;225,274;224,277;224,279;224,281;225,283;225,285;224,286;224,288;224,291;225,292;225,294;224,296;224,298;225,301;224,302;224,305;225,306;225,308;224,310;225,313;225,315;224,316;224,319;225,320;225,322;224,324;224,327;225,329;224,330;225,332;225,335;225,336;224,339;225,340;224,342;224,344;225,346;225,349;224,351;224,352;224,354;225,357;224,359;225,360;225,362;224,364;225,367;224,369;225,370;225,372;225,374;225,377;225,378;224,380;224,383;224,384;225,386;225,388;224,391;224,393;225,394;225,397;224,399;225,401;224,403;225,405;224,406;224,408;225,410;224,412;225,415;225,416;224,419;224,421;225,423;225,424;224,427;224,428;224,430;225,432;224,435;224,437;224,438;225,440;225,443;225,445;224,447;224,449;224,450;225,452;224,455;224,456;225,458;225,461;225,463;225,464;225,466;224,469;224,471;225,473;225,474;225,477;224,478;225,480;224,482;225,485;224,486;224,489;224,491;225,492;224,494;224,497;225,498;225,501;224,502;224,505;224,507;225,509;224,510
227,1;226,2;227,4;226,7;227,9;226,10;227,13;226,15;227,17;226,19;226,21;226,22;226,25;226,27;227,28;226,30;227,32;226,35;227,37;227,39;227,41;227,43;226,45;226,47;226,49;226,50;226,52;227,55;226,57;227,59;226,61;226,62;226,65;226,67;227,68;226,71;227,73;226,74;227,76;226,78;226,80;226,83;226,85;226,86;226,89;226,91;226,93;227,94;227,97;226,98;227,101;226,102;227,105;226,106;227,108;226,110;226,113;227,115;226,116;227,118;226,120;227,122;227,124;226,126;226,129;227,130;227,133;227,135;226,136;227,139;226,140;226,143;227,145;227,146;226,149;226,151;227,153;226,155;227,157;226,158;227,161;227,162;226,165;227,167;226,169;227,170;226,173;227,174;227,177;226,178;227,180;227,182;226,184;226,186;227,188;227,190;227,193;226,195;227,196;227,198;226,201;227,203;226,204;226,207;227,209;227,210;227,212;226,214;227,217;227,219;226,221;227,223;227,224;227,226;227,229;227,231;227,233;227,234;227,236;227,239;226,240;226,243;226,244;226,246;226,249;227,250;227,253;227,254;227,256;227,258;226,261;226,262;226,265;226,266;226,269;227,270;226,273;227,275;226,276;227,279;227,280;226,282;227,285;227,287;226,288;226,290;227,293;227,294;227,296;227,299;226,301;226,302;227,305;226,307;226,308;226,311;227,313;226,315;226,317;226,319;226,320;226,322;227,325;226,327;227,328;226,331;226,333;226,335;226,337;227,338;227,340;227,342;226,345;227,347;227,348;227,350;226,353;226,354;226,357;226,359;227,361;226,363;226,365;227,367;226,369;226,370;226,373;226,375;227,377;227,379;226,381;226,383;226,384;226,387;226,388;226,391;227,393;227,394;227,396;226,398;226,401;226,403;226,405;226,406;226,408;227,411;226,413;226,415;226,417;226,418;226,421;226,422;226,424;226,426;227,428;227,430;227,433;227,434;227,436;226,438;227,440;227,443;226,444;227,446;226,448;227,451;227,452;227,455;226,456;227,458;227,461;226,463;227,465;226,466;226,469;226,471;227,473;227,475;227,476;226,478;226,481;226,483;226,485;226,486;227,488;227,490;227,493;227,494;227,496;227,499;227,501;226,503;227,505;226,507;227,508;227,511
228,0;229,2;228,4;228,6;229,9;229,10;228,12;228,14;229,16;229,18;228,21;229,23;229,25;228,27;229,28;228,30;229,32;228,35;228,36;229,38;229,40;229,43;228,44;228,47;229,48;229,51;229,52;229,55;228,56;229,59;228,61;229,63;228,65;229,66;228,69;228,71;228,73;228,75;229,76;229,79;229,81;229,83;228,85;229,86;228,89;228,91;229,92;229,95;229,96;229,99;228,101;228,102;228,104;228,106;229,109;228,110;229,113;229,115;228,117;228,118;228,121;228,123;229,125;229,126;228,128;229,131;229,132;229,134;228,137;228,138;228,140;228,142;229,145;228,147;229,148;228,150;228,153;228,155;229,156;229,158;228,161;228,162;229,165;228,166;228,169;229,170;229,172;229,174;228,177;228,179;228,180;229,182;228,184;229,187;228,189;228,191;228,193;229,195;228,197;229,199;228,200;228,203;229,204;228,207;228,209;228,210;228,212;229,215;229,217;229,218;229,220;228,222;228,225;229,226;228,229;229,231;228,232;229,234;228,236;229,238;228,240;228,243;228,245;229,246;228,249;229,251;229,253;228,254;229,257;229,258;228,260;229,263;229,265;229,266;228,268;228,271;229,272;229,274;228,276;229,279;228,281;228,282;229,284;228,286;229,289;229,290;228,292;228,294;228,297;228,299;229,300;228,303;228,304;228,306;229,309;229,310;228,312;229,315;228,316;229,319;228,321;229,322;228,325;229,326;228,328;229,330;229,332;228,334;229,336;228,338;228,340;228,343;228,345;229,347;229,349;228,351;228,353;228,354;229,356;228,358;228,361;228,363;228,365;229,367;229,369;229,371;229,373;229,374;229,376;229,378;228,380;229,382;229,385;228,386;229,388;228,390;228,392;229,394;228,396;229,398;228,400;229,403;229,405;228,406;229,409;229,410;229,413;228,415;229,417;229,418;229,420;229,423;229,424;228,427;229,428;229,431;228,433;229,434;228,436;228,438;228,440;228,443;228,445;228,446;228,449;228,451;229,452;228,454;228,456;228,459;229,460;228,462;229,464;228,466;228,468;229,470;229,473;228,474;229,476;228,478;229,480;228,483;229,485;228,486;228,488;228,490;229,493;229,494;229,497;229,499;228,501;229,502;229,505;229,507;228,508;228,510
230,0;231,2;230,5;231,7;231,8;230,10;231,13;231,15;231,16;230,18;230,21;230,23;230,24;231,27;230,28;231,30;230,32;231,35;231,37;230,38;231,40;231,42;230,45;230,46;230,49;231,50;231,52;230,55;230,57;231,59;230,61;231,63;230,65;231,66;231,68;231,70;231,72;230,75;231,76;231,79;231,80;230,83;231,85;231,87;231,89;230,91;230,93;230,94;231,97;231,99;231,101;231,102;230,105;231,106;231,108;231,111;230,113;231,114;230,117;231,118;230,121;231,122;230,124;231,127;231,128;230,131;230,133;230,135;230,137;230,139;230,141;231,143;230,144;230,147;230,149;230,150;231,152;231,154;231,157;231,159;231,161;231,162;231,165;230,167;230,169;230,170;230,172;231,174;230,177;230,178;231,180;230,182;231,184;231,186;230,188;230,190;231,192;231,195;231,197;230,198;230,201;231,203;230,205;230,207;230,209;231,210;230,212;230,214;230,217;230,218;230,221;231,222;230,225;231,227;230,229;231,230;231,232;230,234;231,236;231,238;231,240;231,243;231,245;231,246;231,249;231,250;231,252;230,255;230,257;230,259;230,261;230,263;231,265;231,266;231,269;231,270;231,272;230,274;231,276;230,278;230,281;230,283;231,284;231,287;231,289;230,291;231,292;231,295;230,297;230,299;231,300;231,303;230,304;230,306;231,308;231,310;231,312;231,314;230,316;230,319;230,320;230,322;230,325;231,327;230,329;230,330;231,333;231,334;231,336;230,339;230,340;231,342;230,344;230,347;231,348;231,351;230,352;231,354;230,357;230,359;230,361;231,362;231,365;230,367;231,369;230,370;230,373;230,374;231,376;230,379;230,380;231,383;230,385;230,386;231,388;231,391;231,393;230,394;231,397;231,398;230,401;230,402;231,405;230,406;230,408;230,410;230,413;231,415;231,417;230,419;231,421;230,422;230,424;231,426;230,428;230,430;231,433;231,435;231,436;230,439;230,440;230,443;231,445;230,446;230,448;230,451;231,452;231,455;231,457;230,459;230,461;231,463;230,464;231,467;230,468;230,470;231,473;230,474;230,476;230,478;231,481;231,482;230,485;231,487;231,488;230,490;230,493;230,494;230,497;230,498;230,500;231,502;231,504;231,506;231,508;230,510
232,0;233,3;232,4;232,6;232,9;233,11;233,13;232,15;232,17;232,19;233,21;233,22;233,24;233,27;232,28;233,30;233,32;233,35;232,37;233,39;232,40;232,43;232,45;233,46;233,49;232,50;232,52;233,54;233,57;232,58;233,61;232,62;232,65;232,66;233,69;233,70;233,73;232,75;233,77;232,78;232,80;232,82;233,85;233,87;232,89;232,90;232,92;232,94;233,96;233,98;232,101;232,102;232,104;232,106;233,108;233,110;232,112;232,115;232,117;232,119;232,121;233,123;233,125;233,126;233,128;233,131;232,133;232,134;232,137;232,139;232,140;233,142;233,145;233,147;233,149;232,150;232,152;233,154;232,157;232,158;232,161;232,163;232,164;232,166;232,168;232,170;232,172;232,174;233,177;232,179;232,181;233,183;232,185;232,187;233,189;232,190;233,192;233,194;232,196;232,198;233,201;233,202;232,205;233,206;232,208;232,211;233,213;233,215;232,217;233,219;232,221;233,223;232,224;232,227;232,229;232,230;233,232;232,235;233,237;233,239;233,241;232,243;232,245;233,247;232,248;232,251;233,253;233,254;232,257;233,259;232,261;233,263;233,265;232,267;233,268;233,271;232,272;232,275;233,277;232,278;233,280;233,283;233,285;233,287;232,288;232,290;232,293;232,295;233,296;232,298;232,300;233,302;232,305;232,307;232,308;233,311;233,312;232,314;232,316;232,318;232,320;233,322;232,324;233,326;233,329;232,331;233,333;233,334;233,336;232,339;233,340;232,343;232,345;233,347;233,348;232,350;232,353;232,354;233,356;233,358;233,360;233,363;232,365;233,366;232,369;232,371;232,373;233,374;232,376;233,379;232,381;233,382;233,385;233,387;233,389;232,391;232,393;232,394;233,396;232,399;233,400;233,402;232,404;233,406;232,408;232,410;232,413;233,414;232,416;233,419;232,421;232,423;232,424;232,426;232,429;232,430;232,432;233,435;232,436;232,439;232,440;233,443;233,445;232,446;232,449;232,451;233,453;233,455;232,456;232,458;232,460;233,463;232,465;232,466;232,468;232,470;233,472;232,475;233,476;233,479;232,481;233,482;232,485;232,486;233,488;233,491;233,492;232,495;233,497;232,498;233,501;233,502;232,505;232,506;232,508;233,510
234,1;235,2;235,5;234,7;235,8;235,10;235,13;234,15;234,17;235,19;235,20;235,23;235,24;234,27;235,29;235,30;234,33;234,35;234,36;235,39;234,41;234,42;235,44;234,46;234,48;234,50;235,53;234,54;234,56;235,59;234,61;235,62;235,65;235,66;235,68;234,71;235,72;234,75;234,77;234,79;235,80;234,82;235,84;234,87;235,88;235,90;235,92;235,95;234,96;235,98;235,101;235,102;235,105;234,106;235,108;234,110;234,113;234,114;235,116;235,118;235,121;234,123;234,125;234,127;235,128;235,131;234,133;234,135;235,136;234,139;234,141;234,142;234,144;234,146;235,149;234,150;234,152;234,155;234,156;234,158;234,161;235,163;235,165;235,166;234,169;235,170;235,172;234,174;234,176;234,178;234,181;235,183;235,184;234,186;234,189;234,190;234,193;235,194;235,196;235,198;235,200;235,203;234,205;235,206;235,209;234,211;234,212;234,214;235,216;234,219;234,221;235,223;234,225;235,227;235,228;234,231;235,232;234,235;234,236;235,238;235,240;234,243;234,245;235,246;235,248;234,250;234,253;234,255;235,257;235,258;234,261;235,263;235,264;235,267;235,268;235,271;234,272;234,274;234,277;234,278;235,281;234,283;234,285;234,286;235,289;235,291;234,293;235,295;234,297;235,299;234,301;234,303;235,304;234,306;234,308;234,310;234,312;235,315;235,317;235,319;235,320;235,323;235,325;234,327;235,329;235,331;235,333;234,335;235,336;234,338;234,340;235,342;234,344;235,347;234,348;235,351;234,352;234,354;235,356;235,359;234,360;235,363;234,364;235,366;234,368;235,370;234,373;235,375;234,377;234,378;235,380;234,382;234,384;234,387;235,388;234,390;235,393;234,395;234,397;234,398;234,401;235,403;234,405;235,407;235,409;234,411;234,412;235,414;235,416;234,418;234,420;235,423;234,424;234,427;234,429;235,430;235,433;235,435;234,436;235,438;235,440;234,443;234,445;235,447;234,448;234,451;235,452;235,454;234,457;234,459;234,460;235,462;235,464;235,467;234,469;234,470;234,473;235,474;235,477;234,478;235,481;235,483;234,485;235,486;234,489;235,490;234,493;235,494;235,496;235,499;235,500;234,502;235,505;234,506;235,509;235,511
236,1;237,3;236,5;237,7;236,8;237,11;236,12;236,15;237,17;237,19;236,20;236,23;237,24;237,26;236,29;237,30;236,33;236,34;237,36;236,38;236,41;237,42;236,45;236,47;236,48;236,50;237,53;236,54;236,57;236,59;237,60;236,62;237,64;237,66;236,69;236,70;237,72;237,74;237,76;237,78;237,80;237,82;237,85;237,86;236,89;236,91;237,93;236,95;237,96;236,99;236,101;236,103;237,105;237,106;236,109;236,111;237,112;236,115;236,116;237,118;236,120;237,123;237,124;237,127;236,129;236,131;236,133;236,134;236,137;237,138;237,140;236,143;237,145;237,146;237,148;236,151;236,152;237,154;236,156;236,158;236,160;236,163;237,165;237,166;236,169;236,171;237,173;236,174;236,176;236,179;236,181;236,182;236,185;237,187;237,189;237,190;237,192;237,194;236,196;236,198;236,200;237,202;237,204;236,207;237,208;237,210;236,212;237,214;236,216;236,219;236,220;236,223;237,224;236,227;236,228;236,230;237,232;237,234;236,237;236,239;237,240;236,243;237,245;237,246;236,249;236,251;237,252;236,254;237,257;237,258;236,261;236,262;237,264;236,267;237,268;236,271;237,273;236,275;236,277;236,279;236,280;236,282;237,284;236,287;237,289;237,290;237,293;236,295;236,297;236,298;237,301;236,303;236,305;236,306;236,308;236,310;237,312;237,314;237,316;237,319;237,320;236,322;236,325;236,326;237,328;237,331;236,333;237,334;236,336;236,338;236,341;236,343;237,345;236,347;236,349;236,351;237,353;236,355;237,356;237,359;236,361;236,363;236,364;236,367;237,369;237,371;237,372;237,374;236,376;236,379;237,380;236,382;236,384;236,386;237,388;236,390;237,392;236,395;236,397;236,399;236,401;236,403;237,405;237,406;237,408;236,410;236,412;237,414;236,417;236,418;236,420;237,422;236,425;236,427;236,428;237,431;236,433;236,435;236,437;236,438;237,440;236,443;237,444;236,446;236,449;237,451;236,452;236,454;236,456;237,458;237,461;237,463;236,464;236,466;237,468;236,470;236,472;236,474;236,477;236,479;236,480;236,483;237,485;237,487;237,489;237,490;237,492;237,495;236,497;236,499;236,501;237,503;237,505;236,507;237,509;236,510
239,1;238,3;238,4;238,6;239,8;239,11;239,12;239,15;238,17;239,19;239,20;238,22;239,25;239,26;239,29;239,30;239,33;239,35;239,37;238,38;239,40;238,42;239,45;239,46;238,48;239,50;238,52;238,55;238,57;239,59;239,60;239,62;238,65;238,66;238,68;239,70;238,73;239,74;238,76;238,78;238,81;239,82;238,84;238,87;238,88;238,90;239,93;238,94;239,96;239,98;239,101;239,102;238,104;238,107;239,108;238,111;239,113;238,115;239,117;239,118;239,121;239,122;239,125;238,126;239,129;238,131;238,132;238,135;238,136;238,139;239,140;238,143;239,144;238,147;239,148;239,150;239,153;238,154;238,157;238,158;238,161;239,163;239,164;238,167;238,169;238,171;239,172;239,175;239,176;239,178;239,181;238,182;239,185;239,186;239,189;238,190;239,193;238,195;238,197;238,199;239,200;239,202;239,204;239,206;238,209;238,211;238,212;238,214;238,217;239,219;239,220;238,222;239,224;238,226;238,229;239,231;238,233;239,235;238,236;239,238;238,240;239,242;238,244;239,246;239,249;239,250;239,253;239,254;238,257;238,258;239,261;238,262;238,264;238,266;239,269;238,270;239,272;238,275;239,277;239,279;238,281;238,282;239,284;238,287;239,288;239,291;238,293;239,294;239,297;239,298;238,301;238,303;238,304;239,307;238,309;238,310;239,313;239,315;239,316;238,318;239,320;238,323;239,325;238,327;238,328;238,331;239,332;239,335;238,336;238,338;239,341;238,343;239,344;238,346;239,349;238,350;238,353;239,354;239,357;239,358;239,360;238,363;238,365;238,366;238,369;238,370;238,372;238,375;238,377;239,379;239,380;239,383;239,384;238,386;239,389;238,391;239,393;239,395;239,396;239,398;238,400;239,403;238,405;239,407;238,409;238,411;238,413;239,415;239,417;238,419;239,421;239,423;239,425;238,427;238,428;238,431;238,433;239,435;238,436;239,438;238,440;239,442;238,445;238,446;239,449;238,451;238,452;239,454;238,456;239,458;238,460;238,463;239,465;239,467;238,469;238,470;239,473;239,475;239,476;239,478;238,480;238,482;239,485;239,487;239,489;239,490;238,493;238,494;238,496;239,498;239,501;239,502;238,504;239,507;238,508;238,510
241,1;241,3;240,4;240,6;241,9;241,11;241,12;240,14;240,16;240,19;240,21;241,23;240,24;240,27;240,29;241,30;241,32;241,35;240,36;240,39;240,40;241,42;240,44;240,47;240,48;241,50;241,52;240,55;241,56;240,59;241,60;241,62;241,65;240,66;241,68;241,70;240,73;240,74;241,76;240,79;241,81;241,82;240,85;241,86;241,89;241,90;240,93;241,94;240,96;241,98;240,101;241,102;241,104;240,106;240,108;241,110;241,112;241,115;240,117;241,118;241,121;240,123;241,125;241,127;240,129;240,130;241,133;241,134;241,136;241,138;240,140;240,143;240,144;240,146;240,149;240,151;240,153;240,155;240,156;240,158;241,161;241,162;240,165;241,167;240,169;240,170;240,172;241,174;241,177;240,179;241,180;240,183;241,184;241,187;241,188;240,190;240,193;240,195;241,197;240,198;240,201;240,202;241,204;241,207;240,209;240,210;241,212;241,215;240,216;241,219;240,221;240,223;241,224;240,227;240,229;241,230;241,233;240,234;241,236;241,239;240,240;241,242;241,245;241,246;240,249;241,250;241,253;241,254;241,256;241,258;240,261;240,263;241,265;240,267;240,268;240,270;240,273;241,274;241,277;240,279;240,280;241,282;241,285;241,287;241,288;240,290;240,292;241,294;241,297;241,299;241,300;240,302;240,305;240,307;240,309;241,311;241,313;241,314;240,317;241,319;240,320;240,322;241,325;240,326;240,328;241,330;240,333;241,334;241,336;241,339;240,340;241,343;241,345;241,347;241,349;240,350;240,352;241,355;241,356;241,359;241,360;241,363;240,364;240,366;241,369;241,371;240,373;240,374;240,377;241,379;241,381;241,383;241,385;240,387;241,389;240,390;240,392;240,395;240,397;241,398;240,401;240,402;241,405;241,407;240,409;240,411;241,413;241,415;241,416;241,419;240,421;241,423;240,424;240,427;240,428;241,431;240,432;241,434;241,436;240,438;241,440;241,443;240,444;241,447;240,448;241,451;241,453;240,454;240,456;241,458;241,461;241,463;241,465;241,466;240,469;241,470;240,473;240,475;240,477;240,478;240,480;240,482;241,484;240,487;240,489;240,491;241,493;241,494;241,496;241,498;241,500;240,503;241,504;240,507;241,508;240,510
243,0;243,2;242,5;242,6;243,9;243,10;243,12;242,15;242,17;243,18;243,20;243,23;243,24;243,26;242,28;242,30;242,33;242,35;242,36;243,38;243,41;242,43;242,44;242,46;243,49;242,51;242,53;242,55;242,57;243,59;243,61;243,62;242,65;242,67;242,69;242,70;243,73;242,74;242,77;242,78;243,80;242,82;242,85;243,86;242,89;242,90;243,93;243,95;243,97;243,99;243,101;242,102;243,104;242,107;242,108;243,110;243,113;243,115;243,116;243,119;242,121;243,123;243,125;243,127;243,129;242,131;242,132;243,135;242,136;242,139;243,141;243,142;243,145;242,147;242,148;243,151;243,152;243,154;242,156;243,158;243,161;243,162;243,164;243,166;243,168;242,171;242,173;242,174;243,177;242,178;243,181;242,183;243,184;243,186;243,188;243,190;242,192;243,195;243,196;242,198;242,201;242,202;243,204;242,207;243,209;242,211;243,212;242,215;242,217;242,219;242,220;243,222;243,224;242,226;242,229;243,231;243,232;243,235;242,236;243,238;242,240;243,243;243,245;242,247;243,248;242,250;243,252;243,254;243,257;243,258;243,261;242,262;243,264;242,266;242,268;243,271;243,273;243,274;242,276;242,278;242,280;243,282;243,285;243,287;242,288;243,291;243,292;243,295;243,296;243,299;242,300;242,303;242,305;243,306;243,309;243,311;243,312;242,314;242,317;242,319;242,320;243,323;242,325;242,326;242,329;242,331;242,333;242,334;242,336;243,339;242,341;242,343;243,345;243,347;242,348;242,350;243,353;243,355;242,357;242,358;242,361;243,362;243,365;243,366;242,368;242,370;243,372;242,374;243,377;242,378;242,380;242,382;243,384;243,386;243,388;242,391;243,393;243,394;242,396;243,399;243,400;242,402;243,404;242,407;242,409;242,411;243,413;243,414;242,417;243,419;243,421;243,423;242,425;242,426;242,429;243,431;242,433;243,434;243,436;243,438;243,441;243,442;243,444;242,446;243,448;243,450;243,453;243,455;243,456;243,459;243,461;242,463;242,464;242,466;242,468;242,470;243,473;242,474;243,476;243,479;242,481;242,482;243,485;242,487;242,488;242,491;242,492;242,495;243,497;242,498;243,501;243,502;243,505;243,507;243,508;242,510
244,0;245,3;244,4;245,7;244,9;244,10;244,13;245,15;245,16;245,19;244,20;245,22;244,24;244,26;245,28;245,30;244,32;245,35;245,36;245,38;244,40;245,42;244,45;245,46;245,49;244,51;244,53;245,55;245,57;244,59;244,61;245,63;245,65;245,66;244,69;245,70;244,73;244,75;244,76;245,79;244,81;245,82;245,85;244,87;244,89;244,90;244,93;245,95;244,97;245,99;244,100;245,103;244,104;244,107;245,108;245,110;245,112;244,115;245,116;244,118;245,121;245,122;245,125;245,126;244,128;245,131;244,133;245,135;245,136;244,139;245,141;244,143;244,144;244,146;244,149;245,151;244,152;245,154;244,156;245,158;244,161;244,162;244,164;245,166;244,168;244,171;245,172;244,174;244,176;245,178;245,180;244,183;244,185;244,186;244,189;244,190;245,192;244,195;245,197;244,199;244,200;244,203;244,205;245,207;245,208;244,211;245,212;244,214;244,217;245,219;244,220;245,222;244,224;245,227;245,228;245,231;244,232;245,234;245,237;244,239;244,241;245,242;245,245;245,246;245,248;244,251;244,253;244,255;245,257;245,258;245,261;245,262;245,264;244,267;245,269;244,270;244,272;245,274;244,277;245,279;245,281;245,283;244,285;244,286;245,288;245,291;245,292;244,294;245,296;244,298;245,300;245,302;245,305;245,307;244,308;244,311;244,312;245,315;245,316;245,318;244,321;244,322;244,324;245,326;244,329;244,331;244,332;244,335;244,336;244,339;244,340;245,342;244,344;245,346;245,348;245,351;244,352;245,354;244,356;245,358;244,361;244,362;245,364;245,366;245,368;245,371;244,372;245,374;245,377;244,379;244,380;244,382;244,385;244,386;244,389;245,390;245,392;244,395;245,396;245,398;245,400;245,403;245,405;244,406;244,408;245,411;245,412;245,415;244,416;244,419;244,421;245,423;245,424;244,427;245,429;245,431;245,432;245,434;245,437;245,439;244,440;245,443;245,444;244,446;245,448;244,451;244,452;245,455;244,456;245,458;244,460;244,463;244,464;245,466;245,469;244,470;245,473;245,474;244,477;244,478;244,481;244,483;245,484;245,486;245,488;245,490;244,492;244,495;244,497;244,498;245,500;245,502;245,504;244,507;244,508;245,511
246,0;246,3;247,4;247,7;247,9;247,11;246,12;246,15;246,17;246,19;246,20;247,23;246,24;247,27;247,28;246,31;246,33;247,35;246,37;247,38;247,40;247,43;246,45;247,47;247,49;247,51;247,52;247,55;247,56;246,59;246,61;247,63;246,64;246,66;247,68;246,71;246,72;247,74;246,76;246,78;246,80;246,83;247,84;246,86;246,89;247,91;246,92;246,94;246,97;246,99;246,101;246,102;247,105;247,106;246,108;246,110;246,113;247,115;247,116;246,119;247,121;247,122;247,125;246,126;246,129;246,130;247,133;247,135;247,137;247,139;247,141;247,143;246,144;246,147;246,149;247,150;246,152;247,155;247,157;246,159;246,161;246,163;246,164;246,167;247,168;246,171;247,172;246,174;246,176;247,178;247,180;247,183;247,185;247,186;247,189;246,191;246,192;246,194;246,197;246,199;246,200;247,203;246,205;246,206;246,208;246,210;246,213;247,214;247,216;246,219;246,221;246,223;247,224;247,227;246,229;247,231;246,233;247,235;247,237;247,238;247,241;246,243;246,244;247,247;246,248;246,251;247,252;246,255;246,257;247,258;246,260;247,263;247,265;247,266;247,269;246,271;247,273;247,275;247,276;246,279;247,281;246,283;247,285;246,287;246,288;246,291;247,292;246,295;246,297;247,298;247,301;246,302;247,305;246,306;246,309;246,311;247,312;246,315;247,316;247,318;246,320;247,322;247,325;246,327;246,329;246,331;247,333;246,334;247,337;246,338;246,340;247,343;247,345;246,346;246,348;247,350;247,352;246,354;247,356;246,358;247,361;247,363;246,365;246,366;247,368;247,371;247,373;246,375;247,377;247,378;246,381;246,382;247,385;247,387;247,389;247,391;246,392;247,394;247,397;246,398;247,401;247,403;247,405;246,407;247,409;247,411;246,412;246,414;246,416;246,419;247,420;247,422;247,424;246,426;246,429;246,430;247,432;246,435;247,436;246,439;247,441;246,442;246,444;247,446;246,449;247,451;246,452;246,454;247,457;247,458;247,460;247,462;247,465;247,466;247,469;246,470;246,472;246,475;247,476;246,478;246,481;246,482;246,485;246,486;247,488;246,490;247,493;246,495;246,497;247,499;246,500;247,502;247,504;247,507;246,509;247,511
248,0;249,3;248,5;249,6;248,9;248,10;248,13;249,15;249,17;249,18;248,21;248,23;248,24;249,26;248,28;248,30;249,32;249,34;249,37;248,39;248,40;248,43;249,44;248,46;249,48;248,51;248,52;249,54;248,57;248,58;248,61;248,63;249,65;249,66;249,68;249,71;249,73;249,75;248,77;248,79;248,80;248,82;249,85;249,87;248,88;248,91;248,92;249,94;248,96;249,98;248,101;248,103;248,104;248,106;248,109;249,110;248,112;248,115;249,116;248,118;249,121;248,122;248,125;249,126;249,129;249,131;248,133;249,135;249,137;248,139;248,141;249,142;249,145;248,146;249,149;249,151;249,152;249,154;249,157;249,158;248,161;249,163;249,164;249,167;249,169;249,171;248,172;249,175;248,177;248,178;249,181;249,183;249,185;249,186;249,189;249,191;249,192;249,195;249,196;248,198;248,201;248,202;249,205;249,206;248,208;249,210;248,212;248,214;249,217;249,219;248,221;249,223;249,224;248,226;249,229;249,231;248,232;248,235;248,236;248,239;249,240;249,243;248,244;249,247;248,248;248,251;249,252;249,254;248,257;248,259;248,260;248,263;248,264;248,266;249,268;249,271;249,272;248,274;249,277;249,278;249,280;248,282;248,285;248,286;249,288;248,291;248,292;249,295;249,296;249,299;248,300;248,302;249,304;249,306;249,308;249,310;249,313;249,315;249,316;249,318;249,320;249,322;248,325;248,327;249,328;248,330;249,332;248,335;249,337;249,339;248,341;248,343;249,344;249,347;249,348;249,351;249,352;248,354;249,357;248,359;248,360;249,363;249,365;249,367;249,368;249,370;249,373;248,375;249,377;248,378;248,380;248,382;248,385;248,387;248,388;249,391;248,392;248,395;248,396;249,398;249,400;249,402;249,405;249,407;248,408;249,410;248,412;248,415;248,416;249,419;248,421;248,423;248,425;248,426;249,429;249,431;249,433;248,435;248,436;249,439;248,440;248,443;249,444;248,446;248,448;249,451;249,452;248,455;249,456;249,459;249,461;249,463;249,464;249,466;249,468;249,470;249,473;249,474;248,476;249,479;248,481;248,483;248,484;248,487;248,489;248,491;249,492;248,494;249,497;248,499;249,500;248,502;248,504;249,507;248,509;249,511
251,0;250,2;251,4;250,7;250,9;251,10;250,12;250,14;250,17;250,18;251,20;251,22;250,25;251,26;250,29;250,30;251,33;250,34;251,37;250,39;251,41;251,42;250,45;251,46;251,48;250,51;251,52;251,55;251,57;250,58;250,61;250,63;250,64;250,66;250,68;250,70;250,72;251,75;251,77;251,78;250,80;250,82;251,85;251,87;250,89;250,91;250,92;250,95;251,96;250,98;250,101;250,102;250,105;250,106;251,109;250,111;250,112;250,115;250,116;250,119;251,120;251,123;251,125;250,127;251,128;250,131;250,133;250,135;250,137;251,138;251,140;251,142;250,145;251,147;251,149;250,150;250,152;250,154;250,156;251,159;250,161;250,163;250,165;250,167;250,168;251,170;250,172;251,175;250,177;251,179;251,180;250,182;251,185;251,187;251,189;251,191;251,193;251,194;250,197;250,198;251,201;251,202;250,205;251,206;251,208;251,211;251,213;250,214;250,217;251,219;250,220;250,223;250,225;251,226;251,228;251,231;250,232;251,235;251,237;251,239;251,241;250,242;251,244;250,247;251,248;251,250;251,252;251,255;251,257;250,258;250,260;250,263;250,264;251,267;250,269;251,270;250,272;251,274;251,277;251,279;250,281;250,283;250,285;251,286;250,288;251,291;251,293;251,295;250,296;250,299;251,300;251,302;250,305;251,307;251,308;250,310;250,312;250,314;250,316;250,319;251,321;251,322;250,324;251,327;250,329;250,331;251,332;251,334;251,337;250,339;251,341;250,342;251,345;251,347;250,348;250,350;250,352;250,355;250,357;251,358;251,361;251,363;251,364;250,367;250,369;250,370;250,372;250,375;251,376;250,378;251,381;251,382;251,384;250,386;250,389;251,390;251,392;250,395;250,397;251,399;250,401;250,403;250,405;251,407;251,409;251,410;250,412;251,415;251,417;251,418;250,420;251,423;251,425;250,426;251,428;250,430;251,432;251,434;251,437;251,439;250,440;250,443;251,444;251,447;250,449;250,451;250,452;250,455;250,457;251,458;250,460;251,462;251,464;251,467;251,468;250,471;250,473;250,475;251,476;251,478;251,480;251,483;250,485;250,487;250,489;250,490;251,492;250,495;250,496;250,499;251,500;251,502;251,504;250,506;250,509;250,510
252,1;252,3;253,5;252,6;252,9;253,11;252,13;252,15;252,17;252,18;252,21;252,22;253,24;253,27;253,28;252,31;253,32;252,34;252,37;252,39;252,41;253,42;253,44;252,47;253,49;252,50;253,52;252,55;252,57;253,59;252,61;253,62;253,65;252,67;253,68;253,71;252,73;253,75;253,76;253,78;252,81;252,82;252,84;252,86;253,89;253,90;252,93;252,94;253,97;252,98;252,101;252,102;253,104;252,106;253,109;253,110;252,113;253,115;253,117;253,118;252,120;252,122;253,125;253,126;252,129;252,130;253,132;253,135;252,137;252,138;253,141;252,142;253,144;253,146;252,149;252,150;252,153;253,154;252,156;253,159;252,160;252,163;252,165;253,167;252,168;253,171;253,172;253,175;253,177;252,178;252,180;253,182;252,184;253,186;253,189;253,191;253,193;253,195;252,197;252,199;252,201;252,202;252,204;253,206;253,208;252,211;252,213;253,215;253,217;252,219;252,221;253,222;253,224;253,227;253,229;252,230;253,233;253,235;252,236;252,239;253,240;252,242;253,245;252,246;252,248;253,250;252,252;253,255;253,257;253,259;253,261;252,262;253,264;252,267;253,268;252,271;253,272;253,274;252,277;252,278;252,281;252,283;252,284;252,286;252,289;253,291;253,293;252,295;253,297;253,298;252,301;253,303;252,305;252,306;252,309;252,311;252,313;252,314;253,317;253,318;252,321;253,322;252,325;252,327;252,328;253,331;252,332;252,335;252,337;252,338;252,341;252,342;253,345;252,347;252,348;252,351;252,352;252,354;252,357;252,358;252,360;253,362;252,365;253,367;252,368;252,371;253,373;252,375;252,376;253,378;253,380;252,383;252,384;253,386;253,388;252,391;253,392;252,395;253,396;252,399;252,401;253,402;253,404;253,407;252,408;253,411;252,413;253,415;253,417;253,419;252,420;253,423;252,425;253,427;253,428;253,430;253,433;253,434;253,436;252,438;252,441;253,442;253,445;253,446;253,448;253,450;252,453;252,454;253,456;253,459;252,460;253,462;252,464;252,466;253,468;252,470;252,473;253,475;253,476;253,479;252,480;253,482;253,485;253,486;253,488;253,490;252,492;253,494;253,497;252,498;252,500;253,503;253,504;253,507;253,508;253,511
255,1;254,3;254,4;255,7;254,8;255,10;255,12;255,14;254,16;255,18;255,20;254,22;255,24;254,27;255,28;255,31;254,33;255,35;254,36;254,39;254,40;254,43;255,45;254,46;254,49;255,50;254,52;255,55;255,57;254,58;255,61;255,62;255,65;254,66;254,68;255,71;255,73;255,75;255,76;255,78;254,81;254,82;255,85;255,86;254,88;255,90;254,92;255,94;255,97;255,98;254,101;255,102;255,105;255,106;254,108;255,111;254,112;254,115;255,117;255,118;255,120;255,122;255,125;255,127;255,128;254,131;255,133;255,135;255,137;255,138;254,141;254,142;254,144;255,146;254,148;255,151;254,152;254,155;255,157;255,158;255,161;254,162;255,164;254,167;255,169;255,170;254,172;254,174;254,177;254,178;254,181;255,182;254,184;254,187;254,189;254,190;255,193;255,194;255,197;255,198;254,200;254,203;254,205;255,207;255,209;254,210;255,213;254,215;255,217;254,218;255,220;254,223;255,225;255,227;254,228;254,231;255,232;254,234;254,237;254,239;255,240;254,242;254,245;255,246;254,249;254,251;254,253;255,255;254,256;254,259;255,260;255,263;254,265;254,267;254,268;255,270;254,273;254,275;254,277;255,278;254,281;254,282;254,284;254,286;254,288;254,291;255,293;254,295;254,297;255,298;254,301;254,303;255,305;254,306;254,308;255,311;254,312;254,314;254,316;255,318;255,321;254,322;255,324;255,327;254,328;255,330;254,333;254,335;254,337;254,339;255,341;254,342;255,345;255,347;254,349;255,351;254,353;254,355;255,356;254,358;254,361;255,363;255,365;254,366;254,368;255,370;255,372;254,375;255,377;254,379;255,381;255,383;254,385;254,386;254,388;255,390;255,393;255,395;255,396;254,398;254,401;254,403;254,404;255,407;254,408;255,410;255,413;254,414;255,416;254,418;254,421;255,423;254,425;254,427;254,429;255,431;255,433;254,434;255,437;255,438;254,440;255,443;255,444;254,447;254,448;255,450;255,453;254,455;254,456;255,458;254,461;255,462;254,465;254,467;255,469;254,470;254,472;254,474;255,477;255,478;255,480;255,483;254,485;255,487;255,488;255,491;255,493;254,495;255,496;254,498;254,500;255,503;254,505;255,506;255,508;255,511
257,0;257,3;256,5;256,7;256,9;257,11;256,13;256,15;256,16;256,19;257,20;256,23;256,25;256,27;256,28;256,30;257,32;256,34;256,37;256,39;257,41;257,43;256,45;257,46;257,49;257,51;256,52;257,55;257,56;257,59;256,60;257,63;257,64;256,66;256,68;257,71;257,72;256,74;256,76;257,78;256,81;257,83;256,85;256,87;257,89;257,90;256,92;257,95;256,97;256,98;256,101;256,103;257,104;257,106;256,108;256,111;256,112;257,115;257,116;256,119;256,121;257,123;257,125;257,127;256,129;256,131;256,133;256,134;257,137;257,138;256,141;256,142;256,144;256,147;256,149;257,150;257,153;257,154;257,157;256,159;256,161;257,162;256,165;257,167;257,168;257,171;257,173;257,174;257,177;257,179;257,180;256,182;256,184;256,187;257,189;257,191;257,192;257,194;257,197;257,199;256,201;257,202;256,204;257,207;256,209;256,211;257,212;257,215;257,217;257,218;257,220;256,223;257,224;256,226;256,229;257,231;256,233;256,234;257,237;257,238;256,241;256,243;257,244;256,247;256,249;257,250;257,252;257,255;256,256;256,259;257,261;256,262;256,264;257,267;256,269;257,271;256,272;257,274;256,277;256,278;256,280;257,282;256,284;257,286;257,289;257,290;256,292;257,295;257,297;257,299;257,300;256,302;257,304;256,306;257,308;256,311;257,313;256,315;256,317;256,318;256,321;257,323;257,325;257,326;257,328;257,331;257,333;256,334;257,336;257,338;257,340;257,342;257,345;257,347;256,349;257,351;257,353;256,354;257,357;257,358;257,361;256,363;257,365;256,367;256,369;256,370;256,373;257,375;257,376;256,378;257,380;256,382;257,385;257,387;256,389;257,390;257,392;257,394;257,396;256,398;256,400;256,403;256,404;256,407;256,409;256,411;256,412;257,414;257,417;256,418;256,421;257,423;257,425;256,426;257,428;257,431;256,433;257,435;257,436;257,438;256,441;256,443;257,445;257,447;256,448;257,450;256,453;256,454;256,457;257,458;256,461;257,462;256,464;257,466;257,469;256,471;257,473;257,474;257,476;257,478;257,480;256,482;257,484;256,486;257,488;256,491;256,493;256,495;256,496;256,499;257,500;257,503;256,504;256,507;257,509;257,510
258,0;258,2;259,4;259,7;258,9;259,11;258,13;259,14;259,17;259,19;258,20;258,22;258,25;258,26;259,28;259,30;258,33;259,35;259,36;258,38;258,41;258,42;258,45;258,47;259,48;259,50;258,52;259,55;258,57;259,58;259,61;258,62;259,65;259,66;258,68;258,71;258,73;258,75;259,77;258,78;259,81;258,83;258,85;259,87;259,88;258,91;258,92;259,95;259,97;259,98;259,101;259,102;258,104;259,107;259,109;258,110;258,112;258,115;259,117;259,118;258,121;258,122;258,124;258,127;259,129;258,130;259,133;259,134;258,137;259,138;258,141;259,142;258,144;259,147;259,149;259,150;259,153;259,154;259,157;258,158;258,160;259,163;259,164;259,167;258,169;258,170;258,172;258,174;258,177;258,178;259,180;258,182;258,185;258,186;258,188;258,191;258,192;259,194;259,197;258,199;259,200;258,202;259,205;258,207;258,208;258,210;258,213;258,215;258,216;259,218;258,221;259,223;259,224;259,227;259,228;258,231;258,233;259,235;258,237;258,239;259,241;258,242;259,244;259,247;258,249;258,250;259,252;259,254;258,256;259,259;259,261;259,262;259,265;259,266;259,269;258,270;259,272;259,274;259,276;259,278;258,281;259,282;259,285;258,287;258,288;259,290;258,292;258,295;258,296;259,299;259,300;258,302;258,305;258,306;258,309;259,311;259,313;258,314;258,317;259,318;258,320;259,323;259,325;259,326;258,329;258,330;258,333;258,334;259,337;259,339;259,340;259,342;258,345;259,346;259,348;258,351;259,353;258,355;259,357;259,358;259,361;259,363;258,365;258,367;259,368;259,371;259,373;259,375;258,377;258,378;258,380;258,383;259,385;258,387;259,389;259,391;258,393;259,395;259,397;258,398;258,401;259,402;258,405;258,407;258,408;258,410;259,413;259,415;259,417;258,419;259,421;259,422;258,425;258,426;258,428;258,430;258,432;259,435;259,436;259,439;258,440;258,443;258,444;259,446;258,449;258,451;259,453;259,454;259,457;259,458;259,460;259,462;259,465;258,466;258,469;258,471;258,472;259,474;258,476;259,478;258,481;259,482;258,485;258,486;259,488;258,490;259,492;259,495;259,497;259,498;258,501;258,503;259,504;259,507;259,508;258,510
260,0;261,3;260,5;260,7;260,8;260,11;260,12;261,15;261,16;260,19;260,20;260,23;260,25;260,26;261,28;260,30;261,33;260,34;261,37;261,39;260,40;261,42;260,45;261,47;261,49;260,50;260,52;261,54;261,57;260,59;260,61;261,63;260,65;261,66;260,68;261,71;261,72;260,74;261,77;261,78;260,81;261,82;261,85;260,87;261,89;260,90;261,92;260,94;260,96;261,99;260,101;260,102;260,104;260,106;261,108;260,111;261,113;260,115;260,117;260,119;261,121;260,123;260,124;261,127;260,128;260,130;261,133;261,135;260,137;260,138;260,141;260,143;261,144;260,146;261,149;261,151;261,153;261,154;260,156;261,159;261,161;260,162;260,165;260,167;261,168;261,170;260,172;261,174;260,176;260,178;260,180;261,183;260,184;260,186;261,188;261,190;261,193;260,194;261,196;261,198;261,200;261,202;261,205;261,207;261,209;260,211;261,213;260,214;261,216;260,219;260,221;260,223;261,224;261,226;261,229;261,231;260,233;260,235;261,236;260,238;261,240;260,243;261,245;260,246;261,248;261,251;261,253;261,255;261,256;261,258;260,260;260,262;260,265;260,267;261,269;260,271;260,273;260,274;260,277;260,279;260,281;260,283;261,285;260,286;261,289;261,291;260,292;261,295;260,297;261,298;261,300;261,303;261,305;260,307;260,308;260,310;260,313;261,315;260,317;261,318;261,320;261,323;261,325;260,326;260,328;260,331;260,333;260,334;261,337;260,339;261,340;260,342;261,344;260,347;260,349;261,350;261,353;260,355;261,357;261,358;260,361;261,363;261,365;261,367;260,369;260,371;260,372;260,374;260,376;260,378;261,380;260,382;260,384;260,387;261,389;261,391;260,393;260,394;261,397;261,398;261,401;260,403;260,404;260,406;260,409;261,411;260,413;261,415;260,416;260,419;260,420;260,422;261,425;260,426;260,428;260,430;261,432;260,435;261,437;260,439;261,440;261,442;261,444;260,447;261,448;261,450;260,453;261,454;261,457;261,458;261,460;260,463;260,464;261,466;260,468;261,471;260,472;261,475;260,477;261,479;261,481;260,482;260,484;261,487;261,488;260,490;260,493;261,495;261,497;260,498;260,501;260,503;261,504;260,507;260,508;260,510
262,1;263,3;262,5;262,6;262,8;262,10;263,12;262,14;263,17;262,19;263,21;263,23;262,25;263,26;263,29;263,31;263,32;262,35;263,37;262,39;262,41;262,43;262,44;262,47;263,48;262,51;262,53;262,55;262,57;262,59;262,61;263,63;263,65;263,66;263,68;262,70;263,72;263,75;262,77;262,78;263,80;263,83;263,85;262,87;263,89;263,90;263,93;263,94;262,97;263,98;263,101;263,102;262,105;263,106;262,109;263,110;263,113;262,114;262,116;262,119;263,120;262,122;262,124;262,127;263,129;263,131;263,133;263,135;262,136;262,138;262,140;263,142;263,145;262,147;262,149;263,150;262,153;263,154;263,157;263,158;263,161;262,162;263,164;263,166;263,168;263,170;263,172;263,175;262,177;262,179;262,181;263,182;262,185;262,187;262,189;263,191;263,193;263,194;262,197;263,199;263,200;263,203;262,205;262,207;263,209;263,211;262,213;262,215;262,217;262,218;262,221;263,223;262,225;262,227;263,229;263,230;262,233;263,234;262,237;263,238;263,240;262,242;262,244;262,247;263,249;263,251;263,253;263,255;262,256;262,258;262,261;262,263;262,265;263,266;262,268;263,270;263,273;262,275;263,277;263,278;263,281;262,282;263,284;262,286;263,288;262,290;262,293;262,295;262,296;263,299;262,300;262,303;262,304;262,307;262,309;262,311;263,313;263,315;263,316;263,318;262,320;263,322;263,324;262,326;263,328;262,331;262,333;262,334;263,336;262,339;263,341;262,342;263,345;263,346;262,349;262,350;263,353;263,354;262,357;262,358;263,361;263,362;262,365;262,366;262,369;262,370;263,372;263,374;262,377;263,378;262,380;262,382;263,385;263,386;263,389;262,391;263,393;262,394;262,396;262,399;262,400;263,402;263,404;263,407;262,408;262,410;263,413;262,414;262,416;262,418;262,420;263,423;263,425;262,426;262,429;263,430;263,432;262,435;263,436;263,439;263,441;263,443;263,444;263,446;262,449;263,450;263,453;263,454;262,456;263,459;263,461;262,463;263,464;263,466;263,468;263,470;262,472;262,474;262,476;263,478;263,481;262,483;262,485;262,487;263,488;262,491;263,492;263,495;263,496;262,499;263,501;262,503;263,504;263,507;262,509;262,511
265,1;265,2;264,4;265,6;264,8;265,11;264,12;264,14;264,16;264,19;264,20;265,22;264,25;265,26;264,29;264,31;264,33;264,35;264,37;264,38;265,41;264,42;265,45;264,46;264,48;265,51;265,52;264,55;265,56;265,58;265,60;265,62;264,64;264,67;265,69;265,70;264,73;264,74;264,76;265,79;265,81;265,83;265,85;265,86;264,88;265,91;265,92;264,95;264,97;264,98;264,101;264,102;264,104;265,106;264,109;265,110;265,113;264,115;265,117;264,119;265,120;264,122;264,124;264,127;264,129;264,131;264,133;265,134;264,136;264,138;265,140;264,143;265,144;264,146;264,149;265,151;265,153;264,155;264,157;265,158;264,161;264,163;265,165;264,166;265,169;264,170;264,172;264,174;265,177;264,179;265,181;265,183;264,185;264,186;264,189;264,191;265,192;264,194;265,197;265,199;265,201;265,202;265,205;265,207;265,209;265,211;264,212;265,215;264,216;264,219;265,220;264,222;265,224;264,227;265,228;265,230;264,233;265,235;265,236;265,238;265,240;265,243;265,244;264,247;264,248;264,250;264,253;264,254;265,257;265,259;264,261;264,263;265,265;264,267;265,269;265,271;265,273;265,275;265,276;265,278;264,281;264,283;264,284;265,286;265,289;265,290;264,292;265,294;264,296;265,298;264,300;265,302;264,304;264,307;265,308;265,311;264,313;264,315;264,317;264,318;264,320;264,322;264,324;264,327;264,328;265,330;265,333;264,334;265,337;264,339;265,341;264,343;264,344;264,346;264,349;264,350;264,353;264,355;265,357;264,358;264,360;264,363;265,365;264,366;264,368;264,370;264,373;264,374;265,377;264,379;265,381;264,382;265,385;264,386;264,388;265,390;265,393;265,395;264,397;264,398;264,401;264,402;265,405;264,406;264,408;264,411;265,413;264,414;265,417;265,418;264,421;265,422;264,425;265,426;265,428;264,430;265,432;265,435;265,436;265,439;265,440;265,443;264,444;264,447;265,449;264,450;265,453;265,454;265,456;264,458;264,461;264,463;265,464;264,466;265,469;264,470;265,473;265,474;265,476;265,479;264,480;265,482;265,484;264,486;265,488;265,491;264,493;264,494;265,497;264,499;265,501;265,503;264,504;265,506;264,509;264,511
267,1;267,3;267,5;266,6;266,9;267,10;267,12;266,14;266,17;266,19;266,21;267,22;266,25;266,27;266,28;267,30;266,32;266,34;266,36;266,38;267,40;266,42;266,45;266,47;266,49;267,51;266,53;267,54;266,57;267,59;266,60;267,63;267,65;267,67;267,68;267,70;266,72;266,75;267,76;267,79;266,81;267,83;266,84;267,86;267,89;266,91;266,92;266,94;266,97;266,99;266,100;267,102;267,105;267,107;266,108;266,110;267,113;266,114;267,117;266,119;266,120;267,122;266,124;266,127;267,128;267,130;266,133;267,135;267,137;267,138;267,140;267,142;266,144;266,146;267,148;266,150;267,153;266,155;267,157;267,159;267,160;266,163;267,165;267,166;266,168;267,170;267,173;267,174;267,177;266,179;266,180;266,182;266,184;267,187;266,188;267,190;266,193;267,194;266,197;266,198;267,201;266,203;266,204;267,206;267,209;267,210;267,212;266,215;266,217;266,219;267,220;266,223;267,224;267,227;267,229;266,231;267,233;267,234;266,236;266,239;267,240;266,242;267,244;266,247;266,249;266,251;267,252;267,255;267,257;266,259;267,261;266,262;266,265;267,267;266,268;266,271;267,273;266,275;267,277;266,279;266,281;266,283;266,284;267,286;267,289;267,290;266,293;267,295;267,297;267,298;266,300;266,302;267,304;266,307;266,309;267,311;266,313;266,315;267,316;266,319;266,320;266,322;266,325;266,327;267,329;266,330;267,333;267,334;266,336;267,338;267,341;267,343;267,344;267,347;267,348;267,351;267,353;266,354;267,357;267,359;266,361;266,362;267,364;267,367;267,368;266,370;266,372;267,375;267,377;266,378;266,381;267,383;267,385;266,387;267,388;266,390;266,392;267,394;267,396;267,398;266,401;266,402;267,405;266,406;267,409;267,411;266,413;266,415;266,417;267,419;267,420;267,422;267,425;266,426;266,429;266,430;266,433;267,435;266,436;267,439;267,441;267,443;267,445;267,447;267,448;266,450;267,453;267,454;266,457;266,458;267,461;266,462;266,465;267,467;266,469;266,470;267,472;267,474;266,476;267,478;267,480;266,482;266,485;267,486;267,489;266,490;266,493;266,495;266,496;267,499;267,501;266,503;266,504;266,506;266,509;266,511
268,1;269,3;269,5;268,7;269,8;269,11;269,12;268,14;269,17;268,19;268,21;268,22;268,24;268,27;268,28;269,31;268,33;269,35;269,36;268,38;269,41;269,43;268,45;268,46;269,49;268,50;268,53;269,54;269,56;269,58;268,61;269,62;268,65;268,66;268,68;269,70;268,73;269,74;269,76;268,78;269,81;269,82;269,85;268,86;269,88;269,90;268,92;268,94;268,97;268,98;268,100;269,103;268,105;269,106;269,108;269,111;268,113;268,114;269,117;269,119;268,120;268,122;269,124;268,127;269,129;269,131;268,133;268,134;268,137;268,138;268,140;269,143;269,145;268,146;268,149;269,150;269,153;268,154;268,157;269,159;268,160;269,163;269,164;269,166;269,169;268,170;269,173;269,175;269,176;269,179;268,181;269,183;268,185;269,186;269,189;268,190;269,193;268,194;269,197;268,199;268,201;269,202;269,204;268,206;269,208;268,211;268,213;268,214;268,216;269,219;269,220;269,223;269,225;269,226;268,228;268,231;269,232;269,234;269,237;269,239;268,241;268,243;268,244;269,247;268,249;268,250;269,253;269,254;268,256;269,259;268,260;269,262;269,265;268,267;269,269;269,270;269,272;268,275;269,276;268,279;268,280;269,282;268,285;269,287;269,289;268,290;269,293;268,295;268,297;269,298;268,301;268,302;269,304;269,307;268,309;268,310;269,312;269,315;268,317;268,319;269,320;269,323;269,324;268,327;269,328;268,330;268,332;268,334;268,336;269,339;268,340;268,343;268,344;269,346;268,348;269,351;268,353;268,354;268,356;269,358;269,360;269,362;269,365;269,366;268,368;269,370;269,373;268,375;268,377;269,378;268,381;269,383;268,385;269,387;269,388;268,390;268,393;268,394;269,396;269,398;269,400;268,403;269,404;268,407;268,408;268,411;268,413;268,414;269,416;269,418;268,421;268,423;269,425;268,427;269,429;269,430;268,432;268,435;268,436;268,439;268,441;269,443;269,445;268,446;268,448;268,450;268,453;268,454;268,457;269,458;269,461;268,462;269,465;269,466;269,468;268,471;268,472;269,475;268,476;269,478;269,481;269,483;268,484;269,487;268,488;269,491;269,492;269,494;269,496;269,498;268,501;268,503;269,504;269,507;269,508;269,510
270,1;270,2;270,5;270,6;270,9;270,11;271,12;271,15;270,17;270,19;270,20;271,22;270,25;271,27;271,28;271,30;271,32;270,34;271,37;271,39;270,41;270,43;270,44;270,47;271,48;271,50;270,52;270,54;271,57;270,59;271,60;270,62;271,65;271,66;270,68;270,70;271,72;270,75;271,77;271,78;270,81;270,82;270,85;271,87;270,89;271,90;271,93;271,95;270,97;270,98;271,100;270,103;270,104;270,106;271,108;270,111;271,112;270,114;271,117;270,119;270,120;271,123;270,125;271,126;270,129;270,130;271,132;270,135;270,136;271,139;271,140;271,142;270,144;271,146;271,149;271,150;270,153;271,154;270,156;270,158;271,160;271,163;271,165;271,167;271,169;271,170;271,172;271,174;271,176;270,179;271,180;270,182;270,185;270,186;270,189;270,190;270,193;271,195;271,196;270,198;271,201;271,202;271,205;271,206;271,209;271,211;271,212;271,215;271,217;270,218;271,220;271,222;270,225;270,227;270,228;271,231;270,233;270,235;271,236;270,238;270,240;270,243;271,244;270,247;270,249;270,251;270,253;271,254;270,256;271,258;270,261;270,263;271,265;271,266;271,269;271,270;270,272;271,275;270,277;270,279;271,280;270,282;270,284;271,286;270,289;271,290;271,293;271,294;271,296;270,298;271,300;270,302;271,305;270,306;270,309;271,311;270,312;271,314;271,316;270,318;271,321;271,322;270,324;270,326;270,328;271,331;271,333;271,334;271,337;271,338;271,341;271,342;271,344;271,346;270,349;270,351;270,353;270,355;271,357;271,359;270,360;271,363;270,365;270,366;270,368;270,371;270,372;270,374;271,376;271,378;271,381;271,383;271,385;270,386;271,388;270,390;270,393;271,394;270,397;270,399;270,401;271,402;270,404;271,406;271,409;270,410;270,412;271,414;271,417;270,419;271,421;270,422;270,424;270,427;270,428;271,430;270,433;270,434;271,436;271,439;271,441;271,442;270,445;270,446;270,448;270,450;271,453;270,454;270,457;271,459;271,460;270,463;271,465;270,466;270,468;271,470;271,473;271,475;271,477;270,479;271,480;271,482;270,485;271,487;270,489;270,491;270,493;271,495;270,497;271,499;271,500;271,502;270,504;271,506;270,508;271,511
273,0;273,2;273,4;272,7;272,9;273,10;273,13;272,15;272,16;272,18;272,20;272,22;272,24;273,26;272,28;273,31;272,33;272,34;273,37;273,39;273,41;273,42;273,44;272,47;273,49;272,50;272,53;272,54;273,57;272,59;273,61;272,63;272,65;273,66;272,68;273,71;272,72;272,74;273,77;273,79;272,80;272,83;272,85;272,86;273,88;272,91;273,92;272,94;273,96;272,98;272,100;272,102;272,105;272,106;273,109;273,111;272,112;272,114;273,116;273,119;273,120;272,122;273,124;273,127;273,128;272,130;272,133;273,135;272,137;273,139;273,141;272,142;272,145;272,147;273,148;272,151;272,153;272,154;272,157;273,158;272,161;273,163;272,164;272,167;272,169;273,170;272,173;272,175;272,176;273,178;272,180;273,183;273,185;272,187;273,188;272,191;272,192;272,194;272,197;272,199;272,201;272,202;272,204;272,207;273,208;272,210;272,212;273,214;272,216;272,219;272,220;272,223;272,224;273,226;273,229;272,230;273,232;273,235;272,237;273,238;272,240;273,243;273,244;272,247;273,248;273,251;272,252;272,254;272,256;272,259;273,260;272,263;272,265;273,266;273,268;273,270;273,273;273,275;273,277;272,278;273,280;273,283;272,285;273,286;272,289;273,290;273,293;273,294;272,296;273,298;272,301;272,303;272,304;273,307;273,308;273,311;272,313;272,315;273,316;272,318;273,320;272,322;272,324;272,327;272,328;273,330;272,333;273,334;272,337;273,339;273,340;272,343;273,344;272,346;272,348;272,351;273,353;273,355;272,357;273,358;272,360;273,362;272,365;272,366;272,369;273,370;272,373;273,374;272,376;272,379;273,381;272,383;273,385;273,387;272,388;273,391;273,393;272,395;272,396;273,399;272,400;273,403;273,405;272,406;273,408;272,411;273,412;272,414;273,416;272,418;273,420;273,423;272,424;273,427;273,429;272,431;272,432;273,434;272,436;273,439;272,441;272,443;273,445;272,446;273,449;273,451;272,452;272,454;273,457;273,459;272,461;272,463;273,465;272,466;273,469;273,470;272,472;272,475;272,477;272,479;272,480;272,482;273,485;273,487;273,488;272,490;273,493;273,494;273,496;272,498;272,501;273,502;273,505;272,506;272,508;272,510
274,0;274,2;274,5;274,6;275,8;274,11;274,13;275,15;274,16;274,18;274,20;274,23;275,24;274,26;275,29;274,30;275,33;275,34;275,37;275,38;274,40;275,42;274,44;274,46;275,49;275,50;275,53;274,54;275,57;274,58;275,61;275,63;274,65;275,66;275,69;274,71;274,72;275,75;275,76;274,79;274,81;275,82;274,85;274,86;275,88;274,91;274,93;275,94;275,97;275,99;274,101;275,102;275,104;275,106;275,109;274,111;274,113;275,115;274,116;275,118;275,121;274,122;275,124;274,127;274,128;274,130;275,132;275,135;274,137;275,139;275,140;275,142;274,145;275,147;275,148;274,151;274,153;275,155;274,157;274,159;274,161;275,162;275,165;275,166;274,168;275,170;275,172;275,174;275,176;275,179;274,181;274,183;274,184;275,187;275,189;274,191;274,193;275,194;275,197;275,199;275,200;274,202;274,204;274,207;275,208;274,210;274,213;274,214;275,216;274,218;275,220;275,223;275,224;274,226;275,228;275,230;275,233;275,234;275,236;274,239;275,240;274,243;274,245;275,246;274,249;274,251;275,252;274,255;274,256;274,259;275,260;275,263;274,264;275,267;275,268;274,271;275,273;275,274;274,277;275,279;275,280;275,283;275,285;275,286;274,288;274,291;275,293;275,295;275,297;275,299;274,300;274,302;275,304;275,306;274,309;275,311;274,312;275,314;275,317;274,319;275,320;275,322;274,325;275,326;275,329;275,331;275,332;274,334;274,336;274,338;274,340;275,343;274,345;275,347;275,348;274,350;274,353;274,354;274,357;275,358;274,361;275,363;275,364;275,366;274,369;274,371;275,372;274,375;275,377;274,379;274,381;274,382;274,384;274,386;275,388;274,390;274,392;275,395;274,396;274,398;275,401;275,403;274,404;275,406;275,409;275,411;275,412;275,414;275,417;275,418;275,421;274,423;274,424;274,427;274,428;275,430;275,433;274,435;274,437;274,438;275,441;274,442;274,445;274,447;274,449;274,451;274,452;275,455;274,457;274,459;275,460;274,463;275,464;275,467;275,468;275,471;275,472;275,475;275,476;275,479;275,480;275,482;274,485;274,487;275,489;274,490;275,493;275,494;275,496;274,498;274,501;274,502;275,505;274,506;274,509;275,511
277,0;277,2;276,4;277,7;277,9;277,11;277,12;277,15;277,16;276,19;277,21;277,22;277,25;276,27;276,28;276,31;276,33;277,35;277,36;276,38;277,40;277,42;277,45;276,46;276,49;276,50;277,52;276,55;277,57;277,59;277,61;277,63;277,65;276,66;276,68;276,71;277,73;277,74;276,76;277,79;276,81;277,83;277,85;277,87;277,88;277,90;277,93;276,94;277,96;277,98;277,100;277,102;277,105;276,107;277,108;277,111;276,113;276,115;276,117;276,119;276,121;277,123;277,124;277,127;277,128;276,130;277,132;276,134;276,136;276,138;277,141;277,142;276,145;276,147;277,149;276,151;276,152;276,155;276,156;276,159;276,160;277,162;276,165;277,166;276,169;276,170;276,173;276,174;277,177;276,178;277,181;276,183;277,184;277,187;276,189;276,190;277,193;276,194;277,197;276,199;276,201;276,202;277,204;276,207;276,208;276,210;277,212;276,215;277,217;277,219;276,221;276,222;277,224;277,227;276,228;277,230;276,232;277,234;276,237;276,238;277,240;277,243;277,244;277,247;276,249;277,251;277,253;276,254;277,257;276,259;277,261;277,262;277,265;276,266;277,269;277,270;277,273;276,275;276,277;277,278;276,280;277,282;276,284;277,287;276,288;277,290;277,292;276,294;277,297;277,299;277,300;277,302;276,305;277,306;276,309;276,311;276,312;277,315;276,317;276,319;276,321;276,322;276,324;277,326;277,328;276,330;276,332;276,334;277,337;276,339;276,341;277,342;276,344;277,346;277,348;276,351;277,353;277,354;277,356;276,359;277,361;276,363;276,365;277,366;277,368;277,371;277,373;277,374;276,377;277,379;277,381;277,382;277,384;276,387;276,388;276,391;276,392;276,394;276,397;277,398;277,400;277,402;276,405;277,406;276,409;277,411;276,413;276,415;277,416;277,418;277,421;276,422;276,424;277,427;276,428;277,430;277,433;277,435;277,437;276,439;276,441;276,443;276,445;276,447;277,448;277,451;277,453;276,454;277,456;276,459;276,461;276,462;276,464;277,467;276,468;277,470;276,473;277,475;277,476;276,478;277,481;277,483;277,484;276,487;277,489;277,491;277,492;276,494;277,496;277,498;277,501;276,503;276,505;277,506;276,508;276,510
279,1;278,2;278,4;278,6;278,9;279,10;278,12;279,15;279,16;278,18;278,20;279,23;279,24;279,27;279,28;278,30;279,33;279,34;278,36;279,38;279,40;279,43;279,44;279,46;278,48;278,50;278,52;278,55;279,57;279,59;278,60;278,63;279,65;278,66;278,68;278,70;279,73;279,75;279,76;278,79;278,80;279,82;279,85;278,87;278,88;278,90;279,92;278,95;278,97;278,98;278,100;278,103;279,104;278,106;279,109;279,111;279,113;279,115;278,117;279,119;279,120;279,122;279,124;278,127;279,128;278,131;278,133;278,134;278,137;279,139;279,140;279,143;279,144;278,146;278,149;279,150;279,152;278,154;279,156;279,159;278,161;279,162;278,164;279,166;279,169;279,171;279,173;279,174;279,177;278,178;278,180;278,183;279,184;278,187;278,189;279,190;278,193;278,195;279,196;278,198;278,201;279,203;279,205;278,206;278,208;279,210;278,212;278,215;278,216;278,218;278,221;279,223;279,224;278,226;278,229;278,231;278,233;279,234;278,236;278,239;279,241;278,243;278,244;279,246;278,248;278,251;279,253;279,255;279,256;279,259;279,261;279,262;278,265;278,267;279,269;279,270;278,272;279,274;278,276;279,278;279,281;278,282;278,284;278,286;278,288;279,290;278,293;278,295;279,297;278,299;279,301;278,302;279,305;279,307;279,308;279,310;278,312;278,314;278,316;279,319;279,321;279,322;278,324;278,326;278,329;279,331;278,332;278,334;279,337;278,338;279,341;279,343;279,344;278,347;279,349;279,350;279,352;278,354;278,357;279,358;279,360;278,362;279,364;278,367;279,368;278,370;278,372;278,374;278,377;279,378;279,380;278,383;278,385;278,387;278,389;278,390;278,392;279,394;279,397;279,399;278,401;278,403;278,404;279,407;279,409;279,410;279,412;278,414;278,416;279,418;278,421;279,422;279,424;278,426;279,429;279,430;279,432;279,434;279,436;279,438;279,440;278,442;278,445;279,447;278,449;278,450;279,452;278,455;278,457;279,459;278,461;279,463;278,465;278,466;279,469;279,470;278,473;279,475;279,476;278,479;279,480;279,483;278,484;278,486;278,489;279,491;278,493;279,494;278,496;278,499;278,501;278,502;278,504;278,507;279,509;278,511
281,1;280,3;281,5;281,6;280,9;280,11;281,12;280,14;281,16;280,19;280,21;281,23;280,24;281,26;281,28;280,30;281,33;280,35;281,37;281,38;281,40;281,43;281,45;280,47;281,48;281,50;280,53;280,54;280,57;280,59;281,60;280,63;281,65;280,67;280,68;281,71;281,72;281,75;280,76;281,78;281,80;281,83;281,84;280,86;281,89;280,90;281,93;281,95;281,97;281,98;281,100;280,102;281,105;281,106;281,108;281,111;281,113;281,115;280,116;281,118;281,121;280,123;281,124;281,126;281,129;281,130;280,133;280,134;281,137;280,138;280,141;280,143;280,145;280,147;280,148;280,150;281,153;281,154;281,156;280,158;280,161;280,162;280,165;280,166;281,168;280,170;280,173;280,174;280,177;280,179;280,181;281,182;281,185;280,186;280,189;281,191;280,192;280,194;280,197;280,199;281,200;281,202;280,204;280,206;281,209;281,210;281,212;281,215;280,217;280,218;280,220;281,223;280,225;280,226;281,228;281,231;280,232;281,235;281,237;281,239;280,240;281,243;280,244;280,246;280,249;280,250;280,252;281,254;281,256;281,259;280,261;281,263;281,265;280,266;280,269;280,271;281,273;280,274;280,276;280,278;280,280;281,282;281,284;281,286;280,289;280,291;281,293;281,294;281,297;280,299;280,301;281,302;281,305;280,307;280,309;280,311;281,313;281,315;280,316;281,319;280,321;280,323;281,325;281,326;281,329;280,331;281,333;281,334;281,336;280,338;280,340;280,343;281,344;280,347;281,349;280,351;281,353;280,354;281,357;280,358;280,360;281,362;280,365;281,367;281,368;281,370;280,373;280,375;280,377;280,378;281,380;280,382;281,385;281,386;280,389;280,390;280,392;280,394;281,397;280,399;281,401;280,403;280,405;280,407;281,409;280,411;281,412;281,415;280,417;280,418;280,421;281,423;280,425;280,426;281,428;280,431;280,432;280,434;280,436;280,439;280,440;281,443;281,445;280,446;281,449;281,450;281,452;280,454;280,456;281,458;280,461;281,462;281,465;281,466;280,469;281,470;281,473;281,475;281,476;280,478;281,481;281,482;281,485;280,487;280,489;281,491;280,492;280,495;281,497;281,498;281,500;281,502;280,504;281,506;280,509;280,511
282,1;282,3;283,5;282,6;283,8;282,10;282,12;283,15;283,17;283,18;283,21;283,23;283,25;283,27;283,29;283,31;283,32;282,35;282,36;283,39;283,40;282,43;283,44;283,47;283,49;282,50;283,52;282,55;282,57;282,58;283,61;282,62;283,65;282,67;282,69;283,71;283,73;283,75;282,77;282,78;282,81;282,83;282,85;283,86;282,89;283,91;283,93;282,94;283,96;282,99;283,100;283,103;282,104;282,106;283,109;283,111;282,113;282,114;283,117;283,118;282,120;283,123;282,125;283,127;283,128;283,131;282,133;282,134;283,137;282,139;282,140;282,143;282,144;283,147;282,148;282,151;283,153;282,154;283,157;283,158;283,161;283,162;282,165;282,166;283,169;283,171;282,173;283,175;283,176;283,178;283,181;282,183;282,184;282,187;282,189;282,190;282,193;283,195;282,197;283,199;283,200;282,203;282,204;283,207;282,209;283,210;283,213;282,215;282,217;282,219;283,221;282,222;282,225;283,227;283,228;283,231;283,232;283,234;283,237;282,239;282,240;282,243;283,244;283,247;283,248;283,251;283,253;282,255;282,256;283,259;282,261;282,262;283,264;282,266;282,269;282,271;283,273;282,274;283,276;283,279;282,280;283,282;283,284;282,286;283,288;282,290;282,293;283,295;283,296;283,298;282,301;282,303;282,304;283,306;282,309;282,310;282,312;283,314;283,317;283,319;282,320;283,322;283,325;283,326;283,329;282,331;282,333;282,335;282,336;282,338;282,341;282,342;283,345;283,347;282,348;283,351;283,353;282,355;283,356;283,359;282,360;282,363;282,365;282,366;283,368;283,371;283,372;282,375;283,376;283,378;282,380;283,382;282,385;283,386;283,389;282,391;283,392;282,394;283,396;282,399;282,401;282,403;282,404;282,407;283,408;283,411;283,413;283,414;282,417;282,419;282,421;283,423;283,424;283,426;282,429;282,430;283,432;282,435;283,436;283,438;282,440;283,442;282,444;282,446;282,448;282,451;283,452;282,454;283,456;283,459;282,461;283,463;282,464;283,467;283,468;283,470;282,473;282,475;283,477;282,478;283,481;283,482;282,484;282,487;282,489;282,490;282,492;282,495;283,497;282,499;283,500;282,502;282,504;282,507;282,509;282,510
284,1;285,3;284,4;284,7;284,9;284,11;284,13;285,15;285,16;285,19;284,21;284,23;285,24;285,26;284,29;285,31;284,33;284,35;284,37;285,39;284,40;284,42;284,45;285,47;284,48;285,51;285,52;285,55;285,56;284,58;284,60;285,62;285,65;284,66;284,69;284,70;284,72;284,75;285,77;284,79;285,81;284,83;284,84;284,87;284,89;285,90;284,93;285,95;285,96;285,98;284,100;284,103;285,105;285,106;285,109;285,111;284,113;284,115;284,117;285,118;285,121;285,122;285,124;285,127;284,128;285,131;284,132;284,134;284,137;284,138;284,140;285,142;285,144;285,147;284,149;285,151;285,152;285,154;284,157;284,159;285,161;284,163;284,165;285,166;284,169;284,171;284,173;284,175;284,176;285,178;284,180;284,183;284,185;285,186;285,188;284,190;285,192;284,195;285,196;285,198;284,200;285,202;284,205;285,206;285,209;284,210;284,212;284,214;285,217;284,218;284,221;284,223;284,224;284,227;284,228;285,231;284,232;285,234;284,237;284,238;284,241;285,242;285,245;285,247;284,249;284,251;284,253;285,255;285,256;284,258;284,261;285,263;284,265;284,266;285,268;284,271;285,272;285,274;284,276;284,279;285,280;284,282;284,284;285,286;285,289;284,291;284,293;284,295;285,296;285,299;285,301;285,303;285,304;285,306;285,309;285,311;284,312;284,314;285,316;285,318;285,321;285,322;285,324;284,327;284,328;285,330;285,333;285,335;285,336;284,339;285,341;284,342;284,345;285,347;284,349;285,350;285,352;285,354;284,357;285,359;285,361;284,363;285,365;285,366;285,369;284,371;285,373;284,375;285,377;284,379;284,381;284,382;285,384;284,387;285,388;284,391;284,393;284,394;285,397;284,398;285,400;285,403;285,405;285,406;285,409;285,410;284,413;284,414;285,417;284,419;285,420;284,422;284,424;284,426;285,429;285,430;285,433;284,435;285,437;284,439;285,441;284,442;284,444;284,446;284,449;284,450;284,452;285,454;285,457;284,458;285,461;284,462;285,464;285,467;284,469;284,470;285,472;285,475;284,476;285,479;284,480;285,483;285,484;284,487;285,489;284,491;284,493;284,495;284,497;284,498;284,501;285,503;284,505;285,506;285,508;285,510
286,1;287,3;287,4;287,6;286,8;287,11;287,13;287,15;286,16;287,19;286,21;287,23;287,24;286,27;287,29;286,30;287,33;287,35;287,36;286,39;286,41;287,42;287,45;287,47;286,48;286,50;287,52;287,55;287,56;287,59;287,60;287,63;287,65;287,66;287,68;287,70;286,72;286,74;287,76;286,79;286,81;286,83;286,85;287,86;287,88;286,91;287,93;286,95;287,97;287,99;287,101;286,103;287,105;287,106;287,108;286,111;286,113;287,115;286,116;286,119;286,120;287,122;287,125;287,127;286,129;287,131;287,133;286,134;286,137;286,139;287,141;287,142;286,144;286,146;286,148;287,150;286,152;286,154;286,156;286,158;286,160;286,163;287,165;286,167;287,168;287,171;287,172;287,174;286,177;287,178;286,181;287,182;287,185;287,186;286,188;287,190;287,192;286,194;286,197;286,199;286,201;287,202;287,204;286,207;286,208;286,210;287,213;287,214;287,217;287,219;287,220;286,223;286,224;286,226;287,228;286,230;286,233;286,234;287,236;286,238;286,241;287,242;287,244;286,247;286,249;286,250;287,253;287,255;286,256;286,259;286,260;286,263;286,264;286,267;287,269;286,271;286,272;286,274;286,277;287,278;287,280;287,282;287,285;287,287;286,288;286,291;286,293;287,294;287,297;287,298;286,301;286,303;287,304;287,307;286,308;286,310;287,312;286,314;286,316;287,319;286,320;287,323;286,324;286,326;286,329;287,330;287,333;286,335;286,337;287,339;286,341;287,342;287,345;287,346;287,348;287,350;286,352;286,355;287,357;286,358;286,361;287,363;286,365;286,367;287,369;287,371;287,372;287,374;287,376;286,378;286,380;286,383;287,384;286,387;287,388;287,390;286,392;286,395;286,397;287,399;287,401;287,402;287,404;287,407;286,409;286,410;286,412;287,414;287,416;287,419;286,421;286,423;286,424;287,427;287,428;286,431;287,432;286,435;287,436;287,439;287,440;286,443;287,444;287,446;286,448;287,451;286,453;286,454;286,456;286,458;287,461;286,463;287,464;287,467;286,468;286,470;287,473;286,475;287,476;287,478;287,480;286,482;287,484;287,487;287,489;286,491;287,492;287,495;286,497;287,499;286,501;287,503;287,505;286,507;287,509;287,511
289,1;289,3;289,5;288,7;289,9;288,10;288,12;288,15;288,17;289,19;288,21;289,23;289,24;288,26;288,29;288,30;288,33;288,34;289,37;289,38;289,41;289,43;288,44;288,47;289,48;289,51;289,53;289,54;288,56;289,59;288,60;289,63;288,64;289,66;289,69;289,70;289,72;289,75;289,76;289,78;289,81;288,83;289,85;289,86;289,88;289,90;288,92;289,95;289,96;288,98;289,100;289,103;288,105;288,106;289,108;289,110;289,112;289,114;288,116;289,119;289,121;288,122;289,125;288,127;288,128;289,130;289,132;289,135;289,137;289,139;289,141;289,142;289,145;289,147;289,148;288,151;289,152;288,155;288,156;288,159;288,161;289,163;288,165;289,167;288,169;288,170;289,172;289,174;288,176;289,178;289,181;289,182;288,185;289,186;289,189;289,190;288,192;289,195;289,197;288,199;289,200;288,203;288,205;288,207;289,208;289,210;288,213;289,215;288,217;288,218;288,221;288,223;288,224;289,226;289,229;289,231;288,232;289,235;288,237;288,239;288,240;288,243;288,244;289,247;289,249;289,250;289,252;288,255;288,257;288,259;289,260;288,262;288,265;289,267;289,268;289,270;289,272;289,275;289,277;289,278;288,280;289,282;289,284;289,286;288,289;288,291;288,292;289,294;288,296;288,298;289,300;289,303;288,305;289,307;288,308;288,310;288,312;289,315;288,316;288,319;288,321;288,323;288,324;289,327;289,329;289,330;289,333;289,334;289,336;289,339;289,341;288,342;288,344;288,346;289,349;288,351;288,352;288,354;289,356;288,358;289,360;288,363;289,365;289,367;289,369;289,371;289,373;288,375;288,377;288,378;288,380;288,383;289,384;288,386;288,388;288,390;289,393;288,395;288,396;289,399;288,400;288,402;289,405;289,407;289,408;288,410;288,413;289,414;289,416;288,418;289,421;288,423;288,424;289,427;289,428;289,430;289,433;289,435;288,437;289,439;289,440;288,442;289,445;288,446;288,449;289,450;289,452;288,454;288,456;288,458;289,461;288,462;288,465;288,466;289,468;288,471;288,473;289,475;288,477;289,479;289,481;289,483;289,484;288,486;288,488;288,491;288,493;288,494;288,496;288,498;288,501;288,503;288,505;289,506;289,509;288,511
290,0;291,2;290,5;290,6;291,9;291,10;291,13;290,14;290,17;290,19;290,21;290,23;290,25;290,26;291,29;291,31;291,33;290,34;291,37;291,39;291,41;291,43;290,44;290,46;290,48;290,50;291,52;291,54;290,56;291,59;291,60;291,62;291,65;290,67;290,68;290,70;290,72;291,74;291,77;290,78;291,81;291,83;291,84;290,87;290,88;291,91;290,92;291,95;291,96;291,99;291,101;291,103;291,105;291,106;290,108;290,110;290,113;290,114;291,116;290,119;290,120;290,123;291,124;291,126;291,129;291,130;290,133;291,134;291,137;291,138;290,141;290,142;291,144;290,146;291,148;291,151;290,152;290,154;291,157;291,158;291,161;291,162;290,164;290,167;290,168;290,170;291,173;291,174;291,177;290,179;291,181;291,182;290,185;291,187;290,188;291,191;290,192;291,194;290,197;291,198;290,201;290,202;290,205;290,206;291,209;290,211;290,213;291,215;290,216;291,218;290,220;291,223;291,224;291,227;290,229;290,230;291,232;291,235;290,237;291,239;290,240;291,242;290,244;290,247;290,249;291,251;291,253;290,254;291,256;290,259;291,261;290,263;290,264;291,266;291,268;290,271;291,273;291,274;290,276;290,279;291,281;290,283;290,285;290,287;290,289;291,291;290,292;290,295;290,297;290,298;291,301;291,303;290,304;291,307;290,308;290,311;290,313;291,315;291,317;291,319;291,320;291,322;290,325;290,327;290,329;290,331;290,332;291,334;290,336;291,339;291,341;291,342;290,344;290,347;291,348;291,351;290,353;291,355;291,357;291,359;290,361;291,362;291,364;290,366;290,369;290,370;290,372;290,375;290,377;291,379;290,380;291,382;291,384;291,387;291,389;291,391;290,393;291,395;290,396;290,399;291,401;291,403;290,405;290,407;290,408;291,410;291,413;290,415;290,417;290,419;290,421;290,423;290,424;290,427;291,429;290,431;290,432;290,434;291,436;290,438;291,441;291,442;291,445;291,446;290,449;290,450;290,452;290,454;291,456;291,458;290,461;290,463;291,465;290,466;290,468;290,470;290,472;290,475;290,476;290,478;291,481;290,482;290,485;291,486;290,489;290,490;290,492;291,494;291,496;290,498;290,500;291,502;291,504;291,506;290,508;290,511
293,1;292,3;293,5;292,7;292,9;293,10;293,13;292,14;293,17;293,19;292,20;292,22;293,24;293,26;293,28;293,30;292,32;292,34;292,37;292,38;293,40;292,43;293,44;293,47;293,48;292,50;292,53;293,54;293,56;292,59;293,60;293,63;292,65;292,66;292,69;293,71;293,73;292,75;293,76;292,78;293,81;292,83;292,84;293,87;292,88;292,91;293,92;293,95;292,97;293,99;293,101;293,102;292,105;292,106;292,109;292,110;293,113;292,115;292,117;292,119;292,121;292,123;293,125;292,127;292,128;293,130;293,133;293,135;292,136;292,139;293,141;293,142;293,144;293,146;293,148;292,151;293,153;292,155;292,156;293,159;292,160;293,162;293,165;292,166;293,168;293,171;293,172;293,175;293,177;293,179;293,181;293,182;293,185;293,186;293,189;292,191;292,193;292,194;293,197;292,198;293,201;293,202;293,204;293,207;293,209;292,210;293,213;292,215;293,217;293,218;292,220;293,223;293,225;293,227;292,229;293,230;292,232;293,235;293,236;292,239;293,240;292,242;292,244;293,247;292,249;292,250;293,253;292,254;292,257;292,258;293,260;293,263;293,265;293,267;292,269;293,271;293,273;293,274;293,277;293,279;292,281;292,282;292,284;293,286;293,288;293,291;292,292;293,295;292,296;292,299;293,301;293,303;293,305;292,306;293,308;293,311;293,312;292,315;292,316;292,318;293,320;293,322;293,324;292,326;292,328;292,331;293,333;293,335;292,337;293,339;293,340;292,342;293,344;293,347;292,348;293,350;293,353;292,354;293,356;292,359;293,361;292,362;292,364;293,367;293,368;292,371;293,373;292,374;292,376;293,378;293,380;292,383;293,385;292,387;292,389;292,390;293,393;292,394;293,397;293,399;293,401;292,402;293,404;293,406;293,409;293,411;292,413;292,414;292,416;292,419;292,420;293,423;293,425;293,427;293,429;292,431;292,432;293,434;293,436;292,438;293,440;292,442;292,445;292,446;292,449;293,451;293,453;293,455;292,456;292,458;292,460;293,463;292,464;293,466;293,468;292,471;292,473;292,475;292,477;293,478;293,480;293,482;293,484;292,487;293,489;292,491;293,492;293,495;293,496;292,499;293,501;292,503;293,505;292,507;293,508;293,511
295,0;294,2;295,5;295,7;294,8;294,10;295,13;295,14;295,16;295,18;295,20;295,22;295,24;294,26;295,29;295,31;294,33;294,34;294,37;295,39;295,40;295,42;295,44;294,46;295,49;295,51;294,53;295,55;294,56;294,58;295,60;294,62;295,64;295,66;294,68;295,71;294,73;295,75;295,76;294,79;294,80;295,83;294,85;295,87;294,88;294,90;294,92;294,95;294,96;295,98;295,100;294,103;295,105;294,106;294,108;295,110;295,113;294,115;295,117;295,118;294,120;295,122;294,125;294,127;295,129;294,131;294,133;294,135;294,137;295,138;294,140;294,143;295,144;294,147;294,148;294,150;294,153;294,155;295,156;294,159;294,160;295,162;295,164;295,167;295,168;294,170;294,172;294,175;295,176;294,179;295,181;294,182;294,185;294,186;295,188;295,191;295,193;294,194;295,196;295,199;294,200;294,202;295,205;294,206;295,208;295,211;295,213;294,215;295,217;295,218;295,221;294,222;294,224;295,226;295,228;294,231;295,232;294,234;294,237;294,238;294,240;294,242;295,245;295,246;295,249;294,251;294,252;294,255;294,256;294,259;294,260;295,262;294,264;294,267;294,268;294,270;295,273;295,274;294,276;295,278;294,281;295,282;294,284;294,287;294,289;295,291;295,293;295,295;295,296;295,298;295,301;295,303;294,305;295,307;294,308;294,310;295,313;294,315;295,316;295,319;294,321;295,323;295,325;295,327;295,329;295,331;295,332;295,334;295,337;294,339;294,340;294,343;295,345;294,347;295,348;295,351;295,352;294,355;294,357;294,359;294,361;295,362;295,365;295,367;294,369;294,371;295,373;295,374;295,377;294,379;295,380;295,382;294,385;295,386;294,388;295,391;295,393;294,394;295,396;294,399;295,401;294,402;295,404;295,407;294,409;294,411;295,413;295,414;294,416;295,418;295,421;295,422;295,425;294,426;294,428;295,431;294,432;295,435;295,437;295,438;295,440;295,442;294,444;294,447;294,448;295,451;294,452;295,455;294,457;294,459;295,460;294,463;294,465;294,467;294,468;295,471;294,472;294,475;294,477;294,478;295,481;295,482;295,484;295,487;294,488;294,490;295,492;295,494;295,496;294,499;294,500;295,502;294,505;295,507;295,509;294,511
297,0;296,3;296,5;296,7;296,9;296,10;296,12;296,14;296,17;297,18;296,21;297,22;297,24;296,27;297,28;297,30;296,33;297,34;296,37;296,39;296,40;297,42;296,44;296,47;297,48;297,51;296,52;296,54;297,57;296,58;297,61;296,62;297,64;296,67;296,69;297,70;297,73;296,75;296,77;296,79;297,81;297,82;297,84;296,86;296,89;296,90;297,92;297,95;296,96;296,98;297,100;296,102;296,104;297,107;297,108;296,110;296,112;296,114;297,117;296,118;297,120;297,123;297,124;296,127;296,129;296,131;296,133;296,134;296,136;296,139;296,140;297,142;297,144;297,146;296,148;297,150;296,152;297,154;296,157;297,159;296,161;297,162;296,164;297,166;297,169;297,170;297,173;297,175;297,176;296,179;296,181;296,183;297,184;297,187;296,189;296,191;297,193;297,194;296,197;296,199;296,200;297,203;296,205;296,207;297,208;296,210;297,213;296,214;296,217;296,219;296,221;296,223;296,224;297,226;297,229;297,230;297,233;296,235;296,237;297,239;297,241;296,242;297,244;297,247;297,248;297,250;296,253;296,255;296,257;296,258;296,261;297,262;297,264;296,267;296,268;296,270;296,272;297,274;296,277;296,278;297,281;296,282;296,284;297,287;296,289;296,291;297,293;297,295;297,296;296,298;297,301;296,303;296,305;296,307;297,308;296,311;296,312;296,315;296,316;296,318;296,320;297,323;297,325;297,327;297,328;297,331;296,332;296,335;297,336;296,339;296,340;296,343;296,345;296,347;296,348;296,351;296,353;297,354;296,356;297,359;296,361;297,363;297,365;296,367;296,369;296,370;296,373;296,375;296,376;297,379;296,381;296,382;296,385;297,387;297,389;297,390;296,392;296,395;296,396;296,398;297,401;297,403;297,405;297,407;297,408;296,410;296,413;297,415;297,416;297,419;296,421;296,423;296,424;297,426;296,429;296,430;296,432;296,434;296,437;296,438;296,441;297,442;296,445;297,446;297,448;296,451;297,453;296,455;296,457;297,458;296,460;297,463;297,465;296,467;297,468;296,471;297,472;297,475;297,476;297,478;297,480;297,482;296,484;297,487;296,488;296,491;296,493;296,495;297,497;297,498;297,501;296,503;297,504;297,507;296,508;296,510
298,0;299,2;299,5;298,6;298,9;299,10;298,13;298,15;299,17;299,18;298,21;299,23;298,24;298,26;299,28;299,30;299,33;298,34;298,37;299,39;298,41;299,42;298,44;299,47;299,48;298,51;299,53;298,54;299,56;299,59;298,61;298,63;298,64;299,67;299,68;298,70;299,72;299,75;299,76;299,78;299,81;299,82;299,84;299,86;298,89;299,91;299,92;299,95;299,96;298,98;299,100;299,103;298,105;299,107;298,108;299,110;298,113;298,114;298,116;299,119;298,121;298,122;299,125;299,126;298,129;298,130;298,132;298,134;299,136;299,139;298,140;299,142;298,144;298,146;298,148;299,151;299,153;298,155;299,157;298,159;298,161;299,162;299,165;298,166;298,168;298,170;298,172;298,174;299,177;298,179;298,180;298,182;299,184;299,186;298,188;299,191;299,193;298,194;298,196;299,199;299,200;299,202;298,204;299,206;299,209;299,210;299,213;299,215;298,217;299,219;298,221;298,222;298,225;298,227;299,228;299,230;298,233;298,235;299,237;298,238;299,241;299,242;298,244;298,246;298,248;298,250;298,253;298,255;298,256;299,258;299,261;298,263;298,264;299,266;299,268;299,271;298,272;299,274;298,277;299,279;299,280;298,282;299,284;298,287;298,288;298,291;299,293;299,295;299,297;299,299;299,300;299,302;299,305;299,306;298,309;299,310;299,313;299,315;299,317;298,319;298,320;299,323;298,325;299,326;299,328;298,330;299,333;298,334;299,336;299,339;299,340;299,343;298,345;299,347;298,349;298,351;298,353;298,354;299,357;299,358;299,360;299,362;298,365;299,367;298,368;298,371;299,372;299,375;298,377;299,379;299,381;298,382;299,385;299,386;299,388;298,390;299,393;298,395;298,396;298,399;298,400;299,402;298,404;298,407;298,408;298,411;298,412;298,414;298,416;299,419;298,420;299,423;299,424;299,426;299,428;299,430;298,433;298,434;299,436;298,438;299,441;299,443;298,444;298,447;299,448;299,451;299,452;299,455;299,457;298,458;299,460;298,462;299,464;299,467;298,468;299,470;298,473;298,474;298,477;298,479;298,480;299,482;298,485;299,486;299,488;298,491;298,492;298,494;298,496;298,498;299,500;298,502;298,505;299,506;298,508;298,510
301,0;301,2;300,5;301,7;301,9;301,11;300,12;301,15;300,16;300,19;300,20;301,23;300,25;300,27;301,28;301,30;300,33;301,35;301,37;301,39;300,40;301,42;301,45;300,47;301,49;301,50;301,52;301,54;301,56;300,58;301,61;301,63;301,64;300,66;300,68;300,71;301,73;300,75;300,76;301,79;301,81;301,82;301,85;301,87;301,88;300,90;300,93;301,95;300,97;300,98;300,101;300,102;301,105;301,106;300,109;301,111;301,112;301,115;301,117;300,118;301,120;301,122;301,125;301,126;300,128;300,130;301,133;301,135;300,137;300,138;301,140;301,143;301,144;301,147;300,149;301,151;301,152;301,155;301,156;300,158;301,161;300,162;300,165;301,166;301,169;300,170;301,172;301,174;300,176;300,178;301,181;301,183;301,185;301,187;301,188;301,191;301,193;300,194;300,197;301,198;300,201;300,202;301,204;301,207;300,209;300,210;300,213;301,214;300,216;301,218;301,220;300,223;301,224;300,226;301,228;301,231;301,233;301,235;301,236;300,238;300,241;301,242;301,245;300,247;300,249;300,251;300,253;301,255;300,256;300,258;300,261;300,262;300,265;300,267;301,268;300,271;300,273;300,275;300,277;300,279;300,281;301,283;300,284;301,287;300,289;301,290;300,293;300,295;300,297;300,299;300,301;300,303;300,304;301,306;301,308;300,311;300,313;301,314;300,317;301,318;301,320;301,322;301,325;300,326;301,328;301,331;300,333;300,335;300,337;301,339;300,340;301,343;300,345;301,347;301,348;300,350;300,352;300,354;301,356;301,359;300,360;300,362;300,364;301,366;301,368;300,370;300,372;301,374;301,377;301,379;301,380;300,383;300,385;301,387;301,389;301,391;301,393;300,395;300,396;301,399;300,400;301,403;301,405;300,406;300,408;301,411;301,413;300,415;301,417;301,418;301,420;301,423;301,424;300,427;301,428;300,430;301,432;301,435;301,436;301,439;301,440;301,442;301,445;301,447;300,449;300,450;300,452;301,455;300,457;300,459;301,461;301,462;301,465;301,467;301,469;300,471;300,472;300,475;300,476;300,478;301,480;300,483;300,485;300,487;300,489;300,491;301,492;300,494;301,497;301,499;300,501;301,502;300,505;301,506;300,508;300,510
303,1;303,2;302,4;303,6;303,9;303,11;303,12;302,15;303,17;303,19;303,21;303,23;302,24;302,27;303,29;303,31;302,32;303,35;302,37;303,39;303,40;302,42;303,45;302,46;303,48;302,50;303,53;303,55;302,57;302,59;302,61;302,63;303,65;302,67;302,68;302,71;303,73;302,75;303,76;302,78;303,81;303,82;302,85;303,87;302,88;302,91;303,92;303,95;303,97;302,98;303,101;302,102;303,105;303,106;302,108;302,110;303,113;303,115;303,116;303,119;302,121;302,122;302,124;303,127;303,129;303,131;303,133;302,134;303,137;302,138;302,140;302,142;303,145;302,146;302,149;303,151;302,153;302,155;302,157;302,159;302,160;303,162;302,165;303,166;302,169;302,170;302,172;302,174;303,176;303,179;302,180;303,183;302,185;302,187;303,188;303,190;303,193;302,195;302,196;303,198;303,200;303,203;303,204;303,207;302,209;302,211;302,213;303,215;303,217;303,219;302,220;302,223;302,225;302,227;302,228;302,230;302,232;303,234;303,237;303,239;302,241;302,243;302,244;302,246;302,248;303,250;303,253;302,255;303,256;303,259;303,261;302,263;303,265;302,267;302,268;302,270;303,272;303,275;303,276;303,278;303,280;303,283;303,284;303,287;303,289;302,291;303,292;302,294;303,296;302,298;302,301;302,302;302,305;303,306;302,309;302,311;302,312;302,314;302,316;303,319;303,321;303,322;302,325;302,327;302,328;303,331;303,332;303,334;302,337;302,338;303,341;303,343;303,345;303,347;303,348;303,350;303,353;302,355;302,357;303,359;303,361;303,362;303,365;303,367;302,368;302,370;302,372;302,374;302,376;302,378;303,380;303,382;302,384;303,386;303,388;303,390;302,392;303,394;303,396;302,398;303,400;302,403;303,404;303,407;302,408;302,410;302,413;302,414;303,416;302,418;303,421;302,423;303,425;303,427;303,429;302,431;303,432;302,435;302,437;302,438;302,441;303,443;303,444;303,447;303,449;303,450;303,453;302,454;302,457;302,459;303,460;302,462;303,465;303,467;303,468;302,471;303,473;302,474;302,477;302,479;302,481;302,482;302,485;302,487;302,488;302,491;303,492;303,494;302,497;303,499;303,500;303,502;303,504;303,506;303,508;303,511
305,0;305,3;305,4;305,6;305,8;305,11;305,12;305,15;305,16;305,18;304,21;304,23;304,25;304,27;305,28;305,31;304,32;305,34;304,37;305,39;304,40;305,43;304,45;305,47;304,48;305,51;305,52;304,55;304,56;304,58;304,61;304,63;305,64;304,66;305,68;305,70;305,73;305,74;305,77;305,79;304,81;304,83;304,85;304,87;304,88;304,91;304,92;304,94;305,96;304,98;305,100;305,102;305,105;305,106;304,108;305,111;304,113;305,114;304,116;305,118;305,120;305,123;305,125;305,127;304,128;304,130;304,132;304,134;304,136;304,138;304,141;304,142;304,145;305,146;305,148;304,150;304,153;304,154;304,156;305,159;304,161;304,162;305,165;304,167;305,169;305,171;305,172;305,174;305,177;305,178;304,180;305,183;304,185;305,187;305,188;305,191;305,192;305,195;305,197;305,198;305,201;305,203;304,204;305,206;304,208;305,210;304,212;305,215;304,216;305,219;304,221;304,223;304,224;305,226;305,228;305,231;304,232;304,235;305,237;305,238;304,241;305,242;304,244;304,246;305,249;305,250;305,252;304,254;304,256;305,259;305,260;304,262;304,264;304,266;304,269;305,271;304,272;305,274;304,277;305,278;304,281;304,282;304,285;305,287;304,289;305,291;304,292;305,294;304,297;305,298;305,301;304,302;304,305;305,307;305,309;304,311;304,313;305,315;304,317;304,319;304,320;304,322;305,324;305,327;305,328;305,331;305,333;305,335;305,336;305,338;305,341;304,342;305,344;304,346;304,349;304,351;305,353;305,355;304,356;304,358;304,360;304,363;305,364;305,367;304,369;304,370;304,373;304,374;304,377;304,378;304,381;305,383;304,384;304,387;304,389;304,391;305,393;305,395;305,397;305,399;304,400;304,402;305,404;304,406;305,408;305,411;304,412;305,414;305,416;305,419;304,420;305,422;305,424;304,426;305,429;305,431;304,432;305,434;305,437;305,439;304,441;305,442;305,445;304,446;305,449;305,450;305,453;305,454;305,457;304,458;305,460;305,462;304,465;305,467;305,468;304,470;305,473;305,475;305,477;304,478;304,480;304,483;305,485;304,486;305,489;305,490;304,493;304,495;304,496;304,499;304,501;304,502;304,504;305,507;305,509;304,511
307,1;306,2;306,4;307,7;307,8;306,11;306,12;306,15;307,16;307,18;306,20;306,23;306,24;306,26;307,29;306,31;307,33;307,35;307,37;307,38;307,41;307,42;307,45;307,47;306,49;306,50;306,53;307,55;307,57;307,58;307,60;307,62;306,64;306,66;306,68;307,71;306,72;307,75;306,77;307,78;306,80;307,82;307,85;307,86;307,89;307,91;306,93;307,95;307,97;306,98;307,101;307,103;306,105;306,107;307,108;307,111;306,113;306,115;306,116;307,118;307,121;307,123;307,124;307,126;307,129;306,131;307,133;307,134;306,137;306,139;307,141;306,142;307,144;307,146;306,149;306,151;307,152;306,154;307,156;306,159;306,161;306,162;307,165;307,166;306,168;307,171;306,172;307,174;306,176;307,179;307,180;307,182;306,185;306,186;307,188;306,191;306,192;306,195;307,197;307,199;306,200;307,202;306,205;306,206;306,209;306,211;306,212;306,214;307,216;307,218;307,221;307,223;306,225;306,226;306,229;306,230;307,233;306,235;306,237;307,239;306,241;307,243;306,244;306,246;306,248;306,251;306,253;307,255;307,256;306,258;307,260;306,262;307,264;307,267;307,269;307,270;307,273;306,274;307,277;306,279;306,280;307,282;307,284;307,286;306,289;307,291;307,292;306,294;307,296;306,299;307,301;306,302;306,304;306,307;307,309;306,310;306,313;306,315;307,316;307,319;306,320;307,322;307,324;306,327;307,329;306,330;306,332;306,335;307,337;306,338;306,340;306,343;307,344;306,346;306,348;306,351;307,353;306,354;307,357;307,359;307,361;307,363;307,364;306,367;306,369;306,371;307,373;306,375;306,376;307,379;307,381;307,382;306,385;307,386;307,389;307,390;307,393;307,394;307,396;307,398;307,400;306,402;307,404;307,407;306,409;307,410;306,413;306,414;306,416;307,419;306,420;307,422;307,424;307,427;307,429;307,430;307,432;306,435;307,437;306,439;306,441;306,443;306,445;307,447;307,449;307,451;307,452;307,454;306,457;307,459;306,460;306,462;307,464;306,466;307,469;307,471;307,472;306,474;307,476;306,478;306,481;307,482;307,484;306,487;306,489;306,491;307,493;307,495;307,497;307,498;307,501;307,502;306,505;306,507;306,509;306,510
308,0;309,3;308,5;309,6;309,8;308,11;309,13;309,15;308,16;309,18;309,20;308,22;309,25;308,26;309,28;309,30;309,32;309,35;309,37;309,38;309,40;309,42;309,44;308,46;309,48;308,51;308,52;309,54;309,56;309,58;308,61;309,63;308,65;308,66;309,69;309,70;309,72;309,74;309,77;309,78;308,81;309,82;309,85;309,86;308,88;308,90;308,93;309,95;308,97;308,98;308,101;308,102;309,105;308,107;309,108;308,110;308,112;309,114;308,117;308,118;309,121;309,123;308,125;309,127;308,129;308,130;309,132;308,135;309,137;308,138;309,141;309,142;308,144;308,147;308,148;308,151;308,152;308,155;308,156;309,159;308,160;309,163;309,165;308,167;309,168;308,170;309,173;308,174;309,177;308,179;308,180;309,183;308,185;309,187;308,188;309,190;308,192;308,194;309,197;308,198;308,201;309,203;308,205;309,206;309,209;309,211;309,213;308,215;309,217;308,218;308,221;308,223;309,224;309,226;309,229;308,230;308,232;309,234;309,237;308,239;308,240;309,243;309,245;308,246;308,248;308,250;309,253;308,255;308,257;308,259;308,260;309,262;308,265;309,267;308,268;308,270;308,272;309,275;309,276;308,279;308,280;309,282;309,284;309,286;309,288;308,290;308,292;309,295;309,296;308,298;308,300;308,302;308,304;309,306;308,308;309,311;308,312;309,314;308,316;309,319;308,320;309,323;309,325;309,326;308,328;308,330;309,332;308,334;309,336;308,339;308,341;309,343;308,345;308,346;308,349;308,350;308,352;309,354;309,357;308,359;309,360;309,362;308,365;308,366;309,369;308,371;308,372;309,374;309,376;308,379;309,380;309,383;309,385;309,386;309,388;308,390;309,393;309,395;309,397;308,399;309,401;308,402;309,404;309,407;309,408;308,410;308,413;309,415;308,417;309,419;308,421;308,422;308,424;309,427;308,429;309,431;308,432;308,435;309,437;308,439;308,440;309,442;308,444;309,446;309,449;308,451;308,452;308,454;308,457;309,459;309,460;308,463;308,464;309,467;309,469;309,471;309,472;309,474;309,476;309,479;308,480;309,483;309,484;309,487;309,489;309,490;309,493;308,494;308,496;308,499;309,501;308,502;308,505;308,507;308,508;309,510
310,1;311,3;310,5;310,6;311,9;311,10;310,13;311,14;310,17;311,18;310,20;311,23;311,25;310,26;311,29;310,30;311,33;310,35;311,37;310,38;310,40;311,43;311,44;310,46;310,49;310,51;310,52;311,55;310,57;310,59;311,60;310,63;311,65;310,67;310,69;310,71;311,73;311,74;311,76;310,79;311,80;311,82;311,84;310,86;310,89;311,90;311,92;310,94;311,96;310,98;310,101;311,102;310,105;310,106;311,109;311,111;310,112;311,115;311,117;310,119;311,121;311,122;311,125;310,127;310,128;311,130;311,132;310,134;311,137;311,138;311,141;311,143;310,144;310,147;310,148;310,151;310,153;311,154;310,156;311,159;310,161;310,162;311,165;311,167;311,168;310,170;310,172;310,174;310,177;311,179;311,180;311,183;311,184;311,186;311,188;310,190;310,193;310,195;310,196;311,198;311,201;311,202;310,205;311,207;310,208;310,211;311,212;310,215;310,216;310,218;310,221;311,222;310,225;310,227;310,228;311,231;311,233;310,234;311,237;311,239;311,241;311,243;311,245;310,247;311,249;311,251;310,253;310,254;310,257;310,259;310,260;310,262;310,264;310,266;310,268;311,271;311,272;310,274;310,276;311,278;310,281;310,282;310,285;310,287;311,289;311,291;311,292;311,294;310,296;311,299;311,300;311,302;310,305;311,306;311,308;311,311;310,313;311,315;311,316;310,319;310,320;310,322;310,324;310,327;311,329;310,330;310,333;310,335;310,337;311,338;310,340;311,343;310,344;310,346;311,349;310,351;311,352;310,355;311,356;311,358;311,360;310,362;311,364;310,366;310,369;311,371;310,372;310,375;311,376;310,379;311,380;311,383;310,385;310,386;310,388;311,391;311,392;310,395;311,397;310,399;310,401;311,402;311,404;311,406;311,408;311,410;311,413;310,414;310,417;310,419;311,420;310,422;310,425;310,427;311,428;310,430;311,432;311,435;311,436;310,439;310,441;311,443;310,444;310,447;310,448;310,451;311,453;310,455;311,456;310,459;311,460;311,463;310,464;311,466;310,468;310,470;310,473;311,475;310,477;311,478;311,481;311,482;310,485;310,486;311,488;311,490;311,493;311,494;310,496;310,498;310,501;311,502;311,505;311,507;311,508;310,511
313,0;312,3;312,5;312,7;313,9;312,10;312,13;313,15;312,16;312,18;313,21;312,23;312,24;313,26;312,28;313,31;312,32;312,34;313,37;313,38;312,41;313,43;313,44;312,46;312,49;313,51;312,52;313,55;313,56;313,59;313,60;312,63;312,64;313,66;312,69;312,71;313,73;313,75;313,76;312,78;313,80;313,83;312,85;312,86;312,89;313,91;312,93;313,94;313,96;313,98;313,101;312,103;312,105;313,107;313,108;313,111;313,113;312,115;313,117;312,119;313,121;312,123;312,125;312,127;312,129;312,131;313,132;312,135;312,137;313,138;312,140;313,143;312,145;312,146;312,148;312,151;312,152;312,155;313,156;312,158;313,160;312,163;313,164;313,166;312,168;312,171;313,172;313,174;312,176;312,179;312,180;313,183;313,184;312,186;312,189;313,191;312,192;313,195;313,197;313,199;313,201;313,203;313,205;312,207;312,208;312,210;312,213;313,215;313,216;313,218;312,221;313,222;313,225;313,227;312,228;313,231;313,232;313,235;312,236;313,239;313,241;312,243;312,245;313,246;313,249;313,251;312,253;313,254;313,257;312,258;312,260;313,262;313,264;312,266;312,268;313,271;313,273;312,275;313,277;313,278;312,280;313,283;313,285;313,286;312,288;313,290;312,293;312,295;312,297;312,299;312,300;312,302;313,304;313,306;313,309;313,311;313,312;312,315;313,316;313,318;313,321;313,323;313,324;312,326;313,328;312,331;313,332;313,335;312,336;313,339;313,341;312,343;313,345;312,346;313,349;313,350;313,353;313,355;313,356;312,359;312,361;313,362;313,364;313,366;312,368;313,371;313,373;313,374;313,376;312,378;312,380;312,382;312,385;312,387;312,388;312,390;312,393;312,394;313,396;312,398;312,401;313,403;313,405;312,406;312,409;312,411;312,412;312,414;313,416;312,418;312,421;312,422;312,424;313,426;312,429;312,430;313,432;312,434;313,436;313,438;313,440;313,443;312,445;312,446;312,449;312,450;313,453;312,455;313,457;312,458;313,461;312,462;312,464;313,466;312,469;312,471;313,472;312,475;312,476;313,479;313,481;313,482;313,484;312,487;312,489;313,490;313,493;312,495;313,496;313,498;312,501;313,503;313,505;312,507;313,508;312,510
315,1;315,2;315,4;315,7;314,9;315,10;314,12;314,15;315,16;314,18;315,21;315,23;315,25;315,27;315,28;314,31;315,33;314,35;315,37;314,39;314,41;315,42;314,44;315,47;314,49;315,51;315,52;315,54;315,57;314,58;314,60;315,62;314,64;315,67;314,68;314,71;314,73;314,75;315,77;314,78;315,81;314,83;315,85;314,87;314,88;314,90;314,92;315,95;314,96;315,98;314,100;314,103;314,104;314,106;314,109;315,110;315,112;314,115;315,116;314,118;314,121;314,122;314,125;315,127;315,128;314,131;314,132;314,135;314,137;314,138;315,140;314,142;315,144;315,146;315,148;315,151;315,152;315,154;315,156;315,159;314,161;315,162;314,164;314,166;314,168;314,171;314,172;315,175;314,177;314,179;315,181;314,183;315,185;314,186;314,188;314,190;314,192;315,194;315,196;315,198;314,200;314,203;314,204;315,207;315,209;314,211;315,213;314,215;314,216;315,219;315,220;315,222;314,225;315,226;314,228;314,231;314,233;315,235;314,237;315,239;315,240;315,243;315,244;314,247;314,248;315,250;314,253;314,254;314,256;315,258;314,260;315,263;314,265;314,267;315,268;315,271;314,273;314,275;315,277;315,278;315,280;314,283;315,284;314,287;315,288;314,290;314,292;315,295;315,296;314,298;315,301;314,303;315,304;314,306;315,308;314,311;315,312;314,314;315,317;315,319;314,321;315,322;315,325;315,327;315,329;314,331;314,333;315,335;315,336;315,338;314,341;315,343;314,345;314,347;314,348;315,350;315,352;314,355;314,357;315,358;314,360;315,362;315,365;314,366;314,369;315,370;314,372;314,374;314,376;315,378;315,380;315,383;315,385;315,387;315,389;314,391;314,393;314,395;315,396;315,399;314,400;314,402;314,404;315,407;314,408;314,411;314,413;314,414;315,416;315,419;314,421;315,423;315,425;315,426;315,428;314,431;315,433;315,435;315,436;314,438;314,440;315,442;314,444;314,447;314,449;314,451;315,453;314,455;315,456;314,458;315,461;315,463;314,464;315,467;315,469;314,471;315,473;315,474;315,477;314,479;315,480;314,483;315,484;314,487;314,489;315,490;315,493;315,495;315,496;314,498;315,501;314,502;315,505;314,507;315,508;315,510
316,1;316,3;317,5;316,7;317,8;317,10;316,13;316,14;317,16;317,18;317,21;317,23;317,24;317,26;316,28;316,30;316,33;317,35;317,36;317,38;317,41;316,43;316,44;317,46;316,49;317,50;317,52;317,54;317,56;316,59;317,60;316,63;317,65;316,67;317,68;316,70;316,73;317,75;317,76;316,78;316,81;317,83;316,85;317,86;316,88;316,91;316,92;317,94;317,97;316,98;317,101;316,102;317,104;317,106;316,108;316,110;317,113;317,115;317,117;317,118;317,121;317,123;316,124;317,127;316,128;316,130;317,133;317,135;316,136;316,138;316,141;316,143;317,144;317,147;317,148;317,151;316,152;316,155;316,157;317,159;317,161;317,163;317,165;316,166;317,169;317,170;316,173;317,175;316,176;316,178;317,180;316,182;317,184;317,186;317,189;316,190;317,193;316,195;317,196;317,198;316,201;316,203;317,205;317,206;317,209;317,211;316,212;316,215;316,217;316,219;317,220;317,222;317,225;316,227;317,229;317,230;316,233;316,234;317,236;316,239;316,240;316,243;316,245;317,246;317,249;317,250;317,252;316,255;316,257;316,258;316,260;317,262;316,264;317,266;316,268;317,270;316,273;317,275;317,276;317,279;317,281;316,283;316,285;317,287;317,288;317,290;317,293;316,294;316,296;316,298;317,300;316,302;317,305;317,307;316,309;316,311;317,312;317,314;316,317;316,319;316,321;317,322;317,324;316,327;317,329;317,331;317,333;317,334;317,337;316,338;317,340;316,342;316,344;316,346;316,349;317,351;317,353;316,355;317,356;317,358;316,361;316,363;317,364;316,366;316,368;316,371;317,372;316,374;316,376;317,379;316,381;317,383;316,384;316,387;316,388;316,390;317,393;317,395;317,397;317,398;317,400;316,402;317,404;317,406;317,408;316,410;317,413;316,414;316,416;316,419;317,421;317,422;317,425;317,426;317,428;317,431;317,433;316,434;316,436;317,438;317,441;317,443;316,444;317,446;316,448;317,451;316,453;316,455;316,457;316,458;317,461;317,463;317,464;316,466;317,469;317,471;317,472;316,474;316,477;316,479;317,480;316,482;317,484;317,487;316,489;316,491;317,492;317,494;317,497;317,499;316,501;317,502;317,504;316,506;316,508;316,510
318,1;319,3;318,5;318,6;318,8;318,10;318,13;319,14;318,16;318,18;318,20;318,22;318,24;318,27;319,29;318,31;318,33;319,35;318,37;319,39;318,41;319,43;318,44;318,47;318,49;319,51;318,52;319,54;319,56;319,58;319,61;319,63;318,64;318,67;319,69;319,71;318,73;319,74;318,77;318,79;318,80;318,82;319,84;318,87;319,89;318,91;318,93;319,95;319,97;318,98;319,101;319,102;318,104;318,107;319,108;319,110;319,112;318,115;318,116;318,118;318,120;318,123;319,124;318,126;318,128;319,130;319,132;318,135;318,137;319,138;318,141;319,142;318,145;319,146;318,148;318,151;318,152;318,154;318,156;318,159;319,160;319,162;319,165;319,166;318,169;318,170;318,172;318,174;318,176;318,178;318,180;319,183;319,185;318,186;319,188;319,190;318,192;319,195;318,196;318,199;319,201;319,202;319,204;319,206;318,208;319,210;319,212;318,215;318,217;318,219;318,220;319,223;318,225;319,226;318,228;319,231;319,232;318,234;318,236;319,238;319,241;319,242;318,245;318,246;318,249;318,251;318,252;318,254;318,256;319,259;319,260;318,262;318,265;318,266;319,269;318,271;318,272;319,275;318,277;319,278;319,281;319,282;318,284;318,287;318,289;319,291;319,292;319,294;319,296;319,299;319,300;319,302;318,304;319,307;318,308;319,310;318,313;318,314;318,317;318,318;318,320;318,322;319,325;318,326;319,329;318,330;319,333;319,335;319,336;318,338;318,341;318,343;319,345;318,346;319,348;319,350;318,352;319,355;319,357;318,358;318,361;319,362;318,364;318,366;319,368;318,371;318,372;319,375;319,377;319,379;319,380;319,383;318,385;319,387;319,388;318,391;318,393;319,395;318,396;318,398;319,400;318,403;319,405;319,407;318,408;318,411;319,413;318,414;319,416;318,418;318,421;319,423;319,425;319,427;319,429;319,431;318,432;318,434;318,436;319,438;318,440;319,443;319,444;318,446;318,449;318,451;318,453;319,454;318,457;319,459;319,460;319,462;318,464;319,466;319,469;318,470;319,473;319,474;318,476;318,478;318,480;319,483;319,485;319,486;319,489;319,490;319,492;319,495;318,497;318,499;318,501;319,503;318,505;319,506;319,509;319,510
320,1;321,2;321,5;320,7;320,9;321,10;320,13;320,15;321,17;320,18;320,20;321,23;320,24;320,27;320,28;320,30;320,32;321,35;320,37;321,38;320,41;320,42;320,45;320,46;320,49;320,50;320,53;320,54;321,56;320,58;321,61;320,63;321,64;320,66;320,69;321,70;320,72;321,74;321,77;321,78;321,80;321,82;320,84;321,86;320,88;320,90;321,93;320,95;320,97;320,99;320,101;320,103;320,104;320,106;320,108;320,111;321,113;321,114;321,117;320,118;321,121;321,122;320,125;320,127;321,128;321,130;321,132;321,134;321,136;321,139;320,140;321,142;321,144;321,147;320,148;321,151;320,152;321,154;320,157;320,158;321,161;321,162;320,164;320,167;321,168;320,171;321,172;321,174;320,177;321,179;320,181;320,182;320,185;320,187;320,188;320,190;321,192;320,195;320,197;320,199;320,200;320,202;320,205;321,206;320,209;321,210;320,212;320,214;321,216;320,219;320,220;321,223;321,224;320,226;321,228;321,231;320,233;320,235;321,237;321,238;321,240;320,243;320,244;321,247;320,249;321,250;321,253;321,255;321,256;321,259;320,260;320,262;320,265;320,267;320,268;321,271;321,273;321,275;320,277;321,278;321,280;320,282;321,284;320,287;321,289;320,291;320,292;321,294;320,296;321,298;321,300;321,302;321,304;320,306;320,309;321,310;320,312;321,314;320,317;320,318;320,321;320,323;320,325;321,326;321,328;320,330;320,333;321,334;320,336;321,339;321,340;320,342;320,345;320,346;321,349;320,350;320,353;321,355;321,356;321,359;321,361;320,362;321,365;320,367;321,369;321,370;321,373;321,374;321,376;321,378;321,380;321,383;320,385;320,387;320,388;320,390;321,393;321,394;321,397;321,398;320,400;321,403;321,404;321,406;320,409;321,410;320,412;320,414;321,416;320,418;321,420;320,423;320,425;321,426;321,428;321,430;321,432;320,434;321,437;320,439;321,440;321,442;321,445;320,446;321,449;321,451;321,452;321,454;321,457;320,458;320,460;320,463;321,465;320,467;321,469;320,470;321,472;320,474;320,476;321,478;320,480;320,483;320,484;321,486;320,488;320,491;320,493;321,494;320,496;320,498;321,501;320,502;321,505;321,507;320,508;320,511
322,1;323,2;323,4;322,7;322,8;322,11;322,13;322,15;322,16;322,18;323,21;322,23;322,25;323,26;322,29;323,31;322,32;323,35;323,36;323,39;322,41;323,42;323,44;323,47;323,49;322,51;323,52;322,54;323,56;323,58;323,61;322,62;323,65;323,66;322,69;323,70;322,73;323,74;323,76;322,78;323,81;322,82;323,85;322,86;322,88;323,90;323,92;323,95;323,96;322,99;323,100;323,103;323,104;323,106;323,108;323,110;323,112;323,114;323,116;322,119;322,121;323,123;323,125;323,126;322,128;322,130;323,132;322,134;323,136;322,138;322,140;322,142;323,145;322,146;323,148;322,150;323,152;322,155;323,156;323,158;323,161;323,162;322,165;323,166;323,169;323,171;323,173;323,174;323,177;322,179;322,181;322,183;322,184;322,187;322,189;322,191;322,193;323,194;322,197;323,198;322,200;322,202;323,204;323,206;322,209;322,210;322,212;323,214;322,217;323,218;322,220;322,222;323,225;322,226;323,228;322,231;323,233;323,234;323,236;322,238;322,240;323,242;322,244;322,247;323,248;323,250;322,252;323,254;322,256;322,259;322,260;322,262;322,265;322,267;322,268;322,270;323,273;322,274;322,276;322,279;322,280;323,282;322,284;323,286;322,288;322,290;322,292;323,294;322,296;322,298;322,301;323,302;322,304;323,307;322,309;322,311;323,313;322,314;322,316;322,319;322,321;323,322;323,325;322,326;323,328;323,331;322,332;322,335;322,337;322,339;322,341;323,342;323,345;323,346;322,349;322,351;323,352;322,355;322,356;322,359;322,361;323,362;322,365;322,366;322,368;322,371;323,372;323,375;322,376;323,378;323,380;322,382;323,385;323,387;322,388;322,391;323,392;323,395;322,397;322,398;323,401;322,403;323,404;323,406;323,408;323,410;322,412;323,415;322,417;322,418;322,421;322,423;323,425;322,427;322,428;323,431;322,432;322,434;323,437;322,439;322,440;322,443;323,445;323,447;323,448;323,451;322,452;322,455;323,456;323,458;323,460;322,463;323,464;323,467;322,468;323,471;322,473;323,475;322,476;322,478;323,481;323,482;322,485;322,486;323,488;323,490;323,492;322,495;322,497;323,498;323,500;322,503;323,505;322,506;322,508;323,511
324,1;324,2;324,5;325,7;324,8;324,11;325,12;325,14;324,16;325,18;324,20;324,23;324,24;324,27;325,28;324,31;325,32;324,35;324,37;324,39;324,41;325,42;324,44;325,46;325,48;325,51;324,53;324,55;325,56;324,58;324,61;324,62;325,64;325,66;324,69;325,71;324,73;324,74;324,76;325,78;325,81;325,83;325,84;325,86;324,89;324,91;324,92;324,94;325,97;324,98;325,100;324,102;325,105;325,106;324,109;325,111;324,113;325,114;324,116;324,118;325,120;325,122;324,125;324,127;325,128;325,131;325,133;324,135;325,136;324,139;324,140;324,143;325,145;324,147;324,148;324,150;325,153;325,155;324,156;324,159;324,160;324,163;324,165;324,166;325,168;324,171;325,173;324,174;324,176;324,179;325,181;324,182;324,185;324,186;325,188;325,190;324,192;324,194;324,196;324,198;324,201;325,202;324,205;325,207;325,209;324,210;325,212;324,215;324,216;325,218;325,220;324,223;325,225;324,226;325,228;324,231;325,233;324,235;324,236;325,238;324,240;325,243;325,245;324,247;325,248;325,250;325,253;325,255;325,256;324,259;325,260;325,263;324,265;325,266;325,268;324,270;325,272;324,275;325,277;324,279;325,280;324,282;325,284;325,286;325,288;324,290;325,293;325,294;324,297;325,299;325,300;325,303;325,304;325,306;325,309;324,310;324,312;325,314;324,316;325,319;324,320;324,322;324,325;324,327;325,328;325,330;325,332;325,335;324,336;325,338;324,341;325,342;325,345;324,346;324,349;324,351;325,352;325,354;325,357;324,359;324,361;324,363;325,364;325,366;325,368;324,371;324,372;325,374;324,376;325,378;324,381;325,382;324,385;325,386;324,389;324,390;325,393;325,395;325,396;325,398;324,400;325,403;325,404;324,407;324,408;324,410;325,412;325,414;324,416;324,419;324,420;324,422;324,425;325,426;325,429;325,430;324,432;325,434;324,437;325,439;325,440;325,442;325,445;324,447;325,448;324,450;324,453;324,455;324,457;325,459;325,461;325,462;324,464;325,466;325,469;325,471;324,472;325,474;325,477;324,479;324,481;324,483;324,485;324,486;324,489;324,490;324,493;324,494;325,497;324,498;325,500;324,503;324,504;325,506;324,508;324,511
327,1;326,2;326,4;327,7;326,8;326,11;326,12;327,15;327,17;327,18;327,20;327,22;326,24;327,26;327,29;327,30;327,32;327,35;327,37;327,39;326,40;327,42;326,45;327,46;327,48;326,50;326,52;327,55;326,57;326,58;326,60;327,63;326,65;326,66;327,69;327,70;326,72;326,75;326,76;327,79;327,81;327,82;326,84;327,86;326,88;327,90;326,92;326,95;326,96;327,98;326,100;326,102;327,104;327,106;327,109;326,110;327,112;326,114;326,117;327,119;327,120;326,123;327,125;326,126;327,129;326,130;326,132;326,135;327,137;327,138;327,140;326,143;326,145;326,146;326,148;326,151;327,153;327,155;326,157;327,158;326,161;326,163;327,165;326,167;327,169;326,170;326,173;327,175;327,176;327,179;327,181;327,182;327,184;327,186;326,189;326,191;327,192;326,194;326,196;327,198;327,200;326,202;327,204;326,206;327,208;326,210;326,212;327,215;327,216;327,218;326,221;327,223;326,225;327,227;326,229;327,231;326,232;326,234;326,237;326,238;326,240;326,243;326,245;326,246;327,248;327,251;326,253;326,254;327,256;327,259;327,260;326,262;327,265;326,266;327,269;327,271;326,273;327,275;327,276;326,279;326,281;327,282;327,284;327,287;326,288;326,291;326,292;327,295;326,296;326,299;326,301;326,303;327,304;326,307;326,309;327,310;327,313;326,314;326,317;326,318;326,320;326,322;326,324;326,327;327,329;327,330;326,332;327,334;327,337;327,339;326,340;326,342;326,345;327,346;327,348;327,350;326,353;327,355;326,356;326,358;326,361;327,363;327,365;326,367;326,368;327,371;327,372;327,374;327,376;327,379;326,380;327,382;327,385;326,386;327,389;326,391;326,393;327,394;326,396;326,399;327,401;326,402;326,405;326,406;326,409;327,410;327,412;326,415;326,416;326,419;327,420;327,423;327,424;327,427;326,428;327,431;326,432;326,434;327,436;326,439;327,441;326,442;326,444;327,446;327,449;326,450;327,452;326,454;326,457;326,459;326,460;326,462;327,464;326,467;327,469;327,470;326,473;327,475;327,477;326,479;327,480;327,482;327,484;327,487;327,489;327,490;327,493;326,494;326,497;326,499;326,501;326,502;327,505;326,506;326,509;327,510
329,0;328,2;328,4;329,7;328,8;329,11;329,13;329,15;329,17;329,18;328,20;329,23;329,24;328,26;329,28;328,31;329,32;329,35;329,37;329,38;329,40;328,42;329,45;328,46;329,49;329,50;328,53;328,54;329,57;329,58;328,60;328,63;329,65;329,67;328,69;329,71;328,72;328,75;329,77;329,79;328,81;328,82;328,85;328,86;329,89;328,91;329,92;329,94;329,96;328,99;329,100;328,102;329,105;329,107;329,109;328,111;329,112;329,115;328,116;329,118;329,121;328,123;328,124;329,127;329,129;329,131;329,133;329,135;329,137;329,138;328,140;329,142;328,144;328,147;328,149;329,150;328,153;329,154;328,157;328,159;328,160;329,162;329,165;328,167;329,168;328,171;329,173;328,174;329,177;329,178;328,181;328,182;329,185;329,187;328,188;328,191;328,193;328,195;328,196;328,198;328,201;329,202;328,205;329,206;328,208;329,211;329,212;329,215;329,217;329,218;329,220;329,222;328,225;328,227;329,228;328,230;329,233;328,234;329,237;329,238;328,241;329,242;328,245;329,246;328,249;329,251;328,253;329,255;329,256;329,258;329,261;329,262;328,265;329,267;329,268;328,270;328,272;328,275;328,277;328,278;328,280;329,282;328,285;329,287;329,289;329,290;329,292;329,294;329,296;328,298;328,301;328,303;329,305;329,307;328,309;328,310;329,312;328,315;329,316;328,319;328,321;329,323;329,324;328,327;328,328;329,330;328,332;329,335;328,337;328,339;328,340;329,343;329,345;328,347;328,348;329,351;329,352;328,355;328,356;329,359;328,361;328,362;329,365;329,367;329,368;328,371;328,372;328,375;328,376;328,379;329,381;329,382;328,384;328,386;328,389;329,390;329,393;328,395;329,396;329,399;329,401;329,402;328,404;328,407;329,409;328,411;328,412;328,415;328,416;328,419;328,420;329,422;328,424;328,427;328,428;329,431;329,432;329,435;329,436;328,439;328,441;329,442;329,445;328,446;329,449;329,451;328,452;328,455;329,457;328,458;328,460;329,463;328,464;329,467;329,469;328,470;328,473;328,475;328,476;328,478;329,481;329,482;329,484;329,487;328,489;329,490;329,493;329,494;328,497;329,498;329,501;329,502;329,504;328,507;328,509;329,511
331,0;331,2;330,4;331,6;331,8;330,11;330,12;330,14;331,17;331,18;330,21;330,23;331,24;330,27;331,29;330,30;331,32;330,35;330,37;330,38;330,40;330,42;330,44;330,47;330,48;330,50;331,52;330,54;331,56;330,59;331,61;330,62;330,65;330,67;330,68;330,70;331,72;331,75;331,76;330,78;330,81;331,82;331,84;330,87;330,88;330,91;331,92;331,95;331,97;330,99;330,101;330,103;331,104;331,106;331,109;331,111;330,113;331,115;330,117;330,119;331,120;330,123;330,125;331,126;331,129;330,130;331,132;330,135;331,136;331,138;330,141;330,143;330,145;331,146;330,148;331,151;330,153;330,154;331,157;331,158;331,160;330,162;330,164;330,167;331,169;330,170;330,173;330,175;330,176;330,178;330,180;331,183;330,185;330,186;330,189;331,191;330,193;331,194;331,196;331,198;330,201;330,202;331,205;331,206;330,209;330,210;330,212;330,214;331,217;331,219;331,221;330,223;331,224;331,226;331,228;331,230;331,232;331,235;331,236;331,239;330,241;330,243;331,245;330,246;331,249;330,250;331,252;331,254;330,256;330,258;330,261;330,262;331,265;331,267;331,269;330,270;331,272;331,274;331,277;330,279;331,281;331,282;331,284;330,287;330,289;330,291;331,293;330,294;331,296;331,298;330,301;330,303;330,304;331,306;331,309;331,311;331,312;330,314;331,316;331,319;331,321;331,323;331,324;331,327;331,329;330,331;331,333;331,334;330,337;330,339;330,341;330,343;331,345;330,346;331,349;331,350;330,352;331,354;330,356;331,358;331,360;331,362;330,364;331,367;331,369;330,370;330,372;331,374;330,377;330,378;331,381;331,383;330,385;331,387;331,389;330,391;330,392;330,395;330,396;331,398;331,401;331,402;330,405;330,407;331,408;331,411;331,413;330,415;330,416;331,418;330,420;331,422;330,425;330,427;331,428;330,431;331,432;330,434;331,436;330,439;330,441;330,443;330,445;330,447;331,448;331,451;331,453;331,454;331,456;331,459;330,460;330,462;331,464;330,466;330,468;331,470;331,472;331,475;330,477;330,478;330,480;330,483;330,484;331,486;331,488;330,490;330,493;331,494;330,497;331,499;330,501;330,502;330,505;331,507;330,508;331,511
332,0;333,2;332,4;333,7;333,9;332,11;333,13;333,15;333,16;332,18;332,20;333,23;333,25;332,26;332,29;332,30;333,32;333,35;332,37;332,38;333,40;333,43;332,45;333,46;332,48;332,50;333,53;332,55;332,57;333,58;333,61;332,63;332,64;332,66;333,69;333,71;332,72;332,74;333,76;332,78;333,81;333,82;332,85;333,86;333,88;332,90;333,92;332,94;332,97;333,98;332,101;332,102;332,105;333,106;333,108;333,110;332,112;333,115;332,116;333,119;333,120;332,122;333,125;333,127;332,129;333,130;333,132;332,134;333,136;332,138;333,141;333,143;332,145;332,147;332,149;332,150;333,152;333,154;333,156;333,159;332,161;332,162;332,165;332,166;333,169;332,171;333,172;333,174;333,177;333,178;332,181;333,183;333,184;332,186;332,189;333,190;332,192;332,194;333,196;333,199;332,201;333,202;333,205;333,206;333,208;332,211;333,212;333,214;332,216;333,219;332,221;333,222;333,224;333,227;332,229;333,231;332,233;332,235;332,236;332,238;333,240;333,243;332,245;333,247;332,249;333,251;333,253;333,255;333,256;333,258;332,261;332,263;333,264;332,267;332,268;332,271;332,272;332,275;333,276;332,279;333,280;332,283;332,285;332,286;332,288;332,290;332,293;332,294;333,296;332,298;332,301;333,302;332,304;332,307;333,308;332,310;332,312;332,315;333,317;332,319;333,320;333,323;333,324;333,327;332,329;333,330;333,332;332,334;333,336;332,338;333,340;333,342;332,344;333,347;333,348;333,351;333,352;333,355;332,356;332,359;332,361;332,362;333,365;332,367;333,369;332,370;333,372;332,375;333,376;333,379;333,381;333,382;332,384;332,386;332,388;333,391;333,392;332,395;333,396;332,398;333,401;332,403;333,404;333,407;333,408;333,410;332,413;333,415;333,417;333,419;333,421;332,423;332,425;332,426;333,428;333,430;333,433;333,435;333,436;332,438;333,440;332,442;333,444;332,446;333,448;332,451;332,453;333,455;332,457;332,459;333,460;332,463;332,464;333,467;332,469;333,470;332,473;332,474;333,477;333,478;332,481;332,482;333,484;333,487;332,489;332,491;333,493;332,495;333,496;332,498;332,500;332,502;333,504;333,507;332,509;333,511
335,0;334,2;335,4;335,6;335,9;335,10;335,13;335,15;334,17;335,18;334,21;334,23;335,24;334,26;334,29;334,30;334,33;335,35;335,37;335,39;335,40;335,42;335,44;335,46;335,48;334,50;335,52;335,55;335,56;334,58;334,61;335,62;334,65;334,66;335,68;334,71;335,73;334,74;334,77;334,78;334,81;334,82;335,84;334,86;335,88;334,91;334,92;334,94;334,96;334,99;335,101;335,103;335,104;335,107;334,108;334,110;335,112;335,115;335,116;335,118;334,120;335,123;335,125;335,127;335,129;335,131;335,132;335,135;335,136;335,139;335,141;335,143;334,144;334,147;335,148;334,150;334,153;335,155;334,157;335,159;334,160;335,162;334,165;335,167;335,168;335,171;334,173;334,175;335,176;335,179;334,181;335,182;334,185;334,186;335,188;335,191;334,193;335,195;334,196;335,198;335,201;335,203;334,204;334,207;334,208;334,211;335,213;335,215;335,217;334,219;335,220;335,222;335,225;335,227;334,228;335,231;335,233;335,234;335,236;335,238;334,241;334,243;334,244;334,247;335,249;335,250;334,252;335,254;335,257;334,258;335,261;335,262;334,264;334,266;335,268;335,270;334,273;334,275;335,276;335,278;335,280;335,283;334,284;335,286;334,289;334,290;335,292;334,295;334,296;335,298;334,301;334,302;334,304;335,306;334,309;334,311;335,313;335,315;335,317;335,319;334,321;334,322;335,325;334,327;334,329;335,330;334,332;335,335;334,337;334,339;334,341;334,342;334,344;335,346;335,348;334,350;335,353;335,354;335,356;334,358;334,361;335,363;334,364;335,366;334,368;335,370;334,372;335,374;335,377;334,379;335,381;335,383;334,385;334,387;334,389;335,390;334,392;335,394;335,396;335,399;335,400;334,402;335,404;335,407;335,408;334,411;334,413;335,414;334,417;334,419;335,421;334,422;334,425;334,426;334,428;335,431;334,433;335,435;335,436;334,438;334,440;334,442;335,444;335,446;334,448;335,451;335,452;334,454;334,456;335,459;334,460;334,462;335,465;335,467;335,468;335,470;335,473;334,474;334,476;335,479;334,481;334,483;335,485;334,486;334,488;335,491;335,493;334,494;335,497;335,498;334,501;335,502;334,505;335,507;334,509;334,511
336,1;336,3;336,4;336,7;336,9;336,11;337,12;336,14;336,16;336,18;337,21;337,22;336,24;336,27;336,29;337,30;336,32;337,35;336,36;337,39;336,40;337,43;337,44;337,46;336,49;337,51;337,52;337,54;336,57;337,59;337,61;336,63;337,65;337,66;336,69;336,71;337,73;337,74;337,77;336,79;336,80;337,83;337,84;337,87;336,88;337,91;337,93;337,95;337,97;337,98;336,100;337,102;337,104;337,107;337,109;337,111;337,112;336,115;337,117;336,118;337,121;336,122;336,124;337,126;336,129;337,130;337,133;336,134;337,137;337,139;336,140;336,142;336,145;337,146;337,148;336,151;336,153;337,155;336,157;337,159;336,160;336,163;337,165;337,167;336,169;337,170;336,172;337,174;336,177;336,179;337,181;336,183;337,184;337,187;336,188;336,191;336,192;337,195;336,197;337,199;337,200;337,202;337,204;336,206;337,209;337,210;337,212;337,215;336,216;336,218;337,221;336,223;337,225;337,226;336,228;336,230;337,232;336,235;336,237;337,238;337,240;337,243;336,245;336,247;337,248;337,250;337,252;337,254;336,257;337,259;336,261;336,262;336,264;336,267;336,269;336,270;336,272;337,275;336,277;336,279;337,280;337,282;336,285;337,287;336,288;337,291;336,292;337,294;336,296;337,298;337,301;336,302;337,305;337,306;336,309;337,310;336,313;337,314;336,316;336,318;336,320;336,323;336,325;336,327;336,328;336,330;336,332;337,335;336,337;337,338;337,340;336,343;336,344;336,346;336,348;337,351;336,353;337,355;337,357;336,358;337,361;336,363;337,364;336,366;336,369;336,371;336,373;337,374;337,376;337,379;337,381;337,382;336,385;337,386;337,389;336,391;336,392;337,395;337,396;336,398;337,401;336,402;337,405;337,407;336,408;337,411;337,413;337,415;337,416;337,419;337,421;337,423;336,424;337,426;336,429;336,431;336,432;337,434;337,436;337,438;336,440;336,442;337,444;337,447;336,449;337,451;337,452;337,454;336,457;336,459;337,461;336,462;337,464;337,467;337,468;337,471;336,473;336,475;336,477;336,479;336,481;337,482;336,485;336,487;336,489;337,491;336,493;336,495;336,497;336,499;336,501;336,502;337,505;337,506;336,508;337,510
338,1;338,2;338,4;338,6;338,9;339,10;339,13;339,14;339,17;338,18;339,20;338,22;339,24;339,26;338,28;338,31;339,33;338,35;338,36;339,38;338,41;339,42;339,45;339,47;338,49;338,51;338,52;339,55;339,56;338,58;338,60;338,62;339,64;338,67;339,68;339,70;339,73;338,74;338,77;339,79;339,80;338,82;338,85;338,87;338,88;338,90;338,92;339,95;339,97;339,98;339,101;339,102;339,105;338,106;338,108;338,111;338,113;338,115;339,116;339,119;339,121;338,123;339,125;338,127;339,128;338,131;339,132;339,135;339,136;338,139;338,141;338,142;338,145;339,147;339,148;339,150;338,153;339,154;338,157;338,158;339,161;338,163;339,164;338,167;338,168;339,170;338,172;338,174;338,176;339,179;338,181;338,183;338,185;338,187;338,189;338,191;338,192;339,195;339,196;339,198;339,201;338,202;338,204;338,206;339,209;339,211;338,213;338,215;338,216;339,219;339,221;339,222;339,224;339,227;338,229;338,231;338,233;338,235;339,236;339,239;339,240;339,243;338,245;339,246;339,249;339,250;338,252;339,254;339,257;339,259;339,261;339,262;338,265;338,267;339,268;339,271;339,272;339,275;339,277;339,279;339,280;339,283;339,285;339,287;338,288;338,290;338,292;339,294;338,296;338,298;339,300;339,303;338,304;338,307;338,309;338,311;338,313;339,315;338,316;339,319;339,320;338,322;339,325;339,326;338,329;338,330;338,333;339,335;338,337;338,339;338,341;338,342;338,344;339,347;339,348;339,350;338,353;338,355;339,357;338,359;338,360;338,363;339,364;339,367;338,369;339,371;338,373;338,374;338,376;338,378;338,381;338,382;338,384;339,386;338,389;338,390;338,393;338,394;339,397;339,398;339,400;339,402;339,405;338,407;339,408;339,411;338,413;339,415;338,416;339,418;338,420;338,423;339,424;338,427;338,429;338,431;339,433;338,435;339,436;338,439;338,440;339,443;338,444;338,446;339,448;338,451;338,452;339,455;339,457;339,459;339,460;339,462;338,464;339,466;338,469;338,471;338,473;339,474;338,476;339,478;338,480;338,483;339,485;339,486;339,488;338,490;339,492;338,494;339,497;339,498;338,501;338,503;339,505;339,507;338,509;339,510
341,1;341,2;341,5;341,7;340,9;340,11;340,12;340,15;340,17;341,19;341,21;340,23;340,24;340,27;340,29;341,30;340,32;340,35;340,37;340,38;341,41;340,42;340,45;340,47;340,49;340,51;340,53;341,54;340,56;341,58;340,60;340,63;340,64;340,66;340,68;341,71;340,72;340,75;340,77;341,79;341,80;340,82;340,84;340,87;340,89;341,90;340,92;341,95;341,96;341,98;340,101;341,103;341,105;341,106;341,109;340,111;340,112;341,114;341,117;341,119;341,121;341,122;341,124;341,127;340,128;340,130;341,133;341,134;340,137;340,138;341,140;341,143;341,144;341,146;340,148;340,151;341,153;340,155;341,156;340,158;341,161;341,162;341,165;340,167;340,168;340,171;341,173;341,175;340,176;340,178;340,181;340,183;340,184;340,186;340,189;340,190;340,193;340,195;341,196;340,199;340,200;340,203;340,205;340,207;341,208;340,211;340,213;341,215;341,217;341,218;340,221;341,223;341,225;341,226;340,228;340,231;341,233;340,235;341,236;340,238;340,240;341,242;341,244;341,247;341,248;341,250;340,252;341,255;341,256;341,258;341,260;341,262;340,264;340,267;341,269;340,271;340,272;340,274;340,276;340,279;340,280;340,283;340,284;340,286;341,289;340,290;341,292;340,294;340,297;341,298;341,301;340,303;340,305;340,306;341,308;341,310;341,312;341,315;341,317;341,318;341,320;340,323;341,324;340,327;341,329;340,330;341,332;340,335;341,337;341,339;340,341;340,342;341,344;341,347;341,349;340,351;340,352;341,355;341,356;340,358;340,360;341,363;341,365;340,366;341,369;341,370;341,373;340,375;340,376;341,378;340,381;341,382;340,385;341,387;340,389;340,391;341,392;340,394;340,396;341,399;341,401;341,402;341,404;340,407;340,408;340,411;340,413;340,415;340,416;341,418;341,420;341,423;340,424;340,426;340,428;340,430;340,432;340,435;340,437;340,439;341,440;341,442;341,444;341,447;341,449;340,451;340,452;341,454;341,457;340,458;340,461;341,463;340,464;341,467;340,468;341,470;340,473;341,474;340,476;340,478;340,481;340,482;341,484;341,486;341,489;341,490;340,492;340,495;340,497;341,499;340,501;341,502;340,505;341,506;341,508;340,510
343,1;343,2;342,5;343,7;343,8;342,11;342,12;343,14;342,16;343,19;343,20;342,23;342,25;343,27;342,29;343,31;343,32;342,35;342,36;342,39;343,40;343,42;343,44;342,47;343,49;343,51;342,53;343,55;342,57;343,58;342,60;343,63;342,65;342,66;343,69;343,70;343,73;342,75;343,76;343,79;342,81;342,83;342,84;342,87;342,88;343,90;342,92;343,94;343,96;342,98;343,100;343,103;343,105;343,106;342,108;342,110;343,112;342,115;343,117;342,119;343,120;342,123;343,125;343,127;343,129;342,130;343,132;343,135;342,137;343,139;343,140;343,142;343,144;343,146;343,148;343,150;342,152;342,155;342,157;342,158;343,160;343,162;342,165;342,166;343,168;343,171;342,173;342,175;342,177;343,178;342,180;343,182;343,184;343,187;342,189;342,191;342,193;343,194;342,196;343,198;343,200;343,202;343,204;343,206;342,208;342,211;342,212;342,214;342,216;343,218;342,220;343,223;342,224;343,226;343,229;343,230;343,232;342,234;342,237;343,239;343,240;343,243;343,244;342,246;342,248;342,251;343,252;342,255;343,257;342,258;343,261;343,263;343,264;343,266;342,268;342,271;342,272;343,275;342,277;343,279;343,281;342,282;342,284;343,286;343,289;343,291;343,293;343,294;343,296;343,299;342,300;342,302;343,304;342,306;343,308;343,310;343,313;342,315;343,316;343,318;343,320;343,322;342,325;342,327;343,328;343,330;343,333;342,334;342,336;343,339;342,340;342,343;342,345;342,347;343,349;342,351;343,352;343,355;343,357;343,359;343,360;343,362;343,365;342,367;342,368;343,370;342,373;342,374;342,377;343,379;342,380;342,382;343,385;342,386;343,389;343,390;343,393;342,394;343,396;342,398;343,401;343,403;343,404;342,406;343,408;343,410;343,413;343,415;343,416;343,419;343,421;342,422;342,424;342,426;343,428;342,430;343,433;343,435;343,436;342,439;343,441;343,443;343,444;343,447;342,448;343,450;342,453;342,454;343,457;343,459;342,461;342,462;343,464;342,467;343,468;343,471;342,473;343,474;343,477;343,479;343,481;343,483;343,484;342,487;343,488;342,491;343,492;342,495;343,497;343,499;342,500;343,503;342,504;342,507;342,509;343,510
344,0;345,2;345,5;345,7;345,8;344,11;344,13;344,15;345,17;345,19;345,20;345,22;344,24;344,26;345,28;345,30;344,32;345,34;345,37;345,38;345,40;345,42;345,45;345,46;345,49;345,51;345,52;345,54;345,57;345,58;345,60;345,63;344,64;345,67;344,68;344,71;345,73;345,74;344,76;344,78;344,81;345,82;345,85;345,87;345,88;345,90;344,93;345,94;345,96;344,98;345,100;345,103;345,105;345,107;345,108;345,110;345,112;344,114;344,117;345,118;344,120;345,122;344,125;345,127;344,128;345,131;344,133;344,134;344,137;345,139;344,140;345,142;345,144;345,147;345,148;344,150;345,152;344,155;344,157;344,159;345,161;345,162;344,164;344,166;345,169;345,170;344,173;345,174;344,176;344,179;345,180;345,182;345,185;345,186;344,189;344,190;345,192;344,195;345,196;344,198;344,200;345,202;345,204;344,207;344,209;345,210;345,212;345,214;345,216;344,218;345,220;344,223;345,224;345,226;344,228;345,230;345,233;344,235;345,237;344,239;345,240;345,243;345,244;344,246;344,249;345,250;345,253;344,255;345,256;345,259;344,260;344,262;344,264;344,267;344,268;345,271;344,272;344,274;345,276;344,278;345,281;345,282;344,285;344,287;344,288;344,290;344,292;345,295;344,297;344,299;345,301;345,302;345,305;345,307;345,308;345,310;345,312;344,315;344,316;345,318;345,321;344,322;345,325;345,326;344,329;344,331;345,332;344,334;344,336;344,338;344,340;344,343;344,344;345,346;345,349;345,350;345,352;344,354;345,356;344,358;344,360;344,363;344,364;345,367;345,368;344,371;344,372;345,374;345,377;344,379;345,380;344,383;344,385;344,386;345,388;344,390;345,393;344,395;344,397;345,398;344,400;345,403;344,405;345,406;345,409;344,410;344,413;345,414;345,417;344,419;345,421;345,423;344,424;345,427;344,428;345,431;345,432;344,435;344,437;344,438;344,441;344,443;344,444;345,446;345,448;344,450;344,452;345,454;344,456;344,458;345,460;344,462;344,465;344,466;344,469;345,470;345,472;345,474;345,477;344,478;344,481;345,482;344,484;344,486;345,488;345,491;344,493;345,494;345,497;344,498;344,500;344,502;344,504;345,507;345,509;344,510
346,0;346,2;347,4;346,6;347,9;346,11;346,12;347,15;346,16;347,18;346,20;346,23;347,24;347,26;347,28;347,30;346,32;346,35;347,37;347,38;347,40;347,43;347,45;347,47;347,49;347,50;346,52;347,54;346,56;347,59;347,61;347,62;347,65;346,66;347,69;346,71;347,72;347,75;347,77;347,79;346,80;346,82;347,84;347,86;347,89;346,91;347,93;347,95;346,97;347,98;346,100;347,103;346,105;346,107;347,109;346,111;346,112;346,114;347,117;346,118;346,121;346,122;347,124;347,127;346,128;347,130;347,133;347,134;347,136;346,138;346,140;347,143;346,144;347,147;347,149;347,150;346,152;346,154;347,156;347,159;347,161;347,162;347,164;346,166;347,169;346,171;346,172;347,174;347,176;346,178;346,180;347,183;347,185;347,187;346,188;347,191;347,193;346,194;346,197;346,198;346,201;347,203;347,204;346,206;347,208;347,210;346,213;346,214;346,217;347,219;347,220;347,223;346,225;347,227;347,229;347,231;346,232;347,234;346,237;346,239;347,241;347,242;346,244;347,246;346,249;346,251;347,253;346,254;347,256;347,259;346,260;347,262;347,265;346,266;347,269;347,270;347,272;347,275;346,276;347,278;346,280;346,282;346,285;346,286;347,288;346,290;347,292;346,295;346,296;346,298;346,300;346,302;346,304;346,307;346,308;347,310;347,312;347,315;347,317;347,318;347,321;346,323;346,324;347,327;346,328;346,331;347,333;347,335;347,336;346,338;346,340;346,343;346,344;346,347;347,349;347,351;347,353;347,354;347,357;347,359;347,360;346,363;346,365;346,367;346,369;346,370;346,373;346,375;347,376;347,379;346,380;346,382;346,385;347,387;346,389;346,390;347,392;347,394;347,397;346,398;346,400;347,402;346,404;347,407;347,409;346,410;347,412;346,415;347,416;346,418;346,420;347,422;347,424;347,426;347,429;346,431;346,433;346,435;346,436;347,438;347,441;347,443;347,444;346,447;346,449;347,450;346,453;347,454;347,456;346,458;346,461;346,462;346,464;347,467;347,468;347,470;347,472;346,475;347,477;347,479;346,481;346,482;346,485;347,486;347,488;346,491;347,493;346,494;346,496;346,498;347,501;346,503;346,505;346,506;347,509;346,510
349,1;349,3;349,5;348,6;349,8;349,10;348,13;348,15;349,16;348,19;348,20;348,23;349,24;348,26;348,29;349,30;349,32;348,35;349,37;348,39;348,40;348,42;348,44;349,46;349,48;348,50;348,53;349,55;348,57;349,59;349,60;348,62;348,65;348,66;348,69;348,71;349,72;349,74;348,76;348,79;348,81;349,83;348,84;349,87;349,89;349,90;349,92;348,94;349,97;348,99;348,101;348,103;349,104;348,106;348,108;349,110;349,113;348,114;348,117;349,119;348,120;348,123;348,124;348,126;349,129;348,131;349,133;349,134;348,137;348,139;349,140;348,142;348,145;348,146;349,148;348,151;348,153;349,155;348,156;349,159;348,160;349,162;348,164;348,167;348,169;349,171;349,172;349,174;349,176;349,179;349,180;349,183;349,185;348,186;348,189;348,190;349,193;348,194;349,196;349,198;348,201;348,203;348,205;349,206;348,208;348,210;349,212;348,214;349,216;349,219;349,221;348,222;349,225;349,227;348,228;349,230;348,232;348,234;349,236;348,238;348,240;348,243;348,245;348,246;348,249;348,250;348,253;349,254;349,256;349,258;348,260;349,263;349,264;348,266;348,268;348,271;348,272;348,274;348,276;348,279;349,280;348,283;349,285;348,287;348,289;348,290;349,293;348,295;349,296;348,298;348,300;348,303;349,305;349,306;348,308;349,311;349,313;349,314;349,317;348,318;349,320;349,323;349,325;349,326;348,329;349,330;348,333;348,335;349,336;349,338;348,341;349,343;348,344;348,346;348,348;348,350;348,353;349,355;349,356;349,358;349,361;348,363;348,364;349,366;349,369;349,371;348,372;349,374;349,376;349,378;349,381;348,382;348,385;349,387;348,388;349,391;348,393;349,395;348,396;348,399;349,401;349,402;349,405;349,407;348,408;348,411;349,412;348,415;349,417;349,418;348,420;348,422;349,424;349,426;348,428;349,430;348,432;349,435;348,437;348,438;349,441;348,442;348,445;349,447;348,448;349,450;348,452;349,455;348,456;349,459;348,460;349,463;348,465;349,466;349,468;348,471;348,472;348,474;348,477;349,478;349,480;349,483;348,485;349,487;348,489;349,490;348,493;349,495;349,496;348,498;349,500;349,502;348,505;349,507;349,509;349,510
351,0;351,3;351,5;351,7;350,8;350,10;351,12;351,14;351,17;351,18;351,21;351,23;350,24;351,26;350,28;350,31;351,33;350,34;351,37;351,38;350,40;350,42;350,45;350,47;351,49;350,50;351,53;351,55;351,56;350,58;351,60;351,62;351,64;351,66;350,68;351,71;351,73;350,75;350,77;351,79;351,80;350,83;350,85;351,87;351,88;351,91;351,93;351,95;351,96;351,98;351,101;350,102;351,104;350,107;351,109;351,111;351,112;350,114;350,117;351,119;350,121;350,122;351,124;350,127;350,129;350,131;350,132;351,135;350,137;351,139;351,140;350,142;350,145;350,146;351,148;351,151;351,152;351,154;351,157;351,158;351,161;350,162;351,165;351,166;350,168;351,171;351,172;350,175;350,177;351,179;351,181;350,182;350,184;350,186;350,189;350,191;350,193;350,195;350,196;351,199;351,201;351,202;351,204;351,207;350,209;351,211;350,212;351,214;351,217;350,219;351,220;351,223;351,225;350,226;350,229;350,230;350,232;351,234;350,237;350,239;350,240;351,242;350,245;350,246;351,249;351,250;350,252;350,254;350,257;350,258;350,260;350,262;350,264;351,266;351,269;351,271;351,272;351,275;351,276;350,278;351,280;351,282;350,285;350,286;350,289;350,290;350,292;350,294;351,296;351,299;351,300;351,302;351,305;350,306;350,309;350,310;351,312;351,314;350,317;350,319;351,321;350,322;351,325;351,327;351,329;350,330;351,333;351,334;351,336;350,339;350,341;350,343;350,345;351,346;351,349;351,350;350,352;351,355;351,357;350,358;350,361;350,363;350,364;350,367;351,369;350,370;350,373;350,374;351,377;350,378;351,380;350,382;351,385;351,387;350,389;351,390;350,392;350,394;351,397;351,399;351,400;351,403;350,405;350,406;350,409;350,410;350,412;350,414;351,417;350,419;351,421;350,423;351,424;351,427;351,428;350,430;350,433;351,434;350,437;351,438;350,441;351,443;350,445;350,446;351,448;350,450;350,453;351,454;351,457;350,458;350,461;350,462;351,465;350,467;351,468;350,471;350,473;350,475;350,476;351,479;351,481;350,482;350,484;351,486;351,488;351,491;351,493;350,495;351,497;351,498;351,501;350,503;351,504;351,506;351,509;350,511
352,1;353,2;353,4;353,6;353,8;352,11;352,12;353,14;353,17;352,19;353,21;352,23;353,24;353,27;353,28;353,30;353,33;353,35;353,37;353,38;353,40;353,42;352,45;352,47;352,49;353,51;353,52;353,55;353,57;353,59;353,60;353,63;353,65;353,67;353,68;352,70;352,73;353,74;353,77;353,78;353,80;353,82;353,84;352,86;352,89;353,90;353,92;352,94;352,96;353,99;352,101;352,102;352,104;353,107;352,109;353,110;353,113;353,115;352,116;353,118;353,120;353,122;352,124;353,127;353,128;352,131;353,133;353,134;352,137;352,138;352,140;353,143;352,144;352,147;353,148;352,151;352,152;352,154;352,157;353,158;353,160;353,163;353,164;352,167;353,168;353,170;353,172;353,175;353,176;352,179;352,180;352,183;353,184;353,186;352,188;352,190;352,193;353,195;353,196;353,199;353,201;353,203;353,204;353,206;352,209;352,211;353,212;352,215;353,216;353,218;352,221;353,222;353,225;353,227;352,229;353,231;352,232;353,234;352,236;353,239;353,240;353,243;353,245;352,246;352,248;353,251;352,252;352,254;352,257;353,258;352,260;353,263;353,265;353,266;353,269;352,271;352,273;353,274;353,276;352,278;352,281;352,283;353,285;352,287;353,289;352,290;353,293;353,294;352,296;353,298;353,300;352,302;353,304;352,306;353,308;352,311;352,313;352,314;352,317;352,319;352,320;353,323;353,324;352,327;352,329;353,330;353,332;353,334;352,337;353,339;353,341;353,343;353,344;352,346;352,348;353,351;352,353;353,355;353,356;353,358;352,360;353,362;353,365;352,366;353,369;353,371;352,372;352,375;353,376;352,378;352,380;353,382;353,385;353,386;353,388;353,390;352,393;352,395;353,396;353,398;353,400;353,403;352,404;352,407;352,409;353,411;352,413;353,414;352,416;353,418;352,420;352,423;353,425;352,426;352,429;353,431;353,432;352,435;352,436;353,438;352,441;352,442;352,445;352,447;352,449;353,451;353,453;352,455;353,457;353,459;353,461;353,462;352,465;352,467;353,468;353,471;352,472;353,475;353,476;353,479;352,481;353,482;352,484;353,487;353,488;353,490;353,492;352,495;352,496;353,499;353,500;352,502;353,504;353,507;353,509;352,511
354,0;355,2;355,5;354,6;355,9;354,10;355,13;355,15;355,16;355,19;355,21;354,23;354,24;355,27;354,29;354,31;354,33;355,35;355,37;355,38;355,40;354,43;354,45;354,46;354,49;355,50;354,53;355,54;355,56;355,59;355,60;354,62;355,64;354,66;354,69;354,70;354,73;354,75;354,76;355,78;355,81;354,83;354,84;354,87;355,89;355,90;354,93;355,94;354,96;354,99;354,101;354,103;355,104;355,107;355,109;355,110;355,112;355,115;355,116;355,119;354,121;355,122;354,125;354,127;354,128;355,130;355,132;354,135;355,136;355,139;354,141;354,143;354,145;354,147;354,149;354,151;355,153;355,155;355,156;355,159;355,160;355,163;355,164;355,166;354,169;354,170;354,172;354,175;355,176;354,179;355,181;355,182;355,184;354,187;355,189;354,191;354,192;354,195;355,197;355,198;354,200;354,203;355,205;355,207;354,208;354,211;354,213;354,214;355,217;355,219;355,220;354,223;355,225;354,226;354,229;354,231;355,233;355,235;355,236;354,239;354,240;354,242;355,245;355,247;355,248;354,250;355,253;355,255;355,257;355,258;355,260;355,262;355,264;355,266;355,268;355,270;355,272;354,275;355,276;355,279;355,280;354,282;355,285;355,287;355,289;355,290;354,293;354,295;354,296;355,299;355,301;355,303;354,304;354,307;354,308;354,310;354,313;354,315;354,316;355,319;354,321;355,323;355,325;355,326;354,329;355,331;354,332;355,334;355,336;354,339;355,341;354,342;355,345;355,346;354,349;355,350;354,353;354,354;354,356;355,358;354,361;354,362;355,365;355,366;355,369;355,370;355,373;355,374;355,377;354,378;355,381;354,383;355,384;355,386;355,388;354,390;354,393;354,394;354,396;355,398;354,401;354,403;354,404;355,407;354,408;355,410;354,412;354,414;354,417;355,418;355,420;354,422;354,424;354,427;355,429;355,430;354,432;355,434;355,437;355,438;355,440;354,442;355,445;355,447;355,449;355,450;354,453;354,454;354,457;355,458;355,461;355,462;354,465;355,467;354,469;355,471;354,472;355,474;354,477;355,478;354,480;355,482;355,484;354,486;355,489;354,491;355,492;355,494;354,496;354,499;354,501;354,503;354,504;354,507;354,508;355,511
357,1;356,3;357,4;356,6;356,9;356,10;356,13;356,14;357,17;357,18;356,21;356,23;357,25;357,26;356,29;356,31;357,32;357,35;357,37;357,38;357,40;356,42;357,44;356,46;357,48;356,51;356,52;357,54;356,57;356,58;357,60;357,63;356,65;356,67;357,68;357,71;357,73;357,74;357,76;357,79;357,81;357,83;357,85;356,86;356,89;356,90;357,92;356,94;356,96;357,98;357,100;357,103;357,105;357,107;356,109;356,110;357,112;357,114;356,117;356,118;356,120;356,122;356,125;357,127;357,129;356,131;357,132;356,134;356,136;357,139;356,140;357,143;356,145;356,146;357,149;357,151;356,153;356,154;356,157;356,158;356,161;357,162;356,165;356,167;356,169;357,171;357,173;357,174;356,177;356,179;357,181;356,183;356,184;357,186;356,188;356,191;357,192;356,195;356,196;357,198;357,200;357,203;356,204;356,206;357,208;357,210;357,212;356,214;356,216;357,219;356,220;356,223;357,224;356,227;357,229;357,231;356,233;356,234;356,237;357,239;357,241;356,243;356,244;357,247;357,248;357,251;357,252;357,254;357,256;356,258;356,261;356,262;357,264;356,266;357,269;356,271;356,272;356,274;357,276;357,278;357,280;356,282;357,285;356,287;357,288;356,291;356,292;356,295;357,296;356,299;357,301;357,303;357,305;356,307;356,309;357,311;357,313;356,314;357,317;356,318;356,320;357,323;357,325;357,326;356,329;356,331;357,333;357,334;357,336;356,338;357,340;356,343;357,344;357,346;357,348;356,350;356,352;357,354;356,357;357,359;357,361;357,363;357,365;356,366;357,368;357,370;357,372;357,375;356,377;356,378;356,381;356,383;356,384;357,387;356,388;357,390;357,393;356,394;356,397;357,399;357,401;356,402;357,404;356,407;357,408;356,410;357,412;357,415;356,416;356,418;357,420;356,423;357,424;357,426;357,428;356,430;356,432;356,435;356,437;357,439;357,440;356,442;357,445;356,446;357,448;357,451;357,452;357,455;356,457;357,459;356,460;357,462;357,464;357,467;356,468;356,470;356,472;357,475;356,476;356,479;356,480;356,482;357,485;356,486;357,489;357,490;357,493;357,494;357,496;357,498;357,501;357,502;357,505;357,506;356,509;357,511
358,0;358,3;359,5;358,6;358,9;358,11;359,12;358,14;359,16;358,19;358,20;359,23;359,24;358,26;359,28;358,31;358,32;358,34;359,37;359,38;359,41;358,42;359,44;359,47;359,49;359,50;359,53;358,55;358,56;358,58;358,61;359,62;359,64;358,66;359,69;359,70;358,73;358,75;359,76;358,78;358,80;359,83;358,84;359,87;358,89;359,90;358,93;358,94;359,96;359,99;359,100;358,103;358,104;359,106;359,108;358,111;359,113;358,115;358,117;358,118;359,121;359,122;358,124;358,126;358,128;359,130;358,132;359,135;358,136;358,138;359,140;359,143;359,145;358,147;358,149;358,150;359,152;359,155;358,156;358,159;359,161;359,163;359,164;359,167;359,168;359,170;358,173;358,175;358,177;359,179;359,181;358,183;359,185;359,187;358,188;358,191;358,193;358,195;358,196;359,199;358,201;359,203;358,205;358,207;358,209;358,211;359,213;359,215;359,216;358,218;359,221;359,223;359,224;359,226;358,229;359,230;359,232;358,234;359,237;358,239;358,240;359,243;358,245;358,247;358,248;359,250;359,253;359,254;358,256;359,258;358,261;359,263;359,265;358,267;358,268;359,271;359,272;359,275;359,276;359,278;358,281;358,282;359,284;358,287;358,289;359,290;358,293;359,295;358,297;358,299;359,301;358,302;358,304;359,306;358,309;358,311;359,312;359,314;359,317;359,318;358,321;358,322;359,325;359,327;358,328;359,330;358,333;359,335;359,337;358,339;359,341;359,342;359,345;358,346;358,348;358,350;359,352;359,355;358,356;359,359;358,361;359,362;359,365;358,366;358,368;358,371;358,372;359,375;359,377;359,378;359,380;358,383;358,384;359,386;359,388;359,390;359,392;359,395;358,397;358,399;358,401;358,402;358,405;359,406;359,409;358,410;359,413;359,414;358,416;359,418;359,421;359,423;359,425;359,426;358,428;359,431;358,432;359,435;358,436;358,438;359,440;358,442;359,444;359,446;358,449;358,450;359,453;359,455;358,456;358,459;358,460;359,462;358,465;358,466;358,468;359,470;358,473;358,475;359,477;358,478;358,480;359,483;358,484;359,486;358,488;359,491;359,492;359,495;358,496;358,498;359,501;358,502;358,504;358,507;358,508;359,511
360,0;361,3;360,4;360,7;360,8;361,10;361,13;360,14;361,17;360,18;361,21;361,23;360,24;361,27;361,29;361,31;360,33;361,35;361,37;361,38;360,40;361,42;361,45;361,47;361,49;361,51;361,52;361,54;360,57;360,58;361,60;360,63;361,64;360,67;361,68;361,70;361,72;361,74;361,77;361,79;361,80;361,82;360,84;360,87;361,88;360,90;361,93;361,94;361,96;361,99;361,100;361,103;361,104;361,107;361,109;360,111;361,112;361,115;360,117;360,119;360,121;361,123;360,125;360,127;360,129;360,130;360,132;361,134;360,137;361,138;360,141;360,143;361,145;360,147;361,148;360,150;360,153;360,154;361,157;360,158;360,160;361,163;361,165;360,166;361,168;360,171;361,173;361,175;361,176;361,179;360,181;360,183;360,184;360,187;361,188;361,190;360,192;361,194;361,197;360,198;360,200;360,202;360,205;361,206;360,208;361,210;361,213;360,215;361,216;360,218;360,221;361,222;361,225;361,226;361,229;360,230;361,232;360,234;361,236;361,239;361,240;361,243;361,245;360,246;360,249;360,250;360,252;361,254;361,256;361,258;361,260;360,263;360,265;360,266;361,269;361,270;360,273;360,274;360,277;361,279;361,281;360,283;361,284;361,287;360,289;361,290;360,293;360,294;360,296;360,298;361,301;361,303;360,304;360,307;361,309;360,311;361,312;361,314;361,317;360,319;360,321;360,323;360,325;360,327;361,329;361,330;360,333;360,334;361,336;361,338;361,341;361,343;360,345;360,346;361,348;360,350;361,352;361,354;361,356;361,358;361,360;361,362;361,365;360,366;361,368;360,370;360,373;360,375;361,376;361,378;361,380;360,383;361,385;360,387;361,388;360,391;360,392;361,395;361,397;360,399;361,401;360,403;360,405;361,406;361,409;360,411;360,413;360,414;361,416;361,418;361,421;360,423;360,425;360,427;361,429;361,431;360,432;360,434;361,436;360,439;360,441;361,442;360,444;361,446;360,449;361,451;361,453;361,455;360,456;360,458;361,461;360,462;360,464;361,466;361,469;360,471;361,472;360,475;360,477;361,479;361,481;361,483;360,485;360,487;361,488;361,490;360,493;360,495;361,496;361,498;360,500;361,502;360,505;361,507;361,508;360,510
363,0;362,2;363,5;362,6;362,9;362,11;363,12;363,14;363,17;362,19;362,21;363,23;363,24;363,26;363,29;362,30;363,32;363,35;362,37;363,38;363,40;362,42;362,44;363,47;363,48;363,50;362,53;363,54;363,57;363,58;363,61;362,62;363,65;363,67;362,69;363,70;363,73;362,74;363,77;362,79;362,80;363,83;362,84;363,87;362,88;362,90;362,93;362,94;363,97;362,99;362,101;362,102;363,104;363,107;362,109;362,110;363,112;362,114;362,117;362,119;363,120;362,123;363,125;362,126;363,129;362,130;363,132;362,134;362,136;363,138;362,141;363,142;363,144;363,146;362,148;363,151;363,152;362,154;363,157;363,159;363,161;363,162;362,165;362,167;362,168;363,171;363,173;362,175;363,176;363,179;362,181;362,182;362,184;363,186;362,189;362,190;363,193;363,195;362,197;362,199;363,201;362,203;362,205;363,207;362,208;363,211;363,213;362,215;362,217;363,218;363,220;363,223;363,224;362,227;362,229;362,231;362,232;362,235;363,236;363,239;362,241;362,242;363,245;362,246;363,249;363,251;362,252;363,255;362,256;362,259;363,261;362,262;362,264;363,266;363,269;363,270;362,273;362,275;363,276;363,279;363,281;362,283;362,284;363,287;362,289;362,290;362,293;362,295;363,297;363,298;362,301;362,302;363,305;362,307;363,308;362,310;362,312;362,315;362,316;363,318;362,320;362,322;362,325;362,327;362,328;362,331;362,332;362,335;362,337;362,339;362,340;362,342;363,345;363,347;363,348;362,350;362,353;363,354;363,357;363,358;363,361;363,362;362,365;362,366;362,369;363,371;362,372;363,374;363,377;363,378;363,380;363,383;363,385;363,386;362,388;362,391;363,392;363,395;362,397;363,399;363,401;363,402;363,405;362,406;363,408;363,410;362,412;362,414;363,417;362,419;363,421;362,422;362,424;363,426;362,429;363,430;363,432;362,434;363,436;362,439;362,441;363,442;363,445;363,447;363,449;363,451;363,452;362,455;362,457;362,459;362,460;362,463;362,464;362,467;363,468;362,471;362,472;363,474;362,477;363,479;362,481;362,483;362,484;362,486;363,489;363,491;363,492;363,495;362,496;362,499;362,500;363,503;362,505;362,507;362,508;362,510
365,0;365,2;364,5;364,6;364,8;365,11;365,12;364,15;365,16;365,19;365,20;365,22;364,25;365,26;365,29;364,30;364,33;365,35;365,36;365,39;365,40;365,43;365,45;365,47;364,49;365,50;364,53;365,54;365,56;365,59;364,60;364,63;365,65;364,66;365,68;365,70;365,73;364,74;365,77;364,78;365,80;364,83;364,84;365,86;365,89;364,91;365,92;365,94;364,96;364,99;364,101;365,102;365,104;364,107;364,108;365,111;365,113;364,115;364,116;365,118;365,120;364,123;365,125;365,127;364,128;364,130;364,132;365,135;364,137;364,139;364,141;365,143;364,145;365,146;365,148;364,151;364,152;364,155;364,156;364,158;364,160;364,163;364,164;364,166;365,168;365,171;365,173;365,174;364,176;364,179;364,181;364,183;365,185;365,187;364,188;364,191;364,192;364,194;364,197;365,198;364,201;364,203;364,204;364,207;364,208;365,211;364,213;364,215;364,217;365,218;365,221;365,222;365,224;365,226;364,228;364,231;364,233;364,235;365,236;364,239;365,240;364,243;364,245;364,247;365,249;364,250;364,252;364,255;365,256;365,258;365,260;364,263;365,264;365,266;365,268;364,270;364,273;364,274;365,277;365,279;364,281;364,283;365,285;364,287;364,288;364,290;365,293;365,294;364,296;365,298;365,300;364,303;365,305;364,306;365,308;364,311;364,312;364,314;365,316;364,319;364,321;364,322;364,325;365,327;365,329;364,331;365,332;364,335;365,337;364,338;364,341;365,343;364,345;364,346;364,349;365,350;365,353;364,355;364,357;365,359;365,361;365,362;364,364;365,367;365,369;364,371;364,372;364,375;365,376;365,379;364,380;365,383;365,384;365,387;364,389;365,390;365,392;365,395;365,396;365,398;364,401;364,403;365,405;364,406;365,408;364,411;365,412;364,415;364,416;364,418;365,420;364,423;365,425;365,426;364,429;364,431;365,433;365,434;365,436;365,439;365,441;364,442;365,445;364,446;365,449;364,451;365,453;364,455;364,457;364,459;364,461;364,462;365,464;364,466;365,469;365,471;365,472;364,474;364,476;364,478;365,480;365,482;364,484;364,487;364,489;364,490;364,493;364,494;364,497;365,499;364,501;365,502;364,504;364,506;364,508;364,510
367,1;366,3;367,4;367,6;366,9;367,10;366,13;367,15;366,17;366,18;367,21;367,22;366,24;367,26;366,28;367,31;366,32;367,35;367,37;366,39;367,40;366,42;367,44;367,46;367,49;366,50;366,53;366,54;366,57;366,59;367,61;367,63;366,64;367,67;367,68;367,71;366,72;367,74;367,76;367,78;367,81;367,82;366,84;366,87;367,88;366,91;367,93;367,95;367,96;366,99;367,101;367,103;366,104;367,107;366,108;366,110;366,112;366,115;366,117;366,119;366,120;366,123;366,124;366,126;366,128;366,131;367,133;367,135;367,137;366,139;366,141;367,143;367,144;367,146;367,149;366,150;366,153;367,154;367,156;366,158;366,160;366,163;366,165;367,166;366,169;366,170;366,173;367,174;366,176;366,178;367,180;366,182;367,185;366,186;366,188;366,191;367,193;366,195;366,196;367,199;366,200;366,203;367,205;366,207;366,208;366,210;367,212;367,215;366,217;367,219;366,220;366,223;367,224;366,227;367,229;367,231;366,233;366,234;366,237;367,238;367,241;366,242;366,244;366,247;367,249;366,251;366,253;367,254;367,256;366,258;367,260;367,262;366,264;366,266;366,268;367,270;367,273;366,275;366,276;367,278;366,280;367,283;366,285;366,286;367,289;366,291;366,292;366,295;367,297;366,298;366,300;366,302;366,305;367,307;367,308;366,311;367,313;366,314;367,317;367,319;366,320;366,322;367,325;366,327;366,329;366,330;367,333;367,335;367,336;367,338;366,341;366,342;366,344;367,346;367,349;366,350;366,352;367,355;366,357;367,359;366,361;367,363;367,365;366,366;367,368;367,370;367,372;367,374;366,376;366,378;366,380;367,382;366,384;367,387;366,389;367,390;366,393;366,394;366,396;366,398;366,400;367,402;366,404;367,406;366,409;367,410;367,412;366,414;366,416;366,419;367,421;367,423;366,424;366,426;366,429;366,430;366,433;367,434;366,436;366,439;367,441;366,443;367,445;366,447;367,449;367,451;367,453;366,454;367,457;367,459;366,461;367,462;367,465;367,466;367,468;366,471;366,472;367,474;366,476;367,479;366,480;366,483;367,485;366,487;367,489;367,490;367,492;367,494;367,497;367,499;367,500;367,503;367,504;367,507;367,509;366,511
368,1;368,2;368,4;368,6;369,8;369,10;369,13;368,14;368,16;368,18;368,21;369,22;368,24;368,26;369,29;369,31;369,33;369,35;368,37;368,38;369,40;368,42;369,45;369,46;368,48;369,50;368,52;368,55;369,56;368,58;368,61;368,62;368,65;369,67;368,69;368,70;368,72;368,74;369,77;368,79;368,81;369,83;369,84;369,87;369,88;368,91;369,92;369,95;369,97;368,98;368,101;369,102;369,104;368,106;368,108;369,110;369,113;368,115;369,117;369,118;369,121;368,122;369,125;369,126;368,128;369,131;369,132;369,134;368,137;369,139;369,140;369,142;368,145;368,146;368,149;369,151;368,152;368,154;369,157;368,159;368,160;368,163;368,165;368,167;369,169;369,170;368,173;369,174;369,177;368,178;368,180;368,183;369,184;369,187;368,189;368,191;368,192;369,194;368,197;369,198;368,201;369,202;368,205;368,206;369,208;369,210;368,212;368,215;369,217;369,218;369,221;369,223;368,225;368,227;369,228;368,230;368,232;369,234;368,236;368,239;368,240;368,242;369,244;369,246;368,249;368,250;369,252;369,255;368,257;369,259;368,261;368,263;369,264;369,267;369,269;368,271;368,273;369,274;369,276;369,279;368,280;368,282;368,284;369,286;369,288;369,290;368,292;369,295;368,297;369,298;369,300;368,303;368,304;368,306;369,308;368,310;368,312;368,314;369,317;368,318;369,320;369,322;368,324;368,326;368,328;368,330;369,332;369,334;368,337;369,338;369,340;368,343;368,345;368,347;368,348;368,350;369,353;369,355;369,357;369,358;368,361;369,362;368,365;368,367;368,369;368,370;368,372;368,374;368,376;369,379;368,380;369,383;368,384;368,387;368,388;368,391;368,393;368,394;369,397;368,398;369,400;369,402;369,404;368,407;369,408;369,410;368,412;368,414;369,417;368,418;369,420;368,422;369,425;368,426;368,429;369,431;368,433;369,434;369,436;368,438;369,441;368,443;368,444;369,447;369,449;369,450;369,452;368,455;369,457;369,458;368,461;368,463;368,464;368,466;368,468;368,471;368,473;368,474;369,476;368,478;369,481;368,483;368,485;368,487;368,489;368,490;368,492;368,494;368,497;368,498;368,501;368,502;368,505;368,507;368,509;369,510
370,1;371,2;371,5;370,6;371,9;371,10;371,13;371,14;371,17;371,18;371,20;371,23;370,24;371,26;370,28;370,30;371,33;370,34;371,36;370,38;371,40;370,42;371,45;370,46;371,49;370,50;370,52;370,54;370,56;371,59;370,61;371,62;370,65;371,66;371,69;370,71;370,73;371,74;370,77;371,78;370,81;371,82;370,85;371,87;371,88;371,90;371,93;371,94;370,96;371,99;370,100;370,103;371,104;371,107;370,109;371,111;370,112;371,115;371,117;371,119;370,121;370,123;370,125;370,126;371,129;371,130;371,132;371,135;371,137;371,138;370,141;370,142;370,144;370,146;370,149;371,150;370,153;370,155;370,157;370,159;370,161;370,162;371,165;371,167;370,168;370,171;371,173;370,175;370,177;371,179;371,181;370,182;371,184;371,186;371,189;371,190;370,193;370,194;371,196;370,198;371,200;371,202;370,205;371,206;370,209;370,211;371,212;370,215;370,217;371,219;371,221;371,222;371,225;370,226;371,228;370,230;370,233;370,234;371,237;370,238;370,240;370,242;370,245;370,246;370,248;371,250;371,252;371,254;370,257;371,259;370,261;371,263;370,265;370,266;370,268;370,270;370,273;370,274;370,276;370,278;371,280;370,282;370,285;370,286;371,288;370,291;371,292;370,295;370,297;371,298;371,301;370,303;370,304;371,306;370,308;370,311;371,313;370,315;370,317;371,319;371,321;370,323;371,325;370,327;371,328;370,331;371,333;370,334;370,336;371,339;371,340;371,343;371,345;371,347;371,349;371,351;371,352;371,355;371,356;371,358;370,361;370,362;370,365;371,366;371,368;370,370;370,373;371,375;370,376;371,378;371,381;371,382;371,384;371,386;371,388;370,390;370,392;371,395;371,396;371,398;370,401;370,403;370,404;371,407;371,409;371,411;371,412;370,414;371,417;371,418;371,420;370,422;371,425;371,427;371,429;371,431;371,432;371,434;370,436;370,439;371,441;370,442;371,444;371,446;370,449;370,450;371,452;371,454;371,457;371,458;370,460;371,463;371,465;371,466;371,468;371,471;370,473;370,475;370,476;371,479;371,481;371,483;370,484;371,486;371,488;371,491;371,492;371,495;371,496;371,498;371,500;371,503;371,505;371,506;370,509;370,510
373,0;373,3;373,5;372,7;372,9;373,11;373,12;372,14;373,17;372,18;372,21;372,23;373,24;373,26;372,28;372,31;373,33;373,34;373,37;373,38;372,40;372,42;373,44;372,47;372,49;372,51;372,53;372,55;373,56;372,58;373,61;373,62;372,64;372,66;373,69;373,71;373,73;372,74;373,76;373,79;372,80;372,83;372,84;373,86;372,89;372,91;372,93;372,94;372,96;372,99;373,101;372,103;372,104;373,106;372,108;372,111;372,113;373,115;373,117;372,119;372,120;373,122;372,125;372,126;373,128;373,130;373,132;373,135;373,136;372,138;372,141;373,142;373,144;372,147;372,148;372,150;372,152;372,155;373,156;372,159;373,161;372,163;373,164;372,167;372,169;373,171;372,173;373,175;373,176;373,178;373,181;372,183;373,184;373,187;372,189;373,191;372,193;372,195;372,197;373,199;372,200;373,202;372,204;372,206;373,208;373,211;372,212;373,215;373,216;372,219;373,220;373,222;373,224;372,226;372,228;372,230;372,233;373,235;372,236;372,239;373,240;373,242;372,245;372,246;373,248;372,250;373,253;372,254;373,257;373,258;373,260;372,262;372,264;373,267;373,269;372,271;372,273;373,274;372,277;373,279;373,280;372,282;373,285;372,287;373,289;372,290;372,292;373,294;373,297;373,299;372,301;373,302;373,305;372,306;372,308;372,310;372,312;372,315;372,317;372,318;373,320;373,323;373,325;373,327;373,328;373,331;373,333;373,334;372,336;372,339;373,340;373,342;372,344;373,347;373,348;372,350;373,353;373,355;373,356;373,359;372,360;373,363;372,365;373,367;373,368;372,371;373,372;372,375;372,377;372,379;373,381;373,383;372,384;373,386;373,388;372,391;373,392;373,395;372,397;373,399;373,400;372,403;372,404;372,407;372,409;372,411;372,412;373,414;373,417;372,418;373,421;372,423;372,424;372,427;372,428;373,430;372,433;372,435;372,436;373,438;373,440;372,442;372,444;372,446;372,448;373,450;373,452;373,454;372,456;373,459;372,461;372,462;373,464;373,466;372,469;373,471;372,472;372,474;372,477;372,479;372,480;373,482;372,485;373,486;373,489;373,491;372,492;373,494;372,497;372,499;372,500;372,502;372,505;372,507;372,508;373,510
374,0;375,3;374,5;374,6;374,9;374,11;375,13;374,15;375,17;375,19;374,21;375,23;375,24;375,26;374,29;375,31;374,33;375,35;375,37;374,38;374,40;374,42;375,45;374,47;375,48;374,50;375,53;375,55;375,57;374,58;375,60;374,62;374,64;375,66;375,68;375,70;375,73;375,74;374,77;374,78;375,81;374,83;374,84;374,87;375,88;375,91;374,92;375,94;374,97;374,99;375,100;375,103;375,104;375,106;374,109;375,111;375,113;374,114;374,116;374,119;374,121;374,122;375,125;375,127;374,129;375,130;375,133;374,135;375,136;375,139;375,140;375,143;375,145;374,146;374,148;374,150;374,152;374,155;375,157;375,158;374,161;375,162;374,165;374,167;374,168;375,170;374,173;375,175;375,176;375,178;374,181;374,183;375,184;375,187;374,189;375,191;374,192;375,194;375,197;374,198;374,200;374,203;375,204;374,206;374,208;374,210;375,212;375,215;374,217;374,219;375,221;375,222;375,224;375,226;374,229;374,230;374,233;375,235;375,237;375,238;374,240;375,242;375,245;375,246;374,248;374,251;375,253;374,254;375,257;374,259;375,260;374,262;374,265;375,267;375,269;374,271;374,273;374,274;374,276;375,279;375,280;374,283;375,285;374,287;374,288;375,291;375,292;375,295;374,296;375,298;374,301;375,302;375,305;375,307;374,308;374,311;375,312;375,314;375,316;374,319;374,321;374,322;375,324;374,326;374,329;374,331;375,333;374,334;374,336;375,338;374,340;374,342;375,345;375,347;375,348;374,351;374,353;374,354;375,357;375,358;375,360;374,362;375,364;374,366;375,369;375,370;375,373;375,375;374,377;375,378;375,381;375,382;375,385;375,387;374,388;374,391;374,392;374,395;374,396;374,399;375,400;375,403;375,404;375,407;374,408;375,410;374,413;374,414;375,416;374,419;375,421;375,423;375,425;375,426;374,429;375,431;375,433;375,435;374,437;375,438;375,440;375,442;375,445;374,446;375,449;374,450;375,453;375,454;374,456;374,458;374,460;375,463;375,464;374,466;374,469;375,470;374,472;375,474;374,476;375,479;375,480;374,482;374,484;375,486;374,489;375,490;374,492;375,494;375,496;375,499;374,500;375,502;375,504;374,506;374,508;375,511
376,0;376,2;376,5;376,7;376,8;377,11;376,13;377,15;377,17;377,18;376,21;376,23;376,24;376,27;377,29;377,31;377,32;377,34;377,36;376,39;376,40;376,43;377,44;376,47;377,49;377,50;377,52;376,55;376,57;376,58;377,61;376,63;376,64;377,67;377,68;376,70;377,73;376,75;376,76;376,79;377,80;376,83;377,84;377,87;377,89;377,90;376,93;376,94;377,97;377,98;377,100;377,102;376,105;376,106;376,109;376,111;376,113;376,115;377,116;376,118;377,120;377,122;376,125;376,127;376,128;377,131;377,132;376,135;377,137;377,139;377,140;377,142;377,144;376,146;377,148;377,150;376,152;377,154;376,157;377,158;377,160;377,163;377,164;377,166;376,168;376,170;376,173;377,175;377,177;377,178;377,181;377,182;376,185;377,186;377,189;377,190;377,192;377,194;376,197;377,198;377,201;377,203;377,205;377,206;376,209;377,210;377,212;376,215;377,217;376,219;376,220;376,222;376,225;377,227;377,228;377,231;376,233;376,235;376,236;376,239;377,241;376,243;376,244;377,246;377,248;376,250;377,252;377,255;377,256;376,258;377,261;377,263;376,265;376,266;377,269;376,270;376,273;377,275;376,276;377,279;377,281;377,283;377,285;376,287;377,289;377,290;376,292;376,295;376,297;376,298;377,300;377,302;377,304;376,306;377,309;377,311;377,313;376,314;376,317;376,319;377,321;377,323;377,325;377,327;377,329;377,330;377,333;376,334;376,336;377,338;377,340;377,343;376,345;376,346;377,348;376,351;377,352;376,355;377,357;376,359;376,361;376,362;377,365;376,366;376,369;377,370;376,372;376,374;377,376;376,379;377,381;377,382;376,384;377,386;377,389;376,391;377,392;377,394;377,396;377,399;377,400;377,402;376,404;377,406;377,409;377,410;376,412;377,414;376,417;377,419;377,421;376,422;376,425;377,427;377,428;376,430;376,433;376,435;377,436;376,439;377,441;377,442;377,445;377,446;377,449;376,451;377,452;376,455;376,457;376,458;376,461;377,462;376,465;377,466;377,469;377,471;377,472;377,475;377,476;377,478;377,480;377,483;377,485;376,486;377,489;377,490;376,492;376,494;376,496;376,498;376,501;376,503;377,504;376,507;376,508;376,511
379,1;378,2;379,4;379,7;379,9;378,11;379,13;378,15;379,16;378,18;378,21;378,22;379,24;378,26;379,29;378,30;379,33;378,35;379,37;378,38;378,40;379,42;379,44;378,47;378,48;379,50;379,53;379,54;379,56;379,58;379,60;378,62;379,65;379,67;379,69;379,71;379,73;378,74;378,76;378,78;378,81;379,82;379,85;378,87;378,89;378,90;379,93;379,95;379,97;378,99;379,101;378,103;379,104;378,107;379,108;378,111;378,112;379,115;379,117;379,118;378,120;378,122;378,124;378,127;379,128;379,131;379,133;379,135;379,137;379,138;379,140;378,143;379,145;378,147;379,149;379,151;378,153;378,154;378,156;379,158;379,161;379,162;378,165;378,167;378,168;378,170;379,173;379,175;378,177;379,178;378,180;378,182;378,185;378,186;379,189;378,191;378,193;379,195;379,196;378,198;379,201;378,203;379,205;379,207;379,208;378,210;378,212;379,214;379,217;379,218;379,220;378,222;378,224;378,226;378,228;379,230;379,233;379,235;379,236;378,239;379,240;378,243;379,245;379,247;378,249;378,250;378,253;378,254;378,256;379,258;379,260;379,262;379,264;378,267;379,269;378,271;378,273;378,275;378,276;378,278;378,281;378,283;379,285;378,286;378,289;379,290;378,293;378,294;378,296;378,299;378,301;379,302;378,305;379,306;379,309;379,310;378,313;378,315;378,316;379,318;379,321;378,323;378,324;379,326;378,328;379,330;379,333;379,334;378,337;378,338;379,340;379,343;378,344;379,346;379,348;379,350;378,352;378,355;379,356;379,358;379,360;379,362;378,365;378,366;379,369;379,370;378,373;378,375;379,377;379,378;378,381;379,383;379,385;379,387;378,389;379,391;379,392;378,395;379,396;378,399;379,400;379,403;379,405;378,407;378,408;378,410;378,413;379,414;378,417;378,419;378,421;379,423;378,424;379,427;379,429;379,430;378,433;379,435;379,437;379,438;378,440;379,443;379,444;378,446;379,448;378,451;379,452;378,455;379,456;378,459;378,461;378,463;378,465;378,467;378,468;379,471;379,472;379,474;379,476;379,478;379,480;379,483;379,484;379,486;378,488;378,491;379,493;379,494;378,497;379,499;379,500;378,502;379,505;378,506;379,509;379,510
381,0;381,2;381,4;380,7;380,9;381,11;381,13;380,15;380,17;381,18;381,21;380,22;381,24;381,27;381,29;381,30;381,32;381,34;381,37;381,38;380,40;380,43;381,45;380,47;380,48;381,50;380,52;381,54;381,56;380,59;381,60;380,63;381,65;381,66;381,69;381,71;381,73;380,74;380,76;381,79;381,80;381,82;381,84;380,86;380,88;380,91;380,93;380,95;381,96;381,98;381,100;381,103;381,104;380,107;380,108;381,110;381,112;381,114;381,116;380,118;381,120;380,123;380,124;380,126;380,128;380,131;380,132;381,134;380,137;380,139;380,141;380,142;380,144;381,147;380,149;381,151;380,152;380,154;380,156;381,158;381,161;381,162;381,164;381,166;380,168;380,170;380,172;381,174;380,177;381,179;380,180;381,183;381,185;381,186;381,189;380,190;381,193;381,194;380,197;380,199;381,201;381,203;380,204;381,207;381,208;380,210;381,212;381,215;380,217;380,219;380,221;380,222;380,224;381,227;381,228;380,231;380,233;380,235;380,236;381,239;381,240;381,242;381,245;380,246;380,249;381,250;381,253;380,254;381,257;380,258;381,260;381,262;381,265;380,266;380,268;381,270;380,273;381,275;380,276;381,279;381,281;380,282;381,285;380,287;381,289;381,291;381,292;380,295;381,296;380,299;380,300;380,302;380,305;380,307;380,308;381,310;380,312;381,314;380,317;380,318;381,320;380,322;380,324;380,326;380,328;381,330;381,333;381,334;381,336;380,338;380,341;380,343;380,345;380,347;380,348;380,351;381,352;380,354;380,356;380,359;380,361;381,363;380,365;380,366;381,369;381,370;380,373;381,374;381,377;381,378;381,381;380,383;381,385;381,387;381,389;380,390;381,393;381,394;380,397;381,398;380,401;380,402;380,405;381,406;380,408;380,410;380,412;380,415;381,416;381,419;380,420;381,422;380,425;380,426;381,428;381,431;380,433;380,435;380,437;380,439;381,441;380,443;381,444;381,446;381,449;380,451;380,452;381,455;381,457;380,458;380,461;380,463;380,465;381,466;381,469;381,470;380,472;381,474;380,476;380,479;381,480;381,483;381,484;381,486;381,488;380,491;380,492;380,494;380,496;381,499;380,500;380,503;381,504;380,506;380,509;380,510
383,1;383,2;383,5;383,6;382,8;382,11;382,12;382,15;383,16;383,19;383,20;382,23;382,25;382,27;383,29;383,30;383,32;382,35;382,36;383,38;382,40;382,42;382,45;382,47;382,48;382,50;382,52;382,54;382,56;383,58;383,61;383,62;382,64;383,67;383,68;383,70;382,73;383,74;382,77;383,78;382,81;383,82;383,85;382,86;383,88;382,91;383,93;383,94;383,97;383,98;382,101;383,102;382,104;382,106;382,109;383,111;382,112;383,114;382,116;383,119;382,120;383,123;383,124;383,127;382,129;382,130;383,133;382,135;382,137;382,139;382,141;382,143;383,144;383,147;383,149;382,150;382,153;382,155;382,156;382,158;382,160;383,163;382,165;382,166;382,169;383,171;382,172;382,174;382,177;383,178;382,181;382,182;382,185;382,186;383,189;383,191;382,193;383,194;382,196;382,199;383,200;382,203;382,204;383,207;382,209;383,211;382,212;383,214;382,217;383,219;382,221;383,222;382,224;382,227;383,228;382,230;383,233;383,235;382,237;382,239;382,240;383,242;383,244;383,246;383,249;383,251;383,252;382,255;383,257;382,258;383,261;383,262;383,265;382,267;383,268;383,270;383,273;382,275;382,277;382,279;383,280;383,282;383,284;382,286;383,288;382,290;383,293;383,295;382,297;382,299;382,300;382,303;383,305;382,307;383,309;382,310;382,313;383,315;383,317;382,319;382,321;383,322;383,325;382,327;382,328;382,331;383,332;382,334;382,337;383,338;383,341;382,342;383,344;382,346;383,348;383,350;382,353;382,354;382,357;383,358;382,360;383,362;382,364;383,367;383,369;383,370;383,372;382,375;383,377;383,379;382,381;383,383;383,384;382,386;382,388;382,391;382,392;382,395;382,396;383,399;383,401;383,402;383,404;382,407;382,409;383,410;382,413;383,414;382,416;382,418;382,421;382,422;382,425;383,426;383,428;382,431;382,433;382,435;383,437;383,439;382,441;383,443;383,445;383,447;382,449;383,451;382,453;382,455;383,457;382,459;383,460;383,462;383,465;383,466;382,469;383,471;383,472;382,474;382,476;383,479;382,480;383,483;383,484;382,486;383,489;382,491;382,493;382,494;382,497;383,498;382,500;383,503;382,505;382,506;383,508;382,511
384,1;384,2;385,4;384,6;385,8;384,11;385,12;384,15;385,16;384,19;384,20;384,22;384,25;384,27;384,28;385,31;384,33;384,35;385,36;385,38;384,40;385,43;384,45;384,47;384,49;384,51;384,52;384,55;385,56;385,58;384,60;384,63;385,65;384,67;385,69;385,71;384,73;385,75;385,77;385,79;384,81;385,82;384,85;385,87;384,89;385,90;385,93;384,95;384,97;384,99;385,101;385,102;384,104;384,107;385,108;385,111;384,112;384,114;384,116;385,119;384,121;384,123;384,125;385,126;384,128;385,130;385,133;385,135;384,136;385,138;384,141;385,142;384,144;384,147;385,148;384,151;385,152;384,155;384,157;385,159;384,161;385,162;384,165;384,166;384,168;385,171;384,172;384,174;385,176;385,179;384,180;385,182;385,184;384,186;385,189;385,191;385,193;385,194;385,197;384,198;384,200;385,203;384,205;385,207;385,209;385,211;384,213;384,215;385,216;385,218;384,220;384,222;384,225;384,227;385,229;384,231;385,233;384,234;385,237;385,238;385,241;385,243;385,244;384,246;385,248;384,250;384,252;385,254;384,257;385,259;385,261;385,262;385,264;384,267;384,268;384,271;385,273;385,274;384,276;384,279;384,281;384,283;384,284;384,287;385,289;385,290;385,292;385,295;385,297;384,298;384,301;385,303;385,304;385,307;384,309;385,310;384,312;385,314;385,317;385,319;385,320;385,322;385,324;385,326;385,329;385,331;385,333;384,335;384,336;384,339;384,341;384,343;384,344;384,347;384,348;384,350;384,353;385,355;385,357;384,359;384,360;384,362;385,365;384,366;385,369;385,371;384,372;385,375;385,377;384,379;385,381;385,383;385,384;384,386;385,389;385,390;384,392;384,395;384,397;384,398;384,400;384,403;385,404;385,406;384,409;384,410;384,413;384,414;384,416;385,419;385,421;385,423;384,425;384,426;384,429;384,431;384,433;385,434;384,437;384,438;384,441;384,442;385,444;385,447;384,448;385,450;385,453;385,455;385,457;384,459;385,460;384,462;384,464;384,467;384,469;385,470;385,473;384,474;385,477;384,478;384,480;384,483;384,485;384,487;384,488;385,490;384,492;384,495;384,496;384,498;385,500;385,503;384,504;384,506;384,509;385,510
386,1;387,3;387,4;387,6;387,9;386,11;386,12;386,14;386,16;386,18;387,21;386,23;386,24;386,26;386,28;386,30;387,32;387,35;386,37;387,38;386,40;387,43;387,45;386,47;386,49;386,51;387,53;387,54;386,56;386,59;387,60;386,63;386,64;386,67;387,69;386,71;387,73;387,74;386,77;386,78;387,81;387,82;386,84;386,86;386,88;387,91;387,93;386,94;386,96;386,99;387,100;387,102;386,104;387,107;387,108;387,110;386,112;386,114;386,117;386,119;386,121;386,122;387,124;386,127;387,128;386,130;387,133;387,135;387,137;387,139;387,141;387,143;387,144;387,147;387,149;387,151;386,153;387,155;386,157;386,158;386,161;387,162;387,164;387,166;386,168;387,171;386,173;386,174;387,177;387,179;387,180;387,183;386,185;387,186;387,188;386,190;387,193;386,195;386,196;386,198;386,201;387,203;387,204;387,207;386,208;386,210;386,212;386,215;387,216;386,219;386,221;387,222;386,225;387,227;386,229;386,231;386,233;386,234;386,236;387,239;387,240;387,242;386,244;386,246;387,248;387,250;387,252;386,255;386,256;387,258;386,261;387,262;387,265;387,267;386,268;386,270;387,273;387,275;387,277;386,278;386,280;386,283;387,284;387,286;387,288;386,290;386,293;387,294;387,297;386,298;387,300;386,303;387,305;386,307;386,309;386,310;387,312;387,314;387,317;386,318;387,321;387,323;387,324;386,327;387,329;386,331;387,333;386,335;387,337;387,338;386,340;386,342;386,345;387,346;387,349;387,350;386,353;387,355;386,357;386,359;386,361;387,363;387,365;387,366;387,368;386,370;387,373;386,374;386,377;387,378;386,380;387,383;386,385;387,387;387,389;386,390;386,393;387,394;387,396;386,398;387,401;386,402;387,404;387,406;386,409;387,410;386,412;386,414;387,417;387,419;387,420;387,423;387,425;386,427;387,428;386,430;386,433;386,435;387,437;386,439;386,440;386,443;387,444;386,446;386,448;386,451;386,453;387,454;386,456;386,459;387,460;387,463;386,465;386,466;386,468;386,470;386,472;386,474;387,477;387,479;387,480;386,483;387,485;386,486;386,489;386,491;387,492;386,495;386,496;386,499;386,500;386,503;387,504;387,506;387,508;386,511
388,1;388,3;389,5;388,6;389,8;388,10;389,12;389,15;389,17;388,19;389,20;389,23;389,24;389,26;389,29;388,31;388,33;389,35;389,36;388,38;388,41;389,43;389,45;388,47;388,49;389,51;389,53;388,54;388,56;388,59;389,61;389,62;388,64;388,67;389,69;388,71;388,73;389,74;389,77;388,78;388,81;389,82;389,85;388,86;389,88;388,90;389,93;388,95;389,96;389,98;388,101;388,103;388,105;389,106;389,109;389,111;388,113;389,115;389,117;389,118;389,120;388,123;389,124;388,127;388,128;389,130;388,132;388,134;388,137;388,139;388,141;389,143;388,145;389,146;389,148;388,151;389,152;388,154;388,157;388,159;389,161;389,162;388,165;389,167;389,169;388,170;389,172;388,175;389,176;389,179;388,180;388,183;389,185;388,187;388,189;389,191;388,193;388,194;388,196;389,199;388,201;388,203;388,205;388,206;388,208;388,211;388,212;389,214;388,216;389,219;389,220;388,222;388,224;389,226;388,229;388,231;389,233;388,234;388,237;388,238;388,240;388,243;389,245;388,246;388,249;388,251;388,252;388,254;389,257;388,258;389,260;388,263;389,264;389,266;388,268;388,271;388,272;389,274;389,276;388,278;389,281;388,283;389,285;389,286;388,289;388,291;388,293;389,294;388,296;388,298;389,301;388,302;388,304;388,306;389,308;389,310;388,312;388,315;388,316;389,319;389,321;389,323;388,324;389,326;389,329;389,331;388,333;388,334;388,337;389,338;388,340;388,342;389,344;389,346;389,349;388,351;388,353;388,354;389,357;389,358;389,361;388,362;388,365;389,366;388,368;389,371;389,372;388,375;389,377;388,378;388,381;388,382;389,384;388,386;388,389;388,390;389,393;389,394;389,396;388,399;388,400;388,402;389,404;388,407;389,408;389,411;388,413;388,414;389,416;388,419;389,420;388,422;389,424;389,426;389,428;388,431;388,433;389,435;389,437;389,438;388,441;389,443;388,444;389,447;388,449;388,451;389,453;389,454;388,456;389,458;388,460;389,463;389,464;389,466;389,468;389,471;389,473;388,475;388,477;388,479;389,481;389,483;389,485;388,486;389,488;388,491;388,493;389,494;389,497;389,499;389,500;389,503;388,504;389,506;388,508;389,510
391,0;391,2;391,5;391,6;391,8;390,11;390,12;391,14;391,16;390,18;390,21;390,22;390,25;391,26;390,29;390,31;391,33;390,35;391,37;391,39;390,40;391,42;391,45;390,47;390,49;391,51;390,53;391,55;390,56;391,58;390,60;391,63;391,64;391,66;390,69;391,70;390,73;390,74;390,77;390,79;391,80;390,82;391,84;390,87;390,88;390,90;391,93;390,95;390,96;390,98;391,100;390,102;391,104;391,106;391,108;391,110;391,113;391,114;391,116;391,119;391,121;390,122;390,125;391,126;391,129;391,130;391,132;390,135;391,137;390,139;390,140;391,143;390,144;391,147;391,149;390,150;391,152;391,155;390,157;390,158;390,161;391,163;390,165;391,166;391,168;390,170;390,172;391,174;390,176;390,178;390,180;390,183;390,185;390,187;391,188;391,191;391,193;391,194;390,196;390,198;391,200;390,203;391,204;391,206;390,208;391,211;390,212;390,215;391,217;390,218;390,220;390,223;390,224;391,227;390,229;390,230;390,233;390,234;390,237;390,238;391,240;390,242;390,245;391,246;390,249;390,251;390,252;390,255;391,256;391,258;391,261;391,262;391,265;390,267;390,268;391,271;391,273;391,275;390,277;390,278;390,281;391,283;390,285;390,286;391,288;390,291;391,292;390,295;390,297;390,299;390,301;390,303;390,305;391,307;390,308;391,310;390,313;390,315;390,316;390,318;390,320;390,323;390,324;391,326;390,328;390,331;390,333;390,335;390,336;391,339;390,340;391,343;391,344;390,347;391,348;391,351;390,353;391,354;391,356;390,358;390,361;390,362;391,365;390,366;391,368;391,370;390,373;391,374;391,377;390,379;390,381;391,382;391,384;390,387;391,388;390,391;391,392;391,394;390,396;390,398;390,401;391,403;390,405;391,406;390,409;391,410;391,412;391,415;391,417;390,418;391,420;391,422;391,425;391,427;391,429;390,430;391,432;391,434;390,437;390,438;390,441;390,442;390,444;390,447;390,448;390,451;390,452;390,455;390,456;390,458;391,460;390,463;391,465;391,467;391,469;390,470;391,472;390,475;390,477;390,478;390,480;391,483;390,484;390,487;391,489;390,491;391,492;391,495;390,497;390,498;390,500;390,503;390,505;390,506;391,509;391,510
392,1;392,2;392,5;392,6;393,9;392,11;393,12;393,15;393,16;393,19;393,21;392,23;392,24;392,26;392,29;392,30;393,33;392,35;392,37;393,38;392,40;392,43;393,45;392,47;392,48;393,50;392,52;392,55;392,56;393,59;393,61;393,62;393,64;392,66;393,69;392,71;392,72;393,75;392,77;393,78;392,80;392,82;393,85;392,87;393,89;392,91;393,92;393,94;392,96;393,98;392,101;393,102;393,105;392,107;393,109;393,111;393,112;393,115;393,116;392,119;393,121;393,123;393,124;393,126;393,128;392,130;393,133;392,135;392,137;392,139;393,141;392,142;392,144;392,146;392,149;393,150;393,152;393,154;392,157;392,159;393,160;392,162;393,164;393,167;393,169;392,170;392,172;392,175;392,177;393,178;393,181;393,182;393,185;392,187;392,189;392,190;392,192;393,195;392,196;393,199;392,201;393,203;392,204;393,207;392,208;392,210;393,212;392,214;392,217;393,219;392,220;393,223;393,224;392,226;393,228;393,230;392,233;393,235;392,236;392,238;393,240;392,243;393,244;392,247;393,249;392,250;392,253;393,254;392,256;392,259;392,260;393,262;393,264;392,267;392,269;393,270;393,273;392,275;393,276;392,279;393,281;392,283;393,284;393,287;393,288;393,290;393,292;393,294;393,296;393,299;393,301;393,303;393,304;392,307;393,309;393,310;393,312;392,315;392,316;393,318;392,320;392,323;393,324;392,326;393,328;392,330;393,332;392,335;393,336;392,338;393,340;393,343;393,345;393,347;393,348;393,351;393,353;393,355;393,357;393,358;392,361;393,363;393,364;393,366;392,369;392,371;392,372;392,375;392,376;393,379;393,381;393,382;392,385;392,386;392,388;393,391;393,393;393,395;393,397;392,398;392,401;393,402;393,405;393,407;392,409;393,411;392,412;392,415;393,416;392,419;393,421;392,422;393,424;393,427;393,428;393,430;393,432;392,435;392,437;393,438;393,440;392,443;392,444;393,447;393,449;392,451;392,453;392,455;392,457;392,459;392,461;392,463;392,464;393,466;392,469;392,470;393,473;393,475;393,476;393,478;392,481;392,482;392,485;392,487;392,488;393,490;393,492;393,494;392,496;393,498;393,500;393,502;392,504;393,507;393,509;393,510
395,1;395,3;395,5;394,6;395,8;394,10;395,12;395,14;394,17;394,18;395,20;394,23;395,24;395,26;395,29;394,31;395,33;395,35;395,36;395,38;395,40;394,43;395,45;394,47;394,48;394,50;395,52;395,55;394,57;394,58;394,60;395,62;395,65;394,66;394,69;394,71;395,72;395,74;395,76;394,78;395,81;394,82;395,85;394,87;395,89;395,91;394,92;395,94;395,96;394,98;395,101;394,102;395,105;395,106;395,109;394,111;394,112;395,114;395,116;394,118;394,120;394,122;395,124;394,127;394,128;395,130;394,132;395,135;394,136;394,139;395,140;394,142;395,145;395,146;395,149;395,151;395,153;395,154;395,156;395,159;395,161;395,163;395,165;395,167;395,168;395,171;394,173;395,174;394,176;394,179;394,181;395,183;394,184;394,187;395,188;395,190;394,193;394,194;395,196;395,199;394,201;394,203;394,204;394,206;395,209;394,211;394,212;395,215;395,216;395,218;394,221;394,223;394,224;395,227;395,228;394,230;394,233;395,234;395,236;394,238;394,241;394,242;395,244;395,247;395,249;395,250;395,253;394,254;394,257;394,259;394,260;395,262;395,265;395,266;395,269;394,270;394,272;394,274;394,276;395,279;394,281;395,283;395,284;395,286;395,289;394,290;395,292;394,294;394,297;394,298;395,300;395,302;394,304;394,307;394,308;394,311;394,313;394,314;395,316;395,318;395,321;395,323;394,325;394,327;395,329;395,330;394,332;395,335;395,336;395,338;395,340;394,343;395,345;394,346;395,348;395,350;395,352;394,354;394,356;395,358;394,360;395,363;395,364;394,367;394,369;394,370;394,373;394,374;394,377;394,378;395,381;395,383;394,385;394,387;394,389;395,390;395,392;395,395;394,396;395,399;395,401;395,402;395,404;394,407;394,408;394,410;394,412;394,415;395,416;395,419;395,420;394,422;395,425;394,426;394,429;394,430;394,433;395,434;394,436;394,438;394,440;395,442;394,444;394,446;394,449;394,450;394,453;395,454;394,456;394,459;395,460;395,462;395,464;395,467;395,469;394,470;395,473;395,474;395,476;394,479;394,481;395,483;395,484;395,486;395,488;394,491;394,492;394,494;395,496;395,499;394,500;394,502;394,505;394,506;394,508;394,510
397,1;396,3;396,5;397,6;397,8;397,10;397,13;396,14;397,16;396,19;397,21;397,23;396,24;397,27;396,29;396,31;397,32;396,35;396,36;397,38;397,40;396,42;396,45;396,47;396,49;396,50;397,52;396,54;396,56;397,59;397,61;397,62;397,64;397,67;397,68;397,70;396,73;397,75;397,76;397,79;396,81;397,83;397,85;397,86;396,88;397,90;396,93;396,95;396,96;396,98;397,100;396,102;396,104;396,107;397,109;396,110;397,113;396,114;397,117;396,118;397,121;397,123;396,124;397,126;396,128;396,130;397,133;396,135;396,137;396,138;396,141;397,142;396,144;397,146;396,148;396,151;396,153;396,154;397,156;397,159;396,161;396,162;397,165;396,166;397,168;396,171;396,173;397,174;396,176;396,178;396,180;396,182;396,184;397,186;396,189;397,191;396,192;396,195;397,197;396,199;397,200;397,203;397,205;396,206;397,208;396,210;396,213;397,214;397,217;397,219;396,221;397,223;397,224;397,227;397,229;397,230;396,232;396,234;396,236;396,238;396,240;397,243;397,245;396,247;396,248;397,251;396,253;397,255;397,257;396,258;397,260;396,263;397,264;397,266;396,268;397,270;396,273;396,275;397,277;397,278;397,280;396,283;397,284;397,286;396,289;396,290;397,292;397,294;396,297;396,299;397,301;396,303;397,305;397,307;396,308;396,310;396,313;396,314;396,316;397,318;397,321;397,323;397,324;397,326;396,328;396,330;396,332;396,334;396,337;396,339;396,341;396,343;397,345;397,346;396,349;397,350;396,352;396,354;397,357;396,358;397,361;397,362;396,365;397,366;397,369;397,370;397,373;396,374;396,377;397,379;397,380;397,382;397,385;397,386;396,388;396,391;396,392;396,394;396,396;396,398;396,401;397,402;397,404;396,407;396,408;396,411;397,413;396,414;396,416;397,418;396,421;397,423;396,425;397,426;396,428;396,431;397,433;397,434;397,437;396,439;396,440;397,442;396,444;396,446;396,449;396,451;396,453;397,455;396,457;396,459;396,461;396,463;397,464;397,466;397,468;397,470;397,472;397,475;396,476;397,479;397,481;397,482;396,484;397,487;396,488;397,490;397,492;397,495;396,497;397,499;397,500;397,502;396,505;397,506;396,508;396,511
398,0;399,2;399,4;399,6;398,9;398,10;399,12;399,15;398,17;398,19;399,20;398,23;398,24;399,27;398,28;398,31;399,32;398,35;399,37;398,38;399,40;398,42;398,45;399,47;398,49;398,50;399,52;398,54;399,56;399,58;399,61;399,63;398,65;398,66;398,69;398,71;398,73;398,74;398,77;398,79;398,80;398,83;399,85;398,86;398,88;399,91;399,93;398,94;399,96;398,99;398,101;399,102;398,105;398,106;398,109;398,110;399,112;398,115;399,117;399,119;399,121;398,122;398,125;399,127;398,129;399,130;399,132;399,134;399,137;398,138;399,141;398,142;399,144;398,147;399,148;399,151;399,152;399,154;398,157;399,159;398,161;398,162;398,164;398,166;399,169;399,171;399,172;399,174;398,177;398,178;399,180;399,182;399,185;398,186;398,189;398,191;398,192;398,195;399,196;398,198;398,200;399,203;398,204;399,207;399,208;399,211;398,212;398,214;398,217;398,219;398,220;399,222;399,224;399,226;399,228;398,230;398,233;399,235;399,237;399,238;398,240;399,243;399,245;398,246;398,249;399,250;399,252;399,254;399,257;398,259;399,260;398,262;398,265;398,267;398,269;398,270;398,273;399,275;398,277;399,279;398,280;398,283;398,285;398,286;399,289;398,291;398,293;399,294;399,296;398,298;399,301;399,302;399,304;399,307;399,308;398,311;399,312;399,315;399,316;398,318;399,320;399,323;399,325;399,326;398,329;399,330;399,332;398,334;399,336;398,339;399,341;399,343;398,345;399,346;399,349;399,350;398,352;399,355;398,357;398,358;398,361;398,363;398,365;398,366;398,369;398,371;398,372;399,375;399,377;399,379;398,381;398,382;398,384;398,387;399,389;398,390;398,393;399,394;399,396;399,398;399,400;399,403;399,404;398,407;398,408;399,411;398,412;398,414;399,417;398,418;399,421;398,423;399,425;398,427;398,429;398,430;398,432;398,434;399,436;399,438;398,441;398,442;399,445;398,447;398,449;399,451;399,453;398,455;399,456;398,458;398,460;398,463;399,464;398,466;398,469;399,470;398,473;398,475;398,476;399,478;399,481;399,482;399,484;398,487;399,489;399,490;398,493;398,494;398,497;398,498;398,501;398,503;399,504;399,507;398,508;399,511
400,1;401,3;400,5;400,7;400,9;400,11;400,12;401,14;401,17;400,19;400,21;401,23;400,24;401,26;400,28;401,30;401,33;401,35;400,36;400,38;401,40;401,42;400,45;401,47;400,49;400,50;401,52;401,54;401,56;400,59;400,60;400,62;400,65;401,66;400,68;401,71;401,73;400,74;401,77;401,79;400,81;401,82;401,84;400,86;400,88;400,91;401,93;401,94;400,96;400,98;400,101;400,103;400,104;401,106;400,109;400,111;400,112;400,114;401,116;400,118;400,121;401,122;400,125;400,126;401,129;400,131;400,132;400,134;400,136;400,139;401,141;400,143;400,144;401,146;401,149;401,151;401,152;400,154;401,156;400,158;400,160;401,163;401,165;400,166;401,169;401,170;400,173;401,174;401,176;401,178;401,180;400,182;401,185;400,187;400,189;401,191;400,193;401,194;401,196;400,199;401,201;401,203;400,204;400,207;400,209;401,211;401,213;401,215;400,217;400,218;401,221;400,223;401,225;401,226;401,228;401,230;401,232;401,235;401,236;401,238;401,241;401,242;401,244;400,246;400,248;400,251;401,253;401,255;400,257;401,258;401,260;401,263;401,265;400,266;401,269;400,270;400,273;401,274;401,277;401,279;401,281;401,282;401,284;401,286;400,288;401,291;400,292;400,294;400,296;401,298;400,300;401,303;400,305;400,307;401,308;401,311;400,313;400,315;400,316;401,318;401,321;400,322;401,325;401,327;400,328;401,330;401,332;401,335;400,336;400,338;400,341;400,342;400,345;400,347;401,348;400,351;401,353;400,355;401,357;400,359;400,361;401,362;400,364;400,366;401,369;401,371;401,372;400,375;401,377;400,378;401,380;401,383;400,384;401,386;401,388;401,391;401,393;400,394;401,397;400,398;400,400;400,402;401,404;400,407;401,409;401,410;400,412;400,414;400,417;400,418;401,420;400,423;401,424;400,426;401,429;401,430;401,433;401,434;400,436;401,438;400,440;401,443;400,445;400,446;401,448;400,451;400,453;400,455;400,456;401,459;400,460;401,462;400,464;401,467;400,469;400,471;401,472;401,474;401,476;400,478;401,480;401,483;401,484;400,486;401,488;401,490;401,492;400,495;400,497;400,499;400,501;401,503;400,504;400,506;401,508;400,511
403,0;403,2;403,5;402,7;403,9;403,10;403,12;402,14;402,16;402,19;402,20;402,22;402,25;402,26;403,29;403,30;403,33;403,34;402,37;402,39;403,41;403,43;403,44;402,47;402,49;403,50;402,53;402,54;403,56;402,58;402,60;402,63;402,64;402,67;403,69;402,70;403,73;403,74;403,76;403,79;402,80;403,82;402,85;403,87;403,88;402,91;402,93;403,94;403,96;402,99;402,101;403,102;403,104;402,106;403,109;403,110;402,113;402,114;402,117;403,119;402,120;402,123;402,124;403,127;402,128;402,130;402,132;403,134;403,136;403,138;403,140;403,142;402,145;403,147;402,148;403,150;403,153;403,155;402,156;403,159;403,160;403,162;403,165;402,167;403,168;403,170;403,173;403,174;403,176;402,179;403,180;403,183;403,184;403,187;403,188;402,190;403,193;402,194;403,197;402,198;402,200;402,202;402,205;402,207;402,209;402,210;403,213;402,215;402,217;403,218;402,221;402,223;402,225;403,227;402,229;402,230;403,232;403,235;403,237;403,239;402,241;403,243;402,244;402,246;402,249;402,251;402,253;402,254;402,257;403,259;402,260;403,263;403,264;402,266;403,269;402,271;402,273;403,275;403,277;403,278;403,280;402,282;402,285;403,286;403,289;403,291;403,292;402,295;402,296;403,299;402,300;403,303;402,304;402,306;402,309;402,310;402,313;403,315;403,316;402,318;402,320;403,322;402,325;402,327;402,329;402,330;403,332;402,335;402,337;402,339;403,340;403,342;402,344;402,346;403,348;403,350;402,352;402,354;402,357;402,358;403,360;403,362;403,365;402,366;402,368;403,370;403,372;403,375;403,377;402,378;402,381;403,382;403,384;402,387;402,389;402,390;402,393;403,394;402,397;403,399;403,400;402,402;403,404;403,407;403,409;403,410;403,413;403,415;402,417;402,418;402,421;403,422;403,425;402,427;402,428;402,431;402,433;403,434;402,437;402,438;403,440;402,443;403,444;402,446;402,449;402,451;403,453;402,455;403,456;403,458;403,461;403,463;402,465;403,467;403,469;403,471;403,473;403,475;402,476;403,478;403,480;402,483;403,485;402,486;402,488;403,490;403,492;402,494;403,496;402,498;402,501;403,503;403,505;403,507;402,509;402,511
405,1;404,2;405,5;404,7;405,9;404,10;405,12;405,14;405,17;404,18;405,20;405,23;405,24;405,27;404,28;405,30;404,32;404,35;404,37;405,38;404,40;405,43;405,45;404,47;404,49;404,50;405,53;405,54;405,56;404,59;405,61;404,62;405,64;404,67;404,68;404,71;404,72;404,74;404,76;405,79;405,80;404,82;404,85;404,87;404,89;404,91;405,93;405,95;404,96;404,98;405,100;405,103;404,104;404,107;404,108;405,110;405,113;404,115;404,117;404,119;404,121;405,122;404,125;405,126;405,129;404,130;405,133;404,134;404,136;404,138;405,140;405,142;404,144;404,147;405,148;405,151;405,153;404,154;405,157;405,159;404,160;405,162;405,165;404,167;405,169;404,171;404,172;405,175;405,177;405,179;405,180;405,183;405,185;404,186;404,188;405,191;404,192;405,194;404,196;404,199;405,200;404,203;405,205;405,206;405,209;405,210;405,212;405,214;405,217;404,219;404,221;405,222;404,225;405,227;404,229;404,230;405,232;405,235;405,236;404,239;405,240;405,242;405,245;405,247;405,248;404,250;405,253;405,254;404,257;405,258;405,260;405,263;404,264;404,267;405,268;404,270;404,272;404,274;405,276;404,278;405,280;405,283;404,285;405,286;405,288;404,290;404,293;404,294;404,297;405,298;404,301;405,303;405,304;404,306;404,309;405,311;404,312;404,315;405,316;404,318;404,321;404,323;404,325;404,327;404,328;405,331;404,333;405,334;404,336;404,339;405,341;405,343;405,345;405,347;404,349;405,351;404,352;404,354;404,357;405,359;405,361;404,362;405,364;405,367;405,369;405,371;404,372;404,374;404,376;404,378;404,381;404,383;405,385;404,386;404,389;404,390;404,393;404,395;404,396;405,399;405,401;404,402;405,405;404,407;405,409;404,410;405,412;405,414;404,416;404,419;404,420;405,422;404,424;405,427;404,429;405,430;405,432;405,435;405,437;405,438;405,440;404,443;405,444;404,446;405,449;404,450;405,453;405,454;405,456;404,458;405,461;404,463;404,464;405,467;404,469;405,470;404,473;404,475;405,477;404,478;404,480;404,483;404,484;404,486;405,489;405,490;405,493;405,495;404,496;405,499;404,501;404,502;404,505;404,507;404,509;405,511
407,1;407,2;406,5;407,6;407,8;406,11;406,13;407,14;407,17;406,19;406,20;407,23;406,24;406,26;406,29;407,30;407,32;406,35;406,37;406,38;407,40;406,43;406,45;407,47;407,48;406,50;407,52;406,55;407,56;407,59;407,60;406,63;406,65;406,67;407,68;407,70;406,73;406,74;406,76;407,79;406,80;407,82;407,85;406,86;407,88;407,91;407,93;407,94;407,97;407,99;406,100;406,102;406,105;407,107;407,109;407,110;407,112;406,114;406,117;406,119;407,121;406,123;407,125;407,127;406,129;406,131;407,132;407,134;407,137;407,139;406,140;406,142;406,144;407,147;406,149;407,151;407,152;407,154;406,157;407,159;406,161;406,162;407,165;406,166;407,168;407,170;407,172;407,174;407,177;407,179;406,181;407,183;406,184;407,186;406,188;406,191;407,192;406,194;407,197;407,198;407,200;407,203;406,205;407,207;406,208;406,210;407,213;406,214;407,217;406,219;406,221;407,223;406,225;407,226;407,229;406,230;407,233;407,235;406,236;407,239;406,240;407,243;406,244;407,246;407,248;406,251;406,253;406,254;407,257;407,258;407,261;407,262;407,264;407,267;407,269;406,271;407,273;406,275;406,276;406,278;407,280;407,283;407,284;406,287;406,288;406,290;406,292;407,294;407,297;406,299;406,301;407,302;407,305;407,306;406,309;406,311;406,312;406,315;406,317;407,318;407,320;406,322;407,325;407,326;407,328;407,331;407,333;407,334;407,337;406,338;407,341;406,343;406,345;407,346;407,349;407,350;406,352;407,355;407,357;407,358;406,360;407,363;407,365;406,367;406,368;407,371;407,373;406,374;406,376;406,379;406,381;407,383;406,385;407,387;407,389;407,390;407,393;407,394;407,396;407,398;407,401;406,402;407,405;407,406;407,409;406,410;406,413;406,415;407,417;407,419;406,421;407,423;406,424;406,427;407,429;407,430;406,432;407,435;407,436;406,438;407,440;407,442;406,445;407,446;406,448;407,451;406,453;406,455;407,457;406,458;406,460;406,462;406,465;407,467;407,468;406,471;407,473;407,475;406,476;407,479;407,480;406,482;407,485;406,487;407,489;407,491;406,492;407,495;407,497;406,499;407,500;406,503;407,505;407,507;407,509;407,510
409,0;409,2;408,4;408,6;408,9;408,11;408,13;409,15;409,16;408,19;409,21;409,22;408,24;408,26;408,28;408,30;408,33;409,35;409,37;408,38;409,40;409,43;409,45;408,47;408,49;408,50;408,53;408,54;409,57;409,59;408,61;409,62;408,65;408,66;408,68;408,70;409,72;408,74;408,76;408,79;408,81;409,83;408,85;409,86;408,89;409,90;408,93;408,94;408,96;409,99;409,100;409,103;409,105;408,107;409,108;408,110;409,113;409,114;409,116;409,119;409,121;409,123;408,125;409,127;408,129;409,130;408,133;409,135;408,137;408,139;409,141;409,143;408,144;409,146;409,148;409,151;409,153;409,155;408,157;408,158;409,160;408,163;409,164;408,166;409,169;409,170;409,173;409,175;409,177;409,178;408,181;408,183;408,184;409,187;408,189;408,191;408,193;408,195;408,196;408,199;408,200;409,202;409,204;409,207;408,209;409,210;408,212;408,215;409,217;409,219;408,220;409,223;409,224;408,226;408,228;408,230;409,233;408,234;409,237;408,239;408,240;409,242;408,244;409,246;409,248;408,251;408,252;409,255;408,257;408,259;409,260;409,262;408,265;408,266;409,269;408,271;409,272;408,275;409,276;409,279;409,280;408,283;408,285;408,286;408,288;408,290;409,293;409,294;408,297;409,299;408,301;409,302;409,305;408,307;408,309;408,311;409,312;409,315;409,317;408,319;409,320;408,323;409,324;409,327;409,329;409,331;408,333;408,334;409,337;409,339;408,341;408,342;409,344;409,347;409,348;409,350;408,353;408,354;409,357;408,359;408,361;409,363;409,364;408,366;408,368;408,370;408,372;408,375;408,377;409,379;408,380;408,382;408,384;409,386;408,388;409,390;409,393;409,395;408,396;408,399;408,401;409,402;408,404;408,406;409,409;408,410;409,412;408,415;408,417;408,419;409,420;408,422;409,425;409,427;409,428;409,431;409,433;409,435;408,436;409,439;408,441;408,442;409,445;409,447;409,448;408,451;409,453;409,454;409,457;408,459;409,460;408,462;409,464;409,467;408,468;408,471;408,472;408,474;409,476;408,478;409,480;409,483;409,485;408,486;408,489;409,490;408,493;408,494;408,497;409,499;408,500;408,502;409,504;408,506;408,508;408,511
411,1;411,2;411,5;410,7;410,9;410,11;410,13;410,14;411,16;410,18;411,21;411,22;410,25;410,26;411,29;410,30;410,33;410,34;411,37;411,38;410,40;411,43;411,45;411,47;411,49;410,50;411,53;411,54;410,57;410,58;410,60;411,63;410,64;411,67;410,68;410,71;411,72;411,74;410,77;411,79;411,80;410,83;410,84;410,86;410,88;411,91;410,92;411,95;410,97;410,99;410,101;411,102;410,104;411,107;410,109;410,110;411,112;411,114;411,116;411,118;411,121;410,123;411,125;410,126;410,129;410,131;411,132;411,134;411,136;411,139;411,140;411,143;410,145;411,146;410,148;411,151;411,152;411,154;411,156;411,158;411,161;411,162;410,165;410,166;411,169;410,170;411,173;411,174;410,177;410,178;411,181;410,183;411,184;410,186;410,188;410,191;411,193;410,195;410,197;410,198;410,201;411,202;410,205;410,206;410,209;410,211;411,213;410,215;411,217;411,218;410,221;411,223;410,224;411,227;410,228;410,230;410,233;410,234;410,236;410,239;410,240;410,242;410,244;411,247;411,249;411,250;410,252;410,254;410,256;410,259;411,261;411,262;410,264;411,266;410,269;411,271;410,273;410,274;410,276;410,279;410,280;411,282;411,285;411,287;411,289;411,290;411,292;411,295;411,297;411,298;411,301;411,303;411,305;411,307;410,309;411,311;411,313;411,314;411,317;411,319;411,320;410,323;410,325;411,327;410,328;410,330;410,333;410,334;411,336;411,338;411,341;411,343;411,345;411,346;410,348;411,350;410,353;410,355;410,356;411,359;410,360;411,363;410,364;411,366;410,368;411,371;411,373;411,375;410,377;411,378;411,381;411,383;410,385;411,386;410,388;410,390;411,393;410,395;411,396;411,398;411,400;410,402;411,404;410,406;411,408;410,410;410,413;411,415;411,417;410,418;411,421;411,423;411,425;411,427;410,428;411,431;410,432;410,434;411,437;411,438;411,441;410,442;410,445;411,447;410,449;410,451;411,453;410,455;410,457;410,459;410,460;411,462;410,464;410,467;410,468;410,470;410,472;411,475;411,476;411,479;411,480;411,483;411,484;411,487;411,489;411,491;410,493;411,495;410,496;411,498;411,501;410,503;410,505;411,506;411,508;410,511
412,1;413,2;413,4;413,6;412,9;413,10;412,13;412,14;413,17;412,19;413,20;413,22;413,25;413,26;413,29;412,30;413,33;413,35;412,36;412,38;413,40;413,42;412,44;413,47;412,49;413,50;412,52;412,55;412,57;413,59;412,61;413,62;412,64;412,66;413,68;413,70;413,73;413,74;413,77;413,78;412,80;413,82;412,85;412,87;412,89;413,90;412,92;412,94;412,96;412,98;413,100;412,103;413,104;412,107;413,108;413,111;413,112;413,114;412,116;413,119;412,120;413,123;412,124;412,126;413,128;413,130;413,132;412,134;412,136;413,138;412,141;412,142;412,144;413,147;413,148;413,151;412,152;412,154;413,157;412,159;412,160;412,163;413,165;413,166;413,168;413,171;413,172;412,174;412,176;413,179;412,181;412,183;413,184;412,187;412,189;412,190;412,192;412,195;412,196;412,199;413,200;412,202;413,205;413,206;412,208;413,211;413,212;413,214;412,217;413,219;412,220;412,222;413,224;412,226;413,229;412,230;412,232;413,235;412,236;413,238;413,241;413,243;412,244;412,246;412,248;412,250;412,252;413,255;413,256;413,259;413,260;413,263;413,264;413,267;412,268;413,270;412,273;413,275;413,276;412,278;412,281;413,283;412,284;412,287;413,289;412,290;412,293;412,294;412,296;412,298;412,300;412,302;413,305;412,307;413,309;413,311;413,313;412,315;413,316;413,318;412,320;413,322;412,325;412,327;412,329;413,331;413,332;412,335;412,336;413,339;413,341;413,343;413,344;413,347;413,348;412,351;412,353;412,354;413,357;413,359;412,361;412,363;413,364;412,366;413,369;412,371;413,372;412,375;413,376;413,378;413,380;413,383;413,385;412,387;413,388;412,390;413,392;413,395;412,396;413,399;412,401;412,403;412,404;412,407;413,408;413,411;412,413;412,414;412,416;412,419;413,420;412,423;412,425;413,426;413,429;413,430;413,433;412,434;413,437;412,438;412,441;412,442;413,444;413,447;413,448;413,450;413,452;413,455;412,457;413,458;413,460;412,462;413,464;412,467;412,468;413,471;413,473;413,474;412,476;412,479;412,480;412,483;412,485;413,486;413,488;413,490;413,493;412,494;412,496;413,498;412,501;413,502;413,504;413,506;413,509;413,511
415,1;414,3;415,5;415,6;414,8;414,10;415,12;414,14;415,16;414,18;414,21;414,23;414,24;414,27;414,29;414,31;415,32;415,35;415,37;415,38;415,40;414,43;414,45;414,46;414,49;415,50;414,53;414,54;414,57;415,58;415,60;415,63;414,65;415,66;414,69;414,71;414,73;415,74;415,76;414,79;415,81;415,82;414,85;414,86;414,88;414,91;415,93;415,95;415,97;414,98;414,100;414,103;414,104;415,107;415,109;415,111;414,113;415,114;415,116;415,119;414,120;414,123;414,124;414,127;414,128;415,130;414,133;415,134;415,136;414,139;415,141;415,142;414,144;415,146;414,148;415,151;415,152;415,155;414,157;415,159;415,161;414,163;415,164;414,166;415,168;415,170;414,172;415,175;415,176;415,179;415,181;415,182;415,184;415,186;415,189;415,191;415,193;415,194;415,196;415,199;415,200;414,202;414,205;415,207;415,209;415,210;415,213;414,215;414,217;414,219;415,221;414,223;415,225;414,227;415,229;415,230;414,233;414,235;415,237;415,239;414,241;415,242;415,244;414,247;415,249;415,251;415,252;415,255;415,256;415,259;415,260;414,263;414,265;415,267;415,269;414,271;414,273;414,274;415,276;414,279;414,281;414,283;415,284;415,287;414,289;414,291;415,292;414,294;415,297;414,299;415,300;415,302;414,305;414,307;414,308;414,311;415,313;414,314;415,317;415,318;415,321;414,322;414,325;414,326;414,329;415,331;415,332;415,335;414,337;414,339;415,340;415,342;414,344;415,347;415,349;415,350;415,353;415,354;415,356;415,359;414,361;414,363;415,364;414,366;414,368;415,370;415,373;414,375;414,377;414,378;415,380;415,382;415,384;414,386;414,388;415,391;414,392;414,394;414,396;414,398;414,401;415,402;414,405;414,407;415,408;415,410;415,413;414,415;414,416;415,419;415,421;414,422;415,425;414,426;415,429;415,431;415,433;415,435;415,437;414,439;414,441;414,443;414,444;415,447;414,449;415,451;415,453;415,454;415,457;415,458;415,460;414,462;414,465;414,466;414,469;414,470;414,473;415,474;415,477;414,479;414,481;415,483;414,484;414,486;414,488;415,491;414,493;414,495;415,497;414,499;415,501;414,502;415,505;414,506;414,509;415,510
417,1;416,3;417,4;416,7;416,9;417,11;417,12;417,14;417,17;416,18;416,20;417,23;416,25;416,27;416,28;416,30;417,33;416,35;417,37;416,39;416,40;417,43;416,45;416,47;416,49;417,51;417,52;416,55;416,57;417,58;417,60;416,63;416,64;416,66;416,68;417,71;417,73;417,74;417,77;416,78;416,81;417,82;417,85;417,87;417,88;416,90;417,92;416,95;417,96;416,98;417,101;417,103;417,104;417,107;416,108;416,110;416,112;417,114;416,117;416,119;416,120;416,123;417,124;416,127;416,129;417,131;417,133;417,135;416,136;416,138;416,140;417,143;417,145;417,146;416,149;417,151;417,152;416,155;416,156;417,158;417,161;416,163;417,164;417,167;417,168;417,171;417,173;417,174;417,177;416,179;416,180;417,183;416,184;417,187;417,188;416,191;417,193;417,194;416,196;417,198;417,201;417,202;417,204;417,206;416,208;416,211;417,213;416,215;416,217;416,218;416,220;416,223;417,224;417,227;416,228;417,231;417,233;416,234;416,236;417,239;416,241;416,243;416,245;417,246;416,248;416,250;416,253;416,255;416,257;417,259;416,260;416,262;416,264;416,266;417,269;417,271;416,272;416,274;416,277;416,278;417,281;416,282;416,285;416,286;417,289;416,290;417,292;417,294;416,296;417,298;417,300;417,302;416,305;417,307;416,308;416,311;417,312;417,315;417,317;417,319;417,321;417,323;417,325;417,327;417,329;417,331;416,333;416,334;417,336;417,339;416,340;416,343;417,344;416,347;416,349;416,350;416,352;417,355;416,356;416,358;417,360;417,362;416,365;416,367;416,369;417,371;417,372;417,375;417,376;417,379;416,381;416,382;417,385;417,386;416,388;416,391;416,393;417,394;416,396;416,398;417,401;416,402;417,404;416,407;417,409;416,410;416,413;417,414;416,416;416,418;416,421;417,422;417,425;417,427;417,429;417,431;416,433;416,434;417,437;416,439;416,440;416,443;416,445;417,447;417,449;417,450;417,453;416,454;417,457;416,459;416,460;416,462;417,464;417,466;417,468;416,471;417,472;416,475;416,477;416,478;417,480;417,482;417,485;416,487;416,489;416,490;416,492;416,495;417,496;417,499;416,501;416,503;417,504;416,507;417,508;416,511
418,1;418,2;418,4;419,6;419,8;419,10;419,12;418,14;419,16;419,19;419,20;418,23;418,25;419,27;418,29;419,30;418,32;418,35;418,36;419,38;418,40;418,42;419,44;418,47;418,48;419,50;419,52;418,54;419,56;418,58;418,61;418,63;419,64;418,66;418,68;418,71;419,72;418,74;418,76;419,79;418,81;419,82;418,85;418,86;418,89;418,90;418,93;419,95;418,96;419,99;419,100;419,103;418,105;418,106;418,108;418,111;419,112;418,115;419,116;419,119;418,121;419,122;418,124;419,126;419,128;419,131;419,132;419,135;419,137;418,138;419,141;419,142;418,145;419,146;418,148;418,150;418,152;419,154;418,156;419,159;419,161;418,162;419,164;418,167;418,168;419,170;418,172;418,175;419,176;419,178;418,181;418,182;418,184;418,186;419,188;419,190;419,192;419,194;418,197;418,199;418,201;419,203;418,205;419,206;419,208;419,210;418,212;418,215;419,216;418,218;419,220;419,223;419,224;418,227;419,229;418,231;419,233;419,235;418,236;418,239;419,241;419,243;419,244;419,246;418,249;419,250;419,252;419,254;419,257;419,259;419,260;419,262;419,265;418,267;418,268;418,270;418,273;419,274;419,276;419,279;418,280;419,282;419,285;419,287;418,288;419,290;419,292;419,294;418,296;419,298;418,300;418,302;418,305;419,307;418,309;419,310;419,312;418,314;418,317;419,318;418,321;419,322;418,325;418,327;419,329;418,330;419,333;419,335;419,336;418,339;418,340;418,343;418,344;419,346;419,348;419,351;418,353;419,354;419,357;418,358;419,360;418,363;418,365;419,366;418,369;419,370;418,373;418,375;419,376;418,378;418,380;419,382;418,385;418,386;419,389;419,391;418,393;418,395;418,396;419,398;419,401;419,403;419,404;418,406;418,408;418,410;419,413;419,414;419,416;418,419;419,421;418,422;419,424;419,426;419,429;418,430;419,432;419,434;419,436;418,439;419,440;418,443;418,444;419,446;418,448;418,451;418,453;419,454;419,456;419,459;418,461;419,462;418,464;418,467;418,468;419,471;419,472;418,474;418,477;419,478;418,481;419,482;419,485;418,487;419,489;418,491;418,493;418,495;419,497;418,498;419,500;419,503;419,504;418,506;419,509;419,510
420,1;421,2;421,5;421,6;421,9;421,10;420,12;420,14;420,16;421,18;421,20;420,23;420,25;420,27;421,29;421,31;421,32;421,35;421,37;421,39;420,41;420,42;420,45;420,46;421,49;421,51;420,52;421,54;421,56;420,58;420,60;420,63;420,64;420,66;421,69;420,71;421,72;421,74;421,77;421,79;421,81;421,83;421,85;421,87;421,88;420,90;421,93;420,95;420,96;420,98;421,100;420,102;421,104;421,106;421,108;421,110;420,113;420,115;421,116;421,119;421,121;420,122;421,125;420,126;421,128;420,131;420,133;420,135;420,136;421,138;420,141;420,142;421,144;421,146;421,148;421,151;421,152;420,155;420,157;420,158;421,161;421,162;420,164;421,167;421,168;421,171;421,173;420,175;421,177;420,179;420,180;421,182;420,185;420,187;421,188;421,191;420,192;420,194;420,197;420,198;421,200;420,203;420,204;420,206;421,209;420,211;421,212;421,215;420,216;421,218;420,220;421,222;420,225;420,226;421,229;420,231;420,233;420,235;420,236;420,239;420,240;421,243;420,245;420,246;421,248;421,251;421,252;420,255;421,257;421,258;421,261;421,263;421,265;420,267;421,268;420,271;420,272;421,275;420,277;421,279;421,281;421,282;420,285;421,286;420,289;420,290;420,292;421,295;420,297;421,298;420,300;421,303;421,305;420,307;420,308;420,311;421,313;421,314;420,316;421,319;420,321;420,323;421,324;421,326;421,329;421,330;420,333;421,335;420,336;420,339;420,340;420,342;420,345;421,346;420,348;420,350;420,353;421,355;421,357;421,358;421,361;421,362;420,364;420,366;421,369;420,371;421,372;420,375;421,377;421,379;421,381;420,383;421,384;421,386;420,389;421,391;421,392;421,395;420,396;421,398;421,400;421,403;420,405;420,406;420,409;421,410;420,412;421,414;420,417;420,418;420,421;420,422;421,425;420,427;421,428;421,430;421,433;420,434;420,436;421,438;420,440;421,443;420,444;420,447;421,449;421,450;421,452;420,455;421,456;420,458;420,460;420,462;421,465;420,466;420,468;421,471;420,472;420,475;421,477;421,479;420,481;420,483;420,485;421,487;421,489;421,490;420,493;421,495;421,496;421,499;421,501;421,502;421,505;421,507;421,508;421,511
422,0;422,2;422,4;423,7;422,8;422,11;422,12;422,14;423,16;423,18;423,21;422,23;423,25;423,26;422,29;422,31;423,32;423,34;422,36;422,38;422,40;423,42;423,45;423,47;423,49;422,50;423,53;422,55;423,57;423,59;423,60;423,62;422,65;423,67;422,69;422,71;422,73;422,75;422,77;422,79;423,81;422,82;423,85;422,87;422,88;422,91;423,93;423,95;423,96;423,99;422,101;422,102;423,105;423,107;422,109;423,111;423,113;423,115;423,116;423,118;422,120;422,123;422,125;422,126;423,128;423,130;423,132;423,134;423,137;422,138;422,141;423,142;422,144;422,146;423,149;423,150;423,152;422,155;423,156;423,159;423,161;423,162;422,165;422,166;422,168;422,171;422,173;422,174;423,177;423,179;422,180;422,183;423,185;422,187;423,189;422,191;422,193;422,195;422,197;423,199;423,201;422,203;422,205;422,206;422,209;423,210;422,213;423,215;423,216;422,219;422,220;422,222;422,224;423,227;422,229;422,230;422,233;422,234;422,237;423,239;423,240;423,243;423,245;422,246;423,248;423,251;422,253;422,255;422,257;422,259;422,260;422,262;423,265;423,266;423,268;423,270;422,272;422,274;422,277;422,278;422,281;422,283;423,285;423,287;423,288;422,291;422,293;423,294;423,296;422,299;423,301;422,302;422,305;423,307;422,309;423,310;422,313;422,315;423,316;423,319;422,321;422,323;422,325;423,326;423,328;422,330;422,332;422,335;423,336;423,338;422,341;423,342;422,344;423,347;422,348;423,351;422,353;423,355;423,357;422,359;422,360;422,362;423,364;423,366;423,369;422,371;423,373;422,374;422,377;423,379;422,381;423,383;422,384;422,387;423,389;422,391;423,393;423,394;422,396;423,399;422,401;423,403;423,405;423,407;423,409;423,411;423,413;423,414;423,416;422,418;423,421;422,422;423,424;423,427;422,428;422,431;422,433;423,435;422,436;423,438;423,441;422,442;422,445;423,446;422,448;422,451;423,453;422,454;423,456;422,458;422,460;422,463;422,464;423,466;422,469;422,471;423,473;422,474;423,477;422,478;422,480;422,483;422,484;422,486;423,489;422,491;423,492;423,494;423,497;422,498;423,501;422,503;422,504;422,506;423,508;422,510
425,1;424,2;425,4;424,6;424,9;424,10;425,12;425,14;425,17;425,18;424,20;424,22;425,25;425,26;424,29;424,31;425,32;424,35;424,36;424,38;425,40;425,42;424,45;425,46;425,49;425,51;425,52;425,55;424,56;425,59;424,61;425,63;425,65;424,66;424,69;424,70;425,73;425,75;424,76;425,79;425,80;425,82;425,85;425,86;424,88;424,91;424,92;424,94;425,96;424,98;424,101;424,102;424,105;425,107;424,109;424,111;425,112;424,115;425,117;424,119;425,120;425,122;424,125;425,127;424,129;424,130;424,133;424,134;424,137;425,138;424,141;425,142;424,144;425,146;425,148;425,150;424,153;424,155;424,157;424,159;425,160;424,163;425,165;424,167;424,169;425,171;425,172;425,174;425,176;424,178;424,181;424,182;425,185;424,186;424,189;425,191;424,193;425,194;425,196;425,198;424,201;425,202;425,205;425,206;425,209;424,211;424,212;424,214;425,217;424,219;424,220;424,223;424,225;424,226;425,228;425,230;424,233;424,235;425,236;425,239;425,240;424,243;425,244;424,246;425,249;425,251;424,252;424,255;425,256;424,258;425,261;425,263;425,265;424,267;425,269;425,271;424,273;425,275;424,277;424,278;425,280;425,283;424,285;424,286;425,288;424,290;425,292;425,295;424,297;424,298;424,300;424,302;424,305;424,306;424,308;425,311;424,312;424,315;424,317;425,319;424,321;425,322;424,324;425,326;425,329;425,330;424,332;424,335;424,337;424,338;425,341;424,343;425,345;425,346;425,349;425,351;424,353;424,354;425,357;425,358;425,360;424,362;424,364;424,367;425,369;425,370;424,373;425,375;424,376;424,379;425,381;424,383;425,385;424,387;424,389;425,391;424,392;425,394;424,396;424,398;425,400;424,403;424,405;425,407;425,408;425,411;425,412;425,414;424,417;425,418;424,420;425,423;425,425;424,427;424,428;425,431;425,432;425,435;424,437;424,438;424,440;425,443;425,445;425,446;424,449;425,451;425,452;424,455;424,456;425,458;425,461;425,462;425,465;425,467;424,468;424,470;425,473;425,475;424,477;425,478;424,481;425,482;425,484;425,487;425,489;424,490;425,493;425,495;424,497;425,499;425,501;424,503;425,505;425,506;424,508;425,510
426,1;427,3;426,5;426,7;426,9;426,11;427,12;427,15;426,16;427,19;427,21;427,23;427,25;426,26;426,28;426,30;427,32;426,35;426,36;427,39;426,40;426,42;426,45;426,47;427,49;426,50;426,53;427,55;426,57;426,58;427,61;426,63;427,64;427,67;426,68;426,71;426,73;427,74;426,77;426,79;426,80;426,82;426,85;426,86;427,89;427,90;426,93;427,94;427,97;426,99;426,101;426,103;426,105;426,106;426,109;427,110;426,113;427,115;426,117;427,118;427,120;427,123;427,125;427,126;427,129;426,130;426,133;427,135;426,136;426,138;426,140;427,142;426,145;427,146;427,148;426,151;426,153;427,155;427,156;427,158;427,161;427,162;427,165;426,166;426,169;426,170;426,173;426,174;426,177;427,178;426,180;426,183;427,184;426,186;426,188;427,191;426,192;427,194;427,196;426,199;427,200;426,202;427,205;426,206;426,208;427,210;427,212;427,214;427,216;426,218;426,220;427,222;426,225;426,226;426,229;427,231;426,233;426,235;427,236;427,238;427,240;426,243;426,244;426,247;426,248;427,250;427,252;426,254;427,257;426,258;427,261;426,263;426,265;427,266;427,269;426,271;426,273;427,274;426,276;426,279;426,281;426,283;426,284;426,287;426,289;426,290;426,293;427,294;427,296;427,299;426,300;426,302;426,305;427,307;426,309;426,310;426,313;426,314;427,316;426,318;427,320;427,323;426,325;426,326;427,329;427,331;427,332;427,334;427,337;427,339;426,341;427,342;426,344;426,347;426,349;426,350;427,353;427,354;427,356;426,359;427,361;426,363;426,364;427,367;427,369;426,370;427,373;427,375;426,376;427,378;426,380;427,382;426,384;427,386;426,388;426,390;427,392;427,394;427,396;427,398;427,401;427,403;426,405;426,407;427,408;427,411;426,413;427,414;426,416;426,419;426,421;427,423;427,424;427,427;426,428;427,430;426,432;427,434;427,436;426,439;427,441;426,443;427,445;426,446;426,449;427,451;426,452;426,455;426,457;427,458;427,460;426,462;427,464;426,467;426,468;426,471;426,472;427,474;426,477;426,479;427,480;426,483;426,484;426,486;427,488;427,491;426,493;427,494;427,497;427,498;426,501;426,503;426,504;426,506;427,509;426,510
429,0;428,2;429,5;429,7;429,8;429,10;429,12;429,14;428,16;429,18;429,20;428,23;429,25;429,27;429,29;429,31;429,33;428,34;428,37;429,38;429,40;428,42;428,44;429,47;429,48;428,51;429,53;428,54;428,56;429,59;429,61;429,63;429,64;429,66;429,69;429,71;428,72;429,74;428,76;429,79;428,80;428,82;429,85;429,86;429,89;429,91;429,93;429,95;428,96;429,99;428,101;429,102;429,104;429,106;428,108;428,111;429,113;428,114;429,116;429,118;429,121;429,122;428,124;429,127;428,129;429,130;429,132;428,134;428,137;428,138;429,141;428,142;429,145;428,147;428,148;429,150;429,152;428,154;429,156;429,158;428,160;429,162;428,164;428,167;429,169;428,171;429,173;428,174;429,176;429,178;429,181;429,182;429,184;428,186;428,189;429,190;428,193;429,194;429,196;429,198;428,200;429,203;428,204;428,207;429,209;429,210;429,212;429,215;429,217;428,218;429,221;429,222;429,225;429,227;428,228;428,231;428,232;428,235;429,236;429,239;428,240;428,242;429,245;428,246;428,248;429,251;429,253;429,254;429,256;429,259;428,261;429,263;428,264;428,266;428,268;428,271;428,273;428,274;429,277;429,278;428,280;428,282;429,284;428,286;429,289;428,290;428,292;429,295;429,296;429,298;429,301;428,302;429,305;428,306;429,308;428,310;428,313;428,314;428,317;428,318;429,321;428,323;428,325;429,326;429,328;429,331;429,332;429,335;429,336;428,338;428,340;428,342;429,344;428,347;429,349;428,351;428,352;428,355;428,356;429,358;429,360;428,363;429,364;428,366;429,369;429,371;428,372;429,374;428,377;429,379;429,380;428,383;429,385;428,387;429,389;429,390;428,393;429,394;429,396;428,399;429,400;428,403;428,405;428,406;428,408;428,411;428,412;428,415;428,416;429,418;428,420;428,422;428,424;429,426;428,429;429,430;429,432;428,435;429,436;428,438;428,441;428,443;428,445;429,447;429,449;428,451;428,453;428,455;428,456;428,458;428,460;428,463;428,465;428,466;428,469;429,471;429,473;429,474;428,476;428,479;428,480;429,482;428,484;429,487;429,489;429,490;428,493;428,494;429,497;429,499;428,501;429,503;429,504;428,507;429,508;428,511
431,1;431,2;431,4;431,6;431,9;430,10;431,12;430,15;430,17;431,19;431,20;431,22;431,24;431,27;431,29;431,31;430,32;431,34;431,37;431,39;431,41;431,43;430,45;430,47;430,49;430,50;431,52;430,54;431,56;430,58;431,61;431,63;430,65;430,66;430,69;430,71;431,73;430,74;431,76;430,79;431,80;430,82;430,85;430,86;431,88;430,90;430,93;430,95;431,97;430,98;430,101;431,102;430,105;431,107;431,108;430,111;430,112;431,114;431,117;430,118;430,121;430,123;431,124;430,127;430,129;430,130;430,133;430,135;430,136;431,138;431,140;431,142;430,144;430,146;430,148;430,151;430,152;430,154;430,156;430,159;430,161;430,163;431,165;430,167;430,168;430,170;431,172;430,174;431,177;431,178;431,180;430,183;430,185;430,187;430,189;430,190;431,193;430,194;430,196;430,199;430,200;430,202;431,205;431,207;430,208;430,210;430,213;431,215;430,217;430,218;430,220;430,223;431,225;430,227;431,228;431,231;430,232;430,234;430,237;431,239;431,240;431,243;431,244;430,246;430,249;430,250;430,252;430,254;431,257;430,258;430,260;430,262;430,265;431,267;430,269;431,271;431,273;431,275;430,276;430,278;430,281;430,282;431,285;430,287;430,288;430,291;430,292;430,295;430,296;431,299;431,301;431,302;430,305;430,307;431,308;431,310;430,313;430,315;431,317;430,319;431,321;430,323;430,325;430,326;431,328;430,331;430,332;430,335;430,337;430,338;430,341;430,342;430,345;431,347;431,348;430,350;430,352;430,354;430,357;431,359;431,361;430,363;431,364;431,366;430,368;431,371;430,373;430,375;431,377;430,379;430,380;430,382;430,385;430,386;431,389;430,390;430,392;431,395;431,397;431,399;430,400;430,403;431,404;430,406;430,408;431,411;430,413;431,415;430,417;431,419;430,421;430,423;431,424;431,426;430,428;430,431;431,432;430,434;431,437;431,439;430,441;430,442;431,445;430,446;430,449;431,450;431,452;430,454;430,457;430,459;431,461;430,463;431,465;430,466;430,469;431,471;430,472;430,475;431,477;431,478;430,481;430,483;430,484;431,487;430,488;431,490;431,493;430,494;431,497;431,498;431,500;431,503;430,504;431,506;430,509;431,511
433,0;432,2;433,5;432,6;432,8;433,10;432,12;432,14;432,17;433,19;433,20;432,22;433,24;433,27;433,29;432,30;432,32;433,35;432,37;432,38;432,40;433,42;433,45;432,47;432,49;432,51;433,53;432,54;432,56;432,59;433,61;432,63;432,64;433,66;432,69;432,71;432,73;433,74;432,77;433,79;433,81;432,82;433,85;432,87;433,88;433,91;432,93;433,94;433,97;433,98;433,101;432,102;433,105;433,107;432,109;432,110;433,112;432,114;432,117;433,119;432,121;433,122;433,125;433,126;432,128;433,130;432,133;433,134;432,137;432,138;432,140;432,143;432,145;432,146;433,148;433,151;433,152;432,155;432,156;432,159;433,161;433,162;432,165;432,167;433,168;432,170;433,172;432,174;433,177;432,178;433,181;432,182;433,184;433,186;433,188;432,191;432,192;433,195;433,197;432,198;433,201;433,202;433,204;433,206;433,208;432,210;433,212;433,214;432,217;433,219;433,221;432,223;432,225;433,227;432,228;432,231;432,232;433,235;432,237;433,239;433,240;433,243;432,244;432,247;433,248;432,251;433,252;433,255;433,257;433,259;432,261;432,263;432,264;433,266;433,268;433,270;432,272;432,275;432,277;432,278;432,281;432,283;432,284;433,287;432,289;432,291;433,293;433,295;433,297;432,298;432,300;433,303;432,304;433,307;432,309;433,310;432,312;433,315;433,316;433,319;432,321;432,322;433,325;432,326;432,328;432,331;432,332;433,334;432,337;432,339;432,341;432,342;432,344;433,346;432,348;432,351;432,353;432,354;433,356;433,358;432,361;433,363;432,364;432,367;432,369;433,370;433,372;432,375;432,376;433,379;433,380;432,382;432,384;433,386;433,388;432,390;433,393;433,394;432,396;432,398;433,400;433,402;432,405;433,406;432,409;432,411;433,413;432,415;432,416;433,419;433,420;433,423;432,425;432,427;433,428;432,430;433,433;433,435;433,436;433,439;432,440;433,442;432,445;433,446;432,448;432,451;432,453;432,454;432,456;433,459;432,461;432,463;432,465;433,467;432,468;433,470;433,472;433,475;433,476;433,479;432,481;432,483;433,484;432,486;433,488;433,490;433,493;433,495;432,497;433,499;433,501;433,503;432,504;432,507;432,508;432,510
435,1;434,2;435,4;435,7;435,9;435,10;434,13;435,15;434,17;435,18;435,20;435,22;434,25;434,26;435,28;434,30;435,33;435,35;435,36;435,38;434,40;434,42;434,44;435,47;434,48;435,51;435,52;434,55;434,56;434,59;435,61;434,62;434,65;435,67;434,68;435,70;434,72;435,74;435,76;435,79;435,80;434,82;434,85;435,86;435,88;435,91;434,92;434,95;434,96;434,98;434,101;434,103;434,104;435,107;435,108;435,111;434,113;435,114;434,117;434,119;434,121;435,123;435,125;434,127;434,128;434,131;435,133;434,135;435,137;435,139;434,140;434,142;434,145;434,146;434,148;435,150;434,153;435,154;434,157;434,159;435,160;434,162;435,165;434,167;435,168;434,171;434,172;435,174;434,177;435,179;434,181;435,182;435,184;435,186;435,188;435,190;434,192;434,194;435,197;434,198;434,200;435,202;434,204;434,207;434,209;434,210;435,213;435,214;434,216;435,218;434,221;434,223;434,225;434,227;435,228;434,230;434,233;435,234;434,237;435,238;435,240;434,242;434,244;434,246;434,249;435,251;435,253;435,254;434,256;434,259;434,260;434,262;434,265;434,267;434,268;434,270;434,272;435,274;435,277;434,278;434,281;435,283;435,284;435,287;435,289;434,290;435,292;434,295;435,296;434,298;434,301;434,302;434,305;434,306;434,309;434,311;434,313;434,314;434,316;434,319;434,321;435,322;434,325;435,326;435,328;435,331;434,332;434,335;434,337;435,338;435,341;434,343;434,345;435,346;435,348;434,351;435,352;435,354;435,357;435,358;435,361;435,363;435,365;435,366;435,369;434,371;434,372;434,374;434,377;434,379;435,380;434,383;434,385;435,386;435,389;434,390;434,393;435,394;435,397;435,399;435,401;434,402;434,405;435,406;434,409;434,410;434,413;434,415;434,417;434,419;434,421;435,422;434,424;434,427;435,429;434,430;434,432;435,435;435,437;434,438;434,440;434,443;435,444;434,446;435,448;434,451;434,453;434,455;435,456;435,459;434,461;435,463;435,465;435,467;434,468;435,471;434,472;435,474;435,477;435,479;435,481;435,482;434,485;435,487;435,488;434,491;434,493;434,495;434,496;434,498;435,500;434,503;435,504;434,507;434,508;434,511
437,0;436,2;437,4;437,6;437,9;436,11;436,13;437,15;437,17;437,19;437,20;437,22;437,24;437,26;436,29;436,30;436,32;436,35;436,37;436,38;436,40;437,43;436,45;437,47;436,49;437,51;436,53;437,55;436,56;436,58;437,61;436,63;436,64;437,67;436,68;436,71;436,73;437,75;436,76;436,79;437,80;437,82;436,85;437,86;436,88;436,91;436,93;437,95;436,96;436,99;437,100;436,102;437,105;437,106;436,109;437,110;436,112;437,115;436,117;437,119;436,121;437,123;437,125;437,127;437,129;437,130;436,132;436,134;437,136;437,138;437,140;437,143;436,144;437,146;437,148;436,150;436,152;436,155;436,156;437,158;436,160;436,162;436,165;436,166;437,169;436,171;436,172;436,174;436,176;436,179;436,180;436,182;436,184;437,186;436,189;436,190;436,193;437,194;437,197;437,199;436,200;436,202;437,205;436,206;437,208;437,211;436,212;436,215;436,216;436,218;436,221;436,223;436,224;436,227;436,228;436,230;436,232;437,235;437,237;436,239;436,240;436,243;436,244;436,246;436,249;436,250;436,253;437,254;436,257;437,258;437,260;436,263;436,265;436,267;436,269;437,270;437,273;437,274;436,277;436,279;436,280;437,282;436,284;436,287;436,289;437,291;436,292;436,295;437,296;436,299;437,301;437,302;436,304;436,306;436,308;436,310;437,313;437,314;437,316;436,319;437,320;436,323;436,324;436,326;436,329;436,330;436,333;436,335;437,337;437,338;436,340;437,343;436,344;437,347;436,348;437,350;436,353;437,355;437,356;437,359;437,361;437,363;437,365;437,366;437,369;436,370;436,373;436,375;436,376;436,379;436,380;436,382;437,385;436,387;436,389;436,391;437,393;437,394;437,397;437,399;436,401;436,402;437,404;437,406;437,408;437,410;437,412;437,414;437,416;437,419;436,421;436,422;436,424;436,427;437,429;436,430;436,432;437,434;437,437;437,439;437,441;437,443;437,444;437,447;437,448;436,451;436,452;436,454;437,457;436,459;436,460;437,463;437,464;437,467;437,469;437,471;436,472;437,474;437,476;437,479;437,481;436,483;437,485;437,486;436,489;436,491;436,492;436,494;437,496;436,498;436,500;436,502;437,505;436,507;437,508;437,510
438,0;438,2;438,5;438,7;439,8;439,11;438,13;438,15;439,16;439,19;439,20;438,22;439,25;438,27;438,28;439,31;439,32;439,35;439,37;438,38;439,40;438,42;439,44;438,47;439,49;439,51;439,52;439,54;439,57;438,58;438,60;439,63;438,64;438,66;439,68;438,71;438,73;439,74;438,77;439,78;439,80;439,83;438,84;439,86;438,88;438,90;438,92;439,94;438,97;439,99;439,100;439,103;439,104;438,107;438,108;438,111;439,113;438,115;439,117;438,118;439,121;438,123;438,125;438,126;438,128;438,130;438,132;438,134;439,137;439,138;439,140;438,143;438,145;438,147;439,148;438,150;439,152;439,155;438,156;439,158;439,161;438,163;438,165;438,166;439,169;439,170;438,173;438,175;439,176;438,179;439,181;439,182;438,185;438,187;438,189;439,190;439,192;439,195;439,196;439,199;439,200;438,203;439,204;439,206;438,208;438,210;438,212;438,215;439,217;438,219;439,220;439,222;438,225;438,227;438,228;438,230;439,233;438,234;439,236;439,239;438,241;439,242;438,245;439,246;438,248;438,251;439,253;439,255;439,256;439,258;439,261;439,262;439,265;438,267;438,269;439,270;439,272;438,274;438,276;439,278;439,280;438,283;439,285;439,286;439,288;439,291;438,293;439,294;438,296;438,299;439,300;438,302;438,304;439,306;438,309;438,310;438,313;439,315;439,317;438,319;439,321;439,323;439,324;439,327;439,328;439,331;439,332;439,335;438,336;439,338;438,340;439,342;439,344;439,347;438,349;439,350;439,352;438,355;438,356;438,358;438,361;439,363;438,364;438,366;439,369;439,370;438,373;438,374;438,376;439,378;439,381;439,382;439,384;438,386;439,388;439,391;438,392;438,395;439,397;438,399;438,401;439,402;438,405;438,406;438,408;438,410;439,413;439,415;438,417;439,418;439,421;439,423;439,425;438,427;438,429;439,430;438,432;438,435;438,436;438,439;438,440;439,443;439,445;439,446;439,448;438,451;438,452;438,454;439,457;438,459;438,461;439,462;439,465;438,467;439,468;439,470;439,472;438,475;439,476;439,479;439,480;439,483;439,484;438,486;438,489;439,491;438,493;439,494;438,497;438,499;439,501;439,503;439,505;439,506;439,508;439,511
441,0;441,3;440,5;441,6;441,9;441,10;441,12;441,14;440,16;441,18;440,21;441,23;440,24;441,26;440,28;441,30;440,32;441,35;440,37;441,39;440,40;441,42;441,45;441,47;440,49;441,50;441,53;441,54;441,57;441,58;440,61;440,62;440,64;440,67;441,68;440,70;441,73;440,74;440,76;440,79;441,80;441,82;441,84;440,87;440,88;441,90;441,93;440,95;441,97;440,99;441,101;441,102;441,105;440,107;440,108;441,110;440,113;440,114;440,116;440,119;441,121;440,122;441,124;441,126;441,128;441,130;440,133;440,135;441,136;441,139;441,141;440,142;441,144;440,147;441,148;440,151;440,153;441,155;440,157;441,159;440,160;441,162;441,165;440,166;441,169;440,170;440,173;441,174;440,177;440,178;440,181;440,183;440,185;440,187;441,189;441,191;440,193;440,194;440,196;440,199;440,200;440,203;441,204;440,207;441,208;441,211;440,213;440,214;441,217;441,218;440,221;440,222;441,225;441,227;441,229;441,230;441,233;440,234;440,237;440,239;441,240;440,242;441,244;440,247;441,249;441,250;440,252;441,254;440,256;441,259;441,261;440,262;440,265;441,267;440,269;440,271;440,273;441,274;441,276;441,278;440,280;440,282;441,285;440,286;440,289;441,291;441,292;440,294;440,297;440,298;440,301;441,303;440,305;441,307;441,308;440,311;440,312;440,315;440,317;441,318;441,321;440,322;441,324;440,327;441,328;441,331;441,333;441,334;440,336;440,339;440,341;440,342;440,344;440,347;440,349;440,351;441,352;441,354;440,357;440,359;441,361;441,363;441,365;441,366;441,368;440,370;440,372;441,375;440,377;441,378;440,381;440,383;441,384;440,386;441,389;441,390;440,393;440,395;441,396;441,399;441,400;440,403;441,405;440,406;441,408;441,410;441,413;441,415;440,416;440,418;441,420;440,423;441,425;440,426;441,429;440,430;441,433;440,434;440,436;441,438;440,440;440,443;441,444;440,446;441,448;441,451;440,452;441,454;441,456;440,459;441,460;441,463;440,464;440,466;440,468;440,471;441,472;441,475;440,476;441,479;440,480;440,482;440,485;441,486;441,489;441,490;440,493;440,494;440,496;440,499;440,500;441,502;440,504;440,506;440,509;440,511
443,1;443,3;442,5;442,7;442,8;442,11;442,12;443,14;443,17;443,18;443,20;442,22;443,24;443,27;442,29;443,30;443,32;443,35;443,37;442,38;442,40;443,43;443,45;442,47;443,49;443,51;443,53;443,55;442,57;443,58;442,60;442,62;443,64;442,67;442,68;443,71;443,72;442,74;442,76;443,78;442,81;443,82;442,85;443,86;443,88;442,90;442,93;443,94;443,97;443,99;443,100;442,102;443,105;443,107;443,109;443,111;442,112;442,115;443,117;442,119;443,121;442,122;443,125;442,126;443,129;442,130;442,133;443,134;442,136;442,138;443,141;442,143;443,144;442,146;442,149;443,151;443,153;442,155;443,156;442,159;442,160;442,163;443,165;442,166;442,168;443,171;443,173;442,175;442,177;442,179;442,181;443,183;443,184;442,187;442,189;442,190;443,193;443,195;442,196;443,198;442,200;442,203;443,205;443,206;442,209;442,211;442,212;442,214;443,216;443,218;443,220;442,223;442,225;443,227;443,229;443,231;443,232;443,234;442,236;443,239;443,241;442,243;442,245;443,247;442,248;442,250;443,253;442,255;443,256;442,258;443,260;443,262;443,264;443,267;443,269;443,270;442,273;442,275;442,276;442,278;443,281;442,282;442,285;442,286;443,289;442,291;443,293;442,294;442,296;443,299;443,300;443,302;443,305;442,307;443,309;442,311;443,312;442,314;443,317;443,318;442,320;443,322;443,324;443,327;443,328;443,330;442,333;443,334;442,336;442,338;442,340;442,342;442,345;442,347;442,349;443,351;443,352;443,354;443,357;443,358;443,361;442,363;442,365;443,366;443,369;443,370;443,373;442,375;443,376;443,378;443,381;442,382;442,384;443,387;443,389;443,390;443,393;443,394;442,396;443,399;443,400;443,402;443,405;443,407;443,409;443,411;443,412;443,414;443,416;443,418;443,421;442,423;442,425;442,427;443,429;442,431;442,433;443,434;443,436;443,438;443,441;442,443;442,444;442,447;443,448;442,450;443,452;442,454;443,456;442,459;443,461;442,463;443,464;443,467;443,469;442,470;442,472;443,474;443,476;443,479;443,481;443,482;442,485;443,487;443,489;443,490;443,493;442,494;443,496;443,499;443,500;442,503;442,504;443,507;443,508;443,511
444,0;444,3;444,5;444,7;445,8;444,11;444,12;445,15;444,17;444,18;444,21;445,22;445,25;445,26;444,28;445,31;444,32;444,35;444,36;445,38;444,41;445,43;444,44;444,47;445,49;445,51;445,53;445,54;444,56;444,59;444,61;445,63;444,65;445,67;445,68;445,71;444,73;445,74;445,77;445,78;445,81;445,82;445,85;445,87;445,88;445,91;445,93;445,94;445,96;445,99;445,101;445,103;445,104;444,107;445,109;445,110;445,112;444,114;444,116;445,119;445,121;445,122;445,125;444,127;445,129;445,131;445,132;445,135;444,137;444,138;445,140;445,143;445,144;444,147;444,149;444,150;445,152;445,155;445,156;445,159;444,160;444,163;444,165;444,166;444,168;445,170;445,173;444,175;444,176;444,179;445,181;444,183;445,184;445,186;444,189;444,191;445,193;445,195;445,196;444,199;445,200;445,203;445,205;444,207;445,209;444,211;444,212;445,214;445,216;444,219;445,221;445,223;444,225;444,227;444,228;445,231;445,233;444,235;444,236;444,239;445,241;444,242;445,244;445,246;445,249;444,250;445,252;444,255;444,257;444,259;444,261;445,262;445,265;445,267;444,268;444,270;444,272;445,275;444,276;444,278;445,281;445,283;444,284;445,286;444,289;445,291;444,292;444,295;444,297;445,299;444,301;445,303;445,305;445,307;445,309;444,310;444,313;445,315;444,316;445,319;445,321;445,322;444,325;444,326;445,328;445,331;444,333;444,334;444,336;444,338;444,341;444,342;445,345;444,346;445,349;444,350;444,353;444,354;445,356;444,358;444,361;444,363;445,364;444,366;445,369;445,370;445,373;445,374;445,376;445,378;444,380;445,382;444,385;445,386;444,389;445,391;444,392;444,394;444,397;445,399;445,400;445,403;444,404;444,406;445,408;444,410;444,413;444,415;444,417;444,419;444,421;445,423;444,424;445,427;444,429;445,430;444,433;445,435;445,436;445,438;445,440;444,443;445,444;445,446;445,449;445,451;445,452;445,455;444,457;444,458;445,461;444,462;445,464;445,467;445,469;445,471;445,473;444,475;444,476;445,478;445,480;445,483;444,485;444,486;444,488;444,490;444,493;444,494;445,496;445,498;444,500;445,502;444,505;445,507;445,508;444,511
447,1;446,3;446,4;446,7;447,8;446,10;446,12;446,14;446,16;447,18;446,20;446,23;447,25;446,27;446,28;446,31;446,33;446,34;446,37;447,38;446,40;447,42;446,44;447,47;447,49;447,50;447,53;447,54;447,57;446,59;446,60;446,62;446,64;447,67;446,69;447,71;447,73;447,74;446,76;447,78;446,81;447,82;447,85;446,87;446,88;447,90;446,93;446,95;446,96;447,99;447,101;447,102;446,104;446,107;447,108;447,111;447,113;447,114;446,117;446,119;446,120;446,123;447,125;446,127;447,129;447,130;446,133;447,135;446,137;447,138;447,140;446,143;446,144;446,147;446,149;447,151;446,152;446,155;447,157;446,158;446,161;447,163;446,164;446,167;447,168;447,171;447,173;447,175;447,177;447,178;446,181;446,183;447,185;446,187;447,188;447,190;447,193;447,194;446,196;446,198;446,200;446,203;446,205;447,207;447,208;447,210;446,213;447,214;447,216;446,218;447,221;447,223;446,224;446,227;447,228;446,230;446,233;446,234;447,236;447,238;446,241;447,243;446,244;447,246;447,248;446,251;446,253;446,254;447,256;447,259;446,260;446,263;447,264;447,267;447,268;447,271;447,273;447,274;447,276;447,278;446,280;447,283;446,285;447,286;447,289;447,290;446,292;446,294;447,296;447,298;446,300;447,302;447,305;447,307;447,309;446,311;447,312;447,315;447,317;447,318;446,321;446,322;447,325;447,327;447,328;446,330;447,332;447,334;447,337;447,339;446,341;446,343;446,344;447,346;446,349;446,350;447,352;447,355;447,356;446,359;447,360;447,363;447,365;447,367;446,369;447,370;447,373;447,375;446,377;447,378;447,380;447,382;447,385;447,387;446,388;446,390;446,393;446,394;446,397;446,399;446,401;446,402;446,404;446,406;447,408;446,410;446,412;447,415;446,416;447,418;447,420;446,422;446,424;447,427;447,429;447,430;446,433;446,435;446,437;446,439;447,440;446,443;446,445;447,447;447,449;446,451;446,452;447,454;446,457;447,459;446,461;446,462;447,465;447,466;447,469;446,471;446,473;446,474;446,477;446,479;446,481;447,482;447,484;446,486;447,489;446,490;447,492;446,494;446,497;446,499;447,500;446,502;446,504;446,507;446,508;446,511
449,0;449,2;449,4;448,7;448,9;448,10;449,12;448,14;448,16;449,18;449,20;449,23;449,25;448,26;448,29;449,31;449,33;448,35;448,36;449,39;449,41;449,43;448,45;448,47;448,49;448,50;448,52;449,55;448,56;448,58;449,61;448,62;449,65;449,66;449,69;449,70;449,73;448,74;449,77;448,78;449,81;449,82;448,85;448,87;448,88;449,91;448,93;448,95;449,96;449,98;448,100;449,102;449,105;448,106;448,108;449,110;449,113;449,114;448,116;449,118;448,120;449,123;449,124;448,126;448,129;449,131;449,133;449,135;448,137;448,139;449,140;448,143;448,145;449,147;448,148;448,150;448,153;449,154;448,157;448,159;449,161;449,163;449,164;449,166;448,169;449,171;449,172;449,174;449,177;449,179;449,181;449,183;449,185;448,186;448,189;448,191;449,193;449,195;448,196;449,199;448,201;448,203;449,205;449,207;449,208;448,211;449,212;448,214;449,216;448,218;448,221;448,222;449,225;448,226;448,228;449,230;449,233;449,234;449,236;449,239;448,241;448,242;449,244;448,246;449,249;448,251;449,252;448,254;449,257;448,258;449,260;448,263;448,264;449,266;448,268;449,271;448,273;449,274;448,276;449,279;448,280;449,282;449,284;449,287;449,289;449,290;448,292;449,295;448,296;449,298;448,301;449,303;448,305;449,307;449,309;448,311;449,312;448,314;449,317;449,319;449,320;448,323;449,324;449,327;449,328;449,330;449,333;449,334;449,336;448,338;449,340;449,343;449,345;448,347;448,349;449,350;448,352;449,355;449,357;448,358;448,361;448,362;449,364;449,366;448,368;449,371;449,372;449,374;449,377;448,379;448,381;449,382;448,385;448,386;448,388;448,391;448,393;448,394;448,397;448,399;449,401;448,402;449,405;448,407;449,409;448,410;448,412;448,415;449,416;449,419;449,420;448,422;448,424;449,427;449,428;448,431;448,433;449,435;448,436;449,439;449,440;449,442;448,445;448,447;449,449;449,450;449,452;449,454;448,456;449,458;449,461;449,462;449,464;449,466;449,468;449,470;449,472;448,475;448,477;448,479;448,481;448,483;448,484;449,486;448,489;448,490;449,492;448,495;448,496;449,498;448,500;449,503;449,504;448,506;448,508;449,511
450,0;451,2;450,4;450,7;450,9;450,10;451,12;451,14;450,17;451,19;450,21;451,22;451,25;451,27;450,28;451,30;450,32;450,34;450,37;451,38;451,40;450,43;451,45;451,47;451,49;451,50;450,52;451,55;450,57;450,59;450,60;450,62;451,64;450,67;451,69;450,71;451,73;451,74;450,76;451,79;451,81;451,82;450,85;450,86;450,88;450,90;451,93;451,95;451,96;450,98;450,101;451,102;450,104;450,106;450,108;450,110;451,113;450,115;451,116;451,118;451,121;450,123;451,124;451,126;450,128;451,130;450,132;451,134;450,137;450,139;450,141;451,143;450,144;451,147;450,148;450,151;451,153;450,154;450,156;451,158;450,161;451,163;450,165;450,167;450,168;451,171;450,172;450,174;450,177;450,179;450,180;451,182;450,185;450,186;450,189;451,191;451,192;451,195;451,197;451,198;451,201;451,203;450,204;451,207;450,208;450,210;450,212;451,215;450,216;451,218;451,220;450,223;451,225;451,226;451,229;451,230;451,233;450,234;451,237;451,239;450,240;451,242;451,244;451,247;450,249;451,250;451,253;450,254;451,256;451,258;451,260;450,262;451,264;451,267;450,268;451,271;451,272;450,274;450,277;450,279;450,281;450,283;451,285;450,287;450,288;451,290;451,292;450,295;450,297;451,298;451,301;450,302;450,305;450,306;451,309;451,310;451,312;450,314;451,316;450,318;451,321;450,323;451,325;451,327;450,329;451,330;451,333;450,334;450,336;450,339;451,340;450,342;451,345;450,347;451,348;451,350;451,352;451,355;450,357;450,358;450,360;451,363;451,364;450,366;451,368;451,371;450,372;451,374;450,376;451,378;451,380;451,382;451,385;451,387;451,389;450,390;451,393;451,395;450,396;451,398;450,401;451,403;451,405;451,406;450,409;451,410;451,412;450,415;451,417;451,419;450,421;450,422;451,425;450,427;451,429;450,430;450,432;451,435;451,436;450,438;451,440;450,442;451,445;450,447;450,449;450,450;450,452;451,454;450,456;450,459;451,461;451,462;451,464;450,466;450,469;450,470;451,473;451,474;451,476;451,479;450,480;451,483;451,485;451,487;450,489;451,490;450,493;450,495;451,496;451,498;450,500;450,503;450,504;450,506;450,508;451,511
452,0;453,3;452,5;453,7;453,9;452,11;452,13;453,14;453,16;453,18;453,20;452,23;452,25;452,27;452,29;452,30;452,33;452,34;453,37;453,39;453,41;452,42;452,44;453,47;453,49;452,50;453,53;452,54;452,57;452,58;452,61;452,63;452,64;453,66;452,68;453,71;452,72;453,74;453,77;452,78;452,80;452,82;452,84;452,87;452,89;452,91;452,93;452,95;452,96;453,98;453,101;453,102;452,105;452,106;453,108;453,111;452,112;453,115;453,116;453,119;453,121;453,123;452,124;453,127;452,128;453,130;453,133;452,134;452,137;453,139;452,140;452,143;452,144;452,147;452,148;452,151;452,152;453,155;453,156;453,158;452,161;453,163;453,164;452,166;453,169;453,170;453,172;452,175;453,176;452,179;452,181;452,182;452,184;453,187;452,189;452,190;452,193;452,194;453,197;453,198;452,200;453,202;452,204;452,207;452,209;452,211;452,213;453,215;453,217;452,219;452,220;452,222;452,225;453,226;452,228;452,231;453,233;453,235;453,237;452,239;452,241;453,243;453,245;453,246;453,249;453,251;453,252;453,254;453,257;452,259;453,260;453,262;453,265;453,266;452,268;453,270;452,272;452,274;453,277;452,279;453,280;452,282;453,285;453,287;453,289;452,290;453,292;453,294;452,297;453,299;453,300;453,302;452,305;452,307;452,308;453,311;453,312;452,314;453,317;452,318;452,321;453,323;452,325;452,327;453,328;452,331;452,332;453,335;453,337;452,339;453,340;452,342;452,345;452,347;453,349;453,351;452,353;453,354;452,357;452,358;452,360;452,363;452,364;452,366;452,369;453,371;452,373;453,374;452,377;453,378;452,380;452,382;452,385;452,386;452,388;452,390;452,392;453,394;453,396;452,399;452,401;452,403;452,404;453,406;453,409;453,411;453,413;452,415;453,417;453,418;452,421;453,423;453,425;452,426;452,428;452,431;453,433;453,435;452,436;453,438;452,441;452,443;453,444;452,446;452,448;452,451;452,452;453,454;453,457;453,458;453,460;453,462;452,465;453,467;453,468;453,471;452,473;452,475;452,477;453,478;453,481;452,482;453,484;453,486;452,488;452,491;453,493;453,494;453,496;453,499;452,500;453,503;453,505;452,507;452,508;452,510
455,1;454,3;455,4;455,7;454,8;455,11;454,13;454,14;455,16;455,18;455,21;454,23;454,25;454,27;454,28;455,31;455,33;455,34;454,36;454,38;455,40;455,42;455,45;454,47;454,49;455,50;454,53;454,54;455,56;455,58;454,60;455,62;454,64;454,66;454,69;455,71;455,73;455,75;454,77;455,79;454,81;455,82;454,84;454,86;455,89;455,91;455,92;455,94;454,97;455,98;454,101;455,102;455,104;455,107;454,109;455,111;454,113;455,115;454,117;455,119;455,120;454,122;455,125;455,126;455,128;455,130;455,132;455,135;454,136;455,139;455,140;455,143;454,144;454,147;455,149;454,151;454,152;454,154;454,156;454,158;455,160;455,162;455,164;454,166;454,169;454,170;454,173;454,175;454,177;455,179;455,180;454,183;455,184;454,186;455,188;454,190;455,193;455,194;455,197;454,198;455,200;454,203;455,205;454,206;454,209;454,210;455,212;455,215;455,217;454,218;454,220;455,223;455,225;454,226;454,229;454,231;455,232;455,234;454,237;454,238;455,241;454,242;454,244;454,247;454,248;454,251;455,253;455,255;455,257;455,259;454,260;454,263;454,264;455,266;454,268;454,271;455,272;454,274;455,277;455,279;454,280;455,282;455,285;455,286;454,288;455,290;455,293;454,295;455,297;455,299;454,301;454,302;454,305;455,307;455,308;455,311;455,313;454,315;454,316;455,318;454,321;454,322;455,324;455,326;455,329;455,331;454,332;455,334;454,336;454,338;454,340;455,343;455,344;455,346;455,348;455,351;454,352;454,355;455,357;455,358;455,360;455,362;455,364;455,367;454,369;455,371;455,372;454,374;454,376;455,379;455,381;455,383;455,384;454,387;455,389;454,391;454,393;454,394;454,397;454,398;455,400;454,402;455,404;454,407;455,409;455,411;455,412;454,415;455,416;454,419;455,421;454,423;454,424;454,426;455,428;455,430;454,433;454,435;455,437;454,439;455,441;455,442;455,444;455,447;454,448;454,450;455,452;455,454;455,456;454,459;455,461;454,462;455,464;454,466;454,468;454,471;455,472;454,475;454,477;455,478;455,480;455,482;454,485;454,486;455,488;454,490;454,492;455,495;455,497;455,499;454,500;455,503;454,505;455,506;455,508;455,510
456,1;456,2;457,4;457,7;456,9;457,10;456,12;457,15;456,17;457,18;456,20;456,23;457,25;457,27;457,29;457,31;456,33;457,34;457,37;456,39;456,40;456,43;457,45;457,47;456,49;456,50;457,53;457,55;456,56;457,58;457,61;457,63;457,65;457,66;456,68;456,70;456,73;456,74;457,77;456,79;457,80;457,83;456,84;456,86;457,88;457,90;456,93;457,94;456,96;456,98;456,100;456,103;457,104;456,106;457,108;456,110;457,112;457,114;457,116;457,119;457,120;457,122;456,124;457,127;457,129;456,130;456,132;456,135;457,137;457,139;457,141;457,142;457,144;456,147;457,148;456,151;457,152;457,155;457,156;456,158;457,161;456,162;457,164;457,167;456,168;457,170;457,173;457,174;457,176;456,179;456,181;457,183;456,184;456,187;457,189;457,190;456,192;457,194;457,196;457,198;456,201;457,203;457,205;456,206;456,208;456,211;457,213;457,214;457,216;457,218;457,220;456,223;457,224;456,227;456,229;456,231;457,233;456,235;456,236;457,238;456,241;457,242;456,245;456,246;456,248;456,251;457,252;456,255;457,257;457,258;456,261;456,262;456,264;456,266;457,268;456,271;456,272;456,274;457,276;457,278;457,280;457,283;457,284;456,286;456,288;456,291;456,293;457,294;457,297;457,299;456,301;457,302;457,304;456,307;456,308;456,310;456,312;457,314;457,317;456,319;456,320;457,322;457,324;456,327;456,329;457,330;457,333;457,334;456,336;456,338;456,341;456,343;456,344;457,346;456,348;456,350;456,352;457,355;457,357;457,359;456,361;457,362;456,364;457,367;457,369;457,371;456,372;457,375;456,376;456,379;457,380;456,382;456,384;456,387;456,389;456,390;457,393;457,394;457,397;457,399;456,401;456,402;457,405;457,406;456,408;456,410;457,412;456,415;456,417;456,419;457,421;456,423;457,425;456,426;456,428;456,431;457,433;457,434;456,437;456,438;456,441;456,442;456,444;457,447;457,449;457,451;456,452;456,454;456,456;457,458;457,461;457,463;456,465;457,466;456,469;457,471;456,473;457,475;456,477;457,478;456,480;456,482;457,485;456,486;456,488;456,490;457,493;457,494;457,497;457,499;457,500;456,503;456,504;456,507;457,508;457,510
458,1;459,2;459,4;459,7;458,8;459,10;458,12;458,15;458,16;459,19;458,21;459,22;458,25;459,26;459,28;459,31;459,32;458,34;458,36;459,39;459,40;458,42;458,45;458,47;459,49;458,51;459,53;458,55;459,56;459,59;459,61;458,62;458,65;458,67;458,68;459,70;458,73;458,74;459,76;459,79;459,80;459,83;458,84;458,87;458,88;458,90;458,93;459,95;458,96;458,98;458,101;459,102;459,104;458,106;459,108;459,110;458,113;458,114;458,117;459,118;459,121;459,122;459,125;458,127;458,129;459,131;459,132;459,135;459,136;458,139;458,141;458,143;458,145;458,147;459,148;458,151;459,152;459,154;459,157;458,158;458,161;458,162;458,165;458,166;459,169;459,171;458,173;458,174;459,177;458,178;458,180;459,182;458,185;459,186;459,189;458,191;458,193;458,194;459,196;459,199;459,201;459,203;459,204;459,207;458,209;459,211;458,212;458,215;458,216;458,219;459,220;458,223;458,225;458,227;459,228;458,231;458,232;459,234;458,237;458,239;458,240;458,242;459,244;458,246;459,249;459,251;458,253;459,254;459,257;459,258;458,260;458,263;458,265;458,267;458,269;459,271;459,272;458,275;458,277;459,278;458,280;458,282;459,284;458,287;458,288;459,291;458,293;458,295;458,296;459,298;459,300;458,303;459,304;458,307;459,308;458,311;458,313;458,315;459,317;458,319;459,321;459,323;458,324;458,326;459,328;459,330;458,332;459,334;458,336;458,338;459,341;459,343;459,345;459,346;458,349;459,350;458,352;459,355;459,357;459,359;459,361;458,362;459,364;459,367;459,369;458,371;459,372;458,375;458,376;459,378;459,381;459,382;459,385;459,387;459,388;458,391;459,392;459,394;458,396;458,398;459,401;459,403;458,404;459,406;459,409;458,410;459,413;459,415;458,417;458,418;458,421;458,423;458,424;458,426;459,429;459,430;459,432;459,435;459,437;458,439;458,440;459,443;459,445;458,446;458,448;459,450;459,452;459,455;459,457;458,458;458,461;458,462;458,464;458,466;459,469;459,471;459,472;459,474;458,476;459,478;459,481;458,482;458,485;459,487;459,489;458,491;459,493;459,495;459,496;458,498;459,500;459,503;458,504;458,506;458,509;458,510
460,0;460,2;460,4;460,6;460,8;460,11;461,13;460,14;460,17;460,18;460,21;461,22;460,25;461,26;461,29;461,30;461,32;460,34;460,36;460,38;461,40;460,42;460,45;460,47;461,49;460,50;461,52;461,54;461,57;460,59;460,61;460,62;461,65;461,66;461,69;460,71;460,72;461,74;461,77;461,78;461,81;461,82;461,84;460,86;461,89;461,91;460,92;460,95;460,97;461,99;460,100;460,102;460,104;460,107;460,108;461,111;461,113;461,115;461,116;461,119;460,121;460,122;461,125;460,127;461,128;460,130;461,133;460,134;461,136;461,138;461,140;461,143;461,145;461,147;461,149;460,151;461,152;461,155;460,157;460,158;460,160;461,162;460,164;461,167;460,169;461,171;460,173;460,174;460,177;460,178;461,180;460,183;460,184;461,187;460,188;460,190;461,193;460,195;461,196;461,198;461,200;461,202;461,205;460,206;461,208;460,210;461,212;460,215;460,217;460,219;461,221;460,222;460,224;461,226;461,228;461,231;461,233;460,235;461,236;460,239;461,240;461,243;460,245;460,246;461,248;460,250;461,252;460,255;461,256;460,259;461,260;460,263;460,265;461,266;461,268;460,270;461,272;461,275;460,276;461,279;461,280;460,282;461,285;460,286;460,289;460,290;460,292;460,294;461,297;460,298;460,300;461,303;461,305;460,306;460,309;460,311;461,312;461,314;461,316;461,318;460,321;461,322;460,325;460,326;460,328;461,330;460,332;460,334;460,336;460,338;460,341;461,342;461,345;461,347;460,349;461,350;461,352;460,354;460,357;460,359;460,360;461,362;461,364;461,367;460,369;460,370;461,373;460,374;461,377;460,379;460,381;461,382;461,384;461,387;461,389;461,390;461,392;460,395;461,396;461,398;460,401;461,403;461,405;461,406;460,408;460,411;461,412;460,414;461,416;460,419;460,421;461,422;461,424;461,426;460,429;461,431;461,432;460,434;461,437;460,439;460,440;461,443;461,444;460,446;461,449;461,451;461,453;460,454;460,457;460,459;460,461;460,462;460,464;460,467;461,468;460,470;461,472;461,475;460,477;460,478;460,480;461,483;460,485;460,487;461,489;461,491;461,493;461,494;460,496;460,499;461,501;460,503;460,504;461,506;461,509;461,510
463,1;463,3;463,4;462,6;462,9;462,10;462,13;462,15;462,16;463,18;463,20;463,22;462,24;463,27;463,28;462,30;462,33;463,34;463,37;462,39;462,41;463,42;462,44;462,46;462,49;463,50;462,52;462,54;463,56;463,59;463,61;463,62;462,64;462,67;463,68;462,70;462,72;463,75;463,76;462,78;463,81;463,82;463,84;462,86;463,88;463,91;462,93;463,95;462,96;462,99;463,101;463,102;462,105;462,107;462,109;462,111;462,113;463,114;462,116;462,118;463,121;462,122;463,124;463,127;463,128;462,130;462,132;463,134;462,137;462,139;462,140;463,142;462,144;462,147;462,148;462,150;462,152;463,155;463,157;462,159;462,160;463,163;462,165;462,166;463,169;462,171;463,173;463,174;463,177;463,178;462,180;463,183;463,185;463,187;462,189;462,191;462,193;463,195;462,196;462,199;462,200;463,202;463,204;462,207;462,209;462,211;463,212;463,215;463,216;462,219;463,220;463,223;462,225;462,226;463,228;462,231;463,233;462,235;462,236;463,239;463,240;462,243;462,245;462,247;462,249;462,250;463,253;462,254;462,257;462,259;462,260;462,262;463,264;462,266;462,268;463,271;462,272;463,275;462,277;462,278;463,281;462,282;462,285;462,287;462,288;463,290;462,293;463,294;463,296;463,299;462,300;462,302;463,305;463,306;462,308;463,311;462,312;462,314;462,316;463,319;462,320;463,323;462,324;463,326;462,329;462,331;463,333;463,334;462,337;463,338;463,340;462,343;463,344;463,346;463,349;463,350;463,353;462,354;463,356;462,359;462,360;462,363;462,365;462,367;463,369;463,371;463,373;462,374;462,376;463,379;462,380;463,382;463,384;463,387;463,388;463,390;463,392;463,395;463,397;462,399;463,401;462,403;462,405;462,406;463,408;463,410;462,413;463,414;463,416;462,418;463,420;463,423;462,425;462,427;463,428;463,430;462,433;462,434;462,436;463,439;462,441;463,442;463,444;463,446;463,449;463,451;462,453;462,454;462,457;462,458;462,461;463,463;463,464;462,467;463,469;462,471;463,472;462,474;463,476;463,479;463,481;463,482;463,484;463,487;462,488;462,491;462,492;463,494;462,496;462,499;463,500;463,503;462,504;462,506;463,508;462,510
465,0;464,3;465,4;464,6;464,9;464,10;464,12;464,14;464,16;465,18;464,20;464,23;465,25;464,26;465,29;464,31;464,32;464,34;465,36;465,38;464,40;465,43;465,44;465,47;464,49;465,50;465,53;465,54;464,56;465,59;464,60;464,62;464,65;465,67;464,68;464,71;465,73;465,74;465,77;465,78;464,81;465,82;464,84;465,86;464,89;464,91;465,92;464,94;465,96;464,98;464,101;464,102;464,105;465,106;464,109;465,110;464,113;465,115;464,117;465,119;465,121;464,123;465,125;464,127;464,129;465,130;465,133;465,135;465,136;464,139;465,140;465,142;465,144;464,146;464,149;464,151;464,153;464,155;464,156;465,158;465,161;465,163;465,164;464,167;465,169;464,170;465,173;464,175;465,176;464,178;465,181;464,183;465,184;464,186;464,189;465,191;465,193;464,195;465,197;465,199;465,200;464,202;465,205;464,206;464,208;464,210;464,213;464,215;464,217;465,218;464,220;464,223;464,225;464,227;464,229;465,231;464,233;465,235;464,237;464,239;465,241;464,242;465,244;465,247;465,248;465,250;464,253;465,254;465,256;464,259;465,261;465,263;464,264;464,266;464,269;464,270;464,273;465,274;464,276;465,278;465,280;465,283;465,284;464,287;464,288;465,291;464,292;465,294;464,297;465,298;464,301;464,302;464,305;464,307;465,309;465,311;465,312;464,315;464,317;465,318;465,321;464,322;464,324;464,326;465,328;464,330;465,333;465,335;465,336;465,338;465,340;465,342;464,345;464,346;465,349;465,350;465,353;465,354;464,356;465,358;465,361;464,362;465,365;465,366;464,369;465,371;464,372;465,375;464,376;465,379;465,380;465,382;464,384;465,387;465,389;464,390;464,392;464,395;465,397;464,398;465,400;465,402;464,404;465,406;464,409;465,411;464,412;464,414;464,417;465,419;464,420;464,422;465,424;464,426;465,428;465,431;464,432;465,434;465,437;464,438;464,440;465,443;465,444;465,447;465,449;465,451;465,452;464,454;464,456;464,459;464,460;464,463;464,465;465,467;464,468;465,470;464,472;465,475;465,477;464,478;465,481;464,482;465,484;464,487;465,488;464,491;464,492;464,494;465,496;464,498;464,500;465,503;465,504;464,507;465,509;464,511
467,1;466,2;466,5;466,6;466,8;467,11;467,12;466,15;466,16;466,18;466,20;466,23;466,25;467,26;467,28;467,30;466,32;466,34;466,36;467,38;467,41;467,43;467,44;467,47;467,49;466,50;467,53;466,55;467,57;466,58;466,61;466,62;467,64;467,66;466,69;466,70;466,73;466,74;466,76;466,79;466,80;466,82;467,85;466,86;466,89;466,90;467,92;466,95;467,96;467,99;466,101;466,103;466,104;466,107;466,108;466,110;467,112;467,115;467,117;467,118;467,120;466,123;467,124;467,126;466,128;466,131;467,133;467,134;466,137;466,138;466,140;466,143;466,144;466,146;466,148;466,151;467,152;467,154;466,157;467,158;467,160;467,162;466,164;466,166;466,169;467,170;466,172;466,175;467,177;466,178;466,180;466,183;466,184;467,187;466,189;467,190;466,192;467,195;466,197;467,199;466,201;467,203;466,205;467,206;467,209;466,210;467,212;467,215;467,217;466,219;466,220;467,223;466,225;467,226;467,228;466,230;466,232;466,234;467,237;466,238;466,240;466,242;466,244;466,246;467,249;466,250;467,252;467,255;467,256;467,258;467,261;467,263;467,265;466,266;467,268;466,271;467,273;467,274;467,276;467,278;467,280;466,283;466,285;467,287;466,288;466,291;467,292;466,294;466,296;466,298;466,300;467,302;467,305;467,307;466,309;467,311;466,312;466,314;467,316;467,319;467,320;466,322;466,325;466,326;466,328;467,331;467,332;466,334;466,336;466,338;466,340;466,342;466,345;466,346;467,349;467,350;466,353;467,354;467,356;466,359;466,361;466,362;466,365;466,367;467,369;466,371;466,372;467,374;466,377;467,378;466,381;466,383;466,385;467,386;467,389;467,390;466,393;466,394;466,396;466,398;466,400;466,403;467,405;467,407;467,408;467,410;466,413;467,415;466,417;467,418;466,420;466,423;466,425;466,427;466,429;466,431;466,432;466,435;466,437;467,438;466,441;466,443;467,445;466,447;467,449;466,450;466,452;466,454;466,456;466,458;467,460;467,463;467,465;466,467;466,469;467,470;467,472;466,474;467,477;466,478;467,481;466,482;467,485;466,487;466,489;466,491;466,492;466,494;466,496;467,499;467,500;467,502;466,504;467,506;467,509;467,510
468,1;469,2;469,5;469,6;468,9;468,10;468,12;469,14;469,17;468,18;468,20;469,23;469,24;468,26;468,29;469,31;468,32;468,35;469,36;468,39;469,41;469,42;469,44;469,47;468,49;469,51;469,53;469,55;468,56;469,58;468,60;469,63;468,65;469,66;469,69;468,70;469,73;469,74;469,77;468,79;468,81;469,82;468,84;469,86;468,89;468,90;468,92;468,95;468,97;468,99;468,100;469,102;468,105;469,107;469,109;469,110;469,113;468,115;469,116;468,119;469,120;469,123;468,125;468,126;469,129;469,130;469,133;469,135;469,136;468,139;468,140;468,143;468,145;469,146;469,148;468,150;469,153;469,154;468,157;468,158;468,160;469,162;468,165;469,166;469,168;468,170;468,173;469,174;468,177;469,179;468,180;468,182;469,185;468,186;468,188;468,190;469,192;469,195;468,196;469,199;469,201;468,202;468,205;468,206;468,209;469,211;468,212;468,214;469,217;469,218;469,221;468,222;468,224;469,227;468,228;468,231;468,233;468,235;468,236;468,239;468,240;468,243;469,245;468,246;468,248;468,250;469,253;469,254;468,257;468,258;468,261;468,262;469,265;468,266;468,268;468,270;468,273;469,275;468,277;468,278;469,280;468,282;469,285;468,287;469,288;468,291;469,293;468,294;468,296;468,298;468,301;469,302;469,304;468,307;468,308;468,310;468,312;468,315;468,316;469,319;469,320;468,323;468,325;468,326;468,328;469,331;469,333;468,335;469,336;469,338;469,340;468,343;468,344;468,347;469,348;468,351;468,352;469,355;468,356;469,358;468,361;468,362;469,365;469,367;469,368;468,370;469,372;469,374;469,376;469,378;468,381;468,382;468,384;469,386;469,388;468,391;469,393;469,395;469,397;469,399;468,400;468,403;469,404;469,407;469,408;469,411;468,412;469,414;468,416;469,418;468,421;469,423;469,424;468,426;469,428;469,430;468,433;469,434;469,437;469,438;469,441;469,443;468,444;469,446;468,448;469,451;468,452;468,455;468,456;468,458;468,460;469,462;469,464;469,466;468,468;468,470;469,473;469,474;468,477;469,479;468,481;469,483;468,484;468,486;468,488;468,491;469,493;468,494;468,497;469,499;468,500;469,503;468,504;469,506;468,509;468,511
471,1;470,2;471,5;471,7;471,9;470,10;471,13;471,15;470,17;471,18;470,21;470,22;470,25;471,26;471,28;471,30;471,32;470,34;470,36;471,39;471,40;470,43;471,44;470,46;470,49;470,51;471,52;470,55;470,56;470,59;470,61;470,63;471,65;471,67;471,68;471,71;470,73;471,75;471,77;471,78;470,80;471,82;471,84;470,86;471,88;471,91;471,92;470,94;470,96;470,99;471,101;471,103;471,104;471,106;471,108;471,111;470,112;470,114;471,116;470,119;470,120;471,123;471,124;471,127;471,129;471,130;470,133;470,134;470,136;471,138;470,140;471,142;471,144;471,146;471,149;470,151;470,152;471,155;471,157;470,158;470,161;470,163;470,165;471,167;470,168;471,171;470,172;471,175;471,176;471,179;470,180;471,183;471,184;470,186;471,189;471,191;471,192;471,195;471,197;471,198;470,201;470,203;470,205;470,206;471,209;470,210;470,213;470,214;470,217;470,218;471,220;470,222;470,224;470,227;471,229;470,230;471,233;470,234;471,237;471,238;470,240;470,242;471,245;471,247;470,248;471,250;470,252;471,254;470,257;471,258;470,260;471,263;471,264;470,267;470,269;471,270;471,272;471,274;470,276;470,278;471,281;470,283;470,284;470,286;471,288;471,291;470,292;470,295;470,297;470,299;470,300;471,302;470,305;471,307;470,309;471,311;471,313;471,314;471,317;471,318;470,321;470,322;471,324;470,327;470,329;470,330;470,333;471,334;470,337;471,339;470,341;471,342;471,344;470,346;470,349;470,351;471,353;470,354;470,356;471,359;471,360;471,362;470,364;470,367;471,368;471,370;470,372;471,374;470,376;470,379;471,380;471,382;470,384;471,386;471,389;470,390;471,392;471,395;470,396;471,398;471,400;471,403;470,404;471,406;470,408;470,410;471,413;471,414;471,416;470,419;471,421;470,422;470,424;471,426;470,429;471,430;470,432;470,435;470,437;470,438;470,441;470,442;471,444;470,447;470,448;470,450;471,452;470,455;470,456;471,458;470,461;471,462;470,464;471,466;471,468;470,470;470,473;471,474;471,477;470,478;470,480;470,483;470,485;471,487;470,488;471,490;470,492;470,495;471,496;470,498;471,501;470,503;470,505;470,507;471,509;470,511
473,1;472,3;472,4;472,7;472,9;472,11;473,13;472,15;472,17;472,19;472,21;472,22;473,24;472,26;472,28;473,31;472,32;473,34;472,36;473,38;472,40;472,43;472,45;473,47;473,49;473,50;473,52;472,55;472,56;472,58;473,61;473,62;473,65;473,67;472,68;473,71;473,73;473,74;473,76;472,79;472,81;473,82;473,84;473,86;473,88;472,90;472,92;473,94;472,96;473,98;472,101;473,102;473,104;473,106;473,108;472,111;472,113;473,115;472,117;472,118;473,121;473,123;473,124;472,127;472,128;472,131;473,133;472,134;473,137;473,139;473,141;472,143;472,144;472,147;473,148;473,150;473,152;473,154;473,157;473,159;472,160;472,162;472,165;473,167;472,168;472,171;473,172;473,174;473,176;472,178;473,180;473,182;473,185;472,186;473,189;473,190;473,193;472,195;473,196;473,198;472,200;473,203;473,205;472,207;472,208;472,211;473,212;473,215;472,216;473,219;473,220;472,223;472,224;472,226;472,229;473,230;472,232;472,235;473,236;472,238;473,241;473,243;473,245;472,246;472,249;473,251;472,252;472,255;472,257;473,258;472,261;472,263;473,265;473,266;473,269;472,271;473,272;472,275;473,276;472,279;473,281;473,282;473,285;472,286;473,289;473,291;472,293;472,294;472,296;473,299;472,300;472,302;473,304;473,307;473,308;473,310;473,312;473,315;473,317;473,318;472,320;472,322;472,324;472,326;473,328;472,331;472,332;472,334;472,337;472,338;472,340;472,342;472,345;473,347;472,349;473,351;472,352;472,355;473,357;473,358;473,361;473,362;473,365;472,367;472,369;472,371;473,373;472,375;473,376;473,378;472,380;472,383;472,385;472,386;473,389;473,390;473,392;472,395;472,397;473,399;472,400;472,403;472,405;473,406;472,409;472,411;472,413;472,414;472,417;473,419;472,421;472,423;472,425;473,426;473,429;472,431;473,432;472,435;472,437;472,438;473,441;472,442;472,445;473,446;473,448;472,451;472,453;473,454;472,456;472,458;473,460;472,463;473,464;472,467;472,469;473,471;473,473;472,474;472,476;472,478;472,480;472,482;472,485;472,486;473,488;473,491;473,493;473,495;472,496;472,498;472,501;472,502;472,504;472,507;472,509;473,511
475,1;474,2;475,4;474,7;474,8;475,10;474,13;474,15;475,16;475,18;475,21;475,23;474,24;475,26;475,29;475,31;475,32;475,34;474,36;475,39;474,41;474,43;474,45;475,46;474,49;475,50;474,53;475,54;474,57;475,59;474,60;474,63;474,65;474,66;474,68;474,71;475,73;475,74;475,77;474,79;474,81;475,82;475,85;475,86;474,88;475,91;474,92;475,94;474,96;475,98;474,101;475,102;475,105;475,106;475,108;475,111;475,113;474,114;474,117;474,119;475,120;474,122;475,125;474,126;475,129;475,131;474,132;474,135;474,137;475,139;474,141;475,143;475,145;475,147;475,148;475,151;474,152;475,154;475,156;474,159;475,161;474,163;475,165;475,167;475,168;474,171;475,173;474,175;475,176;475,178;474,181;475,183;475,184;474,187;474,188;474,190;475,193;474,194;474,197;475,198;474,200;474,203;474,205;475,206;475,208;474,210;474,213;475,215;474,216;474,219;474,220;475,222;474,225;475,227;474,229;475,231;474,232;474,234;474,237;474,238;474,241;475,242;474,244;475,247;475,248;475,250;475,252;475,255;474,257;474,258;474,260;474,263;475,265;475,266;474,269;475,270;475,273;475,274;474,277;475,279;474,280;475,283;474,284;475,287;474,288;474,290;475,292;474,294;475,296;474,298;474,301;474,303;474,304;474,307;475,309;474,310;474,313;475,314;475,317;475,318;474,320;475,323;474,324;474,327;474,328;475,330;474,333;475,334;474,337;474,338;474,341;474,343;475,344;475,346;475,349;475,350;474,353;474,355;474,357;475,359;475,360;474,362;474,364;474,366;475,368;474,371;474,372;475,374;475,376;474,378;474,381;474,382;474,385;474,386;475,388;474,391;474,393;475,395;474,397;475,399;475,401;475,403;474,405;475,407;475,409;474,410;474,413;475,414;474,416;475,418;475,420;474,423;474,425;475,427;474,428;474,431;474,432;474,434;474,437;475,438;474,441;474,443;474,444;475,447;475,449;474,451;474,452;475,455;475,457;475,459;475,460;474,463;474,464;475,467;475,469;475,471;475,473;474,474;474,477;474,478;474,480;474,483;475,485;475,487;475,488;475,490;475,493;474,495;474,496;474,498;475,500;475,503;475,504;474,507;475,508;474,511
476,1;477,3;477,4;476,7;476,8;476,11;476,13;477,14;477,17;477,18;476,21;477,23;477,24;477,27;477,28;476,30;477,32;476,34;476,36;477,38;477,41;476,43;477,45;476,47;476,49;476,50;476,53;476,55;477,57;477,59;477,61;477,62;476,64;476,67;476,68;476,70;476,72;476,74;477,76;476,79;477,80;477,82;477,85;477,86;476,88;477,90;476,92;477,95;477,96;477,99;476,101;477,103;477,104;476,106;476,109;476,111;476,113;477,114;476,116;476,119;477,121;477,122;476,125;477,127;477,129;476,130;476,133;476,135;477,136;476,139;477,140;476,143;476,144;476,147;476,149;476,150;477,152;477,154;477,157;476,158;477,161;477,162;476,165;476,167;477,168;476,171;477,172;477,175;476,177;476,178;477,181;477,183;477,184;477,186;476,188;477,190;476,193;477,195;477,196;477,199;476,201;477,202;477,205;477,207;476,208;477,211;476,213;476,215;477,216;476,218;477,221;476,222;476,225;477,226;477,229;477,230;476,232;476,235;477,236;477,238;477,241;477,242;477,244;477,247;476,249;476,251;477,252;477,255;476,257;477,258;476,261;476,262;476,265;476,267;476,269;476,270;476,273;477,274;477,276;476,279;476,280;476,282;476,285;476,287;476,289;477,291;477,292;477,295;476,297;477,299;477,300;477,303;476,305;476,307;476,309;476,310;476,313;476,314;476,317;476,318;476,320;477,322;476,324;476,327;477,329;476,331;476,332;477,334;477,337;477,338;476,340;477,342;476,345;476,347;476,348;476,350;477,353;476,355;476,357;477,359;477,360;476,363;477,364;476,366;476,368;476,370;476,373;476,375;477,376;477,379;477,380;476,383;476,385;476,387;476,388;476,390;476,392;476,395;476,396;476,399;477,401;476,402;476,404;477,407;476,408;476,410;476,412;476,414;477,417;476,419;477,420;476,422;477,424;477,427;476,429;477,430;476,432;476,435;477,436;477,438;476,440;477,442;476,445;476,446;476,449;477,450;476,453;476,454;477,457;476,459;477,460;476,462;476,465;477,466;477,468;476,471;476,473;476,475;476,477;477,479;477,480;476,483;476,484;477,486;477,488;477,490;477,492;476,494;477,496;476,499;477,500;477,503;477,505;476,507;477,509;477,510
478,1;478,2;478,4;479,7;478,8;479,10;478,13;478,14;479,17;478,18;479,21;478,23;479,25;478,26;478,29;478,30;479,33;479,35;478,37;479,39;478,40;479,43;478,44;478,47;479,49;479,50;478,53;479,55;478,57;479,58;478,61;478,63;479,64;479,67;478,68;479,71;478,72;478,74;478,76;479,79;479,80;479,82;478,85;479,86;478,88;479,90;479,93;478,95;478,96;479,98;478,101;479,102;479,105;478,107;478,108;478,111;478,112;479,115;478,116;478,118;478,120;479,122;479,124;478,127;479,128;479,131;479,133;479,134;478,137;478,139;478,140;478,142;479,144;479,147;479,148;478,150;478,152;479,154;479,156;479,158;479,161;478,162;478,165;479,166;479,169;478,170;478,172;479,174;478,177;479,179;479,181;478,183;479,184;479,186;479,189;478,190;478,192;478,195;478,196;478,198;479,200;478,203;478,205;479,206;478,209;478,210;479,212;479,215;479,216;478,218;478,220;478,222;479,224;478,226;479,229;478,231;479,233;478,235;479,236;479,238;478,241;478,242;478,245;479,246;479,248;479,251;479,253;479,255;478,256;479,259;479,260;479,262;479,265;478,266;479,268;479,271;479,273;479,275;478,276;479,279;478,280;479,283;478,284;478,287;478,288;478,290;479,292;478,295;479,296;478,298;479,300;478,302;479,305;478,307;478,308;478,310;478,312;479,315;479,317;478,319;478,320;479,322;479,324;479,326;479,329;478,331;479,332;479,335;479,336;479,339;478,341;479,343;478,345;478,346;479,349;478,351;479,352;478,354;478,356;478,358;478,361;479,363;478,364;479,366;479,369;478,371;479,372;478,374;479,377;478,378;478,380;478,382;479,384;479,386;479,389;479,391;479,393;479,395;478,396;479,398;479,400;478,403;479,404;478,407;479,408;479,410;478,413;479,415;478,417;479,419;479,421;478,423;479,424;479,426;478,429;478,431;478,432;479,434;479,436;478,438;479,441;478,442;479,445;479,447;478,449;479,451;478,452;479,455;478,456;478,459;479,461;478,462;479,465;479,466;479,469;479,471;478,473;479,474;479,476;479,478;479,481;478,483;479,484;478,487;478,488;479,490;479,493;479,494;478,496;478,498;479,501;478,503;479,504;479,506;479,509;478,510
481,1;481,3;481,4;480,7;481,9;480,10;481,13;480,14;480,16;481,18;481,20;480,23;481,24;480,27;480,29;480,31;480,33;481,35;481,36;480,38;480,40;481,43;480,45;480,47;481,49;481,51;480,53;480,55;481,57;480,59;480,61;480,63;481,64;481,66;480,69;481,71;480,73;480,75;481,77;480,78;481,81;480,83;480,85;480,86;481,89;481,90;481,93;481,94;481,97;481,98;480,101;481,102;481,104;480,106;481,108;481,110;480,112;481,115;480,116;481,119;480,121;480,123;481,125;481,126;480,128;480,131;480,132;481,134;480,136;480,139;480,140;480,143;480,144;481,147;480,149;480,150;481,152;481,154;480,157;480,159;481,160;480,162;481,165;481,167;481,168;481,171;480,172;481,175;480,177;481,179;480,181;480,183;481,185;481,186;481,188;481,190;480,192;481,195;480,196;481,198;480,201;480,202;480,205;481,207;480,208;481,211;481,213;481,215;481,216;480,219;481,220;481,222;481,224;481,227;480,228;481,230;480,232;480,234;480,236;480,239;481,241;481,243;480,245;481,246;480,249;481,250;480,253;481,255;480,257;481,259;480,261;480,263;481,264;481,266;480,269;480,271;481,273;481,274;481,276;480,279;481,281;481,283;480,284;480,287;481,288;481,291;480,293;480,294;481,297;481,299;480,300;481,303;481,305;480,307;481,308;481,310;481,313;481,314;481,316;481,319;481,321;480,322;481,325;480,326;481,329;480,331;481,332;481,334;480,337;481,339;480,341;481,342;480,344;480,346;481,348;481,351;481,352;480,354;480,357;480,359;481,360;480,362;481,365;480,366;480,368;480,370;481,372;480,375;481,376;481,378;480,380;480,383;480,384;481,386;480,389;481,391;481,392;480,395;481,397;480,399;481,401;480,403;481,404;480,407;480,409;480,410;481,412;481,415;480,416;481,418;481,421;481,423;480,424;481,427;481,428;481,430;480,432;481,435;480,437;480,438;480,441;481,442;480,444;481,447;481,449;480,450;480,452;481,454;481,457;480,459;481,460;481,463;480,465;480,466;481,469;481,470;480,472;481,474;480,476;480,478;480,480;481,483;481,484;480,487;481,488;480,491;480,493;480,494;481,497;481,498;480,500;481,503;481,504;480,507;480,509;481,511
483,1;482,2;482,4;482,6;482,8;482,10;482,12;483,15;482,17;483,19;482,20;483,23;482,24;482,27;482,29;482,31;482,32;482,35;482,37;482,39;483,41;482,43;483,44;482,47;483,49;483,50;483,52;483,55;482,57;483,58;483,60;483,62;483,64;482,66;483,69;483,70;482,73;483,74;483,76;482,79;482,81;482,82;483,85;482,86;482,88;483,91;483,93;483,94;483,96;482,99;482,100;482,103;482,104;483,106;482,108;482,111;482,113;482,114;483,117;483,119;483,121;482,123;483,124;483,127;482,128;483,131;483,132;483,135;483,137;482,138;482,140;482,143;483,145;483,147;483,148;483,150;482,152;482,154;483,157;482,159;483,160;482,162;482,164;483,166;483,168;482,170;482,172;483,174;483,176;483,178;482,181;483,182;482,185;482,186;482,189;483,190;482,192;483,195;482,196;483,198;482,200;482,202;483,205;483,206;482,208;482,211;482,212;483,215;482,216;482,219;483,220;483,222;483,225;483,227;482,229;483,231;483,232;483,234;482,236;482,238;482,240;483,243;483,245;483,247;483,248;482,250;483,253;482,254;483,257;483,259;482,261;483,263;482,264;483,266;483,268;483,270;482,272;482,275;482,276;482,278;482,280;482,283;482,285;482,287;482,288;483,290;483,293;483,294;483,297;483,298;482,301;483,302;482,305;483,307;482,309;482,310;483,312;482,314;483,316;482,319;483,321;482,323;483,325;482,327;483,329;483,331;482,332;482,335;482,336;482,339;483,341;483,343;482,345;483,347;483,349;483,350;482,353;482,355;483,356;482,359;483,361;482,363;483,365;482,366;482,369;483,370;483,372;483,374;482,376;482,378;483,380;482,383;483,385;483,387;482,389;482,390;482,392;483,395;483,397;483,399;483,401;483,402;483,405;483,407;482,409;483,411;483,413;482,414;483,417;483,418;482,420;482,422;483,424;482,427;482,429;482,431;483,433;483,435;482,437;483,438;483,441;483,442;482,444;482,447;482,449;483,450;482,452;482,454;482,456;482,458;483,460;482,463;482,464;483,467;483,469;482,470;482,473;482,474;483,477;482,479;482,480;483,483;483,484;483,486;482,489;482,491;482,493;483,495;482,497;482,498;483,501;483,502;483,505;482,507;482,509;482,511
484,1;485,2;484,5;484,6;485,9;485,11;484,12;485,14;485,17;484,18;485,20;484,22;485,24;484,26;485,29;484,30;485,33;484,34;484,36;484,39;484,40;484,43;485,44;484,47;484,49;485,50;484,53;484,54;484,57;485,58;484,61;484,62;485,64;484,67;485,68;484,70;484,72;484,75;484,76;485,78;485,81;484,82;485,84;485,87;484,89;485,91;485,93;485,95;484,97;484,98;484,100;485,103;484,104;485,107;485,109;484,110;485,113;485,114;484,117;484,118;485,121;485,122;485,124;485,126;485,129;485,130;484,133;484,135;484,136;484,139;484,140;484,142;484,145;484,146;484,149;484,151;484,153;484,154;484,156;484,159;484,160;485,162;485,165;485,167;484,168;485,171;484,172;485,174;484,177;484,178;484,181;484,182;484,185;484,187;484,188;484,191;484,192;484,195;484,197;484,198;484,200;484,202;484,205;484,207;484,209;484,211;485,212;485,215;484,216;484,218;484,221;484,223;485,224;485,226;485,229;485,231;485,232;485,235;485,236;484,238;485,241;484,243;484,245;484,247;485,249;484,251;485,252;485,255;485,257;485,258;485,260;484,263;484,265;484,266;484,268;485,270;485,272;484,274;485,277;485,278;484,281;484,283;485,284;484,287;485,289;484,291;484,293;485,294;484,296;484,298;484,301;484,303;484,304;484,307;485,308;485,311;485,312;485,314;484,317;484,318;485,320;485,323;485,325;484,326;485,328;484,331;485,332;485,335;484,336;485,338;484,340;484,343;484,344;484,346;485,349;485,351;485,353;484,355;485,357;485,359;484,360;485,362;485,364;484,366;485,368;485,371;484,373;484,374;485,376;485,379;485,381;484,382;485,385;484,387;484,388;485,391;484,393;485,394;485,396;484,398;484,400;484,402;485,404;485,407;484,408;485,410;485,412;484,414;484,417;485,419;484,421;485,422;484,425;484,426;485,429;485,431;485,432;485,434;484,436;484,439;484,440;484,443;485,444;485,447;485,448;484,451;485,453;485,454;484,456;485,459;484,460;484,462;485,464;484,466;484,468;485,470;485,472;484,474;484,476;484,478;485,481;485,483;484,484;484,486;485,489;485,490;484,493;485,495;485,496;484,499;484,500;484,503;485,505;484,506;484,508;484,511
486,1;486,2;487,5;487,6;487,8;486,11;486,12;487,15;486,16;487,19;487,21;486,23;486,25;487,27;487,29;487,30;487,33;487,35;486,37;487,39;486,40;486,43;486,44;486,47;486,49;486,51;486,52;486,54;487,56;486,58;486,60;486,63;487,64;486,67;486,69;487,71;487,73;486,74;486,77;487,78;487,80;487,82;486,85;487,86;486,89;487,91;486,92;487,95;486,96;486,98;486,101;487,103;486,104;487,107;486,108;486,111;487,113;487,114;486,117;487,118;486,120;486,122;486,125;487,126;486,128;486,131;486,132;487,134;486,136;487,139;486,140;486,143;486,144;487,146;486,149;486,150;486,153;486,155;486,157;487,159;487,160;486,162;487,164;486,167;487,169;486,171;487,173;486,175;486,177;486,178;486,181;486,182;486,184;486,186;487,189;487,191;487,192;487,194;486,197;486,198;486,201;486,203;486,205;487,206;486,209;487,210;487,212;487,215;487,216;487,219;487,221;487,222;486,225;487,227;486,229;487,231;487,232;487,234;486,236;486,239;486,240;486,243;486,244;486,246;486,249;486,251;486,253;486,255;486,257;486,259;486,261;486,263;486,264;486,266;486,269;486,271;486,272;486,274;486,276;487,278;487,280;486,283;486,284;486,286;486,289;487,290;486,293;486,295;486,296;486,299;486,300;486,302;486,304;486,306;486,309;486,310;486,313;486,314;487,316;487,318;486,321;486,323;487,325;486,327;486,329;486,331;487,333;487,335;486,337;486,338;487,340;487,342;486,345;487,347;487,349;486,350;486,352;487,355;487,357;487,358;486,361;486,362;487,364;487,367;486,368;486,370;486,373;487,375;487,377;486,379;486,381;487,382;486,384;486,387;487,389;487,391;486,392;486,394;486,397;487,399;486,401;487,403;487,404;486,406;487,408;487,410;486,413;486,414;486,417;487,418;486,420;486,423;487,425;486,427;487,429;486,430;487,432;487,435;487,436;487,439;486,441;487,442;487,445;486,446;487,449;486,450;486,453;486,454;487,457;487,459;487,460;486,463;487,465;486,466;487,469;487,470;486,472;486,474;486,477;487,478;487,480;487,482;486,484;487,486;486,488;486,491;486,492;486,494;486,496;487,499;486,501;487,502;486,505;487,507;486,508;486,510
489,0;489,3;489,4;488,7;489,8;488,10;488,13;489,14;488,16;489,19;488,21;489,22;488,25;488,26;489,29;489,30;489,33;489,35;488,36;488,38;488,40;488,43;488,44;489,47;488,48;488,51;488,52;489,55;489,57;489,59;488,60;489,62;488,64;488,67;489,68;488,70;488,73;488,75;488,76;488,78;488,81;488,83;489,84;489,86;488,89;489,91;488,93;489,94;489,97;489,99;489,100;489,103;488,105;489,107;489,109;489,110;488,113;489,115;488,116;489,119;489,120;489,123;488,125;489,127;488,128;488,130;488,133;489,134;488,136;488,139;488,140;489,143;489,144;489,147;489,148;489,150;489,152;488,154;488,156;488,158;488,160;489,163;488,165;489,166;489,168;489,170;488,173;489,175;488,176;489,179;488,181;488,182;489,184;488,187;488,188;489,191;488,193;488,194;488,197;488,199;489,201;489,202;488,204;489,207;489,208;488,210;489,213;489,215;488,217;489,218;488,220;489,222;489,224;488,227;489,229;488,231;489,233;488,235;488,237;488,239;489,241;489,242;489,245;488,246;489,249;489,250;489,253;488,255;489,257;488,259;489,260;489,263;489,264;489,266;489,269;489,271;488,273;488,274;488,276;489,279;489,281;489,282;489,284;489,286;488,288;489,291;489,293;488,295;489,297;489,298;488,301;489,303;489,305;489,307;489,308;488,311;488,312;489,315;489,316;489,318;489,321;489,322;488,325;489,326;489,329;488,331;489,333;489,335;488,337;489,339;488,341;489,342;489,344;488,347;489,349;488,350;489,353;489,355;488,356;488,359;489,360;488,363;488,364;488,366;489,369;488,370;488,373;489,374;489,377;489,379;488,380;488,382;489,385;489,387;489,388;489,391;489,393;488,394;488,397;489,398;489,401;488,402;488,405;489,406;488,408;489,410;488,413;488,415;488,417;489,419;489,420;488,423;489,424;489,426;489,429;488,430;488,433;489,435;488,437;488,439;488,440;489,443;488,445;488,446;489,449;489,451;489,453;488,454;489,457;489,458;489,460;488,462;489,464;488,467;488,468;489,471;488,473;489,475;489,476;488,478;488,481;488,482;489,484;489,486;489,489;488,491;489,493;488,494;489,497;489,498;488,501;489,502;488,505;489,507;488,509;488,511
491,0;490,2;491,4;490,6;490,9;490,11;490,12;490,14;491,16;490,18;491,21;491,22;491,25;490,27;491,29;490,31;490,33;490,35;490,36;490,39;491,41;490,43;491,44;491,46;490,49;490,50;491,52;490,54;491,56;491,59;491,60;490,63;490,64;491,67;490,68;490,70;491,73;491,75;491,77;490,78;491,81;491,82;490,85;491,86;490,88;490,91;490,93;490,95;491,97;490,99;491,101;490,102;491,104;490,106;491,108;490,110;491,113;491,114;491,116;490,118;490,120;491,123;491,125;490,126;490,128;491,130;491,132;490,135;490,137;490,139;490,140;490,143;491,145;491,147;491,148;491,151;490,152;490,154;490,157;490,159;490,160;491,163;490,164;491,167;490,168;490,170;491,172;491,175;490,177;491,178;491,181;490,183;491,185;491,187;490,188;491,191;490,193;490,195;491,196;491,198;491,201;491,202;490,205;490,206;491,208;491,211;490,213;490,215;491,217;491,218;490,220;491,222;491,224;490,227;491,229;490,231;491,233;491,234;491,237;490,238;491,241;491,242;491,244;491,246;490,249;490,250;490,253;490,254;491,257;491,258;490,260;490,262;490,265;490,266;490,269;490,270;490,273;490,274;490,277;491,279;490,281;490,282;490,285;491,287;491,288;490,290;490,292;490,294;490,297;490,298;491,300;491,302;490,304;490,306;490,309;490,310;490,312;491,314;490,317;491,319;490,320;490,322;490,325;491,326;490,328;491,331;490,333;490,334;490,337;490,338;491,341;491,342;490,344;490,346;491,349;490,350;491,352;490,355;490,357;491,359;490,360;491,362;490,364;491,366;490,369;491,371;491,373;491,375;491,377;490,379;491,380;491,383;490,384;490,387;490,388;490,391;490,393;491,395;490,397;490,399;490,400;490,402;491,404;491,406;490,409;490,411;490,413;491,415;490,417;490,418;491,421;490,422;490,425;490,427;491,429;490,431;490,432;490,434;491,436;490,439;491,441;491,442;491,444;491,447;491,449;490,451;490,452;490,455;490,456;491,458;490,461;491,463;491,464;491,467;490,469;490,470;490,472;490,475;490,477;491,479;490,480;490,482;490,485;491,486;491,488;491,490;490,492;491,495;490,496;491,499;491,500;491,503;491,504;490,506;490,508;491,510
493,1;492,3;492,4;493,7;493,9;492,10;493,12;492,15;493,16;492,19;493,20;493,23;492,24;492,27;493,28;493,31;493,32;492,34;493,36;493,39;492,40;493,43;493,45;492,47;492,49;493,50;493,52;492,54;493,56;492,59;492,61;492,62;493,65;493,67;492,69;492,70;493,73;493,74;493,76;492,78;492,81;493,82;492,84;492,86;493,88;493,90;493,92;492,95;493,96;493,99;492,101;492,103;493,105;493,106;492,109;492,111;493,113;493,115;492,116;493,118;492,120;492,122;493,125;492,126;492,129;492,131;493,132;493,134;492,136;492,139;492,140;493,143;493,144;492,146;493,148;492,151;492,152;492,155;493,157;492,159;493,160;492,163;492,165;493,166;492,168;492,171;492,173;492,174;493,177;492,179;492,180;492,183;492,184;492,186;492,188;492,191;492,193;492,195;492,196;492,198;492,201;492,202;493,205;493,207;492,208;492,210;492,212;493,215;493,216;493,218;492,221;492,223;492,224;493,227;493,229;492,231;492,233;492,235;492,237;493,238;493,240;492,243;493,244;493,246;493,249;492,250;492,253;493,255;493,256;493,259;492,261;493,262;493,265;492,267;493,269;492,270;493,272;493,275;493,276;493,279;492,280;493,282;493,284;492,287;492,288;493,291;493,293;492,295;493,297;493,298;492,301;493,302;492,305;492,307;492,308;492,311;492,312;493,315;493,316;493,319;493,321;492,322;492,325;492,326;493,328;493,331;492,333;493,335;493,336;493,339;492,341;492,342;493,345;493,347;493,349;492,351;492,352;492,354;493,357;492,358;493,360;493,362;493,364;492,366;492,369;492,370;492,372;493,374;493,376;492,378;493,381;493,383;492,384;493,386;493,388;492,390;493,392;492,395;492,397;493,398;493,400;492,403;493,404;493,407;493,408;493,411;493,412;493,414;493,416;493,419;492,421;492,423;492,425;493,427;493,428;492,430;492,432;493,434;493,437;493,439;492,440;493,442;493,444;493,447;492,449;493,451;492,453;492,454;492,457;493,459;492,461;492,463;493,465;492,467;492,468;492,470;493,473;493,475;493,477;493,478;493,481;493,483;492,485;493,486;493,488;492,491;492,492;492,495;493,496;492,498;493,501;492,502;493,504;492,506;493,509;493,510
495,0;495,3;494,5;494,6;495,8;495,11;494,13;495,15;495,17;495,18;495,21;494,22;494,25;495,26;495,28;495,31;495,32;494,34;494,37;495,38;494,40;495,42;495,45;494,47;494,49;495,51;495,52;495,55;495,57;495,59;495,61;495,62;495,64;494,67;494,69;494,71;495,73;494,74;494,76;494,79;494,80;494,82;494,84;495,87;495,89;495,90;495,92;495,95;495,97;495,98;495,101;494,103;495,105;494,106;495,108;495,111;495,112;495,115;495,116;494,118;495,120;495,122;494,125;494,127;495,128;494,130;495,132;494,135;494,136;495,139;494,140;494,143;495,144;495,146;494,149;494,150;494,152;495,154;495,156;494,158;494,161;495,162;495,164;495,167;494,169;495,171;494,173;495,174;495,177;494,179;495,181;494,183;495,184;494,187;495,188;495,191;495,192;494,195;494,196;494,198;495,201;494,202;494,205;495,206;494,209;494,210;495,213;494,214;494,217;494,218;494,220;494,222;494,224;494,227;494,229;494,230;494,232;494,234;494,236;494,238;495,241;494,242;494,244;495,246;495,248;495,250;495,253;494,254;495,256;494,258;495,260;495,263;495,264;495,266;494,269;494,271;495,272;494,275;495,276;495,278;494,280;495,282;494,285;495,287;495,288;495,290;494,292;495,294;494,297;495,299;494,301;494,303;495,304;495,306;494,309;495,310;494,313;495,314;495,317;494,319;495,321;495,322;494,325;495,326;495,329;494,330;495,333;494,334;495,337;494,339;494,341;495,342;494,344;494,346;495,349;495,350;494,353;495,354;495,357;494,359;495,360;494,362;495,365;494,367;494,369;494,370;495,373;495,375;494,376;494,378;494,380;494,383;495,384;494,386;494,388;495,391;495,392;495,395;495,397;495,399;494,400;494,403;494,405;495,407;494,409;495,411;495,413;495,414;494,416;494,419;495,420;495,423;494,425;494,426;494,429;495,430;495,432;494,435;495,437;495,438;495,441;494,442;495,445;495,446;494,449;494,451;494,452;495,455;495,456;494,459;494,460;495,463;494,464;494,466;494,469;495,471;495,473;494,474;495,477;495,478;495,480;495,482;494,484;495,487;494,489;495,491;495,493;495,495;495,497;494,498;495,500;494,503;494,505;495,506;495,509;494,511
496,0;496,2;497,5;497,7;497,9;496,10;497,13;497,15;496,16;497,19;497,21;497,22;497,24;496,27;497,28;497,31;496,32;497,35;496,37;497,38;497,41;497,43;496,44;497,47;497,49;496,50;496,53;497,55;497,57;497,58;496,61;497,63;496,65;497,66;497,69;497,71;497,73;496,74;497,76;496,79;497,81;497,82;496,85;496,86;496,89;497,91;496,93;496,94;497,97;497,98;496,100;497,103;496,104;497,106;497,108;496,110;496,113;497,114;497,116;497,119;497,121;497,123;497,124;496,127;496,128;496,131;496,132;496,135;496,137;496,139;497,140;497,143;497,144;497,147;497,149;496,150;497,153;497,154;497,157;497,159;496,161;497,163;496,165;497,167;497,168;496,171;496,172;497,175;496,176;496,179;497,180;497,183;496,185;496,187;496,189;497,191;496,192;496,195;496,197;496,198;496,201;497,203;497,205;497,206;497,208;497,211;496,213;496,215;497,216;497,219;496,220;497,223;496,224;496,226;497,229;497,231;497,232;497,234;496,236;497,238;497,241;497,243;497,244;496,246;496,249;496,250;496,253;496,254;497,257;496,259;496,260;496,263;496,264;496,266;496,269;496,270;497,272;497,274;497,277;496,279;496,280;496,283;496,285;496,286;496,288;496,291;496,292;496,294;497,297;497,298;496,300;496,303;496,304;497,306;496,308;496,311;496,313;496,315;497,317;497,318;497,321;496,322;497,324;497,326;496,328;496,330;497,332;497,335;496,336;496,338;497,340;496,342;497,345;496,346;496,348;497,350;496,352;496,355;496,357;496,359;496,360;496,363;496,364;497,367;497,369;497,370;497,373;496,375;497,377;497,378;496,381;496,383;496,384;497,387;496,389;496,391;496,393;496,395;497,396;497,399;497,401;496,402;497,404;496,406;497,409;497,410;497,413;497,414;496,416;497,418;497,421;497,423;497,424;496,427;497,429;496,431;496,433;496,435;496,436;496,438;497,441;497,443;496,444;496,447;496,449;497,451;496,453;497,454;496,456;497,458;497,460;497,463;496,464;497,467;497,469;497,471;497,473;497,475;497,476;497,479;497,480;496,482;496,484;496,487;496,488;496,491;497,493;497,495;497,496;497,499;496,500;497,502;496,505;496,507;497,508;496,510
498,1;499,3;498,5;499,7;498,9;499,11;499,12;499,15;498,17;499,18;499,21;499,22;499,24;499,26;499,28;498,31;498,33;498,34;498,36;499,39;498,41;498,42;498,44;498,47;499,49;499,50;499,52;498,55;499,57;498,59;499,61;498,63;499,65;498,66;498,68;499,71;499,73;499,74;499,76;499,78;499,81;499,83;499,85;498,86;498,89;498,91;498,93;498,95;498,97;499,99;498,100;498,102;499,105;498,107;499,109;498,110;498,112;499,115;498,117;498,118;498,120;499,123;498,125;498,126;499,129;498,130;498,132;499,134;499,136;499,139;498,141;498,143;498,145;499,146;499,148;498,150;499,153;498,154;499,157;499,158;498,161;499,163;498,165;499,167;498,169;498,171;499,173;498,174;499,177;499,179;498,181;498,183;499,184;498,186;499,188;499,191;499,193;499,195;498,196;499,198;498,200;498,203;498,204;498,207;498,209;499,210;499,213;499,215;498,217;498,218;498,220;499,223;498,224;499,226;498,229;499,230;498,232;498,235;498,237;498,239;498,241;498,243;498,244;499,246;499,249;499,250;499,252;499,254;498,256;498,258;499,260;499,263;499,265;499,266;499,269;498,271;499,273;498,274;499,277;499,278;499,281;499,282;498,284;498,287;499,289;498,291;498,293;499,294;499,296;499,298;498,300;499,302;498,305;499,307;499,308;498,310;499,313;499,315;498,317;498,319;499,320;499,323;499,324;498,327;499,329;498,330;499,333;499,335;498,336;499,339;499,341;498,343;498,345;498,347;498,349;499,350;498,353;499,355;498,357;498,358;499,361;499,362;499,364;499,366;498,369;499,370;498,373;498,375;499,376;498,379;498,380;499,383;498,385;499,387;499,388;499,391;498,393;498,395;498,397;499,398;499,401;498,403;499,404;498,407;499,409;499,410;498,413;499,415;499,416;499,418;499,420;498,422;498,424;498,426;499,428;498,430;499,433;498,434;499,437;499,438;498,440;499,442;499,444;499,447;498,448;498,450;499,453;499,454;498,457;498,458;499,460;499,462;499,465;499,466;498,468;498,470;499,472;499,474;499,477;499,478;498,481;498,482;498,485;498,487;498,489;498,491;499,492;499,495;499,496;498,498;499,500;498,502;499,504;498,506;499,508;498,511
500,0;500,2;500,5;501,6;500,9;501,10;501,12;500,15;501,16;501,18;501,20;501,23;500,25;501,26;500,28;500,30;501,33;501,34;500,36;500,38;501,40;500,43;501,44;500,46;501,49;500,51;501,53;500,55;501,56;500,59;501,61;501,62;500,65;501,66;501,68;500,70;500,73;500,75;500,77;501,79;500,81;500,83;500,85;500,87;500,89;500,90;501,93;500,94;500,96;501,98;501,101;501,102;501,104;501,107;500,108;501,111;500,113;501,114;500,116;500,119;500,121;500,123;501,124;501,127;501,128;501,130;501,132;501,134;500,137;501,139;501,141;501,143;501,144;500,147;501,149;500,150;500,152;500,155;501,157;501,158;500,161;500,162;500,164;500,167;500,168;500,171;500,172;500,174;501,177;500,179;500,180;500,182;500,184;500,187;500,189;500,190;501,192;501,195;501,196;500,199;500,200;500,202;500,205;500,206;500,208;500,211;500,212;500,215;500,217;500,218;501,220;500,223;501,225;501,226;500,229;501,231;501,232;501,235;501,237;501,239;501,240;500,242;501,245;500,247;500,248;501,251;500,253;501,254;500,257;500,258;500,260;500,263;501,265;501,267;500,269;501,271;501,273;500,275;500,276;500,279;501,281;500,282;500,285;500,286;500,288;501,290;500,292;500,294;500,296;500,298;500,300;500,302;500,305;501,307;500,308;500,310;501,313;501,314;500,317;500,318;500,320;501,322;501,324;501,327;500,328;500,331;501,332;501,335;500,337;501,338;500,341;501,343;500,345;500,347;501,348;500,351;500,352;501,354;501,356;500,358;500,361;500,362;501,364;501,366;500,369;500,370;500,373;500,375;500,377;500,379;500,380;501,383;501,384;500,386;500,389;501,390;500,392;501,395;500,396;501,398;500,400;501,403;500,405;500,406;500,408;500,411;501,413;500,414;501,417;500,419;500,421;501,422;501,425;500,426;500,429;501,431;500,433;500,435;500,436;501,439;501,441;501,442;501,445;501,446;500,448;500,451;500,453;500,454;500,456;500,459;500,460;501,463;501,464;501,466;500,468;500,470;501,472;500,475;500,476;500,479;501,481;500,482;500,485;500,487;501,489;501,490;500,493;500,494;500,496;501,498;500,500;501,503;500,505;500,507;501,508;501,510
503,0;502,2;502,5;503,7;502,8;503,11;502,12;503,15;503,16;503,19;502,20;503,23;503,25;502,27;502,29;503,31;502,32;503,34;502,37;502,38;502,40;503,43;502,44;503,46;502,48;502,51;502,53;503,54;503,57;502,59;502,61;502,63;502,65;502,67;502,69;502,71;502,73;503,74;503,76;502,78;502,81;502,82;503,85;503,87;503,89;503,91;502,92;502,95;503,97;502,99;503,101;503,103;503,104;503,106;503,109;503,111;503,112;503,115;503,116;503,119;503,120;503,123;503,125;503,126;502,128;503,131;503,133;503,134;503,137;502,139;502,140;503,143;502,144;503,147;503,148;502,150;502,153;503,155;502,157;503,159;503,160;503,162;503,165;502,167;502,168;502,171;503,173;502,175;502,176;502,179;503,180;503,183;503,184;503,186;503,189;503,191;503,192;503,195;503,197;503,199;502,200;503,203;503,204;503,206;502,209;502,210;502,212;503,215;503,216;502,219;502,220;502,223;503,225;503,227;503,228;502,231;502,232;502,234;502,237;502,238;503,240;503,242;503,245;503,247;502,248;502,251;502,253;502,254;503,257;502,259;502,260;503,262;502,265;503,267;503,269;503,271;502,273;503,275;502,276;502,278;502,281;503,282;503,285;502,286;503,288;502,291;502,293;502,294;502,297;503,299;503,301;503,303;502,305;502,307;502,308;502,311;502,313;502,314;502,317;502,318;503,320;502,323;502,324;503,327;502,328;502,331;502,332;503,334;503,336;502,338;503,341;503,342;502,344;503,346;502,348;502,351;503,352;502,354;503,356;503,358;502,360;502,362;502,365;502,366;502,368;503,371;503,373;502,375;503,376;502,378;503,380;502,382;503,385;502,386;502,388;502,390;502,392;502,395;502,396;502,399;503,400;502,402;502,405;502,406;503,409;502,410;503,412;503,414;503,417;503,418;502,421;503,422;503,424;502,426;503,428;502,431;503,433;503,434;503,436;502,439;503,441;503,443;502,445;503,446;503,448;502,450;503,452;503,455;502,456;503,458;502,461;502,462;502,465;502,466;503,469;502,470;502,473;502,475;502,477;502,479;502,481;503,483;503,484;502,487;502,488;502,490;502,492;503,494;503,496;503,498;503,501;503,503;503,505;503,507;503,509;503,511
505,1;505,3;505,5;505,7;504,8;504,11;504,12;505,14;504,17;505,19;505,20;504,23;505,25;504,26;505,29;505,31;505,32;505,35;504,37;505,39;504,41;505,42;505,44;504,46;505,49;504,50;504,53;504,55;504,57;505,58;504,60;505,63;505,65;504,67;504,69;504,71;504,73;504,74;505,76;504,79;504,80;504,82;505,84;504,87;505,88;504,91;504,92;505,94;505,97;504,99;505,100;505,103;505,105;505,106;504,109;504,111;504,112;504,115;504,116;505,119;504,120;505,122;505,124;505,127;504,128;505,131;504,132;505,134;504,137;505,139;504,140;505,143;504,144;505,146;505,149;504,150;504,153;505,155;505,156;505,159;505,161;505,163;505,165;504,166;504,169;505,171;504,173;505,175;505,176;505,179;505,181;505,183;504,184;505,187;505,188;505,190;504,193;504,194;504,197;504,198;505,200;504,202;505,205;505,207;504,209;505,210;504,212;505,215;505,216;504,219;504,220;504,222;504,224;505,226;504,229;505,230;505,232;504,234;505,237;505,238;504,240;504,243;505,244;504,247;504,248;505,250;505,252;505,255;504,257;505,258;505,261;505,263;504,264;504,266;504,269;505,270;505,273;505,275;504,277;504,279;504,281;505,283;504,285;504,287;505,289;505,291;505,293;504,295;504,296;505,298;504,301;504,302;505,304;505,306;505,309;505,311;504,312;505,315;504,317;504,318;504,320;505,323;504,325;505,326;505,328;505,331;504,333;504,334;504,337;505,339;505,341;505,343;505,345;505,347;505,348;505,350;504,353;504,355;505,356;505,358;505,360;504,362;505,365;505,367;504,369;504,370;504,372;505,374;504,376;505,379;505,381;504,383;505,385;504,387;504,389;504,391;505,392;504,394;504,397;504,399;504,400;504,403;505,404;504,406;505,409;504,410;504,412;504,414;505,417;505,419;504,420;505,422;504,424;504,427;504,428;505,431;505,432;504,434;504,436;505,439;505,441;504,442;504,444;504,446;504,449;505,450;504,452;504,454;504,456;504,458;505,461;504,463;504,465;504,467;505,469;504,471;504,472;504,475;504,476;505,479;505,481;505,482;505,484;504,487;505,488;504,491;504,492;504,495;505,497;504,498;504,501;504,502;504,504;505,506;504,508;504,510
507,0;507,2;507,5;506,6;507,9;507,10;507,12;507,15;506,16;507,18;506,20;507,23;506,25;507,26;507,29;507,31;507,33;506,35;507,37;507,38;506,41;506,42;507,45;506,47;506,49;506,50;506,52;506,55;507,57;506,59;506,60;506,62;506,64;507,66;507,68;507,71;506,73;507,74;507,76;506,79;507,81;506,83;507,85;506,86;507,88;507,90;506,92;507,94;507,96;506,99;506,101;507,103;506,104;507,107;507,109;506,111;506,112;507,114;506,116;507,119;506,121;507,122;507,124;507,127;507,129;506,130;506,133;507,134;507,137;507,138;507,141;507,143;506,144;507,147;506,148;506,150;506,153;507,155;506,156;507,158;507,161;507,162;506,164;506,167;506,168;506,171;507,172;506,174;506,176;506,179;507,181;507,183;506,184;506,186;507,188;507,191;507,192;507,195;507,196;507,199;507,200;506,202;507,204;506,207;506,208;506,211;507,213;507,215;506,216;506,219;506,220;506,222;506,225;507,226;507,228;506,231;507,232;507,235;506,237;506,238;507,241;506,242;507,244;507,247;506,249;506,251;507,253;507,255;507,256;506,258;507,260;506,263;507,265;506,266;506,268;506,270;506,273;506,275;506,276;506,279;506,281;507,282;506,285;506,287;506,288;506,291;506,292;507,295;506,297;507,298;506,301;506,302;507,305;507,307;506,308;506,310;507,312;507,314;507,316;506,319;506,320;506,323;507,325;507,326;506,329;507,330;506,333;507,334;507,336;507,338;507,341;507,342;506,345;507,347;506,348;507,351;506,352;507,355;506,356;506,358;506,360;506,362;507,365;507,366;506,369;506,371;507,372;507,375;506,376;507,379;506,381;507,382;507,384;507,386;507,389;506,391;506,392;507,394;507,396;507,399;506,400;506,403;506,404;506,406;506,408;506,411;507,412;506,414;507,417;506,418;507,421;507,423;506,425;507,427;506,429;506,430;506,433;507,435;507,436;507,438;507,440;506,443;507,444;507,446;506,449;507,451;506,453;507,454;506,457;506,458;506,460;506,463;507,464;506,467;507,469;506,471;506,472;507,475;507,476;507,479;506,480;506,483;507,484;507,487;506,489;506,491;506,492;507,495;506,497;506,498;506,500;506,503;506,505;507,507;507,509;507,510
509,1;509,3;508,4;509,7;508,9;509,11;508,12;508,15;508,16;509,19;509,20;508,22;509,24;509,26;508,28;508,30;509,33;508,35;509,36;508,39;508,40;508,42;509,45;509,47;508,49;508,50;508,53;509,54;508,57;508,59;508,61;508,62;509,65;508,66;509,68;508,70;508,73;508,74;508,77;508,79;509,80;508,83;508,85;509,87;508,88;508,91;509,92;508,95;509,96;509,98;508,100;508,103;508,105;508,107;508,108;508,111;508,112;508,115;509,116;509,118;508,121;509,123;508,124;508,127;509,128;508,131;508,133;508,135;509,136;509,139;509,140;508,143;508,145;508,146;508,148;508,150;509,152;509,154;509,156;508,158;508,160;508,163;509,165;509,167;508,168;509,171;509,173;509,175;508,176;509,179;509,180;508,183;508,184;509,187;509,188;509,191;509,192;508,195;508,196;508,199;509,200;508,203;509,205;509,206;508,208;508,210;509,213;508,215;508,217;508,218;508,221;508,223;508,225;509,226;508,228;508,231;509,233;508,235;509,236;508,239;508,240;508,242;508,245;508,247;509,248;509,251;509,252;508,255;508,257;509,259;509,261;509,262;508,264;508,266;508,269;509,270;509,273;509,274;508,277;508,278;508,280;508,283;508,284;509,287;509,288;509,291;508,293;509,294;509,296;508,298;508,300;508,302;509,305;509,307;508,309;508,310;508,313;508,315;508,316;508,319;508,321;508,322;508,324;508,327;509,328;509,330;508,332;508,334;508,337;508,339;508,340;508,343;509,345;509,347;509,348;509,351;509,352;508,355;508,356;508,358;508,360;508,362;508,364;509,366;509,368;509,371;508,372;508,374;508,377;509,379;509,381;508,382;508,384;509,386;509,388;508,390;509,392;509,395;508,397;509,399;508,401;509,402;508,404;508,407;509,408;508,410;508,412;508,415;509,416;509,419;509,420;508,423;508,425;509,427;509,429;508,430;508,433;508,435;508,436;508,438;509,440;508,443;508,445;509,447;508,449;509,451;508,452;508,454;508,456;508,458;508,461;509,462;508,465;508,467;509,469;509,471;509,472;509,475;509,476;508,479;508,480;509,482;508,485;509,487;508,488;509,490;509,493;508,494;509,497;509,498;509,500;508,502;508,504;508,506;509,509;508,511
511,0;511,3;511,4;511,6;510,9;510,11;510,13;511,15;511,16;510,18;511,20;511,23;511,25;511,26;511,28;510,30;510,32;511,35;511,36;510,38;511,40;510,43;510,44;510,47;510,49;511,51;511,52;511,55;510,57;510,59;510,60;511,62;510,65;511,67;510,68;510,71;510,73;511,74;511,76;511,79;511,80;511,83;511,84;511,86;510,88;510,90;511,92;510,95;510,96;511,99;510,100;510,102;511,104;511,107;510,108;511,110;510,112;511,115;511,117;511,118;511,120;510,122;511,124;510,127;510,129;510,131;511,133;511,135;510,137;511,138;511,140;510,142;511,144;510,147;511,148;511,151;510,152;510,155;510,156;510,158;510,160;511,163;510,165;510,167;511,169;510,171;511,173;511,174;510,177;510,179;511,180;510,183;510,184;511,187;510,188;510,190;511,193;511,195;511,197;510,198;511,200;511,203;510,205;511,207;511,209;511,210;511,213;511,214;511,217;511,218;510,220;510,222;511,224;510,227;510,228;510,231;510,232;510,234;510,237;511,238;510,240;510,243;510,244;511,246;511,248;510,251;510,252;511,255;511,256;510,259;510,261;511,263;511,265;510,266;511,269;510,270;511,272;510,275;511,276;511,278;511,280;511,282;510,284;511,287;510,289;510,290;511,292;510,294;510,296;511,299;511,301;511,303;511,305;511,307;510,308;511,311;510,313;511,315;511,317;510,319;510,321;510,322;511,324;511,327;511,328;511,331;510,332;511,334;510,336;511,339;510,340;510,342;511,344;510,346;510,348;510,351;510,352;510,355;510,356;510,358;510,361;510,362;511,364;510,367;511,368;511,371;510,372;510,374;511,377;510,379;511,380;510,382;511,384;510,386;510,389;511,390;511,392;510,394;510,396;511,398;511,401;511,403;511,404;510,407;510,409;511,410;510,413;510,414;510,417;511,419;511,420;510,422;510,424;511,427;511,428;511,431;511,433;510,435;510,437;511,438;510,441;510,443;510,445;511,446;510,448;511,451;510,453;510,454;510,456;510,458;511,461;511,463;511,464;511,467;510,468;510,471;510,473;511,475;510,476;511,478;510,480;511,482;511,485;511,487;511,488;511,491;511,493;511,495;511,496;510,498;510,500;511,503;510,504;510,506;510,508;511,510
