1,1;1,3;1,5;1,6;0,8;1,10;1,12;0,14;0,16;0,18;1,21;1,23;1,25;1,26;1,29;0,31;1,33;1,34;0,36;1,39;0,41;1,43;1,45;0,46;1,48;1,50;0,52;1,54;1,57;1,59;0,60;0,62;1,65;0,67;1,69;0,71;0,72;1,74;1,77;0,78;1,80;0,83;0,85;0,87;1,88;1,90;1,93;0,95;0,96;0,99;1,101;0,102;1,104;0,106;1,109;1,111;1,113;0,115;0,116;0,119;0,121;1,122;1,125;0,126;1,129;1,131;1,133;1,134;1,137;0,139;0,140;1,142;1,145;0,146;0,149;1,150;0,153;1,155;0,156;0,159;1,161;1,163;1,164;0,166;1,168;1,171;0,173;0,174;1,177;1,178;0,181;0,182;0,184;0,186;0,189;1,191;0,193;1,195;1,196;0,199;1,201;1,203;0,204;0,207;0,209;0,211;0,213;0,214;0,217;1,218;0,221;0,223;1,225;1,226;1,229;1,230;1,232;1,235;1,236;0,238;1,241;0,242;1,244;0,246;1,249;1,250;1,253;1,254;0,257;0,259;0,261;1,262;1,265;1,267;1,269;0,270;1,273;0,274;0,276;1,278;1,281;0,282;0,285;1,287;1,288;1,291;0,293;1,295;1,296;0,298;0,300;1,302;1,305;1,307;1,308;1,310;0,312;0,315;0,316;1,318;1,321;1,322;1,325;0,327;0,329;0,331;1,332;0,334;0,336;0,339;0,341;0,343;1,344;1,346;0,349;0,350;0,352;0,354;0,357;0,359;0,360;1,363;1,365;0,367;1,369;1,371;0,373;0,375;1,377;1,379;1,380;0,383;1,385;1,386;0,389;1,391;0,393;1,394;1,397;0,399;0,400;1,403;1,405;0,406;1,409;1,411;1,413;1,414;0,417;1,419;0,421;1,422;1,424;1,426;1,429;1,431;1,432;1,435;1,436;0,439;0,441;1,442;1,445;1,447;1,449;0,451;1,452;0,455;0,456;0,458;1,460;0,462;1,465;1,467;0,469;1,470;1,473;0,475;0,476;0,479;0,480;0,482;0,484;1,487;1,489;1,491;1,492;1,495;0,497;0,498;0,500;0,502;1,504;1,506;0,508;0,511
3,1;2,3;3,5;3,6;2,9;2,10;2,13;3,14;3,17;3,18;3,21;2,23;2,25;3,27;2,28;2,31;2,32;2,34;2,37;3,39;2,41;2,43;2,44;3,46;3,48;3,51;3,53;3,54;2,57;2,58;2,61;2,63;3,65;2,67;3,68;3,70;2,73;3,75;2,77;2,78;3,81;3,82;3,85;3,86;3,89;2,91;2,92;2,95;3,96;2,98;2,101;2,102;2,105;3,107;2,109;3,111;2,113;2,115;2,116;2,118;3,121;2,123;2,124;3,127;3,128;2,130;2,132;2,134;2,137;2,138;2,141;3,143;3,145;2,146;2,149;2,150;2,153;2,155;2,157;3,159;2,161;2,162;3,165;3,167;2,169;2,171;3,172;3,175;2,176;3,179;3,180;2,182;2,185;3,186;3,188;3,191;2,193;2,194;3,197;2,198;3,200;3,202;2,205;3,206;3,209;3,211;3,212;2,215;3,217;2,219;2,220;3,222;3,224;3,226;3,228;3,231;2,233;3,235;2,236;2,239;3,241;3,243;3,244;3,247;3,248;3,250;2,252;3,254;2,256;3,258;2,261;3,262;2,265;2,266;3,269;3,270;3,273;3,275;2,276;3,278;2,280;3,282;2,284;2,286;2,288;2,290;2,292;3,295;2,297;3,299;3,300;2,303;2,304;3,307;2,308;3,311;2,312;3,315;3,317;2,319;2,321;3,323;2,325;3,326;2,329;3,330;3,333;2,334;2,336;2,339;3,340;3,342;2,345;2,346;3,349;2,351;3,352;3,355;2,357;3,359;3,361;3,362;2,364;3,366;2,369;3,370;3,373;3,374;2,377;3,378;3,380;2,383;2,384;2,387;2,388;3,391;2,393;3,394;2,397;3,398;2,401;2,403;3,405;2,406;2,408;3,410;2,412;2,415;2,417;3,419;2,420;2,422;3,424;3,426;2,428;3,430;3,432;3,434;2,437;3,439;3,440;2,443;3,444;3,447;2,448;3,451;2,453;3,455;2,456;3,458;2,460;2,462;2,465;3,467;3,469;2,470;3,472;3,475;3,477;3,479;2,481;3,482;3,484;2,486;3,488;2,490;2,492;3,495;2,496;2,498;2,501;3,502;2,505;3,506;3,508;3,511
4,0;4,3;4,5;4,7;4,8;4,10;4,12;5,15;5,16;5,18;4,20;5,23;4,25;4,27;4,28;4,30;4,32;5,34;5,36;5,39;5,41;4,42;4,45;5,47;4,49;5,51;4,52;5,55;5,56;4,59;5,61;5,62;5,64;4,66;4,68;4,71;5,73;5,74;5,76;4,78;4,80;4,83;5,85;4,87;5,88;4,91;4,93;4,95;5,96;5,98;5,100;4,103;4,105;4,106;5,109;4,111;5,112;4,115;4,116;5,118;5,120;5,123;5,125;5,126;5,129;5,131;5,133;4,134;4,137;5,139;4,141;5,142;4,145;5,146;4,148;5,150;4,152;4,155;4,157;4,158;4,161;5,162;4,165;4,167;5,168;4,171;4,172;5,175;4,177;5,179;5,180;4,182;4,185;4,187;4,188;4,190;5,193;4,194;4,196;4,199;4,200;4,203;4,204;4,207;4,208;5,210;5,213;4,215;5,217;5,219;4,221;4,222;4,225;4,227;4,229;5,230;4,232;5,234;5,236;4,239;5,240;4,242;5,245;5,247;5,248;4,251;4,252;4,254;5,257;5,259;5,261;4,263;5,265;5,267;4,269;4,270;5,273;5,274;4,276;5,279;4,280;4,283;4,285;5,287;5,289;5,290;5,293;4,295;5,297;5,298;4,300;5,302;5,305;5,307;5,309;5,311;4,312;4,315;5,316;5,319;4,320;5,323;4,325;5,326;5,329;4,330;5,333;4,335;5,337;4,338;5,341;4,342;5,344;5,346;5,348;4,351;4,352;5,355;5,357;4,359;4,361;5,362;5,365;4,367;5,368;5,371;4,373;5,375;4,377;4,378;5,381;5,382;5,384;4,386;4,388;4,390;4,393;4,395;5,396;5,399;5,401;5,402;5,404;5,406;4,408;4,411;5,413;5,414;5,416;4,419;4,420;4,423;5,424;4,427;4,428;4,431;5,432;5,434;4,437;4,438;4,441;5,443;4,445;5,447;4,448;5,451;4,453;4,454;4,456;5,459;5,461;4,462;4,465;4,467;4,469;4,471;5,472;5,475;4,477;4,479;5,481;5,483;4,484;5,486;5,489;5,491;5,492;4,494;5,497;4,499;4,501;4,502;5,504;5,506;4,508;5,510
7,1;6,2;7,4;6,7;6,8;7,11;7,12;6,14;6,17;7,19;7,21;6,22;7,25;7,27;6,28;7,31;7,32;6,35;6,37;6,38;6,40;6,43;7,44;7,47;7,49;7,51;7,52;7,54;6,56;7,58;7,61;6,62;6,64;6,67;6,69;7,71;6,73;7,74;6,76;6,78;7,81;7,82;7,85;7,87;6,88;6,90;6,93;7,95;6,96;6,98;6,101;6,102;7,105;6,107;6,109;7,110;7,112;7,114;6,116;7,118;6,121;7,122;6,125;7,126;7,129;7,131;6,132;7,135;6,136;6,139;7,140;7,142;6,144;7,146;6,148;6,151;7,153;6,154;7,156;6,158;6,160;6,162;7,164;7,166;7,169;6,170;6,173;6,174;6,176;7,179;7,180;6,182;6,185;6,186;6,188;6,191;7,192;7,194;6,196;7,198;7,200;7,202;6,204;7,207;6,208;7,211;7,212;6,214;7,217;7,219;6,220;6,222;6,225;7,226;6,229;7,230;7,233;7,235;7,236;7,239;7,241;7,242;7,245;6,246;6,248;7,251;7,252;7,254;7,256;6,258;7,261;6,262;7,264;6,266;7,269;6,271;7,273;6,274;6,276;6,278;6,280;7,283;7,284;7,287;7,288;6,290;6,293;7,295;6,297;7,299;6,300;7,302;7,304;7,307;7,309;6,311;6,313;6,315;7,316;6,319;6,321;7,323;6,324;6,327;6,328;7,330;6,332;6,334;7,337;6,338;6,340;6,343;6,344;6,346;7,348;7,350;7,352;7,355;7,357;6,359;6,361;6,362;6,364;6,366;6,368;6,370;7,373;6,374;7,376;6,378;7,381;6,382;7,384;6,386;7,388;6,390;6,392;7,394;6,397;6,398;6,401;6,402;7,404;6,406;6,409;6,411;7,412;7,415;6,416;6,418;6,420;7,422;6,425;7,426;7,428;7,430;6,433;7,434;6,437;7,439;6,440;6,443;6,445;7,447;7,449;7,451;6,453;6,454;7,456;7,458;7,460;6,463;7,464;7,466;7,469;6,470;6,472;6,475;7,477;6,478;6,481;7,483;6,485;7,486;6,489;6,491;7,492;7,495;6,496;7,498;6,501;6,502;7,505;7,506;6,508;7,511
9,1;9,3;9,4;9,7;8,8;8,10;8,12;9,15;9,16;8,19;8,21;8,23;9,25;8,26;8,29;9,31;8,33;9,34;9,37;8,39;9,40;8,43;9,45;9,47;9,49;8,51;8,52;9,54;8,57;9,59;8,60;8,62;9,64;8,66;8,69;9,70;9,72;8,75;8,77;8,78;8,81;8,82;9,84;9,87;9,89;9,90;8,93;9,94;8,97;9,98;9,100;9,103;8,104;9,106;8,109;8,110;8,113;8,114;8,117;9,118;9,120;8,123;9,125;8,127;8,129;9,131;9,132;9,134;8,137;9,138;9,140;9,143;9,145;9,147;8,149;8,150;8,152;8,155;8,156;8,159;9,160;9,162;9,165;9,166;8,169;8,171;8,173;9,174;9,176;8,179;8,180;9,183;8,184;8,187;8,188;8,190;9,192;9,195;9,196;8,199;8,201;9,202;8,205;9,207;9,208;9,210;8,213;8,214;8,217;9,218;9,220;9,222;9,224;9,227;8,228;8,231;8,232;9,235;9,236;8,239;8,240;9,242;8,245;8,246;9,249;9,251;9,252;9,255;8,257;8,259;8,261;8,262;8,265;8,267;8,268;8,271;9,273;9,275;9,276;9,279;8,280;8,283;8,285;9,286;8,289;8,290;8,292;8,294;8,296;9,298;9,301;9,303;9,305;9,306;9,308;9,310;9,313;9,315;9,317;8,318;9,320;9,322;8,325;8,326;8,329;8,331;9,333;8,335;8,336;9,339;9,340;9,342;9,345;9,347;9,348;9,351;8,353;8,354;9,356;8,359;8,360;8,362;8,365;9,366;8,368;9,371;8,372;9,374;8,377;8,378;8,380;8,382;9,385;8,387;9,388;9,390;9,393;8,394;8,396;9,398;9,400;9,403;9,405;9,406;8,409;9,410;9,412;8,415;9,417;8,419;9,421;9,422;9,425;9,427;8,429;8,430;9,433;9,435;9,437;8,439;8,441;8,443;9,444;9,446;9,449;9,450;9,452;8,454;9,456;8,458;8,461;9,463;9,464;8,466;9,469;9,471;9,472;9,475;9,476;9,479;9,481;8,483;8,485;8,487;8,488;8,490;9,493;9,494;8,497;8,499;9,500;9,503;9,504;9,506;9,509;8,511
10,1;10,3;11,4;11,6;10,9;11,11;10,13;11,15;11,17;11,18;11,21;10,23;10,25;11,26;10,29;11,30;10,32;10,34;10,36;11,39;11,40;11,43;10,44;10,47;11,48;10,51;10,53;10,54;11,56;10,59;10,61;11,63;11,65;11,67;11,68;10,71;11,73;11,75;11,77;11,78;10,80;10,82;11,85;10,86;10,89;10,90;11,93;10,94;11,96;11,99;10,101;10,103;11,104;11,106;10,108;10,110;10,113;11,114;10,117;11,119;11,121;10,122;11,124;11,126;10,129;11,130;10,132;10,134;11,136;10,138;11,140;10,142;10,144;11,146;11,148;10,151;11,153;11,155;10,156;11,159;11,160;10,163;10,165;11,167;10,169;11,171;11,173;10,175;11,176;10,178;11,180;11,183;10,185;10,187;11,188;10,190;10,193;11,194;10,197;11,198;11,201;10,202;11,204;10,207;11,208;11,210;10,213;11,214;11,216;10,219;10,220;10,222;10,224;11,226;11,229;10,231;10,232;11,234;11,236;11,238;10,240;11,242;10,245;10,247;10,249;11,250;10,252;11,255;10,256;10,258;11,261;11,263;10,265;10,266;10,268;11,270;11,273;11,275;10,276;10,278;11,280;11,282;11,284;10,287;10,288;11,290;11,292;11,294;11,296;10,299;11,300;10,302;11,304;11,306;11,308;10,311;11,312;10,315;11,316;10,318;10,320;10,322;11,324;10,326;10,329;11,331;11,333;11,335;10,336;10,338;11,340;10,343;11,344;11,346;11,348;11,351;11,353;10,354;10,357;10,359;10,361;10,362;11,364;11,366;10,369;11,371;10,372;10,374;11,377;11,378;11,380;11,382;10,385;10,386;11,388;10,391;10,393;10,395;10,397;10,399;10,401;10,402;11,404;10,406;10,409;11,411;11,412;11,415;11,416;10,418;11,420;10,422;11,425;11,426;10,429;11,431;10,433;10,434;11,436;11,439;11,441;10,442;11,444;10,447;11,449;10,451;11,453;11,454;10,456;11,459;11,460;10,462;10,465;10,466;11,469;11,470;10,473;10,475;11,477;10,478;10,480;11,483;11,484;11,486;11,489;11,491;10,493;11,495;11,496;10,498;11,500;10,503;10,504;10,507;11,509;11,510
13,1;12,2;13,4;12,6;13,9;13,11;12,13;12,14;13,16;13,19;13,20;12,22;13,24;12,26;13,28;13,31;13,32;13,34;13,36;13,39;12,40;13,42;13,45;13,47;13,48;12,50;13,53;13,54;12,57;12,59;12,60;12,62;13,64;12,67;13,68;12,71;12,73;13,75;12,77;13,78;13,80;13,83;13,85;12,87;13,88;13,91;13,93;12,95;13,96;12,98;13,101;12,103;13,105;12,107;12,108;12,111;13,112;13,114;12,117;12,118;13,121;13,122;12,124;12,127;12,129;12,130;12,132;13,135;12,137;13,138;13,141;12,143;13,144;13,147;12,149;12,151;13,153;12,155;13,157;12,158;12,160;12,162;12,165;12,167;13,168;12,170;13,173;12,174;13,176;12,179;13,180;13,182;13,185;13,187;13,189;13,191;12,192;13,194;12,196;13,199;13,200;12,202;12,204;13,206;13,209;12,210;12,212;12,215;12,217;12,218;12,221;13,223;12,225;13,226;13,229;12,230;13,232;13,235;12,237;13,239;12,240;13,243;12,245;13,246;13,248;13,250;12,253;13,254;12,256;13,259;13,261;12,262;13,264;12,267;12,269;13,270;13,272;13,275;12,277;13,278;12,281;12,283;13,285;12,287;13,288;12,291;13,292;12,295;12,296;13,298;13,301;12,302;13,304;12,306;13,309;13,310;13,312;13,314;12,316;12,319;13,320;12,323;12,325;12,327;12,328;13,330;12,333;13,335;12,337;13,339;12,341;13,342;12,344;12,346;12,349;12,351;12,352;12,354;13,356;13,358;12,360;12,363;13,364;12,367;12,369;13,370;13,373;12,374;12,376;13,379;13,380;12,383;12,384;13,387;13,388;12,390;13,392;12,394;13,397;13,398;12,401;13,403;12,405;12,406;13,408;13,410;13,413;12,414;12,417;13,419;12,421;13,422;13,425;12,427;12,428;13,431;13,433;12,434;13,437;12,439;13,441;13,442;13,445;12,446;12,449;12,450;13,452;13,454;12,457;13,458;12,461;13,463;12,464;13,466;12,469;13,471;12,473;12,475;13,477;13,478;12,481;12,482;12,484;12,486;12,488;13,491;13,492;12,494;13,497;13,498;13,500;13,503;12,504;12,506;13,508;12,511
15,0;14,2;14,5;15,6;15,9;14,10;14,12;14,15;14,17;15,18;15,21;15,23;15,25;14,27;14,29;14,31;14,32;14,34;14,36;15,38;14,40;15,43;15,45;14,46;15,48;15,50;14,52;14,54;14,56;14,58;15,60;14,62;15,65;15,66;14,69;14,70;14,73;14,74;15,76;15,79;14,81;14,83;15,85;15,87;14,88;15,90;15,93;15,95;14,96;15,98;14,100;14,103;15,105;14,107;14,108;15,110;14,113;14,115;15,117;14,118;14,120;14,123;15,124;14,126;14,129;14,130;15,132;14,134;14,136;14,139;14,140;15,143;15,145;15,147;15,148;14,151;14,152;15,155;15,156;14,159;14,161;15,162;15,165;15,166;15,168;14,171;14,172;15,174;14,176;14,179;14,180;14,182;14,184;15,186;15,188;14,190;15,193;15,194;15,197;14,199;14,200;14,202;14,204;14,206;14,208;15,210;15,213;15,214;15,216;15,218;14,220;14,222;14,224;14,226;14,229;15,230;14,232;15,234;14,236;15,239;14,240;15,243;15,245;14,247;15,248;15,250;15,253;14,255;15,256;15,259;15,261;14,262;14,265;15,267;14,268;15,270;14,272;15,275;15,276;15,279;14,281;14,282;14,285;14,286;15,288;15,290;14,293;14,294;15,296;15,299;14,301;14,302;15,304;15,307;15,309;14,310;14,312;14,314;15,317;15,318;15,321;14,322;14,325;14,326;15,328;14,331;15,332;15,334;15,337;14,338;14,340;14,343;14,345;15,347;15,349;14,351;14,353;15,354;14,357;15,358;14,361;15,363;14,365;14,366;15,368;15,371;15,373;14,374;15,377;14,378;15,380;15,382;15,384;14,387;14,389;15,390;14,392;15,394;15,396;15,398;14,401;15,403;14,404;14,406;14,408;14,411;15,413;14,414;14,417;15,418;14,420;14,422;15,425;14,426;14,428;14,431;14,433;15,434;15,436;14,439;15,441;15,443;14,445;15,447;15,449;14,450;14,453;15,455;14,457;15,459;15,460;14,462;14,464;15,466;14,468;15,471;15,473;15,475;14,476;15,478;15,480;15,482;15,485;15,487;14,489;14,490;14,493;14,495;14,497;14,498;15,500;15,502;15,505;15,507;15,508;14,511
17,1;17,2;16,4;16,6;17,8;17,11;16,12;16,14;16,16;16,19;16,20;16,23;17,24;17,26;16,29;16,31;17,33;16,34;17,37;17,39;17,41;17,42;16,45;16,46;16,49;17,50;16,53;17,54;16,56;17,59;16,61;17,63;17,64;16,67;17,69;17,71;16,72;17,75;17,76;17,79;16,81;17,82;16,84;16,87;16,88;16,91;17,93;16,94;16,96;17,98;17,100;17,103;17,105;16,106;17,108;17,111;17,113;16,115;16,116;17,119;17,120;17,122;17,125;17,126;16,128;17,131;16,132;17,135;17,136;16,138;17,140;17,142;16,144;17,146;16,149;17,151;17,152;17,155;16,157;17,158;16,161;17,163;16,164;16,166;16,169;17,170;17,172;17,174;16,177;16,178;17,181;16,183;17,184;17,187;17,188;17,191;17,193;17,194;16,197;16,198;16,200;16,202;16,204;16,207;17,209;17,210;17,212;17,214;17,216;16,219;17,220;17,223;16,225;17,226;16,228;16,231;16,232;16,234;16,236;16,238;17,240;16,242;17,245;17,247;17,248;16,250;17,253;16,254;17,257;16,258;16,261;16,262;17,264;16,266;17,269;17,270;17,272;17,274;16,276;16,278;16,281;17,283;16,285;17,286;17,288;16,291;16,292;16,295;17,296;17,299;16,300;17,303;16,305;16,306;17,308;17,310;16,313;16,315;16,316;16,319;16,321;17,322;17,325;16,327;17,329;17,330;17,333;17,335;16,336;16,339;17,340;17,342;17,345;17,346;17,348;16,351;17,352;17,354;16,357;16,358;17,361;17,362;17,364;16,366;16,369;16,370;16,372;17,374;16,377;17,378;17,381;17,382;16,384;16,386;16,389;17,391;16,392;17,394;17,396;16,399;16,400;16,403;16,405;17,407;17,409;16,410;17,413;17,415;16,417;16,419;17,420;16,423;17,424;17,426;17,428;16,430;17,432;17,434;16,436;16,438;16,440;16,443;16,445;17,447;16,449;17,451;17,453;17,454;17,457;16,458;17,460;16,462;16,464;16,466;16,468;16,470;16,473;17,475;16,476;16,479;17,481;17,482;16,484;17,486;17,488;16,491;17,492;17,494;17,496;16,498;17,500;16,502;16,505;16,506;16,508;16,510
19,1;18,3;18,4;18,7;18,9;18,11;19,12;18,14;19,17;19,19;19,21;18,22;18,25;18,26;18,29;19,31;18,32;18,35;18,36;19,38;19,41;18,42;19,45;19,47;19,49;19,51;19,52;18,54;19,56;19,58;18,60;18,63;19,64;18,67;19,69;19,70;18,72;19,74;18,77;19,79;18,80;19,82;18,84;19,86;19,88;18,90;18,93;18,94;19,97;18,99;18,100;18,103;18,105;18,106;18,108;18,110;19,113;18,114;18,116;19,118;18,120;18,123;19,124;18,126;19,128;18,130;19,132;19,135;18,137;18,138;19,140;19,142;18,144;18,147;19,148;18,150;18,153;18,155;19,156;19,158;18,160;19,163;18,164;19,166;18,168;18,171;18,172;19,174;18,177;19,178;19,181;19,183;19,184;19,187;18,189;19,191;19,193;19,195;19,197;18,199;18,200;19,203;19,205;19,206;18,208;19,211;18,213;19,214;19,217;18,219;18,220;19,223;19,224;18,226;18,228;19,231;19,233;18,235;19,237;19,239;19,240;18,243;19,245;18,247;19,248;18,250;18,253;19,254;19,257;19,259;18,260;18,263;18,265;18,266;18,268;19,271;18,273;18,274;18,276;19,278;19,280;18,283;18,285;19,286;18,288;18,291;18,292;18,294;19,296;18,298;19,300;18,303;19,305;18,307;18,309;19,310;18,312;18,315;18,316;18,319;18,320;18,323;19,325;18,326;18,328;18,331;19,333;19,334;18,336;19,339;18,340;19,343;19,345;18,347;19,348;18,350;18,353;19,355;18,356;19,358;18,360;19,363;19,364;18,366;19,369;18,371;19,372;18,375;18,376;18,379;18,381;18,382;18,384;18,386;19,389;18,391;19,392;18,395;18,397;19,398;18,400;19,403;18,404;19,406;18,408;18,411;18,412;18,414;19,417;19,419;19,420;18,423;19,424;19,426;18,428;19,431;18,432;19,435;18,436;18,438;19,441;19,442;18,444;18,446;18,449;18,451;19,453;18,454;18,457;19,459;19,460;19,463;18,465;19,466;19,468;19,471;18,473;18,475;18,476;19,479;18,480;19,482;18,485;19,486;19,489;19,491;18,493;19,494;18,496;19,498;18,500;18,503;19,504;19,507;19,509;19,511
20,1;20,3;20,4;20,6;21,8;20,11;21,12;20,15;20,17;21,18;21,20;21,23;21,25;20,26;20,28;20,31;20,33;21,34;21,36;20,39;21,40;21,42;21,45;20,47;20,48;21,50;20,52;20,55;21,57;20,59;20,61;20,62;21,64;20,66;21,69;20,70;21,73;21,75;21,77;20,78;21,81;21,82;20,85;21,86;21,88;21,91;21,92;21,94;21,97;21,99;21,100;21,102;20,105;21,106;20,108;21,110;20,113;21,115;21,117;20,119;20,121;20,123;20,124;20,127;21,128;21,130;20,133;20,134;20,137;21,138;20,141;21,142;20,144;20,146;20,149;20,151;21,152;20,154;21,156;21,158;20,161;21,163;20,165;20,167;20,168;20,171;21,172;21,174;21,176;21,179;20,181;20,183;20,184;20,187;21,189;21,190;20,193;20,194;20,196;20,198;21,201;20,202;21,204;20,206;21,209;21,210;21,213;21,215;21,216;21,218;21,221;21,222;21,225;20,227;20,229;20,230;20,232;21,235;21,237;20,238;20,240;21,242;21,244;21,247;21,249;21,250;21,252;20,254;21,257;21,258;21,260;20,262;21,264;20,267;20,269;21,270;21,273;20,274;21,276;21,279;20,281;20,282;20,284;21,287;21,289;20,291;20,292;20,295;20,297;21,298;20,300;20,303;20,305;20,306;21,309;20,310;20,312;21,314;21,317;21,319;20,321;21,322;20,324;20,327;20,328;20,330;20,332;20,334;20,336;21,338;20,341;20,343;20,345;21,347;21,348;21,351;20,352;21,354;20,357;20,359;20,361;20,363;20,364;20,367;21,368;21,371;20,373;21,374;21,376;21,379;20,380;20,383;20,384;21,386;21,388;21,390;20,393;20,395;20,397;20,398;20,401;21,402;20,405;20,407;20,408;20,410;20,413;20,415;20,416;20,419;20,420;20,423;21,424;20,426;20,429;20,430;21,432;20,435;20,436;20,439;20,440;21,442;21,445;21,447;21,448;20,450;21,452;20,454;20,457;20,459;20,461;20,462;20,464;21,466;21,469;20,471;21,472;20,474;21,477;21,479;20,480;21,483;20,485;21,487;20,489;20,491;21,493;20,494;21,497;20,498;20,501;20,502;20,505;20,506;21,508;20,511
22,0;23,3;22,4;22,6;22,8;22,11;23,12;23,14;23,17;23,19;22,20;22,23;23,24;23,26;23,29;23,31;22,33;23,34;22,36;22,38;23,40;23,42;23,45;23,46;22,48;23,50;23,53;23,55;22,56;22,58;22,61;22,63;23,64;23,67;23,68;23,70;23,72;23,75;22,76;23,79;22,81;22,82;23,84;23,86;22,89;22,90;22,92;22,95;22,96;22,98;23,100;22,102;23,104;23,107;22,108;23,111;23,112;23,115;23,116;23,119;22,120;22,123;23,124;22,127;22,129;22,131;22,133;23,135;23,137;22,139;23,141;22,143;23,145;23,146;23,149;22,151;22,152;23,155;22,157;23,158;23,160;22,163;22,164;22,167;23,168;22,170;23,172;22,175;23,177;22,178;23,181;23,183;23,185;23,186;22,188;22,191;23,193;23,195;22,196;22,199;23,200;23,203;23,205;23,207;23,209;22,211;22,213;23,215;22,216;23,219;23,220;23,222;23,225;22,227;22,228;22,231;22,232;23,235;22,237;22,239;23,240;22,242;23,244;22,247;22,249;22,250;22,253;23,255;22,256;23,258;22,260;23,262;22,264;22,266;23,268;22,270;23,273;23,274;23,277;23,279;22,280;23,282;23,284;23,287;23,289;22,290;23,293;23,294;22,296;23,299;23,300;23,303;23,304;22,306;23,308;23,310;23,313;23,314;22,316;23,318;23,321;22,323;23,325;23,327;22,329;22,330;22,333;22,335;22,337;23,339;22,341;22,343;22,345;23,346;23,348;22,351;23,352;22,354;23,357;22,358;22,360;22,362;22,365;22,367;22,368;23,371;22,373;23,375;22,377;23,378;23,381;22,382;23,384;23,387;23,388;23,390;23,392;22,394;22,397;22,399;23,401;23,402;23,405;23,406;23,408;22,410;22,413;22,414;23,417;23,419;23,421;23,423;23,425;23,427;23,429;22,430;23,433;22,434;22,437;22,439;23,441;22,443;23,444;23,446;23,448;23,451;22,453;22,455;22,456;22,458;22,461;23,462;22,464;22,466;22,469;23,470;23,472;23,474;22,477;22,478;22,481;23,483;23,484;22,486;23,488;23,491;22,492;22,494;23,497;22,499;23,501;23,503;23,505;23,506;22,508;22,510
25,0;25,3;24,5;24,7;24,9;24,10;24,12;25,15;24,16;24,19;25,21;25,22;24,25;25,26;24,29;25,30;24,32;24,34;24,37;24,38;25,41;25,42;24,45;24,47;25,49;24,50;24,52;25,55;24,56;25,59;24,60;24,62;25,64;24,67;25,68;25,70;24,73;25,75;25,76;25,79;25,81;24,82;25,85;25,87;24,88;24,90;24,93;24,95;24,96;24,98;25,100;24,102;24,104;24,106;25,108;25,111;25,113;25,114;24,116;24,118;25,120;25,122;25,125;24,126;25,128;24,131;24,132;25,135;25,137;25,138;24,140;24,142;24,145;25,146;25,149;24,151;25,153;24,154;25,157;25,159;24,161;25,162;25,164;25,166;24,168;25,170;24,172;25,174;25,176;24,178;25,181;25,183;24,185;24,186;24,188;24,191;25,192;25,195;25,196;25,198;25,200;25,202;24,204;25,207;24,209;24,210;25,212;24,215;25,217;24,218;24,221;25,223;24,224;25,226;24,228;25,230;25,233;25,234;24,237;25,238;25,241;25,243;25,244;25,246;25,248;25,251;25,253;25,254;24,257;24,258;25,261;24,262;25,264;25,267;25,268;25,270;25,273;25,275;24,276;24,279;25,280;24,282;25,285;25,286;24,289;25,290;25,293;24,295;24,296;25,299;25,300;25,303;24,304;24,307;25,309;25,311;24,312;25,315;24,317;24,319;24,321;25,322;25,324;25,326;25,328;24,331;24,332;25,334;24,336;24,339;24,340;24,343;24,344;25,346;25,349;25,351;25,353;25,355;25,357;24,359;25,360;24,363;24,365;24,366;24,368;25,370;25,372;25,375;24,376;24,379;25,381;25,382;24,385;24,387;24,388;25,391;24,392;24,395;24,397;25,398;25,400;25,402;25,405;24,407;24,409;24,410;25,412;24,415;24,417;24,419;24,420;25,423;24,424;24,426;25,429;24,430;24,432;25,435;24,437;25,438;25,440;24,443;24,444;25,447;25,449;24,451;25,453;25,454;24,456;24,458;24,460;24,462;24,465;24,466;24,469;25,470;25,472;25,475;25,477;24,478;24,481;25,482;24,485;24,487;25,489;24,491;25,492;25,494;24,497;25,498;25,501;24,502;25,504;25,506;25,508;25,511
27,1;26,3;26,4;26,7;27,9;27,11;27,13;27,15;27,16;27,19;27,21;26,22;26,24;27,27;27,28;26,31;27,32;26,34;26,37;26,39;27,41;27,43;26,44;27,47;26,48;26,51;26,52;26,55;27,56;27,58;27,61;27,62;26,64;26,66;26,69;26,70;26,72;27,75;27,76;26,78;27,81;26,82;26,84;26,87;27,88;26,90;27,93;26,95;27,96;27,98;26,100;27,102;27,104;26,106;26,109;26,110;26,113;27,114;26,116;27,118;26,121;26,123;27,124;26,127;27,129;27,131;26,132;27,134;26,137;26,139;26,140;27,143;27,145;26,147;27,148;27,150;26,153;26,155;27,157;27,159;27,161;27,163;27,164;26,166;27,169;26,170;27,172;26,174;26,177;26,178;26,180;27,183;26,185;26,186;26,189;27,190;26,193;26,195;27,197;27,198;27,201;27,202;26,204;26,207;26,209;26,210;26,213;27,215;26,217;27,219;27,221;26,222;26,225;27,227;26,229;27,231;26,232;26,234;26,236;27,239;26,241;27,243;27,245;27,246;27,248;27,250;26,253;26,255;27,257;26,258;27,261;27,263;27,264;26,267;27,268;27,271;26,273;27,274;27,276;27,279;27,280;26,283;27,285;27,286;26,289;26,290;27,293;27,294;27,297;26,299;27,300;27,302;27,304;26,306;26,308;27,310;26,312;27,315;27,316;26,318;27,321;27,322;27,325;27,327;27,328;27,330;27,333;27,334;27,337;27,339;27,341;26,343;27,344;27,346;26,348;26,351;26,352;27,355;27,357;27,359;26,361;26,362;27,365;26,366;26,368;26,370;26,372;27,375;27,377;27,378;27,381;26,382;27,384;27,386;27,389;26,390;26,393;27,395;27,397;26,399;26,400;26,402;26,405;27,407;26,408;26,411;26,412;27,415;27,417;26,418;26,420;26,423;27,425;27,427;26,428;26,431;26,432;27,435;26,437;26,438;27,440;27,442;26,445;27,447;26,448;27,450;26,452;27,454;27,457;26,458;26,460;27,462;26,465;26,467;26,468;27,471;27,473;26,474;26,476;27,479;27,480;26,482;27,484;26,487;26,489;26,491;26,493;27,494;26,497;27,499;26,500;26,503;26,504;27,507;27,509;26,510
29,0;28,3;28,5;29,7;28,9;29,10;29,13;28,15;29,17;29,18;29,21;28,22;29,25;29,26;29,28;28,30;28,32;29,35;28,37;28,38;29,40;28,42;28,44;29,46;29,49;28,51;28,53;29,54;28,57;29,59;28,60;28,63;28,64;29,67;28,69;29,70;29,72;28,74;29,76;29,78;28,80;29,82;28,84;28,87;28,89;28,90;28,93;29,95;29,96;28,98;29,100;28,103;29,105;29,107;28,108;29,111;28,113;28,114;28,116;28,119;28,120;29,123;29,124;29,126;29,129;29,131;29,133;29,134;29,137;28,139;28,141;28,143;29,145;28,147;29,148;28,150;28,152;29,155;28,157;28,159;29,161;29,163;29,164;28,167;29,169;29,171;28,172;29,174;29,176;29,178;28,181;28,183;28,184;29,186;29,189;29,191;28,192;28,195;29,197;29,199;28,200;28,203;28,205;29,207;29,208;29,211;28,213;28,214;29,217;28,219;29,221;28,222;29,225;28,227;28,228;29,230;28,232;28,234;29,237;28,239;28,240;28,242;28,245;29,246;28,248;29,250;29,252;28,254;29,256;29,259;29,260;29,262;28,264;28,266;28,269;28,270;29,272;28,275;28,277;29,279;28,280;28,282;28,284;29,286;28,288;29,291;28,293;29,294;29,296;28,299;28,300;29,302;28,305;29,307;28,309;28,310;28,312;29,315;28,317;28,319;28,320;29,322;29,324;28,327;29,328;29,331;29,333;28,335;29,337;28,338;28,341;29,343;29,344;29,346;29,349;28,351;29,352;29,355;28,357;28,359;29,361;29,362;29,365;29,367;29,369;29,370;28,373;29,374;28,376;29,379;29,381;29,383;28,385;29,386;29,388;28,390;29,392;28,395;28,396;29,398;29,400;28,403;28,404;28,407;28,409;29,410;29,413;29,414;29,417;28,418;28,420;28,423;28,424;29,427;28,428;28,430;29,433;29,435;29,437;29,439;29,440;28,443;28,445;28,446;28,448;29,450;29,452;29,455;29,456;28,459;28,461;28,463;28,464;29,466;28,468;28,471;29,472;28,474;29,476;28,478;28,480;28,483;29,484;29,487;29,488;29,491;28,493;28,494;29,496;29,499;29,501;29,502;29,505;28,507;29,509;28,510
30,1;30,3;30,5;30,7;31,8;31,10;30,12;30,14;31,17;30,18;30,21;30,22;31,24;31,26;30,28;31,31;31,32;30,34;31,37;31,38;30,40;31,43;30,44;31,46;31,48;30,51;30,53;31,54;31,56;30,59;31,61;30,63;31,65;31,67;31,68;31,70;30,73;30,75;31,76;31,79;30,81;31,82;30,84;30,87;31,88;30,91;31,92;31,94;31,97;30,99;30,101;31,103;30,105;30,107;30,109;30,110;30,113;30,115;30,116;31,118;30,120;31,122;31,124;30,126;31,129;30,131;31,133;30,135;30,137;31,139;31,141;30,143;31,144;30,146;31,149;30,150;30,152;30,155;30,156;31,158;30,160;30,163;30,165;30,167;31,168;30,171;30,172;30,175;31,176;30,178;31,181;30,183;31,185;31,187;31,188;30,190;30,192;30,195;31,197;31,199;30,200;30,203;30,205;30,207;31,209;31,211;30,213;31,214;31,217;31,218;31,220;30,222;30,225;30,227;31,228;30,230;31,232;31,234;30,236;31,239;31,241;30,243;30,244;31,246;30,249;31,250;31,253;31,255;31,257;31,259;30,260;31,262;30,265;30,267;31,268;30,270;31,272;31,275;30,277;31,278;30,281;30,282;31,285;30,286;30,289;31,291;30,293;30,294;30,296;31,298;31,300;31,303;31,305;31,306;30,309;30,310;30,312;31,315;31,316;31,319;31,320;31,323;31,324;31,326;31,329;31,331;31,333;30,335;30,337;30,339;31,341;31,343;31,345;31,347;31,348;30,350;30,353;30,354;30,356;31,359;30,360;31,363;31,364;30,366;31,369;30,371;31,372;30,375;31,377;31,378;31,381;31,383;31,384;31,387;31,388;31,391;30,392;31,395;30,396;30,398;31,400;31,402;31,405;31,407;31,409;31,411;30,413;31,414;31,417;30,419;31,420;31,422;30,425;30,426;30,428;31,431;31,433;30,435;30,436;31,438;31,441;30,442;31,444;31,447;30,449;30,451;30,453;31,454;31,456;31,458;30,460;31,463;31,465;30,467;30,469;30,471;30,472;31,474;30,476;30,479;31,480;31,483;30,484;30,486;31,488;31,491;30,493;30,495;30,496;31,498;31,501;30,503;31,505;31,507;30,509;30,511
32,0;33,2;32,4;32,6;33,9;32,11;32,13;32,14;32,17;32,19;33,21;32,23;33,25;33,26;32,28;33,31;33,32;33,35;33,37;32,39;32,41;33,43;33,45;33,46;33,48;32,51;33,53;33,54;32,56;32,59;33,60;33,62;32,65;32,67;33,68;32,70;33,73;33,75;33,77;32,78;32,80;32,82;32,84;33,86;33,88;33,90;33,93;32,94;32,97;32,98;32,100;32,103;33,105;32,107;32,109;32,110;32,112;32,114;32,117;32,118;33,121;32,122;32,125;32,127;33,128;32,131;32,133;32,135;33,136;32,139;32,140;33,142;33,144;33,147;32,149;33,150;32,153;33,155;32,157;33,158;32,160;33,163;32,164;33,166;32,169;33,170;33,172;33,175;33,177;33,179;33,181;32,182;32,185;33,186;33,188;33,190;33,193;33,195;32,196;32,199;32,200;32,202;33,204;33,207;33,208;33,211;33,212;33,214;33,217;33,218;32,221;33,223;32,225;32,226;33,228;32,230;32,233;33,234;32,237;33,239;32,240;33,242;32,244;33,247;33,249;32,250;33,253;32,255;32,257;32,259;32,260;32,263;32,264;32,267;32,269;33,271;32,273;33,275;32,277;32,279;33,281;33,282;32,284;33,286;32,288;32,290;33,292;33,294;33,296;32,299;33,300;33,303;33,304;32,306;32,309;32,311;33,312;32,314;32,316;33,319;32,321;33,322;32,324;33,327;33,328;33,331;32,332;32,335;33,336;33,338;32,340;32,343;32,344;32,346;32,348;32,351;33,353;33,354;33,357;33,358;33,360;33,363;33,364;33,367;33,368;33,370;32,372;32,375;33,376;33,379;32,380;32,382;32,384;33,387;33,389;32,391;32,392;32,395;33,396;32,399;33,401;32,402;32,405;33,406;33,408;32,411;33,413;32,414;32,416;32,418;33,420;33,422;33,424;32,427;32,428;33,430;33,432;33,435;32,437;33,439;33,441;32,443;33,445;33,447;33,448;32,450;32,453;33,454;33,456;33,459;32,461;32,462;32,464;32,467;32,468;32,471;32,473;33,474;33,476;33,478;32,481;33,482;33,485;33,486;32,488;32,490;33,492;33,495;32,496;32,498;32,501;32,503;33,504;33,506;33,508;32,510
34,1;34,3;34,5;35,6;35,8;34,11;35,13;35,15;35,16;35,19;35,21;35,22;35,24;35,26;35,28;35,31;35,33;35,34;34,37;35,38;34,40;35,42;35,44;34,47;35,49;35,50;34,52;35,54;34,57;34,58;35,60;34,63;35,65;35,67;35,68;35,70;35,73;34,75;35,76;35,78;34,81;35,83;34,85;34,87;35,88;34,90;35,93;35,95;35,97;34,98;35,101;35,102;34,105;35,106;34,108;34,111;34,112;34,115;34,116;34,119;34,120;34,122;35,125;35,126;34,128;34,130;34,133;34,135;35,137;35,139;35,141;34,143;35,144;34,147;35,149;35,151;35,152;34,154;34,157;34,159;34,161;34,163;35,164;35,167;35,168;34,170;35,173;34,174;35,177;35,178;34,180;34,182;35,185;35,186;34,189;35,190;34,193;34,194;35,197;34,199;34,200;35,203;34,205;34,206;35,209;34,210;34,213;35,214;35,217;34,219;34,220;34,222;34,225;34,226;34,229;34,230;34,233;34,235;34,236;35,238;35,240;35,242;34,245;34,246;34,248;34,250;34,252;34,254;34,257;35,259;35,260;35,262;35,265;34,266;34,269;34,271;35,272;35,274;35,276;35,279;35,280;34,283;35,285;34,287;35,289;35,290;35,293;34,294;35,296;35,299;35,301;34,302;34,304;34,306;34,309;34,311;35,312;34,314;34,317;34,319;34,321;34,322;34,325;35,326;34,328;35,330;34,332;35,334;35,337;35,338;34,340;35,342;34,344;34,347;35,349;35,350;35,353;34,354;34,356;35,359;34,360;34,363;35,365;35,367;35,368;35,370;34,373;34,374;35,376;35,379;34,380;34,382;35,384;34,387;35,388;35,390;34,392;34,394;35,396;35,399;35,400;35,403;34,405;35,407;34,408;35,410;34,413;35,415;34,416;34,418;35,420;35,422;34,425;34,427;35,429;35,430;34,432;34,434;34,437;35,439;34,441;35,443;35,444;35,447;35,448;35,451;35,452;34,454;34,457;34,459;34,460;35,463;35,465;35,467;35,468;35,471;34,472;34,474;34,477;35,479;34,480;34,482;35,485;34,486;34,489;34,491;35,492;34,494;34,496;34,498;34,500;34,503;35,505;34,506;35,509;34,510
37,0;36,2;36,4;37,6;36,9;36,11;36,12;36,14;37,16;36,19;36,21;37,23;36,25;37,27;36,28;37,31;37,32;36,35;37,37;36,38;37,41;36,43;37,45;37,47;37,48;37,50;36,52;37,55;37,56;36,58;36,61;36,62;37,65;36,66;37,69;36,71;36,73;36,75;36,76;37,79;37,80;37,82;37,84;36,86;37,88;36,90;36,93;36,95;36,96;37,99;37,101;36,103;37,105;37,106;37,109;37,111;37,113;36,114;37,116;37,119;37,120;37,123;36,125;37,126;36,128;36,131;36,132;37,134;36,137;37,139;37,141;36,143;37,145;37,146;36,148;36,150;37,152;37,154;37,156;37,158;36,160;37,163;36,165;36,166;36,169;36,170;37,173;36,174;36,177;37,178;37,180;37,182;37,184;37,187;36,188;37,190;36,193;37,195;36,197;37,198;36,200;37,203;37,205;37,207;37,209;37,211;36,213;37,215;37,217;37,219;37,221;36,223;37,225;37,226;36,228;37,230;37,232;36,235;37,237;36,238;36,241;36,242;37,244;37,247;36,248;37,251;36,253;37,254;36,257;36,259;37,261;36,262;36,265;36,266;36,268;36,271;36,272;36,275;37,276;36,279;37,281;36,283;36,284;37,287;37,289;36,290;36,292;37,295;37,297;36,298;36,301;36,302;37,305;36,306;37,309;36,310;36,313;37,314;36,316;36,319;37,321;37,323;36,324;37,327;37,329;36,331;36,332;37,335;36,337;37,338;36,340;36,342;37,345;36,346;36,348;36,350;36,353;36,354;37,356;37,359;37,361;36,362;36,365;37,366;36,368;37,370;37,373;36,375;36,376;37,378;37,380;36,383;36,384;36,387;36,388;36,390;36,392;36,394;37,396;37,399;37,401;37,402;36,405;36,406;36,408;36,411;37,413;37,414;36,416;36,419;36,420;37,422;37,425;37,427;37,428;37,430;37,433;36,435;36,436;36,438;37,440;37,443;36,444;37,446;36,448;36,451;36,453;37,455;37,456;36,458;37,460;37,462;37,464;37,467;37,468;36,470;36,473;37,474;37,476;36,478;36,480;36,482;37,485;36,486;36,489;36,490;36,492;37,494;36,497;37,498;37,500;37,503;36,504;36,506;36,508;36,510
38,0;38,2;39,5;39,6;39,9;38,10;39,13;39,14;39,17;38,19;38,21;39,22;38,24;39,26;38,29;38,30;39,32;38,34;39,37;39,38;38,41;39,42;39,45;39,47;38,49;38,50;38,53;39,54;38,57;38,58;38,60;38,62;38,65;38,67;38,68;38,70;38,72;38,75;38,76;39,79;38,80;39,83;38,84;39,87;39,88;39,91;38,92;39,94;38,97;38,99;39,101;38,102;39,104;39,107;39,108;38,110;38,112;39,115;39,116;38,118;39,121;39,122;38,124;39,126;39,129;39,131;39,133;38,135;39,136;38,139;39,141;38,142;39,145;38,146;38,149;39,150;38,153;38,155;39,157;39,158;38,161;38,163;38,165;39,166;38,168;38,171;39,172;39,175;38,177;38,179;39,180;38,182;38,184;38,186;39,189;39,190;38,192;38,195;39,197;39,198;39,201;38,202;38,205;39,206;39,209;39,210;38,213;39,215;39,217;38,219;38,221;38,222;39,225;38,226;38,229;39,231;39,232;38,235;39,237;38,238;38,241;39,243;38,245;38,247;38,249;38,250;38,252;39,254;39,257;39,259;39,260;38,262;38,265;38,267;39,268;39,271;39,273;39,275;39,276;39,278;38,281;38,283;39,285;38,287;38,288;39,290;39,293;38,294;39,297;38,299;38,300;39,302;39,304;38,307;39,308;39,311;39,313;39,315;39,317;38,319;38,320;38,323;39,324;39,326;39,329;38,330;39,332;39,335;38,337;39,338;38,340;38,343;39,345;39,347;39,349;39,350;39,352;39,354;39,356;39,358;39,360;39,363;39,364;39,366;38,369;38,371;39,372;39,375;39,376;39,379;38,380;38,383;38,384;39,386;39,388;38,391;38,393;38,395;38,396;38,398;39,400;39,402;39,405;38,407;38,408;39,411;39,412;38,415;39,417;39,419;38,421;39,423;39,424;39,427;38,429;38,430;38,433;39,434;38,436;39,439;39,440;38,442;39,445;38,446;38,448;39,450;39,453;38,454;38,456;39,458;39,461;38,462;38,464;39,467;38,468;39,471;39,473;38,475;39,477;38,478;38,481;38,483;38,484;39,486;38,488;38,490;39,493;39,494;38,496;39,499;39,500;39,502;38,504;39,507;39,509;38,511
40,1;40,3;41,5;40,7;40,9;40,10;41,13;40,15;40,17;40,18;40,21;40,23;41,25;40,26;41,29;40,31;40,32;41,34;40,37;40,38;41,41;40,42;40,44;40,46;40,48;40,50;41,52;40,54;41,56;41,58;40,61;40,63;41,64;41,66;40,68;41,70;40,73;41,75;40,77;41,79;41,80;40,83;41,85;41,87;40,88;41,91;40,93;40,95;40,96;41,98;40,101;41,103;40,104;41,106;41,108;40,110;41,113;41,114;41,116;40,119;40,120;41,123;40,125;40,126;41,128;41,130;41,132;41,134;41,137;40,138;41,141;40,143;41,145;40,147;41,149;40,150;41,152;41,154;41,156;40,159;41,160;40,163;41,165;40,167;40,168;41,170;41,172;41,174;40,177;40,178;41,180;41,183;41,184;40,186;40,189;40,191;40,192;40,195;41,197;41,198;41,201;40,203;40,204;40,207;40,209;41,210;40,213;41,215;40,217;40,218;41,221;40,223;40,225;40,227;41,228;41,230;40,233;41,234;41,237;41,239;40,240;41,242;40,245;40,246;40,249;41,251;41,253;41,255;40,256;40,258;40,261;41,262;41,264;40,267;41,269;40,270;41,272;41,274;40,277;41,278;40,281;41,283;41,284;40,286;40,288;41,290;40,293;41,295;40,296;40,298;41,300;41,303;41,304;40,307;40,308;40,310;41,313;40,315;40,316;40,319;40,320;41,322;40,324;41,326;40,328;40,330;40,332;40,335;40,336;41,338;40,340;40,342;41,345;41,346;40,349;40,350;40,352;40,354;40,357;41,358;40,360;41,362;40,365;40,367;41,368;41,371;41,373;40,375;41,376;41,379;40,380;41,382;41,385;40,386;40,388;41,391;40,392;40,394;41,396;40,398;41,400;40,403;40,404;40,406;40,409;40,411;41,412;40,414;40,417;40,419;40,420;40,422;40,425;40,426;41,428;41,431;41,433;41,434;40,436;41,438;40,440;40,442;40,444;41,447;41,448;40,450;40,452;41,454;40,456;40,458;41,460;40,463;40,464;40,466;40,468;41,470;41,472;40,475;41,476;40,478;41,480;41,482;40,485;41,486;40,488;40,490;40,492;40,494;40,497;41,499;40,501;41,503;41,504;40,506;41,508;41,510
43,0;43,3;42,5;43,6;42,9;42,11;42,12;42,14;42,16;42,18;42,21;42,22;42,25;42,27;42,28;43,30;42,32;42,35;43,37;42,39;43,40;42,42;42,45;42,46;42,48;43,50;42,52;43,55;42,56;42,58;43,61;42,62;42,65;42,66;42,69;42,71;42,72;42,75;43,77;42,78;43,80;43,82;43,84;42,86;42,89;42,90;42,93;43,95;42,97;42,98;43,101;42,102;43,105;43,107;43,108;43,110;42,112;42,115;42,116;42,118;42,120;43,122;43,125;42,127;43,128;42,131;43,133;43,135;42,136;42,138;43,141;43,142;42,145;42,146;42,148;42,150;42,152;42,155;43,157;43,158;43,161;42,162;43,164;42,167;43,169;43,171;43,172;43,175;42,176;42,179;43,181;43,183;42,184;42,187;43,188;43,190;43,193;43,195;42,196;43,198;42,201;43,202;43,205;43,206;42,209;43,210;43,213;43,215;43,217;42,218;42,220;42,223;43,225;43,227;42,229;43,231;43,232;43,235;43,236;42,239;42,241;42,242;43,245;42,247;43,248;42,250;42,252;42,255;43,257;43,259;42,261;43,262;43,264;42,267;42,269;43,270;43,272;42,275;43,276;42,279;43,281;42,282;42,284;43,287;42,288;43,290;43,293;43,295;43,296;42,298;43,300;42,303;42,304;42,307;42,309;42,311;43,312;43,315;42,316;42,319;42,321;43,323;43,324;42,326;42,329;43,331;42,333;42,334;43,337;42,338;42,340;43,342;43,344;43,347;42,349;42,351;43,353;43,355;43,356;42,359;43,360;42,362;42,365;42,367;43,369;42,370;43,372;43,374;43,376;43,378;43,381;43,382;42,385;43,386;43,389;43,390;42,392;43,395;42,397;43,399;43,401;43,402;43,405;42,407;42,409;43,410;42,413;42,415;42,417;42,418;43,420;43,423;42,424;42,427;42,428;43,430;42,433;42,435;43,437;42,438;42,441;42,442;43,445;43,446;42,449;43,451;43,452;43,454;43,456;43,459;43,461;43,463;42,465;42,466;42,468;42,471;42,473;42,475;42,476;42,478;43,481;43,483;43,485;42,487;42,488;42,491;43,492;43,494;43,496;42,498;43,501;43,503;42,505;42,506;43,508;43,510
44,0;44,3;45,4;44,6;44,9;45,10;44,12;44,15;44,17;45,18;44,20;44,23;45,25;44,26;45,29;45,30;45,32;45,35;44,37;45,39;45,40;44,42;44,44;45,47;45,49;45,51;44,52;44,55;44,57;45,59;44,60;45,62;44,65;45,66;45,69;44,71;45,72;45,74;45,77;45,78;44,80;45,83;44,84;44,86;45,88;45,91;44,92;45,95;45,96;45,99;44,100;45,103;44,104;44,106;44,109;45,110;45,113;45,114;45,117;45,118;44,120;44,122;45,124;44,126;45,129;44,130;45,132;45,135;44,137;45,138;44,140;45,142;45,145;45,147;45,148;45,151;44,153;44,155;44,156;45,159;44,160;45,162;45,165;45,166;45,168;45,171;44,172;44,174;45,177;45,179;44,181;45,182;44,185;44,186;45,188;45,191;44,193;44,194;44,197;45,198;44,200;45,202;45,204;45,207;45,209;44,211;45,213;45,214;45,217;44,218;45,220;44,223;44,224;45,226;44,229;45,231;44,232;45,235;45,236;45,239;44,241;44,243;44,244;44,247;45,248;44,251;44,253;45,255;45,257;44,258;45,260;44,263;44,265;45,267;45,269;44,270;45,273;44,275;44,277;45,279;44,280;44,283;44,285;45,286;45,288;45,290;45,293;44,294;44,297;45,298;45,300;44,303;44,305;45,307;45,309;45,311;44,313;44,314;45,316;45,319;44,321;45,322;45,324;44,326;44,329;44,331;44,333;44,335;45,336;44,339;45,340;45,343;44,345;44,346;45,348;45,351;44,352;45,354;45,356;45,358;44,361;45,363;45,364;44,366;44,368;45,370;45,373;45,375;44,376;44,379;44,381;44,383;45,384;45,387;45,388;45,390;44,392;44,394;44,396;44,398;45,401;45,402;44,404;44,406;44,409;45,411;44,412;44,414;45,417;44,419;45,421;44,423;44,425;44,426;44,428;44,431;45,433;45,434;45,437;44,438;44,440;44,442;45,445;44,446;44,448;44,450;45,452;44,455;45,456;45,459;45,460;45,462;45,464;45,466;44,469;45,471;45,473;45,475;44,477;44,479;44,481;45,483;45,485;45,486;44,489;45,490;44,493;44,495;44,496;45,499;45,501;45,502;45,504;44,506;45,508;44,511
46,0;47,2;46,5;46,6;46,8;47,11;47,12;47,15;46,17;46,18;46,20;47,23;47,25;47,27;46,28;46,31;47,33;46,35;46,37;46,38;47,40;46,43;46,45;47,47;46,48;46,50;47,52;46,54;46,57;47,58;47,61;46,63;46,65;46,66;47,69;47,71;47,73;47,74;46,77;47,79;46,81;46,83;47,85;47,87;47,88;46,91;47,93;47,94;46,97;47,99;46,101;46,103;47,105;46,107;46,109;46,110;46,113;46,114;46,117;46,119;47,120;46,122;46,124;47,126;47,128;47,131;47,133;46,135;46,136;46,139;47,140;47,142;47,144;47,146;46,148;46,151;46,153;47,154;47,157;46,158;46,160;47,162;47,164;46,166;46,168;46,170;47,173;46,174;47,177;46,179;47,180;46,182;46,184;46,187;47,188;47,190;47,192;46,195;47,197;47,199;46,201;47,203;46,205;46,206;46,209;47,211;46,212;47,215;47,216;46,218;46,220;46,223;47,224;47,227;47,229;46,231;47,233;47,235;47,236;47,238;47,240;47,242;46,244;47,247;46,248;47,251;47,252;47,255;46,256;46,258;46,261;46,263;47,265;46,267;47,269;46,271;46,272;46,274;47,276;46,279;46,280;47,282;46,285;46,286;46,289;46,291;47,292;47,295;47,296;47,298;47,301;47,302;47,305;47,306;47,308;47,311;47,313;47,315;46,316;46,319;46,320;46,323;46,325;46,327;46,329;47,330;46,333;47,335;46,336;47,339;47,340;47,342;46,345;47,346;47,348;46,351;46,352;46,354;47,357;47,358;46,361;47,363;46,365;47,366;46,368;47,371;46,373;46,374;47,377;46,378;47,381;47,383;46,385;47,386;46,388;47,390;46,393;46,395;47,396;47,399;46,400;47,403;47,405;46,407;46,409;46,410;46,413;46,415;47,417;46,418;46,421;47,423;47,424;47,426;46,429;46,431;46,432;46,434;46,436;46,439;47,441;47,443;47,445;46,446;46,449;46,450;47,452;46,454;47,456;46,459;47,461;46,463;46,464;47,467;46,468;46,470;47,473;46,474;47,476;46,478;46,480;47,483;47,484;46,487;47,488;47,491;47,493;47,495;46,496;47,499;47,501;46,502;46,505;46,506;47,509;46,511
49,1;49,3;49,4;48,6;48,8;48,10;48,12;49,15;49,16;48,18;49,20;49,22;49,25;49,26;49,29;48,31;49,33;49,35;48,36;49,38;49,40;48,43;49,44;49,46;48,48;48,51;48,52;49,55;48,57;49,58;49,60;48,62;48,64;48,66;49,69;48,70;49,72;49,74;48,77;49,78;48,80;48,82;48,84;48,87;48,89;48,90;48,93;48,95;48,96;48,99;48,101;49,103;48,105;48,106;49,109;48,110;49,112;49,115;49,116;48,119;48,120;48,122;49,124;49,126;49,128;48,131;48,133;48,134;49,137;49,139;48,140;48,143;49,145;49,146;48,149;48,151;48,152;48,154;49,156;48,158;49,160;49,163;49,165;48,166;48,168;48,171;49,173;48,174;48,176;48,178;49,180;49,182;48,185;49,187;48,189;48,190;49,192;49,195;48,196;48,199;49,201;48,202;49,205;49,206;49,208;49,211;49,212;49,214;48,217;48,219;49,220;49,223;48,225;49,226;49,228;48,231;48,233;49,235;49,237;48,238;49,241;49,242;49,244;48,247;49,249;49,251;48,253;48,255;48,256;49,258;48,261;48,263;48,265;49,267;49,268;49,270;48,272;49,275;49,276;48,278;49,281;49,283;48,285;48,286;48,289;48,290;48,293;49,295;49,297;49,298;49,300;48,302;49,305;48,306;48,309;48,311;48,312;49,315;49,316;49,318;48,320;48,322;48,324;49,327;48,329;48,330;48,333;48,334;48,337;48,339;49,340;48,343;49,345;48,346;48,348;49,351;49,353;49,355;48,357;49,359;49,360;48,362;49,365;49,366;49,368;49,370;49,373;48,375;48,376;49,378;48,381;48,382;48,385;49,387;48,388;48,391;49,392;48,394;49,396;49,398;49,400;49,403;48,404;48,406;48,409;48,410;48,413;49,414;49,417;48,419;49,420;48,422;49,425;48,427;49,429;49,431;49,433;49,435;48,436;48,438;48,441;48,443;49,445;49,447;48,448;48,451;48,452;48,454;48,457;49,458;49,461;48,462;49,465;49,467;48,469;48,471;48,472;48,474;48,477;49,478;48,480;48,482;48,484;49,486;48,488;48,491;49,493;48,494;49,496;49,499;48,501;48,502;48,504;48,507;48,508;48,510
51,1;51,3;51,5;51,7;51,9;50,10;51,13;50,14;51,16;51,18;51,20;50,23;51,24;51,26;50,29;51,31;51,32;51,34;50,36;51,39;51,41;50,42;51,44;50,47;50,49;51,50;51,52;50,54;51,57;50,59;51,61;50,63;50,65;51,66;51,69;51,70;50,72;51,75;50,77;50,78;50,80;51,82;51,84;50,87;50,89;51,91;50,93;51,95;50,96;51,98;51,100;51,103;51,104;51,107;50,108;51,111;51,113;50,114;51,116;51,118;50,121;50,122;51,124;51,126;51,128;50,131;51,132;51,134;50,136;50,138;51,141;50,142;51,144;50,146;51,148;50,150;50,152;51,155;51,157;50,158;50,160;50,163;50,165;50,167;51,169;50,170;51,172;50,175;50,176;50,178;51,180;51,183;50,184;51,186;50,188;50,190;51,193;51,194;50,197;50,198;51,200;50,203;50,204;50,206;50,209;51,211;51,212;50,214;50,217;50,218;51,221;51,223;50,225;50,227;51,228;50,231;50,233;51,234;50,237;51,239;51,241;51,243;50,244;51,246;51,249;50,251;51,253;51,255;50,257;51,258;50,260;50,263;50,264;50,267;51,268;51,270;51,273;50,275;51,277;51,279;51,280;51,282;51,284;50,287;51,288;51,291;51,293;51,295;51,296;50,299;51,300;51,302;51,305;51,306;50,308;50,310;50,313;50,314;50,317;50,319;50,320;51,322;51,324;50,327;50,329;51,330;51,333;50,335;51,336;50,338;50,341;51,343;51,345;51,347;51,348;50,351;50,353;51,355;50,357;50,358;51,361;50,363;51,364;51,366;51,369;51,370;50,372;51,375;50,377;51,378;51,381;50,383;51,385;50,387;51,388;50,390;50,393;51,394;51,396;51,398;51,400;50,403;50,405;51,407;51,409;50,411;50,413;51,415;51,417;50,418;50,421;51,423;51,425;50,427;51,428;51,430;51,432;50,435;50,437;50,439;51,440;50,442;50,444;50,446;50,448;50,450;51,452;51,454;51,457;51,459;50,461;51,463;51,465;51,466;50,469;51,470;50,472;50,474;50,477;51,478;51,481;51,483;50,485;51,486;50,488;51,491;51,492;51,495;50,497;51,498;51,500;51,502;50,505;50,507;50,508;51,510
52,0;52,3;52,5;52,6;52,9;53,10;52,12;53,15;52,16;52,18;53,21;53,22;53,24;52,26;52,28;52,31;52,32;52,35;52,36;53,38;53,40;53,43;52,44;52,46;53,49;53,51;53,53;53,54;52,56;52,58;53,61;52,62;53,64;53,67;53,69;53,71;52,72;52,74;53,76;53,78;52,81;53,83;52,85;52,87;53,89;53,90;53,93;52,95;52,96;53,99;52,101;53,103;53,104;52,107;52,109;53,110;53,113;52,115;52,117;52,119;53,121;53,123;53,124;52,127;52,128;53,131;53,133;52,134;53,137;52,138;52,140;53,143;52,144;53,146;53,148;53,150;52,152;53,154;52,157;53,159;53,161;53,163;52,165;53,167;52,169;53,170;53,173;52,174;53,176;53,179;52,181;53,183;52,184;52,187;53,189;52,190;53,193;52,195;52,197;53,199;52,201;52,203;53,204;52,206;53,208;53,211;52,212;53,214;52,216;53,219;53,220;53,222;53,224;53,226;52,228;53,230;53,232;52,235;53,236;53,239;53,240;52,243;53,245;52,247;52,249;52,251;53,252;53,254;53,256;52,258;52,260;53,263;53,265;53,267;53,269;53,270;52,272;53,275;52,276;53,278;53,281;52,282;52,285;53,286;53,288;52,290;52,292;53,294;53,297;53,298;52,301;53,303;53,304;53,306;52,308;52,311;53,312;53,314;53,317;53,319;52,321;52,322;53,324;52,327;52,328;53,330;53,332;52,335;52,337;52,339;53,340;53,342;52,345;52,347;52,348;52,351;53,352;53,355;52,357;52,359;53,361;53,363;53,364;52,366;53,368;52,371;53,372;52,375;53,376;52,379;52,381;53,383;53,385;53,387;52,389;53,391;52,392;53,394;52,396;52,398;53,400;53,402;53,404;52,407;53,408;52,410;53,413;52,415;52,417;53,419;53,421;52,422;53,425;53,426;53,429;52,430;52,432;52,434;53,437;52,439;52,441;53,443;52,444;52,446;52,448;52,450;53,452;53,455;53,457;53,458;52,461;53,463;52,464;53,466;52,468;53,471;52,472;53,475;52,477;53,479;52,481;53,482;53,485;53,486;53,488;53,490;53,493;53,495;53,496;53,498;53,501;53,503;53,504;53,507;52,509;53,511
55,0;55,2;54,4;54,6;55,8;54,11;54,12;55,15;54,16;55,18;55,20;54,22;54,24;55,27;54,29;54,31;55,33;55,35;55,36;55,39;55,40;55,42;54,44;54,46;55,48;54,51;54,53;54,55;55,57;55,58;54,60;54,63;55,64;54,66;55,68;54,71;54,72;55,75;54,77;54,79;55,80;54,83;54,85;55,86;55,89;55,91;54,92;55,94;55,97;55,98;54,100;54,103;54,104;55,106;55,108;54,110;54,113;55,114;54,116;55,119;55,120;54,123;55,124;55,126;55,128;54,131;54,133;55,135;55,137;54,139;54,140;54,143;55,145;54,147;55,148;54,151;54,153;54,155;55,157;54,158;54,160;55,163;54,165;54,166;54,169;54,170;54,172;55,175;54,177;55,179;55,181;54,182;55,185;55,186;55,188;54,190;55,192;55,195;55,196;54,198;54,201;54,203;55,204;54,206;55,208;54,211;54,213;54,214;54,217;54,219;54,220;55,222;54,225;54,226;54,228;54,231;55,232;54,235;55,237;55,238;55,240;55,243;55,244;54,247;54,248;55,251;54,253;55,255;54,256;54,259;54,260;54,262;54,264;54,267;55,269;55,270;54,272;55,275;55,276;55,278;54,280;55,283;54,284;54,287;55,288;55,290;54,293;54,294;54,297;55,299;54,300;54,302;54,304;55,306;54,309;55,311;54,312;55,314;54,316;54,318;54,321;54,322;54,324;55,326;55,328;55,330;55,332;55,335;55,336;55,339;54,341;54,343;55,345;55,346;55,349;54,351;55,352;55,354;55,356;55,359;55,360;54,363;55,364;54,366;55,368;55,371;54,373;54,375;54,377;55,379;54,380;55,382;55,384;55,386;54,388;55,390;55,392;55,394;54,396;55,398;54,400;54,403;54,404;55,406;55,409;55,411;54,413;55,415;55,417;55,418;54,421;55,423;54,424;54,427;55,428;55,430;54,432;54,434;54,437;55,439;55,440;54,443;54,445;54,446;55,449;55,450;55,452;54,455;54,457;54,458;54,461;55,463;54,464;55,466;55,469;54,471;55,472;55,475;54,477;55,479;55,480;54,483;54,484;54,487;54,489;55,490;54,492;55,494;55,496;54,498;55,501;55,502;54,504;54,507;54,509;55,511
56,1;56,3;57,4;56,7;56,9;56,10;57,12;56,15;56,16;57,18;57,20;57,23;56,25;56,26;56,28;56,30;56,32;56,34;57,37;57,39;57,41;57,42;56,44;57,46;57,49;57,51;56,53;56,54;57,57;56,58;57,60;57,62;56,64;57,67;57,69;57,71;57,73;57,75;57,77;56,78;57,80;56,82;57,84;57,86;57,89;56,90;56,92;57,95;57,97;57,99;57,101;56,103;56,104;57,106;56,109;57,110;57,113;57,114;56,117;57,118;57,121;56,123;56,125;57,127;57,129;56,130;56,133;56,135;56,136;56,138;56,141;56,142;56,145;56,146;56,149;57,151;56,152;57,155;56,157;57,158;56,160;57,162;57,165;56,166;56,168;56,170;57,172;56,175;56,176;56,179;56,181;56,182;57,185;57,186;57,189;56,191;56,193;57,195;56,196;56,198;57,200;57,202;57,204;56,206;57,208;57,211;57,212;56,214;57,217;56,219;57,220;56,222;57,225;56,227;56,229;56,230;56,233;56,235;57,237;57,239;56,241;57,243;57,245;57,246;56,248;56,251;56,252;57,255;57,257;56,259;57,260;56,262;57,265;57,266;56,269;57,271;57,273;57,275;56,277;57,279;56,281;56,282;56,285;56,287;56,288;56,290;56,292;57,294;56,297;57,299;56,300;57,303;57,304;57,307;56,309;56,311;57,312;56,315;57,317;56,319;57,321;57,323;57,324;57,326;57,328;57,330;56,332;56,335;57,336;57,339;56,340;57,342;56,345;57,346;57,348;56,350;56,352;56,354;56,356;56,358;56,361;56,363;56,365;57,367;56,369;56,371;57,373;57,374;56,377;56,379;56,380;57,383;56,384;56,387;56,389;56,391;56,393;57,394;56,397;56,399;57,401;57,402;56,404;56,406;56,409;56,410;56,412;56,415;57,417;57,418;57,420;57,422;57,425;57,427;56,429;57,430;56,432;56,435;56,436;56,439;56,440;57,443;57,444;56,446;57,448;56,451;57,453;56,454;56,456;57,459;57,461;57,463;56,465;57,466;56,468;56,470;57,473;56,475;56,476;57,478;56,481;57,483;57,484;57,486;57,488;56,490;56,492;56,494;56,496;56,499;56,500;56,502;56,505;56,506;56,508;56,511
58,0;59,2;58,5;58,7;58,9;59,10;58,13;58,15;58,16;58,19;59,20;59,22;59,25;59,27;58,29;59,30;59,32;59,35;58,37;58,39;59,41;58,42;59,44;59,46;59,49;58,50;58,52;58,55;58,57;58,59;59,60;58,62;58,64;58,66;59,69;58,71;58,73;59,75;58,76;58,79;59,81;58,82;59,85;59,87;58,89;59,90;59,92;58,95;59,97;58,98;59,100;58,103;59,105;58,107;59,109;59,110;59,112;59,114;58,117;58,118;58,120;58,122;59,124;58,127;59,128;58,130;59,132;59,134;58,136;59,139;59,141;58,142;59,144;58,147;59,148;58,150;59,152;58,155;59,157;59,158;59,160;58,162;59,164;59,167;59,169;59,171;58,172;58,175;58,177;58,179;58,180;59,182;58,185;59,186;59,188;58,190;58,193;59,194;59,197;59,199;59,200;59,202;59,204;58,206;58,209;58,211;58,212;59,214;58,216;58,218;59,220;58,222;59,225;58,227;59,228;58,230;59,233;59,235;59,236;58,239;58,241;59,242;58,244;58,247;59,249;58,251;59,253;58,255;59,257;58,258;59,260;59,263;59,265;59,267;58,269;58,270;58,272;58,275;58,277;59,279;59,281;59,282;59,284;58,287;59,288;58,290;59,293;59,295;58,297;58,299;59,301;58,303;58,304;59,307;59,309;59,311;58,313;58,314;58,316;59,318;59,320;59,322;58,325;59,327;58,328;58,331;59,332;58,335;58,337;59,338;59,340;58,342;59,345;58,346;58,349;59,350;59,353;59,354;59,357;58,358;58,360;58,362;59,365;59,366;59,369;58,371;59,373;59,374;58,376;58,379;59,380;59,382;59,385;58,387;58,388;58,391;58,392;59,394;58,396;58,399;58,400;59,402;58,404;59,407;58,409;59,410;58,413;58,415;58,416;59,419;59,421;58,422;58,425;59,427;59,428;59,431;59,432;58,434;58,436;58,438;59,440;58,442;58,444;59,446;58,448;59,450;59,453;59,454;59,457;58,458;58,460;58,463;58,465;59,467;59,468;58,471;59,473;58,475;58,476;58,479;59,480;59,482;59,485;59,486;59,488;58,490;59,493;59,495;59,497;59,498;58,501;58,502;58,504;59,506;59,508;59,510
60,0;60,2;60,4;61,7;61,9;61,11;60,13;60,15;60,17;61,18;61,21;61,22;61,25;61,27;60,28;61,30;61,32;61,35;60,37;61,39;60,41;60,43;60,44;61,47;61,49;60,50;60,53;61,55;61,56;60,58;60,61;60,63;61,65;60,67;60,69;60,70;61,73;61,75;60,76;60,78;61,80;60,83;61,84;61,86;60,88;61,91;61,93;60,95;61,96;61,99;61,101;60,103;61,105;61,107;61,108;60,110;60,112;60,115;61,117;61,118;61,121;61,122;60,124;61,126;61,128;61,131;60,132;60,135;61,137;60,139;60,141;61,143;60,144;61,146;60,148;61,151;61,153;61,154;61,157;60,158;60,161;60,163;60,165;60,166;60,168;61,171;60,172;61,174;61,176;60,178;61,180;60,183;60,184;60,186;60,189;61,190;60,193;60,194;60,197;61,198;60,200;60,203;60,204;60,207;61,208;60,211;61,213;60,215;60,217;61,219;60,220;61,222;61,224;60,227;60,229;60,230;61,232;61,235;60,236;61,239;61,240;60,243;60,245;60,247;60,249;61,250;61,252;61,254;60,256;61,259;61,261;60,262;60,264;61,266;61,268;61,270;60,273;60,274;60,277;60,279;60,281;60,283;61,285;60,286;61,288;60,291;60,292;60,295;60,296;60,298;60,301;60,303;60,304;61,307;61,309;61,310;60,312;60,314;60,316;60,319;61,320;60,323;60,324;61,326;61,329;61,330;60,333;61,334;61,336;60,338;60,341;61,342;61,344;60,347;61,349;60,351;61,352;61,354;61,356;60,359;61,361;60,363;60,364;60,367;60,368;60,371;60,373;60,375;61,377;60,379;60,380;61,383;61,384;60,387;60,388;61,390;61,393;61,395;61,396;61,399;61,401;60,403;60,405;61,407;61,409;60,410;61,413;60,415;61,417;61,419;60,421;60,422;61,424;61,426;60,428;60,430;61,433;60,435;60,436;61,438;60,440;60,443;60,445;61,446;60,449;61,451;60,452;61,455;60,456;61,459;60,460;60,463;61,464;61,466;60,468;61,471;61,472;60,475;60,477;60,478;61,480;61,483;61,485;60,486;61,488;61,490;61,492;61,495;61,496;61,499;61,501;61,502;61,504;61,507;61,508;60,511
63,0;62,3;62,4;62,6;62,8;63,11;63,12;62,15;62,17;63,18;62,21;63,23;63,24;63,27;62,29;62,30;62,32;63,34;62,36;62,39;63,40;62,42;62,44;62,47;63,49;62,51;63,52;63,55;62,57;62,58;62,61;63,63;63,65;62,66;62,68;63,70;63,73;63,75;62,76;62,79;62,81;63,83;62,84;63,86;63,88;62,90;63,93;63,95;63,96;63,98;62,101;62,102;63,104;63,106;63,108;62,110;62,113;62,114;62,116;63,118;62,121;63,123;62,124;62,127;62,128;63,130;63,133;63,134;63,137;63,139;63,140;62,142;62,145;63,147;62,148;62,150;63,152;63,154;63,157;63,159;63,161;62,162;62,164;63,166;62,168;63,171;63,173;63,174;62,177;62,179;63,181;62,183;62,185;62,187;63,189;63,191;62,192;63,195;63,197;62,199;62,201;63,203;62,205;63,207;63,208;63,210;63,212;62,214;62,216;63,218;62,221;62,223;63,225;62,226;63,228;62,231;62,233;63,235;63,237;63,238;63,240;62,243;63,244;62,247;62,248;63,251;62,253;62,255;62,256;63,259;62,261;62,262;62,265;63,267;63,268;62,271;63,272;63,275;63,276;62,278;63,281;63,282;63,285;62,287;62,288;62,290;62,292;62,295;62,296;62,299;63,300;62,302;63,304;63,306;62,309;63,311;62,312;63,314;63,316;63,318;63,320;62,322;62,324;63,327;62,328;63,331;63,332;63,334;62,337;63,339;63,341;62,342;62,344;63,346;62,349;63,351;62,353;63,355;62,356;62,359;63,360;62,362;63,364;62,366;63,369;63,371;62,373;62,375;63,376;62,379;63,380;62,383;62,385;63,387;62,389;63,390;63,392;62,394;63,396;63,398;62,400;63,403;63,405;62,406;62,409;63,411;62,412;63,414;63,416;63,418;62,421;62,423;63,425;63,426;62,429;63,430;62,432;62,435;63,437;63,438;62,441;62,443;62,444;63,446;62,449;63,450;62,452;63,454;62,457;62,459;63,461;63,463;63,464;63,467;62,469;62,471;62,473;63,474;62,476;63,478;63,481;62,482;62,485;63,486;62,488;63,491;63,493;63,495;63,496;63,498;63,501;63,503;63,504;63,506;62,508;63,511
64,1;65,3;65,4;65,6;64,9;64,10;64,12;64,14;64,16;64,18;65,20;64,23;65,25;64,27;64,28;64,30;65,32;64,35;65,37;65,38;65,41;65,43;64,44;65,46;65,48;64,51;64,53;64,55;65,57;65,59;64,60;65,62;64,65;65,66;64,69;65,70;65,73;65,74;64,76;65,79;65,80;65,82;64,85;65,86;65,89;64,91;65,93;64,95;64,97;64,98;65,101;65,102;65,104;64,107;64,109;64,110;64,113;64,115;64,117;65,119;64,120;64,122;64,125;64,126;64,129;64,130;64,132;64,134;64,137;64,138;65,140;65,142;65,144;64,146;64,149;65,150;65,152;64,154;65,157;64,158;65,160;64,163;64,165;65,167;65,168;65,170;65,172;65,174;64,176;65,179;64,180;64,183;65,184;65,186;64,188;64,190;65,192;65,194;65,197;65,199;64,201;64,202;64,205;64,206;65,209;65,210;65,213;64,215;64,216;64,218;65,220;64,222;65,224;64,226;64,228;64,230;64,232;65,235;64,236;64,238;65,241;65,243;64,245;65,247;64,249;65,251;65,252;65,254;65,256;65,259;65,260;64,263;65,264;64,266;64,268;64,271;64,273;64,275;64,276;64,279;64,281;64,283;65,285;64,286;64,288;64,291;64,292;65,294;64,297;64,298;65,301;65,302;65,304;64,306;64,308;64,311;64,312;65,315;65,316;65,318;64,320;64,322;64,325;64,326;65,328;64,331;64,333;64,334;64,336;64,339;64,341;64,342;64,344;64,346;64,348;65,350;64,352;65,354;65,357;64,358;64,360;65,362;65,364;65,367;64,368;65,370;65,372;64,374;64,377;64,378;64,380;64,382;64,385;64,386;64,388;65,391;64,392;65,395;64,397;64,399;65,401;64,402;65,405;64,406;65,409;64,411;64,412;65,414;65,416;64,418;64,420;65,423;64,425;65,427;64,428;65,430;64,433;65,435;65,437;64,439;64,441;64,443;65,444;65,447;64,448;65,451;65,453;65,454;64,456;64,459;65,461;65,463;65,465;64,466;64,469;65,470;64,473;64,475;64,477;65,478;65,481;64,482;64,485;65,486;65,488;64,491;64,493;64,494;65,496;64,498;64,501;64,502;64,505;64,506;64,509;64,511
67,0;67,3;67,5;66,7;66,9;67,11;66,13;67,14;67,17;66,18;67,20;67,23;67,25;67,27;67,28;67,31;67,33;67,35;67,36;66,38;66,41;66,42;67,44;66,47;66,48;67,51;66,53;66,54;67,57;67,58;67,61;67,63;66,64;66,66;66,69;66,71;67,73;66,75;67,77;66,78;67,80;67,83;67,84;67,86;66,88;67,90;66,93;67,95;67,96;67,98;67,101;67,102;67,105;66,106;66,109;67,111;66,112;67,114;66,117;66,119;67,121;67,123;66,125;66,126;67,129;67,130;67,132;67,134;66,136;66,138;66,141;66,143;66,145;67,147;67,148;67,151;66,152;67,154;66,157;66,158;67,161;67,163;66,164;67,167;66,168;67,170;67,173;66,174;67,176;67,178;66,180;67,183;66,184;66,187;66,188;67,190;67,193;67,195;66,197;67,198;67,200;66,203;67,205;67,206;66,208;66,211;67,213;66,214;66,217;66,218;67,221;66,222;66,225;67,226;67,228;67,230;67,233;67,235;66,236;67,239;67,240;66,243;67,245;67,247;66,249;67,251;66,253;66,254;67,256;67,258;67,260;67,262;66,264;67,266;66,268;66,271;66,273;66,275;66,276;67,279;66,281;66,283;66,285;66,287;66,289;66,290;67,292;67,295;66,296;66,299;66,301;67,302;67,304;66,306;66,308;66,311;66,312;67,315;66,317;66,319;67,321;66,322;67,325;66,327;67,329;66,330;67,332;67,334;67,337;67,339;67,340;66,343;66,344;67,347;66,349;66,351;66,352;67,355;67,357;67,359;67,360;66,363;66,364;67,367;66,368;66,370;66,373;66,374;67,376;66,379;67,381;67,383;67,384;66,387;67,389;67,391;66,392;66,394;66,396;67,398;67,401;67,403;67,404;67,406;67,409;67,411;67,413;66,415;66,416;67,419;66,420;66,423;67,424;67,426;67,429;66,430;67,433;67,434;66,436;67,439;67,440;66,443;67,444;67,447;66,449;67,451;66,452;67,454;66,456;67,459;67,461;66,463;67,465;67,466;66,469;66,471;67,472;67,474;67,477;67,478;67,480;66,483;67,484;66,486;67,488;66,490;67,493;66,495;67,496;66,498;66,500;66,502;67,504;66,506;67,509;66,511
69,1;69,2;69,4;69,7;68,9;68,11;68,12;68,14;69,17;69,18;69,20;69,23;68,25;68,26;69,28;68,31;69,32;68,34;69,37;68,38;68,41;68,43;68,44;68,46;69,49;68,50;68,52;69,55;69,57;69,58;69,60;69,62;68,64;69,66;68,69;68,71;69,73;69,74;68,76;68,79;68,81;69,83;68,84;68,86;69,88;68,91;68,92;69,95;69,96;68,99;68,101;68,103;68,104;69,107;69,109;69,110;68,112;69,114;69,117;69,118;69,121;69,123;68,125;68,126;68,129;68,131;68,133;69,135;68,136;68,138;69,140;69,143;69,145;69,146;68,148;69,151;69,152;69,154;68,156;69,159;69,161;68,162;68,164;69,167;68,169;68,170;68,172;69,175;69,177;68,178;68,180;69,182;69,184;69,187;68,188;68,190;69,193;69,195;68,197;69,199;69,200;68,202;68,204;69,207;68,208;69,211;68,213;69,214;69,217;68,218;68,220;68,222;69,224;69,226;69,228;69,230;69,233;68,235;68,236;68,238;69,241;68,242;68,245;68,246;68,249;68,251;69,252;69,254;69,257;69,259;68,261;69,262;69,265;68,267;69,268;69,271;68,273;68,274;69,276;68,279;68,280;69,283;69,284;69,286;68,288;68,290;69,293;69,294;68,296;69,299;69,300;69,303;69,304;69,306;69,309;69,311;68,313;69,314;69,316;68,319;69,321;69,322;69,324;68,326;68,328;68,331;68,332;69,334;68,337;68,339;69,341;68,343;69,344;68,346;68,349;69,350;68,352;68,354;69,356;68,359;68,361;68,362;68,365;68,367;68,368;69,371;69,373;68,374;69,376;68,378;69,380;68,383;68,384;69,386;68,388;68,390;68,392;69,394;68,397;68,398;69,401;69,403;68,404;68,406;68,409;68,411;68,412;69,414;69,416;69,419;69,421;68,423;68,425;68,426;69,429;69,431;69,433;69,434;68,436;69,438;68,441;69,442;68,444;68,446;69,449;69,450;68,453;68,454;68,456;68,459;68,461;69,463;68,464;68,466;68,469;69,471;69,472;68,474;69,476;68,478;68,480;68,483;69,484;68,487;69,489;69,491;69,492;69,495;69,497;69,499;69,500;69,503;68,505;68,506;68,509;68,511
70,0;71,3;70,5;70,6;71,8;71,11;71,13;71,14;71,17;71,19;70,21;71,22;71,24;71,27;71,28;71,31;71,32;71,34;70,37;70,39;70,40;70,43;70,45;70,46;71,48;70,50;71,52;71,54;70,57;71,58;71,60;71,62;70,64;71,66;71,68;71,70;71,73;70,74;70,76;70,79;71,81;71,82;70,85;71,86;71,88;71,90;70,93;71,95;71,97;71,98;70,100;71,102;71,104;71,106;71,109;70,110;71,112;70,115;70,116;70,118;70,121;70,122;71,125;71,127;70,129;71,130;70,133;70,135;71,136;71,138;71,140;71,142;71,145;71,146;70,149;70,151;71,152;71,154;70,156;70,158;70,161;71,162;71,165;71,166;71,169;71,171;70,173;70,174;71,176;70,178;70,180;70,183;70,184;71,186;70,189;70,191;70,193;70,195;71,196;70,199;71,200;70,203;70,204;71,207;70,208;70,210;70,212;70,215;70,217;71,218;70,221;71,222;71,225;71,226;70,229;71,230;71,233;70,234;71,236;70,239;71,241;71,243;71,245;71,247;70,248;71,251;71,252;71,255;70,257;70,258;70,260;70,262;70,265;71,267;71,268;70,271;70,272;70,275;71,276;71,279;71,281;71,282;70,284;70,287;70,289;71,290;70,292;70,294;71,296;70,298;70,301;71,302;71,305;71,306;71,309;70,311;71,312;71,315;70,317;70,319;71,321;70,323;70,324;71,327;71,328;70,330;71,333;70,335;71,337;71,338;71,340;70,343;71,344;70,347;71,349;71,351;70,353;70,355;70,356;70,358;70,361;71,362;71,365;70,366;70,369;70,370;70,373;71,375;71,377;71,378;70,380;71,382;70,385;70,387;71,389;71,391;71,393;70,395;70,396;70,398;71,401;71,402;70,405;71,407;71,409;71,410;70,413;71,415;70,416;70,418;71,421;71,422;70,425;70,426;71,428;70,431;70,432;70,435;70,436;70,439;70,441;71,442;70,445;70,447;71,448;70,450;70,452;71,455;70,457;71,459;71,460;71,462;70,464;70,466;70,469;70,471;70,472;71,474;70,476;71,479;70,480;71,482;70,485;71,487;71,488;70,490;70,493;70,494;71,497;70,499;71,501;71,502;71,505;71,506;70,509;71,511
72,0;72,2;73,5;73,6;72,9;73,10;73,12;72,15;73,17;72,18;72,21;72,23;72,25;73,27;72,28;72,30;72,32;72,35;73,36;72,38;73,40;72,42;72,45;72,46;73,48;73,50;72,52;72,55;73,57;72,58;72,60;73,63;72,65;72,67;73,69;73,71;72,72;73,74;73,77;72,78;73,81;72,82;72,84;72,86;73,89;73,91;72,92;73,94;73,97;73,99;72,100;72,102;72,105;73,107;73,109;73,111;73,112;73,115;72,116;73,119;72,121;72,123;73,125;72,127;72,128;72,131;73,132;72,134;72,136;72,139;73,141;73,143;72,144;73,146;73,149;73,150;72,152;72,155;72,157;72,159;72,160;73,162;73,165;73,167;73,169;72,170;72,173;73,175;72,176;73,178;72,181;72,183;73,184;73,187;72,189;72,190;72,192;72,194;73,196;73,198;72,200;73,202;72,205;73,206;72,208;72,211;73,212;73,214;73,217;72,218;73,220;72,223;73,225;72,227;72,228;73,230;73,232;73,234;73,236;72,239;72,241;72,242;72,244;72,246;72,249;73,250;73,253;72,254;72,256;72,258;73,260;73,263;72,265;73,267;73,269;73,271;72,272;73,275;72,277;73,278;73,281;72,283;73,284;72,287;73,289;72,290;73,293;72,294;72,296;72,299;73,301;72,303;73,304;73,307;72,309;73,310;73,312;72,315;73,317;73,318;73,320;73,323;72,324;73,327;73,328;72,330;72,333;72,334;72,336;73,338;72,341;72,343;72,344;73,346;73,349;73,350;72,353;72,354;73,357;72,359;72,361;72,363;73,365;73,367;72,369;72,371;72,372;72,374;72,376;73,378;72,380;73,383;73,384;73,386;72,388;73,390;72,392;72,394;72,397;72,399;72,401;72,402;72,405;73,407;72,409;72,411;72,412;72,414;72,417;73,419;72,421;73,423;73,425;73,427;73,429;73,430;72,432;72,434;73,437;72,439;72,440;72,443;72,444;72,446;72,449;73,450;72,452;73,455;72,456;73,458;73,460;73,463;72,465;73,466;72,469;72,470;72,472;72,474;72,476;73,479;73,480;73,483;72,485;72,486;73,488;72,490;72,493;72,494;73,497;72,498;72,501;72,503;72,505;72,507;73,509;73,510
74,1;74,2;75,5;75,6;75,9;75,10;74,12;74,15;74,17;75,18;74,21;75,23;75,25;75,26;75,28;74,31;74,32;74,35;74,36;75,39;74,40;74,42;74,45;74,47;75,48;75,51;75,53;75,55;74,57;74,58;75,60;75,62;75,64;75,67;75,69;75,70;74,73;74,75;74,77;75,79;74,81;74,83;74,84;75,87;75,88;74,91;75,92;75,95;75,96;75,98;75,101;75,103;74,105;75,106;75,108;75,110;74,113;75,114;75,117;75,119;75,120;74,123;74,124;75,127;75,128;74,131;75,133;75,134;75,136;74,139;75,141;74,143;75,144;75,146;74,148;75,150;75,152;74,154;74,157;75,159;75,161;74,162;75,164;74,167;74,168;75,171;75,173;74,175;75,176;74,179;75,180;74,183;74,185;75,186;75,189;74,190;75,192;74,194;74,197;74,199;75,201;75,203;75,204;74,206;75,209;75,211;75,212;74,215;75,216;75,219;74,220;75,223;75,225;74,227;74,229;75,231;75,232;75,234;75,237;74,238;75,240;75,243;75,245;74,247;74,248;75,250;75,253;74,254;75,256;75,259;75,261;75,262;74,264;75,267;75,269;75,270;75,272;75,275;75,276;75,278;74,281;75,282;75,285;75,287;74,288;74,290;75,292;75,294;75,296;75,299;75,301;75,302;74,304;75,306;74,309;75,311;75,313;74,314;75,316;75,319;75,321;75,323;74,325;74,327;75,329;74,331;75,333;75,334;75,336;75,338;75,340;74,342;74,345;74,346;75,348;74,350;74,352;74,354;74,356;74,358;75,361;75,362;75,364;74,366;75,368;74,371;74,373;74,374;75,377;74,378;74,381;75,382;74,384;75,386;74,389;74,391;75,392;75,394;74,396;75,399;74,400;74,402;74,405;74,407;75,409;75,410;75,413;74,415;74,417;74,418;74,421;75,423;75,424;74,426;74,428;74,431;74,433;74,434;74,436;75,438;75,441;74,442;75,445;75,446;74,448;75,451;74,453;75,455;75,457;74,459;75,460;75,462;75,464;75,466;75,468;74,471;75,472;75,475;75,477;75,478;75,480;75,483;74,485;74,487;74,489;74,490;74,493;74,495;75,496;74,499;74,501;74,503;75,505;74,506;75,508;74,511
77,1;77,3;76,5;76,6;77,8;77,11;77,13;77,14;76,17;76,19;76,21;76,23;77,24;77,26;76,28;76,31;77,33;77,35;76,37;77,39;76,41;77,43;77,44;77,47;77,48;77,50;76,53;76,54;76,57;77,58;77,60;77,62;76,64;76,66;76,68;76,71;77,72;77,75;76,76;77,78;77,81;77,83;76,84;77,87;77,89;77,91;76,93;77,95;77,97;76,99;76,101;76,102;76,104;77,107;77,109;76,111;76,113;76,115;76,116;76,118;77,120;76,123;77,125;77,126;77,129;77,131;76,132;77,134;76,136;76,138;76,141;76,143;77,144;77,147;76,148;76,150;77,153;77,154;76,157;76,159;76,161;77,163;76,164;77,167;76,168;76,170;77,173;77,175;77,177;77,179;76,181;76,182;76,185;76,186;77,189;77,190;77,193;77,195;77,196;77,199;77,201;77,203;77,204;76,207;77,208;76,211;77,212;76,214;76,217;76,218;76,221;77,223;77,225;76,226;76,228;76,230;77,232;76,235;76,236;76,238;77,241;77,243;76,244;76,246;76,248;77,250;77,253;77,254;77,257;76,259;77,260;76,262;77,265;76,267;77,268;76,270;77,273;77,274;77,277;76,279;76,280;76,282;77,284;76,287;77,288;77,290;77,292;77,295;76,297;76,299;77,301;77,303;76,304;76,307;77,308;76,310;77,313;77,314;77,317;77,319;76,320;76,322;77,324;77,327;77,329;76,331;76,333;77,335;77,337;76,339;77,340;76,343;77,345;76,347;76,349;77,350;77,352;76,354;76,356;76,358;76,361;76,362;76,364;76,367;76,368;76,371;77,372;77,375;77,376;76,378;76,381;76,382;76,385;76,386;77,388;76,390;77,393;76,395;76,397;77,398;76,400;77,402;77,405;76,407;76,408;76,411;76,413;76,414;76,416;76,419;76,420;77,423;77,425;76,426;77,429;76,430;77,432;76,435;77,437;76,439;77,441;76,442;77,444;77,446;76,448;77,450;76,452;77,454;77,457;77,458;77,461;76,462;77,464;77,467;76,469;76,471;76,472;77,475;77,476;77,478;77,481;77,482;76,484;76,486;77,488;77,491;76,493;77,495;77,496;77,498;77,501;77,503;77,504;77,506;76,509;77,510
79,0;78,2;78,5;79,7;78,9;78,11;78,13;79,15;78,16;79,18;78,21;79,22;79,24;79,27;79,28;78,30;79,32;78,35;79,36;78,39;78,41;78,42;78,45;78,47;79,49;79,51;79,53;78,54;78,57;78,59;79,61;79,62;78,65;79,67;79,69;79,70;79,73;78,75;79,77;78,78;79,80;78,83;78,85;78,86;78,89;78,90;79,92;79,95;79,97;78,98;78,101;79,102;79,105;79,106;78,108;78,110;79,112;79,114;79,116;78,118;79,120;79,122;79,124;79,127;78,128;79,131;79,132;78,135;78,137;78,139;79,140;78,142;78,144;78,146;79,149;78,151;79,152;79,154;79,156;79,159;79,161;79,163;79,164;79,167;79,168;79,171;79,173;79,174;78,176;79,178;79,180;79,182;78,185;79,187;79,188;78,191;78,192;78,195;79,196;78,198;79,200;78,203;78,204;79,207;78,208;78,210;78,212;78,215;79,217;78,218;79,221;78,222;78,224;79,226;78,228;78,231;79,232;78,235;78,237;79,239;78,241;79,242;78,245;78,246;79,249;78,251;78,253;79,255;78,257;78,259;78,261;78,263;79,264;79,267;78,269;78,270;79,272;79,275;79,277;78,278;79,280;78,283;78,285;79,287;79,289;79,291;79,293;78,294;79,296;78,299;78,301;78,303;79,305;79,306;78,308;78,310;78,312;79,314;78,316;78,318;79,320;79,322;78,324;79,326;78,329;79,330;79,332;79,335;78,337;79,338;78,340;78,342;78,344;78,346;79,349;78,350;79,353;79,354;78,357;79,358;79,360;79,362;78,364;78,366;79,368;79,371;78,372;78,374;79,377;78,379;78,380;79,383;79,384;78,387;78,388;78,391;78,393;79,394;79,397;79,399;79,400;78,403;78,405;78,406;78,409;78,410;79,413;78,415;79,416;79,418;79,421;78,423;78,425;78,426;79,428;78,431;78,432;78,434;79,436;78,439;78,440;79,443;78,444;78,447;79,448;79,451;79,452;79,454;78,457;79,458;79,460;79,462;78,464;78,467;79,468;78,471;78,473;79,474;79,477;78,478;78,480;78,482;78,484;78,487;78,488;78,491;79,493;78,495;78,496;79,498;78,500;79,503;79,504;78,506;78,509;78,511
81,0;80,3;80,5;81,6;81,9;81,11;81,13;80,14;81,17;81,18;81,20;80,23;80,24;81,27;81,28;80,31;81,33;80,35;80,36;80,39;81,41;80,43;80,44;81,46;80,49;80,50;81,52;81,55;81,56;81,59;81,61;81,62;81,65;80,66;81,68;81,70;80,73;80,75;80,76;80,78;80,80;81,83;81,85;81,86;80,89;80,91;81,92;81,95;80,96;80,99;80,101;80,103;80,105;81,107;80,108;81,111;80,112;81,114;81,116;81,119;81,120;80,122;81,125;81,126;81,128;80,130;81,133;80,135;81,136;81,138;81,140;80,142;81,145;81,147;80,148;81,151;81,152;81,154;81,156;81,159;81,160;80,162;80,164;81,167;81,168;81,171;81,172;80,175;80,176;81,179;80,181;81,182;80,185;81,186;80,189;81,191;81,192;81,194;81,197;81,198;80,200;81,203;81,204;80,206;81,208;80,210;80,212;81,215;80,217;80,219;81,221;80,222;81,224;80,226;81,229;81,230;80,233;80,234;81,237;80,238;80,240;80,242;80,245;80,247;80,249;80,250;80,253;81,255;81,256;81,259;80,260;81,263;80,265;80,267;81,269;80,271;80,273;80,275;80,276;81,279;81,280;81,283;81,284;80,287;81,289;81,290;80,293;81,295;81,296;80,298;81,300;80,303;80,304;80,306;81,309;80,310;81,313;81,315;81,317;81,319;80,320;80,323;81,325;81,326;80,328;80,330;80,332;81,335;80,337;80,338;81,340;81,343;81,345;80,347;81,348;81,350;80,353;80,355;80,357;81,358;81,361;81,362;80,364;80,367;80,368;81,371;80,373;80,374;81,376;80,378;81,380;81,382;81,384;80,387;81,389;81,391;80,392;80,395;81,396;81,399;80,401;81,402;81,405;80,406;80,408;81,411;81,413;81,415;81,417;81,419;80,421;80,423;80,425;80,427;81,429;81,431;80,432;80,434;81,437;81,438;81,440;80,442;80,444;81,446;81,449;80,450;81,453;81,454;80,457;81,459;80,461;81,462;80,464;80,466;80,469;81,470;81,472;80,475;80,476;81,479;81,480;80,483;81,484;80,487;81,488;81,491;80,492;80,495;80,496;80,499;81,500;80,502;81,505;80,507;81,508;81,511
82,1;82,2;83,4;83,7;83,8;82,11;83,12;82,15;83,16;83,18;82,20;83,22;83,25;83,27;82,28;82,30;82,33;83,34;82,36;83,39;82,41;83,42;83,45;83,46;83,48;82,51;83,52;82,54;82,57;83,59;83,61;82,62;83,64;83,66;83,68;83,71;82,73;82,75;82,76;82,79;83,81;83,83;82,85;83,87;83,88;83,90;82,92;82,94;82,97;82,99;83,100;83,103;83,105;83,106;82,109;82,110;83,113;82,115;82,116;83,118;83,121;83,123;83,124;83,127;83,128;83,131;82,133;83,134;82,136;83,139;83,140;83,142;83,145;83,147;83,148;82,150;82,152;83,155;82,157;82,158;83,161;82,163;83,164;82,167;83,169;83,171;83,172;83,174;82,177;83,179;83,180;82,182;83,184;83,186;82,188;83,190;82,192;82,194;83,196;83,198;82,201;82,203;82,204;83,206;82,209;83,210;83,213;83,214;82,217;83,218;83,221;83,222;83,224;83,227;82,229;82,231;83,232;83,234;83,236;82,238;82,240;82,242;82,244;82,246;82,248;83,251;83,252;82,255;82,257;83,258;83,260;82,262;82,264;82,266;83,269;82,271;83,272;83,274;83,277;83,278;82,280;82,282;83,285;82,287;83,288;82,290;82,292;83,295;83,297;83,298;83,301;82,302;82,305;83,307;83,309;82,311;82,312;83,315;83,317;83,319;83,320;83,323;83,325;83,327;82,328;83,330;82,333;83,335;83,336;83,338;82,340;82,343;82,345;82,347;82,349;82,351;82,353;83,355;83,357;82,358;82,360;82,362;83,365;83,366;82,368;82,370;83,372;82,375;83,376;82,379;83,381;83,382;83,384;82,386;83,388;83,391;82,393;82,394;83,397;82,398;82,401;83,402;82,405;83,407;82,408;82,411;83,412;83,414;82,417;82,418;82,421;82,422;82,425;82,426;83,429;82,431;83,433;82,435;82,436;83,438;83,440;82,442;83,444;82,446;83,449;83,450;83,452;83,455;82,457;82,458;82,460;83,462;83,464;82,467;82,468;82,471;83,472;82,474;83,477;83,479;82,480;83,483;83,485;82,486;82,489;83,491;83,492;82,494;82,496;83,499;82,501;83,502;83,505;83,507;82,508;83,511
85,0;84,2;84,4;84,6;84,8;85,10;84,12;84,15;85,17;85,18;85,21;84,23;84,24;84,27;85,29;85,31;85,33;85,34;85,36;84,38;85,41;84,43;85,44;85,47;85,48;85,51;84,52;85,55;84,57;84,58;85,61;85,63;84,65;84,67;85,69;85,70;85,73;85,75;85,77;85,79;84,81;84,83;84,84;85,87;84,88;85,91;84,92;85,95;84,96;85,98;84,100;84,102;84,104;85,106;84,108;84,110;84,113;84,115;84,117;84,119;84,121;84,123;85,124;85,127;84,129;84,131;85,133;85,134;85,137;85,139;85,140;84,143;84,144;85,147;85,149;84,151;84,153;84,155;84,157;84,158;85,161;84,163;85,165;85,167;85,169;85,170;85,173;85,175;85,176;85,179;84,180;85,183;84,184;84,186;85,188;84,191;85,192;84,195;84,196;84,198;84,200;84,202;84,205;84,206;84,209;85,211;85,213;84,215;84,217;85,218;85,220;85,223;85,224;84,227;85,228;85,230;85,233;84,234;84,236;85,238;85,241;85,243;84,244;84,246;84,249;85,251;85,252;85,254;85,257;84,258;84,260;85,263;84,264;84,266;85,268;84,271;85,273;85,274;85,276;84,279;84,281;85,282;85,285;85,287;84,289;84,290;85,292;84,294;84,296;85,299;85,300;84,302;84,305;84,307;85,308;85,310;84,313;84,314;85,317;85,318;85,320;84,323;84,325;84,326;85,329;84,330;85,332;85,334;85,337;85,339;85,341;85,343;85,345;85,346;85,348;85,351;84,353;85,355;84,356;84,358;84,360;85,363;84,365;84,366;84,368;85,371;84,372;85,375;85,377;85,378;85,380;84,383;85,385;85,386;84,388;84,391;84,393;85,395;84,396;84,398;84,401;84,403;85,405;85,406;85,408;84,410;84,412;85,414;84,417;85,418;84,420;84,422;84,425;84,427;85,428;84,430;84,433;85,434;85,436;84,439;84,440;84,442;85,445;85,446;85,448;84,450;84,452;84,455;85,456;85,459;85,460;84,463;84,465;85,467;84,468;85,470;85,473;85,474;84,477;85,479;84,480;85,482;85,485;84,486;85,489;84,491;85,492;84,494;85,497;84,499;85,500;84,503;85,504;84,506;85,509;84,510
87,1;86,3;87,4;87,7;86,9;86,11;87,12;87,14;86,16;87,19;86,20;87,22;87,25;86,27;86,29;86,31;86,33;87,35;87,36;86,38;87,40;86,43;86,45;87,47;86,49;86,51;86,53;87,54;86,56;87,58;87,61;87,63;86,64;86,66;86,68;87,70;87,72;87,75;87,76;87,79;86,80;86,83;86,84;87,87;86,89;87,90;87,93;86,95;87,96;87,98;86,101;86,103;86,105;86,107;87,108;87,110;86,113;86,115;86,117;87,119;87,121;87,123;87,125;87,127;87,129;86,131;86,133;86,134;86,137;86,138;87,141;87,143;86,144;87,146;86,149;86,151;87,153;86,154;86,156;87,158;86,161;87,163;87,164;87,167;87,168;86,171;86,172;87,174;86,177;87,179;86,181;86,183;86,184;87,186;87,189;86,190;87,192;87,195;86,196;87,198;86,201;87,202;86,204;87,207;86,208;87,211;87,213;87,214;87,217;86,218;86,220;87,222;87,225;86,227;87,229;87,231;87,232;86,235;86,237;86,238;86,241;86,242;86,244;86,247;87,248;87,250;87,252;86,255;87,257;86,258;87,260;87,263;86,264;86,266;87,268;86,271;87,273;87,275;86,277;86,278;87,281;86,282;86,285;87,287;87,289;87,290;86,292;87,295;86,297;86,299;86,301;86,303;87,305;87,306;87,308;86,311;86,312;87,315;87,316;87,318;87,321;87,323;86,325;86,327;87,329;86,331;87,332;87,335;87,336;87,338;87,341;86,342;86,344;86,346;86,349;87,350;86,353;87,354;87,357;87,358;86,360;86,363;87,364;86,367;86,369;87,371;86,372;87,374;86,376;86,379;87,380;86,382;87,385;86,386;86,389;87,391;87,392;87,394;87,397;87,398;87,400;87,403;87,405;87,407;87,408;86,411;86,412;87,414;86,417;86,418;87,420;86,423;86,425;86,426;87,429;87,431;86,433;86,434;87,436;86,439;87,440;86,442;86,445;87,447;87,449;87,451;87,453;87,454;87,457;87,458;86,460;87,462;87,464;87,467;87,468;87,471;86,473;86,475;87,477;87,478;87,481;86,483;86,485;86,487;86,488;86,490;86,492;86,494;87,497;86,498;87,500;87,502;87,505;87,507;86,508;86,510
89,1;88,3;88,4;89,6;89,9;88,11;88,13;88,14;88,16;89,18;88,21;88,23;89,24;89,26;89,28;89,30;89,33;88,34;89,36;89,38;88,41;88,42;89,45;89,46;89,48;88,50;88,52;88,54;88,56;89,59;88,61;89,63;89,64;89,67;89,68;88,71;88,72;88,75;89,77;88,78;89,80;89,83;88,85;89,86;89,88;89,90;89,93;88,95;89,96;88,99;89,100;89,103;89,105;88,107;88,109;89,111;89,112;88,114;88,116;89,119;88,120;89,123;88,124;88,126;88,128;89,130;89,132;88,135;88,136;89,138;88,140;89,142;89,144;89,147;88,149;89,150;88,152;88,155;89,156;88,159;88,160;88,162;89,164;88,167;89,168;88,171;89,173;89,174;88,176;88,179;88,180;89,182;89,185;88,187;89,188;88,190;89,192;89,195;89,196;88,199;89,201;89,203;89,204;88,206;89,209;89,210;89,213;89,214;88,217;88,219;89,221;88,222;89,225;89,226;89,228;89,230;88,232;89,234;89,236;89,239;89,241;89,243;88,244;89,246;88,249;88,251;89,253;88,254;88,256;88,258;89,261;88,262;88,265;88,266;89,269;89,271;89,273;88,274;88,277;89,278;89,280;89,282;88,284;88,287;88,288;88,291;89,292;88,295;88,297;88,299;88,300;88,302;88,305;88,306;88,309;89,310;89,313;89,314;88,316;88,319;88,320;88,322;88,324;88,326;89,329;88,330;88,333;88,335;89,336;89,339;88,340;89,343;89,344;89,347;89,349;88,350;88,352;89,355;88,357;88,358;88,361;89,362;89,365;88,366;88,369;88,370;89,372;88,374;88,377;88,378;88,380;88,382;88,385;88,387;88,389;89,391;88,392;89,394;89,397;88,398;88,400;88,402;89,405;89,406;88,408;88,410;88,412;89,414;89,417;88,419;89,420;88,422;89,424;88,427;88,429;88,430;88,433;88,434;88,437;89,438;88,440;89,442;89,444;88,446;88,448;89,451;88,453;89,455;89,456;89,458;88,460;89,462;89,464;88,466;88,468;89,471;89,472;88,475;88,476;89,478;89,481;89,483;89,485;88,486;88,489;88,490;89,492;88,495;88,496;89,498;88,500;89,502;89,505;88,506;89,509;88,511
90,1;91,2;90,5;91,6;90,8;91,10;91,13;91,14;90,16;91,19;90,20;90,23;91,25;90,26;91,29;90,30;91,33;91,34;90,37;90,38;90,40;90,43;90,44;91,47;91,49;90,51;91,53;91,55;91,57;91,59;91,60;91,62;91,64;90,67;90,68;90,71;91,72;91,75;91,77;91,79;90,80;91,82;91,84;90,86;90,89;90,91;91,93;90,94;90,97;90,99;90,100;90,102;90,105;90,106;90,108;91,110;90,112;90,114;91,116;91,118;91,121;90,122;90,125;90,127;90,128;91,130;90,133;90,134;91,136;90,138;91,140;91,143;90,144;91,146;90,149;90,151;91,153;90,154;90,157;90,159;91,161;90,163;91,165;90,167;90,168;90,171;91,172;91,175;90,176;91,178;91,180;91,183;91,184;91,186;90,188;91,190;90,192;90,195;90,196;90,198;90,201;90,203;90,205;90,207;90,208;90,210;90,213;90,214;90,217;90,219;90,220;90,222;90,225;90,226;90,228;90,230;90,233;90,234;90,237;90,238;90,240;90,243;90,244;91,246;90,249;91,251;90,252;90,255;90,256;90,258;91,261;90,263;91,265;91,266;90,268;91,271;91,273;91,274;91,276;91,278;90,280;90,283;90,285;91,286;90,289;91,291;91,293;91,294;91,297;90,298;90,300;91,303;90,305;91,306;91,309;90,310;91,313;90,314;90,317;91,319;90,321;91,323;91,324;91,326;90,328;91,331;91,333;91,335;90,336;90,339;91,340;91,343;91,345;90,347;91,348;90,351;91,352;90,354;91,357;91,359;91,360;91,363;91,365;91,367;91,368;91,370;91,372;91,375;90,377;90,378;90,380;90,383;91,385;90,387;90,388;91,391;90,392;91,394;91,397;91,398;91,401;91,403;90,405;91,406;90,408;91,410;90,413;91,415;91,417;91,418;91,420;91,423;91,425;91,427;91,429;90,431;90,432;90,434;90,437;91,438;90,441;90,443;90,445;90,446;90,448;90,450;91,452;91,454;91,457;91,458;91,460;91,463;91,465;91,467;91,469;91,470;90,473;91,475;91,476;90,479;90,481;91,482;90,484;90,486;91,489;90,490;90,492;91,494;90,496;90,499;91,500;91,502;90,505;91,507;91,508;90,511
92,1;92,3;92,4;92,6;93,8;93,10;93,13;93,14;93,16;93,19;93,20;92,22;92,25;93,26;93,29;92,31;92,33;93,34;93,36;92,38;92,40;93,43;93,45;93,47;92,49;92,51;92,53;92,55;92,56;92,59;92,61;93,63;92,65;92,66;92,68;92,71;93,73;92,75;92,77;93,78;93,81;92,82;92,84;92,87;93,88;92,90;93,93;92,94;92,96;92,98;92,101;93,102;92,105;92,106;92,108;92,110;92,113;92,114;92,117;92,119;93,120;92,122;92,124;93,126;92,128;92,131;92,132;92,134;93,137;92,139;93,140;92,142;93,144;92,147;92,149;93,150;92,153;92,155;93,157;93,158;93,161;92,162;93,165;93,166;92,169;92,171;93,173;93,175;92,177;93,179;92,181;92,182;93,184;92,187;92,188;93,191;92,193;92,195;92,196;92,199;92,201;92,202;93,205;93,207;93,208;93,211;93,212;92,215;92,216;92,219;93,221;92,223;92,225;92,226;92,228;92,231;93,233;93,235;93,236;92,239;92,241;92,243;92,244;92,247;93,249;92,251;92,252;93,254;92,257;93,258;93,260;92,263;93,264;93,267;92,268;92,270;92,273;92,275;92,277;93,278;93,280;93,283;92,285;93,287;93,288;93,291;93,292;92,294;92,296;93,299;93,301;93,302;92,304;93,306;93,309;92,310;93,313;92,315;93,317;92,319;92,321;93,322;93,324;92,326;92,328;93,331;93,332;93,334;92,337;92,339;92,341;92,343;93,344;93,346;93,349;92,350;93,352;92,355;92,357;92,359;93,361;93,363;93,365;92,366;93,369;93,370;92,373;93,375;93,377;93,379;92,380;92,382;92,385;93,387;93,388;92,391;93,392;93,394;93,396;93,398;92,401;93,403;93,405;92,407;92,409;92,410;93,412;92,414;92,416;93,418;92,421;93,423;92,425;92,427;93,428;92,431;92,432;92,435;92,436;92,438;92,440;92,442;92,445;93,446;93,449;93,451;93,453;93,455;92,456;92,459;92,461;92,462;93,465;92,467;93,469;93,470;92,473;93,475;93,477;92,479;93,480;93,482;93,485;92,486;92,488;92,491;93,492;93,494;93,496;92,498;92,501;92,503;93,504;93,507;92,509;92,510
95,0;94,2;95,5;94,6;94,8;94,10;95,12;95,14;95,17;94,19;95,21;95,22;95,25;95,26;94,28;94,31;94,32;94,34;95,37;95,38;95,41;94,43;95,44;95,46;94,49;95,50;94,53;94,55;94,56;94,58;94,61;94,62;94,64;94,67;95,69;94,71;95,72;95,75;95,76;94,79;94,81;94,83;94,84;94,87;94,88;94,90;95,93;95,95;94,96;94,99;95,101;95,102;94,104;95,107;94,108;94,111;94,112;95,115;94,117;94,119;94,120;94,123;94,124;94,127;95,129;95,130;95,133;95,135;94,137;94,139;95,140;95,142;94,144;94,147;94,149;94,151;95,153;95,154;95,156;95,158;94,161;95,163;94,165;94,167;95,169;95,171;94,172;95,174;95,176;95,178;94,180;94,183;94,185;95,187;94,189;95,190;95,192;95,195;95,196;94,198;95,201;95,202;95,204;95,207;95,208;95,211;95,212;95,215;94,216;95,218;95,220;95,223;95,224;95,227;95,228;95,231;95,233;95,235;95,237;94,239;94,240;95,242;95,245;95,246;95,248;95,251;94,252;94,255;94,257;94,259;94,260;94,263;94,265;94,266;95,268;95,271;95,272;94,275;94,276;94,278;95,281;94,283;94,284;94,286;94,289;95,291;95,292;94,294;95,296;95,298;94,301;95,303;95,304;95,306;95,309;94,310;95,312;95,314;95,316;95,318;95,320;95,322;95,324;95,326;95,328;94,331;95,332;95,334;95,337;95,339;94,340;95,343;95,345;94,346;94,349;94,350;94,353;95,355;94,356;95,358;95,360;94,362;95,365;94,367;95,369;95,371;95,373;95,374;94,376;95,378;95,380;95,383;94,385;94,387;94,388;95,391;95,393;94,395;94,396;95,398;95,400;95,403;94,405;94,406;95,409;94,411;94,412;94,415;94,417;95,419;94,420;95,422;94,425;94,426;94,428;95,431;95,432;94,435;94,436;95,439;94,440;94,442;94,445;95,447;95,449;95,451;94,452;95,454;95,456;94,459;94,461;95,463;95,464;95,466;95,469;95,471;94,473;94,475;94,477;95,478;95,481;94,482;94,484;94,487;94,489;95,490;95,492;95,494;95,496;94,499;94,500;94,502;94,504;95,507;95,508;94,510
97,0;96,2;96,5;96,7;96,8;97,11;97,13;97,14;96,16;97,18;97,20;96,22;97,24;96,27;97,29;96,31;97,32;96,34;96,37;97,38;96,40;96,42;97,45;96,47;97,48;96,51;96,52;97,54;96,56;96,59;97,60;97,63;97,65;96,66;96,69;97,71;96,72;97,75;96,77;97,78;96,80;96,83;96,84;96,86;97,88;96,90;97,92;97,94;97,96;96,98;96,100;96,103;97,105;96,106;97,108;96,110;97,113;97,114;97,117;97,119;97,121;96,122;96,124;96,127;97,129;97,130;96,132;96,134;97,137;96,138;96,140;97,142;97,144;97,147;96,149;96,151;97,153;96,155;96,156;97,158;97,160;96,162;97,164;97,167;96,169;97,171;97,172;96,174;97,177;96,179;97,180;97,182;96,185;96,186;96,188;96,190;96,193;96,195;96,196;96,199;96,201;96,202;96,204;96,207;96,209;96,210;96,212;97,214;96,216;96,219;96,220;96,222;96,224;96,226;96,228;96,231;96,233;97,235;97,237;96,238;96,240;96,243;97,245;96,247;97,248;96,250;97,252;97,255;97,256;97,258;96,261;96,263;96,265;96,266;97,268;96,271;97,273;96,274;97,276;96,278;97,281;96,282;97,284;96,286;96,289;96,291;96,292;96,294;96,297;96,299;96,301;97,303;96,305;96,306;96,308;97,311;96,312;97,315;96,317;96,319;97,320;96,323;96,324;96,327;96,328;97,331;96,332;97,335;97,336;96,339;96,341;97,342;96,345;96,346;97,348;97,351;96,352;96,355;97,357;96,358;96,361;96,363;97,365;97,367;97,368;96,371;96,372;96,374;97,376;96,379;97,381;97,383;96,385;96,386;97,388;96,390;97,393;97,395;97,397;96,398;96,400;97,403;97,405;96,406;96,408;96,410;96,413;96,414;97,416;97,418;97,420;97,423;96,425;96,426;97,428;96,430;97,432;96,434;96,436;96,439;96,440;97,443;97,445;97,447;97,448;97,451;97,452;97,455;97,456;96,459;97,461;97,463;96,464;97,466;97,468;96,470;97,472;97,474;97,476;97,478;97,481;96,483;96,484;97,487;96,489;97,490;96,492;96,495;96,496;96,499;97,500;96,503;96,504;96,506;97,508;97,511
98,1;98,3;99,5;98,7;98,8;98,10;98,13;99,14;98,17;99,19;98,20;99,23;99,24;99,26;99,28;99,30;99,33;98,34;98,36;98,38;99,41;99,43;98,44;98,47;99,48;99,51;99,53;98,54;98,56;99,58;98,60;98,63;99,64;98,66;98,69;98,71;99,72;99,75;99,76;98,79;99,81;98,83;99,84;98,86;98,88;98,91;99,92;99,95;98,96;99,98;99,100;99,103;98,105;99,107;98,109;98,110;99,112;99,114;98,116;99,119;99,120;99,122;99,125;98,126;99,128;99,130;99,132;99,135;98,136;99,139;98,140;98,143;99,144;99,147;99,148;99,150;99,153;99,154;98,156;99,159;99,161;98,163;98,165;99,166;99,168;99,171;98,173;99,175;98,177;98,179;98,181;98,182;99,185;98,186;98,188;98,190;98,193;99,195;98,196;98,198;98,200;98,203;99,204;99,207;98,208;99,210;99,212;98,214;98,217;99,219;98,221;99,223;99,224;98,227;98,228;98,231;98,232;98,234;98,236;98,239;99,241;98,243;98,244;98,247;98,249;99,250;98,253;98,255;98,257;99,258;99,260;98,262;99,265;98,266;99,269;98,271;98,272;99,274;98,277;99,279;98,281;98,283;99,285;98,286;98,288;98,291;98,293;99,295;99,297;99,299;99,301;99,302;99,305;99,306;98,309;98,310;99,312;99,314;98,317;98,318;99,321;99,323;98,324;98,327;99,328;99,331;98,332;98,334;98,336;98,339;99,340;99,343;98,344;98,346;99,348;99,350;98,352;98,354;98,357;98,358;98,361;98,362;99,364;98,366;98,368;98,370;98,372;99,374;99,377;99,379;99,381;99,382;98,384;98,386;98,388;98,391;99,393;98,395;98,396;99,399;98,401;98,403;99,405;99,407;99,408;99,410;98,412;99,414;98,416;99,419;99,420;99,423;99,424;98,427;99,428;99,430;98,433;99,435;98,437;98,439;99,440;99,442;99,444;99,446;99,449;98,450;99,453;98,455;99,457;98,458;98,460;98,462;98,465;98,466;98,468;98,470;99,472;99,475;98,476;98,478;98,480;98,482;98,484;99,487;98,488;98,490;98,493;98,495;98,496;98,499;99,500;99,503;98,504;98,506;99,509;99,511
101,1;100,2;100,4;100,7;101,9;100,10;100,13;101,15;101,17;100,18;101,20;100,23;101,24;100,27;101,29;101,31;100,33;100,34;101,36;100,38;101,41;101,42;100,45;101,46;100,48;101,51;100,52;100,54;100,56;100,59;100,60;100,62;101,64;101,67;100,68;101,70;100,72;100,74;101,76;101,79;101,80;101,83;100,85;101,87;100,89;100,91;100,92;101,94;101,96;101,98;100,100;101,102;100,105;100,106;100,108;100,111;101,112;100,114;100,116;100,119;100,121;101,122;101,124;100,127;101,129;100,130;100,133;100,135;101,137;101,138;100,140;100,142;101,144;100,146;100,148;100,151;101,153;101,154;101,156;100,159;100,161;100,163;100,164;101,166;101,169;101,171;101,172;100,175;100,177;101,179;100,180;100,183;101,184;101,186;100,189;100,190;101,192;101,195;101,196;101,199;101,201;100,202;101,205;101,207;101,209;101,210;101,213;101,214;101,217;101,219;101,221;101,223;101,224;100,227;101,229;100,231;101,233;101,235;101,237;101,238;101,241;100,243;101,245;100,247;100,249;101,250;101,253;101,255;101,256;101,258;101,261;101,263;100,265;100,267;101,268;100,270;100,272;101,275;100,277;101,279;100,281;100,282;101,284;100,286;100,288;100,291;100,293;100,294;100,297;100,298;100,300;100,302;101,305;101,306;100,309;101,310;101,312;100,314;101,316;101,319;100,321;101,323;100,324;100,327;101,329;101,331;100,332;101,335;100,337;101,338;100,340;101,342;100,344;100,347;101,348;101,351;101,353;100,354;101,357;101,359;101,360;100,363;100,365;101,366;100,368;101,371;101,372;100,375;101,376;100,379;100,380;101,383;101,384;101,387;100,388;101,391;101,393;100,394;101,396;100,399;101,400;101,403;101,404;101,407;101,409;100,411;100,412;101,415;101,416;101,419;100,421;100,422;100,424;100,427;100,429;101,430;101,433;100,435;101,436;101,439;100,440;100,443;100,445;100,446;100,448;101,451;101,453;100,455;100,457;101,459;100,460;101,462;101,464;100,466;100,468;100,471;100,472;101,474;100,476;101,479;101,480;100,483;100,485;100,487;100,489;100,491;101,492;101,495;100,496;101,498;101,501;101,502;101,505;100,506;100,508;101,511
102,1;102,2;102,4;103,6;103,9;103,11;103,13;102,14;102,16;102,19;102,20;102,23;102,24;102,26;103,29;102,31;102,33;102,35;102,37;103,39;102,41;103,43;103,44;103,47;103,48;103,51;103,53;102,55;103,56;102,59;102,61;103,63;102,65;103,66;102,69;103,71;102,73;103,75;103,77;102,79;102,81;102,83;102,84;102,86;103,88;102,90;102,93;102,94;102,97;102,98;102,101;103,102;102,105;102,107;103,108;103,111;103,112;102,115;103,117;103,119;102,120;103,122;103,124;103,126;102,129;103,131;102,133;103,134;102,136;103,139;102,140;102,142;102,145;103,147;103,148;103,150;102,153;103,154;102,156;103,158;102,160;102,163;102,164;103,166;103,168;102,171;102,172;102,174;102,177;102,178;103,180;102,182;103,184;102,186;103,188;103,190;103,193;102,194;103,197;102,198;102,200;103,203;102,204;102,206;103,208;102,210;102,213;102,215;102,216;103,219;102,220;102,222;102,225;102,227;102,229;102,230;102,233;102,235;102,236;102,239;102,240;103,242;102,245;103,246;102,248;102,251;103,253;102,255;102,257;102,258;102,261;102,263;103,264;103,267;103,269;103,270;102,272;103,274;103,276;103,279;102,281;103,282;102,284;102,287;102,288;103,291;102,292;103,294;102,297;103,298;102,300;102,303;102,304;103,306;103,308;103,311;103,313;103,314;102,317;102,319;102,320;102,322;102,325;103,326;102,329;102,331;103,333;102,335;103,336;102,338;102,340;103,343;102,345;102,347;102,348;102,351;102,353;103,355;102,356;102,359;102,360;102,362;103,365;103,366;103,369;103,371;102,372;102,374;102,377;102,379;103,380;103,383;103,385;102,387;103,388;103,390;103,393;102,394;103,397;103,398;103,401;102,403;103,405;102,407;102,409;102,410;102,413;102,414;103,417;103,418;102,421;103,422;103,424;102,426;102,429;103,431;102,433;103,434;103,436;102,438;103,440;103,443;103,445;102,446;102,448;103,451;102,452;102,455;102,457;103,459;103,461;103,463;103,464;103,467;103,468;102,471;102,473;102,474;102,477;102,479;103,480;103,483;103,485;103,486;102,488;102,490;103,493;103,494;103,496;103,498;102,500;102,502;103,505;103,506;103,509;102,510
104,0;105,3;104,4;104,7;104,9;104,10;104,12;105,15;105,16;104,19;105,21;104,23;105,24;104,26;104,29;104,31;105,32;105,35;105,37;104,38;104,40;105,43;105,45;104,47;105,49;104,50;104,53;104,55;104,56;104,59;104,61;104,63;105,64;104,66;105,68;104,71;105,72;104,75;105,77;105,79;105,81;105,82;104,84;105,87;104,88;105,91;104,92;105,95;105,96;105,98;104,100;105,102;104,104;104,107;105,109;104,111;104,113;104,115;104,116;104,119;104,120;105,122;105,124;104,126;104,128;105,130;104,132;104,134;104,136;105,139;105,141;104,143;104,145;104,147;104,149;104,151;105,153;105,154;105,156;105,158;105,161;104,163;105,164;105,166;105,168;105,170;105,172;105,174;104,176;104,179;104,181;105,182;105,185;104,186;104,188;105,190;105,193;104,195;104,196;105,198;104,200;105,203;105,204;105,207;104,209;105,210;104,213;105,215;104,216;104,219;104,220;104,222;105,225;105,226;105,229;105,230;104,233;105,234;104,237;104,238;104,240;104,242;104,245;105,246;104,249;104,250;104,252;104,254;104,257;104,258;104,261;105,262;104,265;104,266;105,269;105,271;104,272;105,274;105,277;104,279;104,281;105,283;105,284;104,287;104,289;104,290;104,292;104,294;104,297;104,299;105,301;105,303;104,304;105,306;105,309;105,311;104,312;104,315;105,316;104,318;104,321;105,323;104,324;104,327;104,329;105,331;105,333;105,335;104,337;105,339;104,340;104,343;105,345;105,347;104,348;105,350;105,352;105,354;105,357;105,358;104,360;105,362;104,364;104,366;105,369;105,371;104,372;104,375;105,376;105,378;105,381;104,382;105,384;104,387;104,389;105,390;104,392;105,395;104,397;104,399;105,400;104,403;105,405;104,406;104,409;105,410;105,413;105,415;104,417;105,418;105,421;104,423;105,424;105,426;104,429;105,431;105,433;104,434;104,436;104,438;105,441;105,443;104,445;105,447;105,448;105,451;105,453;104,454;104,456;105,459;104,460;104,462;105,465;104,467;104,468;105,470;105,473;104,474;104,476;104,478;104,481;104,483;105,485;105,487;105,488;104,491;104,492;105,495;105,497;105,498;104,501;105,503;105,505;104,506;104,509;105,511
106,0;106,3;106,4;106,6;106,9;106,10;107,13;107,15;106,17;107,18;107,20;106,22;107,25;106,26;106,28;106,31;106,33;107,34;106,37;106,38;107,40;106,42;106,45;107,47;107,48;107,50;106,53;107,55;106,56;106,59;106,61;107,63;106,65;107,66;107,68;107,70;106,73;106,75;107,77;107,78;106,81;106,83;106,84;107,86;106,88;106,90;106,93;106,94;106,96;106,99;107,100;107,102;106,105;107,107;106,108;106,111;106,112;106,114;106,117;106,118;106,121;107,123;107,125;107,126;106,129;107,131;106,132;107,135;106,137;107,139;106,141;106,142;107,145;107,146;106,149;106,150;106,153;107,155;107,157;107,158;107,160;107,162;107,165;106,166;106,169;106,171;107,173;107,175;106,177;107,179;106,181;107,183;107,185;106,186;107,189;106,191;107,192;107,195;107,196;107,199;107,201;107,203;107,204;107,207;107,209;107,210;107,212;107,215;107,217;107,219;106,220;107,223;107,224;107,226;106,229;107,230;106,233;107,235;107,237;107,239;107,240;107,242;107,244;107,247;106,249;107,250;107,253;107,254;107,256;107,258;106,260;106,262;106,265;106,267;107,268;106,270;106,273;107,275;107,277;107,278;106,281;106,282;106,284;107,286;106,288;107,290;107,292;106,294;107,297;106,299;106,300;106,302;106,304;106,306;107,308;107,311;106,313;107,314;107,317;107,319;107,320;107,323;106,324;107,326;106,328;107,331;107,332;106,335;107,337;106,338;106,340;106,343;106,345;106,346;106,349;106,350;106,352;107,354;106,357;106,358;106,360;106,363;107,365;107,367;106,368;107,370;107,372;107,375;106,377;106,378;106,380;107,382;106,384;106,386;107,388;107,390;107,393;107,395;107,397;106,399;106,400;107,403;107,405;106,406;107,408;107,411;107,412;107,415;107,416;106,418;106,421;107,422;107,425;106,427;106,428;106,431;107,432;106,434;106,437;106,438;107,440;106,443;106,445;107,446;107,448;106,451;107,453;107,454;106,456;106,459;107,460;106,463;106,464;106,466;106,468;106,470;106,473;107,475;106,477;107,479;107,481;107,482;106,485;106,486;106,489;107,490;107,493;107,494;107,497;106,499;107,501;106,503;106,504;107,506;107,508;106,510
109,1;109,2;108,5;108,6;109,8;108,11;108,12;108,15;109,16;109,19;108,20;108,23;109,25;109,27;108,29;108,30;109,32;108,34;108,36;109,38;108,40;108,43;108,45;108,46;109,49;108,51;108,52;109,55;108,57;109,58;108,60;108,63;108,64;109,67;109,69;109,71;108,73;109,75;108,77;108,79;109,80;108,83;109,84;108,86;109,88;109,91;108,92;109,95;108,97;109,98;108,100;109,103;109,104;109,106;108,108;108,111;108,113;109,114;108,117;109,118;109,120;109,122;109,125;109,127;109,128;108,131;108,132;109,134;108,137;109,139;108,140;108,142;109,144;108,147;108,149;109,150;108,153;108,154;108,156;108,159;108,161;109,163;109,164;108,166;109,168;108,171;108,172;108,175;109,177;109,178;108,180;109,183;109,185;109,186;108,189;109,191;108,193;108,195;108,196;108,198;108,201;108,203;108,204;108,207;108,209;108,210;108,213;108,215;108,216;108,219;108,221;108,223;108,224;108,226;108,229;108,230;108,232;109,235;108,237;108,238;108,240;108,242;108,245;108,246;108,249;108,250;108,253;108,255;108,257;108,258;108,260;108,263;108,264;108,267;109,268;108,271;108,273;108,274;109,276;108,278;108,280;109,283;108,285;109,286;109,289;108,291;109,292;109,295;109,296;109,299;108,301;108,303;108,305;109,307;109,309;109,311;109,313;108,314;109,316;108,319;109,320;109,322;108,325;108,326;108,329;108,331;109,332;108,334;109,337;108,338;108,340;109,343;108,345;109,346;108,348;109,350;108,353;109,354;109,356;109,359;109,360;108,362;109,364;108,367;109,368;109,371;108,372;108,374;108,376;109,379;108,381;108,383;109,384;108,386;109,389;109,391;109,393;109,395;109,397;108,398;109,400;108,403;108,405;109,407;109,408;109,411;109,412;108,414;109,416;108,418;109,420;109,422;108,425;109,426;109,428;109,430;108,433;108,435;108,436;109,438;109,440;109,443;109,444;109,446;108,448;109,451;108,453;109,454;108,457;108,459;109,460;109,463;108,465;109,467;109,468;108,471;109,472;109,475;109,477;109,478;108,480;108,483;108,485;109,487;109,488;109,490;109,492;109,495;108,496;109,498;109,501;108,502;108,505;108,506;109,508;108,510
111,0;111,2;110,4;111,7;110,8;111,11;110,13;111,15;111,17;110,18;110,21;110,22;110,25;110,26;110,28;111,31;111,33;111,35;111,37;110,38;110,41;111,43;111,45;111,46;111,49;111,50;110,52;110,54;111,56;111,58;110,60;111,62;110,64;110,66;111,69;111,71;111,72;111,74;110,76;110,79;111,81;111,83;111,84;110,86;110,89;110,91;110,93;110,94;110,97;111,98;111,100;111,102;110,105;110,106;111,109;110,111;111,112;110,115;111,117;111,118;111,121;111,122;111,125;111,126;110,128;111,131;111,132;111,134;110,136;110,139;110,140;111,143;111,145;111,146;111,149;110,150;111,152;111,154;110,157;110,159;110,160;110,162;110,164;111,167;110,169;111,171;110,172;111,175;111,177;110,178;110,180;111,182;111,184;110,187;110,188;110,190;111,193;111,195;110,196;110,198;111,200;111,203;110,204;110,207;111,209;111,210;111,212;110,215;111,216;111,219;111,221;111,222;111,225;111,226;110,228;111,231;110,233;111,234;111,237;110,239;110,241;111,243;110,245;111,246;110,248;110,251;111,253;110,255;111,257;110,259;110,260;110,263;110,264;111,266;111,269;111,270;110,273;111,274;111,276;111,279;111,281;110,282;111,285;111,287;111,289;111,291;111,292;111,295;111,297;110,298;111,301;111,302;110,304;111,306;111,309;111,310;111,312;111,314;110,317;111,319;110,321;111,322;110,325;111,327;110,328;111,331;111,333;111,335;111,337;110,339;111,340;110,343;110,344;110,347;110,348;110,351;110,352;110,355;110,356;111,358;111,360;110,362;110,365;111,366;110,369;110,370;111,373;110,375;110,376;110,379;111,380;111,382;111,384;110,386;111,388;110,391;111,393;110,394;111,396;110,398;111,401;110,402;110,404;110,407;111,409;110,411;111,413;110,414;111,417;110,418;111,420;111,423;111,424;110,427;111,429;110,430;110,432;110,435;111,437;111,439;111,441;111,442;111,444;110,446;110,449;111,450;110,453;111,454;110,457;110,459;110,460;111,463;110,465;110,466;111,468;111,471;110,472;111,475;111,476;110,478;110,481;110,483;110,484;110,487;111,488;111,490;111,493;111,494;111,497;110,499;110,500;110,503;110,505;111,507;110,508;110,510
112,0;113,3;112,4;113,6;113,9;112,11;112,13;113,15;112,17;113,19;112,21;113,23;112,25;113,27;112,29;113,31;112,32;112,35;112,37;113,39;112,41;112,43;113,45;113,46;112,48;113,50;113,53;113,55;113,56;112,58;112,60;112,62;112,65;112,66;112,69;112,70;113,72;113,74;112,76;112,78;113,80;112,82;113,84;112,86;112,89;112,90;113,92;112,95;113,97;112,98;112,101;113,102;113,104;112,107;113,109;113,110;113,112;113,114;112,117;112,118;112,121;113,123;113,125;113,126;113,129;112,130;112,132;113,135;113,136;113,139;112,140;112,142;112,144;113,147;112,148;113,150;112,152;113,154;112,156;113,158;112,161;112,163;113,165;113,167;113,169;112,171;112,172;112,174;112,177;113,178;113,180;113,183;113,184;113,187;113,188;113,191;113,193;113,195;113,197;113,198;112,201;113,202;113,205;113,206;112,209;113,210;113,212;113,215;112,216;112,218;112,221;112,223;113,225;112,226;113,228;113,230;113,232;113,234;113,236;113,238;113,240;112,243;112,244;113,246;112,248;112,250;112,253;112,254;113,256;113,258;112,261;113,262;113,265;113,266;112,268;112,271;112,273;113,274;112,277;113,278;113,280;113,283;112,284;113,287;112,289;113,291;113,293;113,294;113,296;112,298;113,301;113,303;113,305;112,306;112,309;112,310;113,313;113,315;113,316;113,319;113,321;112,323;112,325;113,327;112,328;112,330;112,332;112,335;112,336;113,338;112,341;112,342;113,345;113,346;112,348;113,350;112,353;113,354;112,356;113,358;113,360;113,363;113,364;112,366;112,369;112,371;113,373;112,375;113,376;112,379;112,380;112,382;112,384;112,386;112,388;113,391;112,392;113,395;113,396;112,398;113,401;113,403;113,405;112,406;112,409;112,411;112,412;112,415;113,416;113,419;113,421;113,423;112,425;113,426;113,428;112,430;113,433;113,434;112,437;112,439;112,441;113,443;113,444;112,446;112,449;112,450;112,453;112,455;113,456;112,459;113,461;113,462;112,465;112,466;113,469;113,471;112,472;112,475;112,476;113,479;112,481;112,483;112,484;112,486;112,488;113,491;113,493;112,494;113,496;113,499;113,500;113,502;112,504;112,506;112,508;113,510
115,1;114,2;115,4;115,7;115,8;115,10;114,12;115,14;114,17;114,18;114,21;115,23;114,25;115,26;114,29;114,30;115,32;114,34;114,36;115,38;114,40;115,43;115,44;115,46;115,49;115,51;114,52;115,55;115,56;115,58;115,60;114,62;114,65;115,66;115,69;115,71;115,73;114,74;115,77;115,78;115,81;114,83;114,85;115,87;114,88;114,90;114,93;114,95;114,96;114,98;114,101;114,103;115,104;115,107;114,108;114,110;114,112;115,114;115,117;114,118;115,121;114,123;114,125;115,126;114,129;114,131;114,132;115,135;114,136;114,139;114,140;115,143;114,145;115,147;114,148;115,151;114,152;114,154;115,156;114,158;114,160;115,162;114,165;115,166;114,168;115,170;115,173;115,175;114,177;115,178;115,180;115,183;114,184;115,187;115,189;115,190;115,193;114,195;115,197;115,199;114,200;114,202;114,205;115,206;114,208;115,211;114,213;114,215;115,216;114,218;115,221;114,222;115,225;115,226;115,228;114,230;114,232;115,234;114,237;114,239;115,241;114,242;115,244;115,247;115,249;115,250;114,253;114,254;114,256;114,259;114,260;114,263;115,264;115,267;115,268;114,271;114,272;115,274;115,276;114,278;114,281;114,282;114,285;115,286;115,288;114,291;115,292;114,295;115,296;114,299;115,301;114,302;114,304;115,307;115,309;114,310;114,312;115,315;114,316;115,319;114,321;114,323;114,325;115,327;115,328;114,331;115,333;115,334;115,336;115,339;115,340;115,342;115,344;114,346;114,349;115,350;115,352;114,354;115,356;115,359;114,360;114,363;114,365;114,366;115,368;114,371;114,373;115,374;114,377;114,378;114,381;115,383;115,385;114,386;115,388;115,391;114,392;115,395;114,397;115,398;114,400;115,403;115,404;114,406;114,409;115,411;115,412;114,415;115,417;114,418;114,420;114,422;114,424;114,427;115,429;115,430;115,432;114,434;114,436;115,438;114,441;115,443;115,445;115,446;114,448;114,450;115,452;115,454;114,457;114,458;114,460;114,463;115,465;114,466;115,469;115,470;115,472;114,475;114,476;115,478;115,481;114,483;114,485;114,486;114,489;114,490;115,492;115,495;114,497;115,499;115,501;115,503;115,504;115,506;114,509;115,511
117,1;117,3;117,5;116,6;117,9;116,11;117,13;117,15;117,17;116,18;117,20;117,22;116,25;117,27;117,28;117,30;117,32;117,35;116,36;116,38;117,40;116,42;117,45;116,46;116,48;117,50;116,52;116,55;117,57;116,59;117,60;117,63;117,65;116,66;117,68;116,70;116,73;117,74;116,77;116,79;117,81;117,82;116,84;116,86;117,88;116,90;116,93;116,94;117,97;117,99;116,101;117,102;117,105;116,106;117,108;117,110;116,112;116,115;117,117;116,119;116,121;116,123;117,124;117,127;117,128;117,131;117,133;117,135;116,137;117,138;116,141;117,143;117,144;117,146;116,149;117,150;117,153;117,154;116,156;116,158;116,161;117,162;116,164;116,166;116,168;117,171;116,172;117,175;117,176;116,178;117,180;116,183;116,184;117,187;117,188;116,190;117,192;117,195;117,196;116,199;116,201;117,202;117,204;117,206;117,208;117,211;117,212;116,215;117,217;117,218;117,220;116,222;117,224;116,226;116,228;116,231;117,232;117,235;116,236;117,239;117,240;116,243;117,244;116,247;117,248;116,251;117,252;116,254;116,256;117,259;116,260;116,262;116,264;117,266;117,269;116,270;116,272;116,274;116,277;117,279;117,281;117,282;117,284;117,286;117,289;117,291;117,292;116,294;116,296;116,299;116,301;117,303;116,304;117,307;116,309;117,311;117,312;117,314;117,317;117,319;116,321;116,322;116,325;116,326;117,328;116,331;117,333;116,335;117,337;116,338;116,341;117,343;116,344;116,347;117,348;117,351;117,352;116,354;116,356;117,358;116,361;116,363;116,364;117,366;117,369;117,370;116,372;116,374;116,376;117,379;116,381;116,383;117,384;117,386;116,389;117,390;116,393;117,395;117,396;117,398;116,400;117,402;116,404;117,406;116,408;117,411;116,413;117,414;117,416;117,418;116,421;117,423;117,424;116,426;117,429;116,431;117,432;116,434;116,437;116,439;117,441;116,443;117,445;116,447;117,448;117,450;116,452;116,454;117,457;117,458;117,461;116,462;117,464;116,467;117,468;116,471;117,472;117,474;116,477;116,479;117,481;117,483;116,484;117,487;117,489;116,490;116,492;117,494;117,496;117,499;116,500;116,503;116,504;116,506;117,508;117,510
118,0;118,3;118,5;118,7;118,9;118,10;118,13;119,14;119,16;119,19;118,20;119,22;119,25;118,27;119,29;118,31;119,32;119,34;119,37;118,39;118,40;119,42;118,45;118,47;118,49;119,50;119,53;119,55;118,57;119,59;118,60;118,62;118,65;118,67;119,69;119,71;119,73;119,75;119,76;119,79;119,80;119,83;118,85;118,86;119,88;119,91;118,93;118,95;118,97;118,98;119,100;118,103;119,105;119,107;119,108;119,111;119,113;118,114;119,117;119,118;119,121;119,122;119,124;118,126;118,128;118,131;119,133;119,134;118,137;119,139;119,141;119,142;119,145;119,146;119,149;118,151;119,152;118,154;118,156;119,159;119,161;119,162;118,164;118,167;118,169;118,170;118,173;118,174;119,176;118,178;119,180;118,183;118,185;119,187;118,188;119,190;119,192;118,195;119,196;119,199;118,200;119,203;119,205;118,207;118,209;119,211;119,212;118,215;118,217;118,218;119,221;119,223;119,224;119,227;118,229;118,230;119,232;119,235;118,237;118,238;118,240;118,243;119,244;119,247;119,248;119,250;118,252;118,254;119,256;119,258;119,261;119,262;118,265;118,267;118,268;119,270;118,272;119,274;119,276;119,279;118,281;118,282;119,284;118,286;118,288;118,291;118,292;119,294;118,296;119,298;118,301;118,302;118,305;119,306;119,309;119,311;118,313;118,314;119,316;118,319;119,321;119,322;119,325;119,326;118,329;118,331;118,333;119,335;119,336;118,339;118,341;119,343;118,344;118,347;119,348;118,351;118,352;119,354;118,357;118,358;119,361;119,362;118,365;118,367;119,368;118,370;118,372;119,374;119,376;118,379;118,381;118,383;119,384;119,386;119,389;118,391;118,392;118,394;119,397;119,399;118,400;118,403;119,404;119,407;119,408;118,410;119,412;119,414;119,416;119,418;119,421;118,423;118,424;119,427;118,429;118,431;118,433;119,435;119,437;119,438;119,441;118,443;118,445;118,446;119,449;118,450;119,453;119,455;119,457;119,458;118,461;119,462;118,465;118,466;119,469;119,471;118,472;119,474;118,477;118,479;118,480;118,482;119,484;119,486;118,489;118,490;119,493;118,494;118,496;118,499;118,500;119,502;118,504;119,506;119,508;118,511
121,1;120,3;121,4;120,7;121,8;120,11;121,12;121,15;120,17;120,19;121,21;121,23;121,24;120,27;121,28;120,31;121,32;121,35;121,37;121,39;121,40;121,42;121,45;121,46;121,48;121,50;121,52;120,55;120,56;120,59;120,61;120,63;120,65;121,66;121,68;121,70;121,73;120,75;120,77;120,78;121,81;121,82;121,85;121,86;121,88;121,91;121,92;120,95;121,96;121,98;121,100;121,102;121,104;120,106;120,108;121,110;120,113;121,114;120,117;120,119;121,121;121,122;121,125;120,127;120,129;120,130;121,133;120,135;121,137;120,139;121,141;121,142;121,144;121,146;121,149;120,150;120,152;120,155;121,156;120,159;120,161;120,162;120,164;121,166;120,168;120,170;120,173;120,174;120,176;121,179;121,180;121,183;120,184;121,186;121,189;120,190;121,193;121,195;121,197;120,198;121,200;121,202;120,205;121,206;120,209;121,210;121,212;120,214;120,216;121,218;120,221;120,222;121,224;120,226;120,229;121,231;120,232;121,234;120,236;120,238;121,240;120,242;121,244;120,247;120,249;120,251;121,252;120,255;121,257;121,259;121,260;120,263;120,265;121,267;121,268;120,271;120,273;121,274;120,277;121,279;121,280;121,282;120,284;120,287;121,288;121,290;120,293;121,295;121,296;120,298;120,300;121,302;121,304;120,306;120,308;121,310;120,313;120,315;121,317;120,319;121,320;120,323;121,324;121,326;120,329;121,330;120,333;121,334;120,336;120,339;120,341;120,343;121,344;121,346;120,348;120,351;120,353;121,355;121,356;121,358;120,360;120,363;120,365;121,367;121,368;120,371;120,372;121,374;120,376;120,378;121,380;121,383;121,384;121,387;121,389;120,391;120,392;120,394;121,397;120,398;121,400;120,402;121,405;121,407;120,409;121,411;121,413;120,415;121,417;120,418;120,420;120,423;120,424;121,426;121,428;120,431;120,432;120,434;120,436;121,438;121,440;121,443;120,444;121,447;121,448;120,451;121,452;121,455;120,457;121,458;121,461;121,462;121,464;120,466;121,468;121,471;120,473;121,474;121,476;120,479;121,481;121,483;121,484;121,487;121,488;120,490;120,492;120,495;120,496;120,499;120,501;120,502;121,505;120,506;120,509;121,510
122,1;123,3;122,4;122,6;122,9;123,11;123,13;122,15;123,17;122,19;123,21;122,23;122,24;122,27;123,29;123,31;122,32;122,35;122,36;122,39;123,41;122,43;123,44;122,46;122,49;123,50;122,53;122,54;122,57;122,59;123,61;122,63;122,65;122,66;122,68;122,70;123,72;123,74;122,77;122,79;123,80;123,82;122,85;122,86;122,89;122,90;122,93;122,94;122,96;123,99;123,101;123,103;123,105;123,107;122,109;123,110;122,112;122,114;122,117;122,118;123,120;123,122;123,125;122,126;123,129;123,131;123,132;123,135;123,137;123,139;122,140;123,143;122,144;123,146;123,148;122,150;123,153;123,155;123,157;122,159;123,161;122,163;123,165;123,167;123,168;122,170;123,172;123,175;122,176;122,179;122,180;122,183;122,185;122,187;123,188;123,191;123,193;123,194;122,197;123,198;123,200;123,202;123,204;123,206;123,209;123,211;122,212;123,214;123,216;122,219;123,221;122,223;123,224;122,226;122,228;122,231;123,233;123,235;122,237;122,238;123,241;123,242;122,245;122,246;123,248;122,250;123,253;123,254;123,256;123,259;123,261;123,262;122,264;122,266;122,269;123,270;122,272;123,275;123,276;123,279;122,281;123,283;122,284;123,287;123,288;123,290;122,292;122,294;123,296;123,298;122,300;122,303;122,304;123,306;122,309;122,310;123,313;123,315;122,316;122,319;123,320;122,323;122,324;123,326;123,328;123,331;123,333;122,335;123,336;123,338;123,340;123,342;122,344;123,347;122,349;123,350;122,353;122,355;123,356;122,359;122,361;122,363;122,364;122,367;123,368;122,371;122,373;122,374;122,376;123,379;123,381;122,383;122,384;123,386;123,388;122,391;123,393;122,395;122,397;122,399;123,400;123,402;123,404;123,407;123,408;123,410;123,412;122,415;122,417;122,419;123,421;122,423;122,424;123,427;122,428;123,431;123,433;123,435;123,437;122,439;122,440;123,443;122,444;122,446;123,448;123,451;123,452;122,455;122,457;123,459;122,460;122,463;122,465;123,466;123,468;122,471;122,472;122,474;122,476;123,478;122,480;123,483;123,485;122,487;122,489;122,491;123,493;122,494;123,496;123,499;123,500;122,502;123,504;123,507;123,509;123,510
124,1;125,3;125,4;124,6;125,8;125,10;124,13;125,14;124,16;125,19;125,20;125,23;125,25;125,27;124,28;124,31;124,33;125,34;125,36;125,38;124,41;124,43;124,44;125,47;125,48;124,50;125,53;124,54;124,56;124,59;124,61;124,63;124,64;124,66;124,69;125,70;124,72;125,74;125,76;124,79;124,81;124,83;124,85;125,86;124,88;124,90;125,93;124,94;125,96;125,99;124,100;125,103;124,105;124,106;124,109;125,111;125,112;125,115;125,116;125,118;125,120;124,122;124,125;124,126;125,128;125,131;124,133;125,135;124,136;125,139;124,140;124,142;124,145;124,147;125,148;125,150;125,152;124,155;125,157;124,158;125,161;125,162;125,165;125,166;124,168;125,171;125,172;125,175;124,176;124,178;124,181;125,183;124,184;124,187;125,188;124,191;125,193;125,195;124,196;124,199;125,200;125,202;125,204;125,207;125,208;125,211;125,213;125,214;125,217;124,219;124,220;124,223;124,225;125,226;125,229;125,231;124,232;124,235;124,236;124,238;125,240;124,242;125,245;124,247;125,248;125,251;124,253;125,255;124,256;124,259;125,260;124,262;125,265;124,266;124,268;124,271;125,272;124,274;124,276;125,278;125,281;125,282;124,284;124,287;125,288;124,290;125,293;124,294;124,296;125,299;125,301;125,303;125,304;124,307;124,309;125,310;124,313;124,315;124,317;125,318;125,321;124,322;125,324;124,326;125,328;124,331;125,332;124,335;124,336;125,338;124,340;124,342;125,344;125,347;124,348;124,351;125,352;124,355;124,356;124,358;125,360;125,363;125,365;124,367;125,369;125,370;125,372;125,374;124,376;125,378;125,380;125,382;125,385;125,387;125,388;125,390;125,393;125,395;125,397;124,399;125,401;125,402;125,404;124,406;125,409;125,410;124,412;125,414;125,417;124,418;124,421;124,423;125,425;125,427;124,429;125,431;125,433;125,434;125,436;124,439;124,440;125,443;124,445;125,446;124,448;125,451;125,453;125,454;124,457;125,459;125,460;125,463;125,464;124,466;125,469;124,471;124,472;125,474;124,476;124,478;124,480;124,483;125,484;125,487;125,488;125,490;125,493;125,495;125,497;125,499;124,501;124,502;125,505;124,506;124,508;125,510
127,1;126,3;126,4;127,6;126,8;126,11;127,12;127,14;127,16;127,18;127,21;126,23;127,25;127,27;127,29;127,30;126,33;126,35;127,36;126,38;127,41;126,42;126,45;127,46;127,49;127,51;126,53;126,55;126,56;126,59;126,61;127,63;127,65;126,67;126,69;126,70;127,72;126,75;126,77;127,78;127,80;126,82;126,85;126,86;127,89;127,91;127,93;127,95;126,96;126,99;126,100;126,102;126,105;127,107;126,109;126,110;126,112;127,115;127,117;126,118;127,120;126,123;126,124;126,127;126,128;126,131;127,132;127,134;126,137;126,138;127,141;127,143;126,145;126,147;127,149;126,151;126,153;127,154;126,157;126,158;127,161;127,162;127,164;126,167;126,169;127,170;126,173;127,175;126,176;127,178;126,181;127,183;127,185;127,186;127,188;126,190;127,193;126,195;127,197;126,199;126,201;126,202;127,204;126,206;127,208;127,211;126,213;127,215;127,216;127,218;126,221;126,222;126,224;126,226;127,229;127,231;126,232;127,234;126,237;126,239;126,241;127,243;126,244;127,246;127,249;126,250;126,253;126,255;127,256;127,259;126,260;126,263;127,265;127,266;126,268;126,271;126,272;126,274;126,276;127,278;127,280;127,283;127,285;126,286;126,288;127,291;126,293;126,294;126,297;127,298;127,301;126,302;126,305;127,307;127,308;126,311;126,312;127,314;126,317;127,319;126,321;127,323;127,324;127,326;127,329;127,330;127,333;127,334;126,337;127,339;127,340;127,343;126,344;127,347;127,349;126,351;127,352;127,354;127,356;126,359;127,361;127,362;127,364;126,367;126,369;127,371;126,373;126,374;127,377;127,379;127,381;126,383;127,384;127,386;126,389;126,391;126,392;127,394;127,397;127,398;127,401;127,403;126,404;127,407;126,408;126,410;126,412;126,415;127,416;126,419;126,421;126,423;126,425;126,427;126,428;126,430;127,433;126,434;126,436;127,438;126,440;126,442;126,444;126,446;127,449;126,450;127,453;126,455;127,456;127,459;126,461;127,463;127,464;126,467;126,469;127,470;127,472;127,474;127,476;127,478;126,480;126,483;127,484;126,486;126,488;127,491;127,493;127,495;127,496;127,499;126,501;126,502;126,504;126,507;126,508;127,510
129,1;129,3;128,4;128,6;128,8;129,11;128,13;128,14;129,16;128,18;128,20;129,22;128,25;128,27;128,28;129,30;128,32;129,35;128,37;129,38;128,40;128,43;129,44;129,46;128,49;129,50;128,53;128,54;128,57;129,58;129,61;128,63;128,64;128,66;128,68;128,70;129,72;128,74;129,76;129,78;129,80;128,83;129,84;129,87;128,88;129,91;129,92;129,94;129,97;129,99;129,101;128,103;128,104;128,106;129,109;128,111;128,112;128,115;129,116;129,118;128,121;128,122;128,125;128,126;128,128;129,131;129,133;129,135;128,136;128,138;129,141;128,142;128,145;129,147;128,149;129,151;128,153;129,154;129,157;129,158;128,161;128,163;129,164;129,166;128,168;128,171;129,172;129,174;129,177;128,179;128,181;129,183;129,185;128,186;129,188;129,190;128,193;128,194;128,197;129,199;129,200;128,203;129,204;128,207;129,209;129,210;128,213;128,215;129,217;129,219;129,221;129,222;128,224;129,227;128,229;128,230;129,233;128,235;129,236;129,238;128,241;128,243;129,244;129,247;129,248;128,251;129,252;129,255;129,257;128,258;129,260;128,262;128,264;128,267;129,268;129,270;129,272;129,275;129,277;129,279;128,281;129,283;128,285;128,286;129,288;129,290;128,292;128,295;128,296;128,299;128,301;128,302;128,304;128,306;128,309;129,311;129,312;129,314;128,316;128,318;128,321;129,322;129,324;129,326;128,329;129,331;129,332;129,335;129,337;129,339;128,340;129,343;128,344;129,347;129,348;128,350;129,353;129,355;129,356;129,359;128,361;128,362;128,365;129,366;128,368;128,371;128,373;128,374;129,377;129,379;128,380;129,382;128,384;129,386;128,389;129,391;129,393;129,394;129,396;129,398;129,400;129,402;128,405;129,407;129,409;129,410;128,413;128,414;129,417;128,418;129,420;128,423;129,424;128,427;128,428;129,430;129,433;129,434;129,436;129,438;128,440;128,443;128,445;129,447;129,449;129,450;129,452;129,454;128,457;128,459;128,460;129,462;129,464;129,466;128,469;128,471;128,472;129,474;128,476;128,478;128,480;128,482;129,484;128,487;128,488;128,490;128,493;128,495;129,496;128,498;129,501;129,502;129,504;129,506;128,509;129,510
131,1;131,2;131,4;130,6;130,8;131,10;130,12;130,15;131,16;131,19;131,20;130,23;131,25;130,27;131,29;130,30;130,33;131,35;130,36;130,39;131,40;131,43;131,44;130,47;131,48;130,50;130,52;131,54;131,57;130,59;130,61;130,63;131,65;130,66;131,69;130,70;130,72;130,75;131,77;131,79;130,81;131,83;130,85;130,87;130,89;130,90;130,92;130,94;130,97;131,98;131,101;131,103;131,104;131,107;130,108;130,110;131,112;131,115;130,117;131,119;131,120;131,122;130,124;130,126;131,129;131,130;130,133;131,134;130,137;130,139;131,141;131,143;131,145;131,146;131,148;130,151;130,153;130,154;130,156;131,158;130,160;130,163;130,165;130,167;130,168;130,170;130,172;130,175;131,177;131,178;130,181;130,183;131,184;131,186;130,188;130,190;130,193;131,194;130,196;131,199;131,200;131,203;130,205;130,206;130,209;130,211;131,212;130,215;131,217;130,219;131,221;131,222;130,224;131,226;130,229;130,230;131,232;130,234;131,237;131,239;130,240;130,242;131,245;130,247;131,248;131,251;130,252;131,255;130,257;130,258;131,260;131,262;130,264;130,266;130,269;131,271;131,272;130,274;130,276;130,279;130,280;131,283;131,284;130,287;130,289;130,290;130,292;130,294;131,297;130,299;130,300;131,303;131,305;131,306;130,308;131,310;131,313;131,315;130,316;131,319;131,321;131,322;130,324;130,326;130,329;131,331;131,333;130,334;130,336;131,339;131,340;130,342;130,344;130,347;131,349;130,351;131,353;131,354;131,356;130,358;131,360;131,363;130,365;131,366;131,368;131,371;131,373;131,374;131,377;130,379;130,381;130,383;130,385;131,387;130,388;131,390;130,393;131,395;130,397;130,399;130,400;130,402;130,404;130,406;130,408;131,410;131,412;131,414;130,416;130,418;131,420;130,423;131,424;130,427;131,428;130,431;130,432;130,435;131,437;130,439;131,441;130,442;130,445;130,447;130,449;130,451;131,453;131,455;130,457;131,459;130,461;131,463;131,465;130,466;130,469;130,471;131,472;130,475;131,476;131,479;130,480;131,483;131,484;131,486;131,489;130,490;131,493;131,495;130,497;130,499;130,501;130,502;130,504;131,507;131,508;130,511
133,1;133,2;133,4;132,6;132,8;133,10;132,12;132,14;133,17;132,18;132,21;133,22;133,25;133,27;132,28;133,31;132,33;132,34;132,36;132,38;132,41;133,42;133,44;132,46;132,48;133,50;133,53;133,54;132,56;133,59;133,61;133,63;132,64;133,66;133,69;132,71;132,73;133,74;132,77;132,79;133,80;132,82;132,85;132,86;133,89;132,91;133,93;132,94;132,97;132,99;132,100;132,103;132,105;132,107;132,108;132,111;132,113;132,115;132,117;133,119;132,120;133,123;133,124;132,127;132,128;132,130;133,133;133,134;132,137;132,139;133,141;132,143;133,145;132,147;132,148;133,151;133,153;132,155;133,156;132,159;132,161;132,163;133,165;132,166;133,168;132,171;133,173;133,175;133,176;132,178;133,180;133,183;132,184;132,186;132,189;133,191;133,192;132,194;132,197;133,198;132,200;132,202;133,205;133,207;132,208;132,210;132,212;133,214;133,217;132,218;133,220;133,222;132,224;132,227;133,228;132,231;133,233;133,234;133,237;132,238;132,241;132,243;133,244;133,247;132,249;132,250;133,252;133,254;133,256;133,258;133,261;132,262;132,264;132,266;132,268;132,270;133,273;132,275;132,277;133,279;133,280;132,283;132,284;132,286;133,289;133,291;132,293;133,295;132,297;132,299;133,300;133,302;132,305;132,307;133,308;132,311;133,312;133,314;133,316;132,318;133,321;132,323;132,325;133,327;132,329;132,331;133,332;133,335;132,336;132,339;133,340;132,342;132,344;133,346;132,349;132,351;133,352;132,355;133,357;133,358;132,360;132,363;133,364;132,366;132,369;133,371;133,373;133,374;132,376;133,378;133,381;132,382;132,384;133,387;133,389;132,390;132,393;132,394;133,397;132,398;133,401;133,402;132,405;133,406;133,408;133,410;133,413;132,415;132,417;133,419;132,421;133,422;133,425;132,426;133,428;132,431;133,433;132,434;132,437;132,439;132,441;132,442;133,444;132,447;132,448;132,450;133,453;132,455;132,457;132,459;132,461;133,463;132,464;132,467;133,468;133,471;132,473;132,474;133,476;133,478;132,480;133,482;133,484;132,486;132,489;132,491;133,493;132,495;132,497;133,499;132,501;132,502;133,505;133,506;133,509;133,511
135,1;135,2;135,4;134,6;135,9;134,11;134,13;134,15;134,17;134,18;135,20;134,22;135,24;135,27;134,29;134,31;135,32;134,35;134,37;135,38;135,41;135,43;134,45;134,47;135,48;134,51;135,52;135,55;134,57;135,59;135,61;134,62;135,64;134,67;134,69;134,70;134,73;135,75;135,76;135,78;134,81;135,82;134,84;135,87;134,89;135,91;135,92;135,95;135,96;134,99;134,101;135,103;135,104;134,106;134,109;135,110;135,113;134,114;134,117;135,119;134,120;135,123;135,124;134,127;135,128;134,131;135,133;134,134;134,137;135,138;135,140;134,143;134,145;135,147;135,149;134,151;134,153;134,154;135,156;135,159;134,161;135,162;134,165;134,167;135,168;135,170;134,172;134,175;135,176;134,178;134,181;134,183;135,185;134,187;134,189;135,190;134,193;134,195;134,197;134,198;134,201;134,203;135,205;135,207;135,208;134,211;134,212;134,214;135,217;134,218;134,220;135,223;134,224;135,226;135,228;135,230;135,233;134,235;135,236;135,239;135,240;134,242;134,245;135,247;135,249;134,250;134,252;134,255;135,256;134,259;135,260;135,263;134,265;134,267;135,269;135,271;135,273;134,274;135,277;135,278;135,281;134,282;135,284;135,286;134,289;134,290;135,292;135,294;134,297;135,298;134,301;134,303;135,305;135,307;135,308;134,310;135,313;134,314;135,316;134,319;135,320;135,322;135,324;135,326;135,328;134,330;135,332;135,335;134,337;135,339;134,341;134,343;135,345;134,347;134,349;135,350;134,353;134,354;134,356;134,359;135,361;135,363;134,365;135,367;135,369;134,371;134,373;135,375;135,377;135,378;134,381;135,383;134,384;135,387;134,388;134,391;134,393;134,395;134,396;134,399;135,401;134,402;135,405;135,406;135,408;135,410;134,412;134,414;135,416;134,418;134,420;134,422;135,425;134,427;134,428;135,430;134,433;134,435;134,436;134,439;135,441;134,442;134,444;135,446;135,448;135,450;134,453;135,455;135,456;135,458;134,460;134,462;135,464;135,467;134,469;134,471;135,472;135,474;134,477;135,479;135,481;135,483;135,484;134,487;135,489;135,491;134,493;134,495;134,497;134,498;134,501;134,502;134,504;134,507;135,508;135,511
136,0;136,3;136,4;137,6;137,8;137,11;137,13;136,14;136,17;137,19;137,21;137,22;137,25;136,27;136,29;136,31;136,32;137,34;137,36;137,39;136,41;136,43;137,44;137,47;136,48;136,51;137,53;137,54;136,56;136,58;137,61;137,63;136,65;136,66;137,68;137,71;136,72;136,75;137,76;136,78;137,81;136,82;136,84;136,86;136,89;137,91;136,92;136,94;136,97;137,98;136,100;136,102;137,105;136,107;137,108;137,110;136,112;136,114;136,117;137,119;136,120;137,122;137,125;137,127;137,128;137,131;136,133;136,135;136,136;137,138;137,140;136,142;136,145;137,146;137,149;136,151;136,152;136,154;137,156;137,159;137,160;136,162;136,165;136,167;136,168;136,171;136,173;136,175;136,177;137,178;137,181;136,182;137,184;137,186;136,188;137,190;137,192;136,194;136,196;136,199;137,200;137,202;137,204;137,206;137,208;136,211;137,212;137,215;136,217;136,219;137,221;137,222;137,224;137,227;137,229;137,230;137,232;137,234;136,237;137,238;137,241;137,243;137,244;137,246;137,248;136,250;136,253;137,254;137,256;136,258;137,261;136,263;136,264;136,266;136,268;137,271;136,272;137,274;137,276;136,278;137,281;136,283;137,285;137,287;137,289;137,291;137,293;137,294;136,296;136,299;136,301;137,303;136,305;136,307;137,308;136,310;136,313;136,314;137,317;137,319;136,320;137,323;137,324;136,326;136,329;136,330;136,332;136,334;136,337;136,338;137,340;137,342;136,345;137,347;137,349;137,350;136,352;137,354;136,356;136,359;136,361;136,363;137,365;136,366;137,368;137,370;137,372;136,375;136,377;137,378;137,380;137,383;136,385;136,386;137,388;136,391;137,393;137,395;136,397;136,398;136,401;136,402;136,405;137,407;136,408;136,410;137,412;136,414;137,416;136,418;136,420;136,423;137,424;136,427;136,428;137,430;136,433;136,435;136,436;137,439;136,440;136,442;136,444;136,447;137,449;136,451;137,453;137,455;136,457;137,458;137,461;136,462;136,465;137,467;136,468;136,470;137,473;136,475;137,476;137,479;136,481;137,482;137,485;137,486;137,488;137,491;136,492;136,495;137,496;136,498;136,501;136,503;136,504;136,507;136,508;136,511
138,0;139,2;139,5;138,6;138,8;138,10;139,12;139,15;138,17;138,19;138,21;138,22;138,25;138,27;139,29;139,31;139,33;139,34;138,37;139,38;139,40;138,43;138,45;138,46;138,48;139,51;138,53;139,54;139,56;138,58;139,61;139,63;139,65;139,66;139,68;139,71;138,73;139,75;139,76;139,78;138,81;138,83;138,85;139,87;139,88;138,90;139,93;139,95;138,97;139,99;139,101;138,102;139,105;139,106;138,108;139,110;139,113;138,114;139,117;138,118;138,120;139,122;139,124;139,127;139,129;138,131;139,133;139,134;138,136;138,138;139,141;139,142;138,144;139,146;138,149;138,151;138,153;138,154;139,157;139,159;138,160;139,162;139,164;138,167;138,169;138,171;139,172;138,175;138,176;138,179;139,180;139,182;138,185;139,186;138,188;138,190;138,192;138,194;138,196;139,199;138,201;139,203;139,205;138,207;138,208;139,211;138,212;138,215;139,217;138,219;138,221;138,222;138,225;138,226;138,228;139,231;139,233;139,235;139,236;138,239;139,241;139,242;139,244;138,246;138,248;138,250;139,253;139,254;139,257;139,259;139,260;139,262;139,265;138,266;138,269;138,271;138,272;138,274;138,276;138,278;138,281;139,282;139,284;138,286;138,289;139,291;139,293;138,295;138,296;138,298;138,300;138,303;138,304;139,306;139,308;139,310;138,312;139,315;139,317;139,318;138,321;139,322;138,324;138,326;138,329;139,330;138,333;138,334;138,336;139,338;139,341;138,343;139,344;138,346;139,348;139,351;138,353;138,354;138,356;139,358;138,361;139,362;138,365;139,367;138,369;139,370;138,372;139,375;138,377;138,379;138,381;138,383;138,385;138,386;138,388;138,391;139,393;139,395;139,397;139,399;138,401;139,402;138,404;138,406;139,408;138,411;139,413;138,414;138,417;138,418;138,420;138,422;139,424;138,426;138,428;138,430;138,433;138,435;139,436;138,438;138,440;138,442;139,445;139,447;139,448;138,451;139,452;138,455;138,456;138,459;139,460;138,463;138,464;138,466;139,468;138,471;138,472;139,474;138,477;139,478;139,481;139,482;139,484;139,487;138,488;138,491;138,492;139,495;139,497;139,499;138,501;138,503;138,504;138,507;139,508;138,511
141,1;141,2;141,5;140,6;140,8;141,11;140,13;140,14;140,17;141,19;140,21;141,23;141,24;140,26;141,28;141,31;140,33;141,35;141,36;140,39;141,41;140,43;140,44;141,46;141,48;140,50;140,53;141,55;141,56;140,59;140,61;141,63;141,65;141,67;141,68;141,70;141,73;141,75;140,77;141,78;140,80;141,83;140,85;140,87;140,88;141,91;140,93;141,94;141,96;141,98;141,100;140,103;140,105;140,107;141,109;140,110;140,112;140,114;140,116;140,119;140,121;140,123;140,124;140,126;141,128;141,130;141,133;141,134;141,136;140,138;141,141;140,142;141,145;140,146;141,148;140,150;141,152;141,155;141,157;141,158;140,160;141,162;141,165;140,166;140,169;141,171;140,172;140,175;140,176;141,179;141,180;140,183;141,184;141,186;140,188;141,191;140,193;141,194;140,197;140,199;141,200;141,203;140,205;141,206;141,209;140,210;141,212;141,215;140,217;140,219;140,220;140,223;140,224;141,226;141,228;140,230;140,233;140,234;140,236;140,238;140,240;141,242;141,245;141,247;140,248;140,251;141,253;140,255;141,257;141,258;140,260;141,263;141,264;141,267;140,269;140,270;140,273;140,275;140,277;141,279;140,281;141,283;141,285;141,286;141,289;141,290;141,293;141,295;141,296;140,298;140,300;141,303;141,304;140,307;141,308;141,310;140,312;140,314;141,317;141,319;140,321;141,322;140,325;140,327;140,329;141,331;140,332;140,335;140,336;140,339;140,340;141,343;141,345;140,347;140,349;140,350;141,352;140,355;141,357;140,358;141,360;140,362;141,365;140,366;140,369;141,371;141,372;140,375;141,376;140,379;140,380;140,382;140,384;140,387;140,388;141,390;140,392;141,395;140,397;141,398;141,401;140,402;140,404;141,406;140,408;140,410;140,413;141,414;140,417;141,419;141,420;140,422;141,424;140,426;140,428;140,431;140,433;141,435;141,437;140,438;140,441;141,442;140,445;140,446;140,448;140,450;140,453;141,454;140,456;140,459;140,460;141,463;141,464;140,466;140,468;141,470;140,472;141,474;141,477;141,478;140,481;140,482;140,484;140,486;141,488;141,490;141,492;140,495;141,496;140,499;141,500;140,502;140,504;140,507;140,509;141,510
142,0;142,2;143,5;143,7;143,9;142,10;143,13;142,15;143,16;143,18;143,21;143,23;142,25;142,27;142,28;143,31;143,33;142,35;143,37;143,39;142,41;143,42;142,45;142,47;142,48;143,51;142,52;143,54;142,57;142,59;142,60;142,63;142,64;142,67;143,68;143,70;142,72;142,75;142,77;142,78;143,80;142,83;142,85;143,87;143,88;143,90;143,92;142,94;142,96;142,98;142,101;142,103;143,104;143,106;142,108;143,111;142,112;142,115;143,116;142,118;143,120;143,122;143,125;143,127;143,129;143,130;142,132;143,135;142,136;143,139;143,140;142,142;143,145;143,147;142,149;142,151;143,153;143,154;142,157;142,159;143,160;142,162;143,164;143,166;143,168;142,170;143,173;142,175;142,176;143,178;142,180;142,183;143,184;142,187;143,189;142,190;143,193;142,195;143,197;142,198;142,201;143,202;142,204;142,207;142,209;142,210;142,212;142,214;142,217;142,219;142,220;143,223;142,224;143,227;143,229;143,230;143,233;143,235;143,237;143,238;142,241;143,243;143,244;142,246;142,249;142,251;143,253;143,254;143,256;143,258;142,261;142,262;142,265;143,267;142,268;143,271;142,273;143,274;142,277;142,278;143,280;142,283;142,285;143,286;142,289;143,290;143,293;142,295;143,296;142,299;142,300;142,303;142,305;142,306;142,308;143,311;143,313;143,315;143,317;143,319;143,321;142,323;143,325;143,327;143,329;142,331;142,333;143,334;142,337;142,338;142,340;143,342;143,345;142,346;142,349;142,350;142,352;142,355;143,357;142,358;142,360;142,362;143,364;142,367;142,369;142,370;143,373;143,375;142,377;142,379;142,381;142,382;142,384;143,387;142,389;142,390;143,393;143,394;143,396;143,399;143,401;143,403;143,405;142,406;143,409;142,411;142,413;142,415;142,417;143,419;143,421;142,423;143,424;142,426;143,428;143,431;143,432;142,435;143,437;142,438;142,441;143,442;142,444;142,447;143,449;143,451;142,453;143,455;143,457;143,458;143,460;143,462;142,464;143,466;143,468;142,471;142,472;143,474;142,477;143,479;143,481;143,483;142,484;143,486;143,489;142,491;143,493;143,494;143,497;142,498;143,500;143,503;142,504;143,506;142,509;142,510
145,0;144,3;145,5;145,7;144,8;144,10;144,12;145,15;145,17;144,18;145,20;145,22;145,25;145,26;144,29;144,30;145,32;145,35;144,37;145,38;145,41;145,43;144,45;145,46;144,48;145,51;144,53;145,55;145,57;145,58;144,61;145,62;144,64;145,66;144,68;144,71;144,73;144,75;145,77;144,79;145,81;145,83;144,85;145,86;144,89;144,91;144,92;144,94;145,97;145,99;145,101;145,103;144,104;145,107;144,108;144,111;144,112;145,115;145,116;145,118;144,121;145,122;145,125;144,127;145,128;145,130;145,133;144,135;145,136;144,138;144,140;144,142;144,144;144,146;144,149;144,151;144,153;144,155;144,157;144,159;145,160;145,163;144,165;145,167;145,169;145,171;144,172;144,175;144,177;144,178;144,180;144,182;145,185;145,186;144,189;144,191;145,193;145,194;145,197;144,199;144,201;144,202;145,205;145,207;144,209;145,211;145,213;145,214;144,217;145,218;145,220;145,222;145,224;144,226;144,228;145,231;145,232;145,235;145,236;145,238;144,241;144,243;144,244;144,247;144,248;145,250;145,252;145,255;144,257;145,258;144,261;144,262;145,265;145,266;144,268;145,271;144,273;145,274;145,276;145,278;145,280;144,282;145,284;144,286;144,289;145,290;144,293;144,294;145,297;144,298;144,300;144,303;145,305;144,306;144,309;145,311;145,313;144,314;145,316;144,319;144,321;144,323;145,325;144,326;144,328;144,330;144,333;145,335;145,337;145,338;144,340;144,342;144,345;145,346;144,349;145,351;145,353;144,355;145,356;145,359;144,360;145,362;145,364;144,366;145,368;144,371;145,373;144,374;144,376;144,379;145,381;144,383;144,385;144,387;144,388;145,391;145,392;144,395;145,397;144,399;144,401;145,402;145,404;145,407;145,409;144,411;145,412;144,415;144,416;145,418;144,421;145,423;144,424;145,427;145,429;145,430;144,432;144,435;145,437;145,439;144,440;144,442;145,445;145,447;145,448;145,450;144,453;144,455;144,456;144,459;144,460;145,462;145,465;145,466;145,468;144,470;145,472;144,474;144,477;144,479;144,481;144,483;145,485;144,486;145,488;144,490;145,493;145,495;145,497;144,499;145,501;144,503;145,505;144,506;145,508;144,511
147,0;146,3;147,4;146,6;147,8;147,11;147,12;147,15;146,16;147,19;146,20;147,23;146,25;146,26;146,29;146,30;147,33;146,34;146,37;146,39;147,41;147,42;147,45;147,47;147,48;146,51;146,52;146,55;146,57;147,59;147,61;146,63;146,65;146,66;146,68;146,71;147,72;147,74;147,77;146,79;147,80;147,83;146,85;146,87;147,89;147,90;146,93;147,95;146,97;146,98;147,100;146,103;147,104;146,106;146,109;146,111;147,113;147,114;146,117;147,119;147,121;147,122;146,125;146,126;146,128;147,130;147,132;147,135;147,137;147,139;147,140;147,143;146,144;146,147;147,148;146,150;147,153;147,154;146,156;147,159;146,161;146,163;146,164;147,167;146,169;146,171;146,173;147,174;146,176;146,179;146,180;146,183;146,184;146,187;146,189;147,191;146,193;146,195;147,196;146,199;146,201;147,203;147,204;147,206;146,209;147,210;146,213;147,215;146,217;146,219;146,220;147,222;146,225;146,227;146,228;146,230;147,233;147,234;146,237;147,238;146,241;146,243;146,244;146,247;146,249;146,250;146,253;146,254;146,256;147,258;147,261;147,262;146,265;147,266;146,268;147,270;146,273;147,275;147,277;146,279;146,280;146,282;147,284;147,286;146,289;146,291;146,293;146,295;147,297;147,299;147,300;147,303;146,304;147,307;147,308;146,310;147,312;147,315;147,317;147,319;146,321;146,322;146,325;146,327;147,328;147,330;146,333;147,335;146,337;146,338;146,340;147,343;146,344;146,346;147,348;146,350;146,353;146,355;146,357;146,358;147,361;146,362;146,365;147,366;147,369;147,370;146,372;146,375;147,377;146,378;147,380;147,382;146,385;146,387;147,388;146,391;146,393;146,395;147,397;147,398;146,400;146,403;147,404;147,406;147,408;146,411;146,413;147,415;146,416;146,419;147,420;147,423;147,424;147,427;146,428;147,431;146,433;146,434;147,436;147,438;147,440;147,442;146,444;146,446;147,448;147,451;147,453;147,455;147,457;147,458;147,460;147,462;147,465;147,466;147,469;147,470;147,472;146,475;147,476;147,478;147,481;146,482;146,485;146,487;146,488;146,490;146,492;146,494;147,497;146,499;147,501;147,502;146,505;147,507;146,508;147,510
149,1;149,2;148,5;148,7;148,8;148,11;149,13;149,14;148,17;149,18;148,20;148,22;149,24;149,27;148,29;148,30;148,33;149,34;148,36;148,39;149,41;149,42;149,45;148,46;148,49;148,51;149,52;148,54;149,56;148,59;148,61;149,63;149,65;148,66;148,69;148,71;149,72;148,75;149,77;148,78;148,81;149,82;148,84;148,87;148,89;149,90;148,92;148,95;148,96;149,99;149,100;148,103;148,105;149,106;148,109;149,110;148,112;149,114;149,116;149,118;149,121;149,123;149,125;149,126;148,129;149,131;148,132;148,134;149,136;148,139;149,140;149,142;148,145;148,146;149,149;149,150;149,153;149,155;149,157;148,159;149,160;148,163;149,165;148,166;148,168;149,171;148,173;148,175;149,176;149,179;148,180;148,182;149,184;149,187;149,188;148,190;148,192;149,194;149,197;149,199;148,201;149,203;149,204;149,207;148,208;148,210;149,212;149,215;149,217;148,219;148,220;148,222;148,225;148,226;149,229;149,230;149,232;149,235;149,237;148,238;149,240;148,242;148,244;148,246;148,248;148,250;149,252;149,254;149,257;148,259;149,261;148,262;149,264;149,267;149,269;148,271;149,272;148,275;148,277;149,279;149,280;149,282;149,285;148,287;149,288;148,290;148,293;148,295;148,296;148,299;148,300;149,302;149,305;148,307;149,309;149,311;148,312;149,315;148,317;148,319;149,321;148,322;149,324;149,326;149,329;148,331;149,333;148,335;149,336;148,338;149,340;149,343;149,345;148,346;149,349;148,350;149,352;148,354;148,356;148,359;149,361;148,363;148,364;149,367;148,369;149,370;149,372;149,375;149,377;149,379;149,380;149,383;148,385;149,387;149,389;149,390;149,393;148,394;148,396;149,399;149,401;148,402;148,404;148,406;149,408;148,411;148,412;148,414;148,416;148,418;148,421;148,422;148,424;149,426;148,429;149,430;149,433;148,435;149,436;148,438;149,441;149,443;149,445;148,446;149,448;148,450;149,453;148,454;149,457;148,458;149,461;149,462;149,464;148,467;148,469;149,471;149,472;148,474;148,477;149,478;149,480;149,482;148,485;148,486;149,488;149,491;148,492;148,495;148,496;149,498;149,500;149,503;149,504;148,506;148,509;148,511
151,0;151,3;151,4;150,7;150,9;151,11;150,13;150,15;151,16;150,18;151,20;150,22;151,25;151,27;150,29;150,30;151,32;150,35;150,36;150,39;150,41;151,42;150,44;150,46;150,49;151,50;151,52;151,54;150,56;150,58;150,61;151,63;151,65;151,66;150,69;150,70;150,72;151,74;151,76;150,79;150,81;151,82;150,85;151,86;150,88;150,90;150,92;151,94;150,97;150,98;150,101;151,103;151,104;151,107;150,109;150,111;150,113;151,114;151,117;151,119;150,121;150,122;151,125;150,127;150,128;151,130;150,132;151,134;150,137;150,138;151,140;150,143;150,145;151,147;151,149;151,150;151,153;151,155;150,156;150,159;151,161;150,163;150,164;150,166;151,169;151,170;151,172;150,175;151,176;151,179;150,181;150,182;151,185;150,187;151,189;151,191;151,193;151,195;151,197;151,199;150,200;150,203;151,204;150,207;151,208;151,210;151,212;151,215;150,216;151,218;151,221;151,222;150,224;150,226;150,229;151,230;151,233;150,234;150,236;151,239;150,240;150,242;151,245;151,247;150,249;151,250;151,253;151,255;151,257;151,258;150,260;150,263;151,264;151,267;151,268;150,270;150,273;151,275;151,277;151,279;150,281;150,282;150,284;150,287;151,288;150,291;151,293;151,294;151,297;151,299;151,300;151,302;151,304;151,307;151,309;151,310;150,312;150,314;150,317;151,318;151,320;151,323;151,325;150,326;150,329;150,331;150,332;150,334;151,336;150,339;150,341;150,342;150,344;151,347;151,348;150,351;151,353;150,354;150,356;151,358;150,361;151,362;150,365;151,366;151,368;150,371;151,372;151,375;151,377;151,379;151,380;151,383;151,385;150,386;150,389;151,390;150,393;150,394;150,396;150,399;150,401;150,403;151,404;150,406;151,409;150,411;151,413;151,414;150,417;150,418;151,421;150,422;150,425;150,426;151,429;151,431;151,433;151,434;151,436;150,438;151,440;150,443;150,444;150,446;151,449;151,450;151,452;150,455;151,457;150,459;150,460;150,463;151,465;151,467;150,469;151,471;150,473;151,475;150,476;151,479;150,481;150,482;151,484;150,486;150,489;150,490;150,493;150,495;151,496;150,498;150,500;150,502;151,505;150,507;150,508;151,511
153,0;153,3;153,5;152,6;152,9;152,10;153,13;152,15;152,16;153,18;152,21;152,23;153,24;152,27;153,29;152,30;153,32;152,34;153,36;153,38;153,40;152,42;153,44;153,47;152,49;153,51;153,52;153,54;152,57;153,58;152,61;153,63;153,65;153,66;153,69;152,71;152,73;153,75;153,77;153,78;152,81;152,82;153,84;153,87;152,89;153,91;152,92;152,94;152,96;152,99;153,100;153,102;153,104;152,107;152,108;152,111;153,113;152,114;152,116;152,119;152,120;152,122;152,125;152,126;153,129;153,130;152,132;153,135;152,137;152,138;152,141;152,143;153,144;153,147;153,148;153,151;152,153;153,154;152,156;152,159;152,160;152,163;152,165;152,167;152,169;152,171;152,173;153,175;152,177;153,178;152,180;153,182;153,185;152,187;152,188;153,191;153,193;153,195;152,197;152,199;152,200;152,203;153,205;152,206;152,209;153,211;153,213;153,215;153,216;153,219;153,221;152,222;152,225;153,227;153,229;152,231;152,233;152,235;152,237;152,239;153,241;152,242;152,244;152,246;152,249;152,251;153,253;153,255;152,257;152,259;152,261;153,263;152,264;153,267;152,268;153,270;152,273;152,275;152,277;153,279;152,281;153,283;152,284;152,286;153,288;152,291;153,292;152,295;152,297;152,299;152,300;153,303;153,304;153,306;152,309;153,311;153,312;152,315;153,317;153,319;153,320;153,323;152,325;152,326;152,328;153,330;153,333;153,334;153,337;152,338;153,341;153,342;152,345;153,347;152,349;153,350;152,353;152,355;152,357;153,359;153,360;153,363;152,364;153,367;152,368;153,370;152,372;152,375;152,377;152,378;153,380;153,383;153,385;152,387;152,388;153,391;152,392;152,395;152,396;152,399;152,400;152,402;152,404;153,407;152,408;152,410;152,412;152,415;153,417;152,419;153,421;152,422;152,425;153,427;152,429;153,430;152,433;153,435;153,437;152,439;152,441;153,442;152,445;153,446;152,448;152,451;152,452;152,454;153,456;153,458;152,460;153,463;153,465;153,466;153,469;152,471;153,473;152,475;153,477;152,479;152,481;153,482;153,485;152,487;152,489;153,491;153,492;153,495;153,496;152,499;153,501;153,502;153,504;153,506;153,508;153,510
155,1;155,3;155,5;154,6;155,8;154,11;155,13;154,14;154,16;154,18;154,21;155,22;154,24;154,27;155,28;155,30;155,33;154,35;154,37;154,38;154,40;154,42;154,44;154,46;155,48;155,50;155,53;155,54;155,56;155,59;155,61;155,62;154,64;154,67;154,68;155,70;155,72;155,75;155,77;155,79;155,80;154,82;154,85;154,86;155,89;154,91;154,93;154,94;154,96;155,98;154,101;155,102;155,104;155,107;155,109;154,111;154,112;155,115;155,117;154,118;154,120;155,122;155,125;154,127;154,128;154,130;154,133;155,134;154,136;154,138;154,141;154,143;154,145;155,146;155,149;155,150;154,152;155,155;155,156;155,158;155,160;155,163;155,164;155,167;154,169;155,171;154,173;154,175;155,177;155,179;155,180;154,183;154,185;155,187;155,189;154,191;154,192;155,195;154,196;155,199;155,201;155,203;155,204;154,207;155,209;154,211;155,213;154,215;154,217;154,218;155,220;154,223;154,224;155,227;155,229;154,230;154,232;154,235;155,237;155,239;154,241;154,243;155,244;154,247;154,249;154,251;155,252;155,254;155,257;154,258;155,261;155,262;154,265;155,267;154,268;154,270;155,273;155,275;154,277;155,278;154,281;154,282;154,285;154,286;154,289;155,290;155,292;154,295;155,297;155,298;154,301;155,303;154,304;154,307;155,309;155,311;154,313;155,315;154,317;155,318;155,320;154,323;155,324;154,326;154,329;155,330;155,333;154,335;154,337;155,338;154,341;155,342;155,345;154,347;155,349;154,351;155,353;154,355;154,356;154,358;154,360;154,362;154,365;155,366;155,369;154,370;155,373;155,375;154,376;154,378;154,381;155,382;154,384;155,387;154,388;154,390;155,392;154,394;155,397;154,399;154,401;155,403;154,404;154,407;154,409;155,411;154,413;155,414;155,416;154,419;154,420;154,422;155,425;155,427;154,429;154,430;154,432;155,435;154,436;154,439;154,441;155,442;154,445;154,447;155,448;155,450;155,453;154,454;154,456;155,458;155,460;154,463;154,464;154,466;154,469;154,471;154,472;155,475;155,476;155,478;155,481;155,482;154,484;155,486;155,488;154,491;154,493;154,494;154,497;154,498;154,500;154,502;154,505;154,507;154,508;155,510
157,0;156,2;156,4;157,7;157,9;156,10;156,13;156,14;156,16;156,19;156,21;157,22;156,24;157,26;156,29;156,31;156,33;156,34;156,36;157,39;156,40;157,42;156,45;156,47;156,48;157,50;156,53;157,55;156,56;156,59;157,60;156,63;157,65;157,66;156,68;157,70;157,73;156,74;156,76;156,79;157,80;156,82;157,85;157,86;157,89;157,91;156,93;157,94;157,97;156,99;157,100;157,103;156,105;156,107;156,109;157,110;157,112;157,114;156,116;156,119;156,120;157,122;157,125;156,127;156,128;157,130;156,132;156,134;156,136;156,138;156,141;156,143;156,145;157,146;157,148;156,151;157,152;156,155;156,156;157,158;156,161;156,162;156,165;157,167;156,168;157,170;156,173;157,175;156,177;157,179;156,180;156,182;157,184;157,186;156,189;156,191;156,193;157,194;157,197;156,198;156,200;157,202;156,204;156,207;157,209;156,210;157,212;156,214;157,217;156,219;157,220;157,222;156,225;156,227;157,229;156,230;156,233;156,234;156,236;156,238;157,241;157,243;157,244;157,247;157,249;156,250;157,252;157,255;156,256;156,259;157,261;156,263;157,264;156,266;156,268;156,270;156,272;157,274;156,276;157,278;157,280;157,283;157,285;156,287;156,288;156,290;157,293;157,295;157,296;156,298;157,301;157,303;156,305;157,306;156,308;156,310;157,312;156,315;156,316;157,319;156,320;157,322;157,324;157,326;156,328;157,330;156,333;156,334;156,337;156,339;156,340;156,343;156,344;156,346;156,349;157,350;157,352;156,355;157,357;156,359;156,361;156,362;157,364;156,367;157,368;157,371;156,373;156,374;156,377;157,379;157,381;156,383;157,384;157,386;157,389;156,391;156,392;157,395;157,396;156,399;157,400;156,402;156,405;157,407;157,408;157,410;156,413;156,414;157,417;157,418;157,420;157,423;157,425;157,427;157,429;156,430;157,433;156,434;157,437;157,438;156,441;156,442;156,444;156,447;157,448;157,451;156,452;157,455;157,457;156,458;157,461;156,463;156,465;156,466;157,469;157,470;156,473;157,474;156,477;157,478;156,481;156,482;157,484;157,487;157,489;157,491;156,493;157,494;157,497;157,498;157,500;156,503;157,505;157,507;157,508;157,510
159,0;158,3;158,5;159,6;158,8;158,11;159,12;159,15;159,16;158,19;159,20;159,23;159,25;158,26;158,29;158,31;159,33;159,34;159,36;158,39;159,40;158,43;158,45;159,46;158,49;158,50;159,53;158,54;158,57;159,59;159,61;158,63;159,64;158,66;158,68;159,70;159,73;158,75;159,77;158,78;159,80;159,83;158,84;159,87;158,89;158,91;159,93;159,95;159,96;158,99;158,100;158,103;158,105;159,106;159,109;159,110;158,113;158,114;158,117;159,118;159,120;158,122;158,124;158,127;159,128;158,131;159,133;158,135;158,136;158,139;158,141;158,143;159,145;159,147;158,148;158,151;158,152;158,154;159,157;158,158;158,160;158,162;158,165;159,167;159,168;159,170;159,173;158,175;158,176;158,178;159,181;159,182;158,185;158,187;159,188;159,191;159,193;158,194;158,196;159,199;159,200;159,202;159,204;159,206;158,208;158,211;159,213;158,214;159,217;158,219;159,221;159,223;158,225;159,226;158,228;159,231;159,232;158,235;159,237;159,239;159,241;158,243;159,244;158,247;158,249;159,251;158,252;158,255;158,257;159,259;159,261;159,262;158,264;158,267;158,268;159,270;159,273;158,275;159,276;159,279;158,280;159,282;158,284;159,287;159,288;159,291;159,292;159,294;159,296;159,299;159,300;158,303;158,305;158,306;158,308;158,310;159,313;159,315;158,316;158,318;159,320;158,323;158,325;159,327;158,328;159,330;159,332;159,334;159,337;158,339;159,340;159,342;158,344;158,347;159,348;158,351;158,353;158,355;158,356;158,358;158,360;159,362;158,365;159,367;159,369;158,371;158,373;159,375;159,377;159,378;159,381;159,382;159,385;158,387;158,388;159,390;159,393;159,395;158,397;158,399;158,401;159,403;159,405;159,406;158,408;158,411;159,413;159,414;159,417;159,419;158,420;159,422;158,425;159,426;159,429;158,430;159,433;159,434;158,437;158,439;159,440;158,443;158,444;159,446;158,448;159,450;159,453;159,454;159,457;159,458;159,461;159,463;158,465;159,466;158,469;158,471;158,473;159,475;158,477;159,478;158,481;158,482;158,484;158,487;158,489;159,491;158,493;158,495;159,496;159,498;159,501;159,503;159,504;159,506;158,509;158,510
161,1;161,3;160,4;160,6;161,8;160,10;160,12;160,15;160,16;160,18;161,21;160,23;160,24;160,27;161,28;160,31;161,32;160,35;160,36;160,39;161,40;160,43;161,45;160,46;160,49;161,50;161,53;160,54;161,56;161,59;161,61;160,63;161,64;160,66;161,68;161,70;161,73;160,74;160,76;160,78;160,80;160,82;161,85;161,86;160,88;160,91;161,93;161,95;160,96;161,99;161,100;160,102;160,105;160,107;160,108;160,110;160,113;160,114;160,116;161,118;161,121;160,123;160,125;160,126;161,129;160,131;161,133;161,135;161,137;160,138;161,141;160,143;160,145;160,147;161,149;161,151;161,152;160,155;160,156;161,158;160,161;161,162;160,164;161,167;161,168;161,170;161,172;161,174;160,177;160,178;160,180;161,183;161,184;160,187;160,189;161,191;161,192;160,195;161,196;161,198;160,201;160,202;160,204;161,207;161,208;160,211;161,213;160,215;161,217;160,218;161,221;160,223;161,224;161,227;161,228;160,230;161,232;161,235;161,236;160,238;160,241;160,242;161,244;160,247;161,249;160,251;161,252;160,255;160,257;161,259;161,261;161,263;160,264;161,267;161,268;161,271;161,273;161,275;160,276;160,278;160,281;161,282;161,284;160,286;160,288;160,290;161,293;160,295;161,297;161,298;160,301;160,302;161,304;161,307;160,308;161,311;161,313;160,315;160,317;160,318;161,321;161,322;161,324;160,326;161,328;161,330;161,332;161,335;160,336;161,338;161,341;161,343;161,345;161,346;160,348;160,350;160,352;160,355;160,357;161,358;161,361;161,362;160,365;160,366;161,368;161,370;160,373;160,374;161,376;160,379;160,381;160,382;161,385;161,387;160,388;161,390;161,392;160,395;160,397;160,398;161,400;160,402;160,404;161,406;160,408;161,410;160,413;160,414;160,417;160,418;160,420;161,423;160,425;160,426;161,429;160,430;161,432;160,435;161,437;160,438;161,441;160,443;161,445;161,447;161,449;160,450;161,453;161,455;160,457;160,458;160,460;161,462;161,464;160,466;160,468;161,470;160,473;161,474;161,476;160,479;160,480;160,482;161,484;160,486;161,489;161,491;160,492;160,494;161,497;161,499;161,500;161,503;161,504;161,506;161,509;160,511
162,1;162,3;163,5;162,6;163,9;162,10;163,13;162,15;163,16;163,18;163,21;163,22;163,25;162,26;163,29;163,31;163,32;162,34;162,37;162,38;162,40;163,42;163,45;162,47;163,49;163,50;163,52;162,55;162,56;162,59;162,61;162,62;162,65;162,66;162,68;163,71;162,73;162,74;162,76;162,78;162,80;163,82;163,84;163,87;162,88;163,91;162,93;163,94;163,97;163,98;162,100;163,103;163,105;163,107;163,108;163,111;162,113;162,114;163,116;162,118;162,121;163,122;162,124;162,127;163,129;163,131;162,132;163,135;162,137;162,139;163,140;162,142;162,145;162,146;162,148;162,150;163,153;163,155;163,156;163,158;162,160;163,162;163,164;162,167;162,168;163,171;162,172;163,175;163,177;163,179;162,181;162,183;163,185;162,187;163,189;163,190;162,192;163,194;162,197;163,199;163,201;162,203;162,205;163,207;163,208;162,210;163,212;163,214;162,217;163,219;163,220;163,222;162,224;163,226;163,229;162,230;162,232;162,234;162,237;163,239;162,240;163,243;162,245;162,246;163,249;163,251;162,253;162,254;162,257;162,258;163,260;163,263;163,265;162,266;162,269;163,271;163,273;163,274;162,277;162,278;163,281;163,282;162,284;163,287;162,289;162,290;163,292;163,294;162,296;162,299;162,300;162,302;163,305;162,306;163,309;163,310;162,312;162,315;162,317;162,318;163,320;162,322;162,324;162,327;162,329;162,331;162,332;163,335;162,336;162,339;162,340;162,343;163,345;162,347;163,349;162,351;162,352;162,355;163,356;162,359;162,361;163,362;163,364;162,366;162,368;163,370;163,372;162,375;163,377;162,379;162,381;162,382;162,385;163,386;162,389;162,390;163,393;162,395;162,397;163,399;162,401;163,402;162,404;163,407;163,409;162,410;163,412;163,414;162,417;163,418;162,421;162,423;163,424;162,426;162,428;162,431;163,432;162,435;162,436;163,439;162,441;163,442;162,444;162,447;163,449;162,451;162,453;162,455;163,457;162,459;162,461;162,463;163,465;163,466;162,468;163,470;163,472;162,475;163,477;162,478;162,480;163,483;163,484;163,486;162,488;162,491;162,493;162,495;162,497;162,498;162,500;162,503;163,504;162,507;162,508;162,511
164,1;165,2;164,5;165,6;164,8;165,10;165,12;164,15;165,17;164,18;165,20;165,23;165,25;164,27;165,28;165,31;164,32;164,35;165,36;164,38;165,40;165,43;165,44;165,46;164,48;165,50;164,53;165,54;164,57;164,59;164,61;164,63;164,65;165,66;165,69;164,71;164,73;165,75;164,77;164,79;164,81;164,82;164,85;164,87;164,89;164,90;165,93;164,94;164,97;165,99;165,101;164,102;164,105;165,107;164,109;164,111;164,113;165,115;164,116;165,118;164,120;164,122;165,125;165,127;164,128;164,131;164,132;164,135;165,137;165,138;165,141;165,143;165,144;164,147;164,149;165,151;164,153;164,155;164,157;165,158;164,161;165,162;165,165;164,167;164,168;165,170;165,172;164,174;165,177;165,178;165,181;165,183;164,184;164,186;165,189;164,191;164,192;165,194;164,197;165,198;165,200;165,202;164,205;164,206;164,209;164,210;165,212;165,215;164,217;165,219;165,220;165,223;165,225;165,226;164,229;165,231;164,232;164,235;164,236;165,238;165,241;165,243;165,245;165,246;164,248;165,251;164,253;164,255;164,257;164,258;164,260;165,263;164,264;165,266;164,268;165,271;164,272;164,275;164,277;165,278;165,281;165,283;165,285;164,287;164,288;165,291;164,293;165,294;164,296;165,299;165,301;164,303;164,305;164,307;164,308;165,310;164,313;165,314;164,317;164,318;164,320;165,323;165,324;165,326;164,328;165,330;164,332;165,335;165,336;165,338;164,341;164,343;165,344;165,347;164,349;165,351;164,353;164,354;164,356;165,358;164,360;165,363;164,364;165,367;164,369;164,371;165,372;165,375;164,376;164,379;164,381;164,383;165,385;164,386;165,389;164,391;165,392;164,395;165,397;164,398;164,400;165,403;165,404;164,407;165,409;165,410;165,412;164,414;164,416;164,419;164,421;164,422;165,424;164,426;164,428;165,431;165,432;165,435;165,436;165,439;165,440;164,442;165,445;165,446;164,449;165,451;164,453;164,454;164,457;165,458;164,461;164,463;164,465;165,466;164,468;164,471;165,473;164,475;164,477;165,479;164,481;164,482;165,484;165,487;164,489;164,491;165,493;164,495;164,496;164,498;164,501;165,503;164,505;164,506;165,509;165,510
167,0;167,3;167,4;166,6;167,9;167,10;167,12;167,15;166,16;167,19;167,21;167,23;167,24;167,27;166,28;167,31;166,32;167,35;166,36;166,38;167,40;167,42;167,45;166,46;167,48;166,50;167,53;167,54;166,57;166,59;167,61;167,63;167,65;167,66;166,68;166,71;166,73;166,75;167,77;167,78;167,81;166,82;166,84;167,86;166,89;167,91;167,93;166,95;166,96;167,98;167,100;166,103;167,104;167,107;166,109;166,111;167,113;166,114;166,116;166,119;167,120;167,123;167,124;167,127;167,129;167,130;166,133;166,135;167,136;167,139;166,141;166,143;166,144;167,147;167,149;166,150;167,153;166,155;166,157;167,158;167,161;166,163;166,165;166,167;166,169;167,170;166,172;166,175;167,176;167,178;166,181;166,183;167,185;166,186;166,188;166,191;166,192;167,194;166,197;166,199;166,201;167,203;166,204;166,206;167,208;167,210;167,212;167,215;166,217;167,218;166,221;166,223;167,224;166,226;167,228;167,231;166,232;167,234;166,237;167,239;167,241;166,242;167,245;166,246;166,248;166,251;166,252;167,255;166,257;166,259;166,260;166,262;167,265;166,267;166,269;166,270;166,273;167,275;166,276;166,279;166,280;167,283;166,285;166,286;167,289;167,290;166,292;166,295;167,297;166,298;167,300;167,303;166,305;166,307;166,309;166,311;166,312;167,314;166,317;166,319;166,320;166,322;167,324;166,327;167,328;166,330;166,333;167,334;167,337;167,338;166,340;166,342;166,344;167,346;167,349;166,350;167,353;167,354;167,357;166,358;166,361;166,363;167,365;167,366;167,368;167,371;167,373;167,375;166,376;166,379;167,381;166,382;166,384;166,387;167,388;166,391;166,393;167,394;166,397;166,398;167,400;166,403;167,404;166,407;167,409;167,410;167,412;167,414;166,417;167,418;166,421;167,422;166,424;166,427;166,428;166,431;167,432;166,434;167,437;167,439;166,441;167,443;166,445;167,447;166,449;166,450;166,452;167,454;166,457;167,458;167,460;166,462;166,465;167,467;166,468;167,471;166,472;166,474;166,477;167,479;166,480;166,483;166,485;166,486;167,488;166,490;166,493;166,495;166,496;166,499;167,501;166,503;166,504;167,506;166,508;167,510
168,1;168,2;168,5;168,6;168,9;169,10;169,12;168,15;168,17;168,19;168,20;168,23;168,24;168,27;169,29;169,31;169,33;169,34;169,37;168,38;168,41;168,43;168,45;168,46;168,48;168,50;169,52;169,55;168,57;169,58;169,61;169,63;169,65;168,67;168,68;168,70;168,72;169,74;168,76;169,79;169,80;168,82;169,85;169,87;168,88;169,90;168,93;169,95;169,97;168,99;169,100;169,102;169,105;168,106;168,108;169,111;168,112;168,115;168,116;168,119;169,120;169,122;168,125;168,126;168,128;168,130;169,133;168,134;168,136;169,139;168,140;169,142;169,145;168,146;168,149;168,151;169,152;168,154;169,157;169,158;168,161;168,162;168,164;169,166;169,168;168,170;168,172;168,175;168,177;168,178;168,181;168,183;169,184;169,187;169,188;168,191;168,192;168,194;168,197;168,199;168,201;169,203;168,204;168,206;168,208;169,210;169,213;168,215;168,217;169,218;169,220;169,222;169,224;168,227;169,228;168,231;168,233;169,235;169,236;169,239;168,240;168,243;169,245;169,247;169,248;168,251;169,253;168,254;169,257;168,258;168,261;168,262;168,264;168,266;169,269;169,270;168,273;168,274;169,276;169,278;168,280;169,283;169,284;169,286;169,289;169,290;169,293;169,294;169,296;168,298;168,300;168,302;169,305;169,306;169,309;169,310;169,313;169,315;169,317;169,318;169,320;169,323;169,324;169,326;169,328;168,331;169,333;169,335;168,337;168,339;168,341;168,343;168,345;168,347;169,348;169,351;169,353;169,355;168,357;168,359;169,360;169,363;169,365;168,366;168,368;168,370;168,373;168,374;168,377;168,378;168,380;169,383;168,385;168,386;169,388;169,391;168,392;169,394;169,396;168,398;169,401;169,403;168,404;168,407;169,409;168,411;169,412;168,414;169,417;168,419;168,421;168,422;168,425;169,426;169,428;168,430;169,433;168,435;169,436;169,439;168,440;168,442;168,445;168,446;169,449;168,450;169,453;168,455;168,456;168,458;168,461;168,462;169,465;168,467;169,469;169,470;169,472;169,475;168,477;169,478;168,481;168,482;169,484;168,486;169,489;168,491;168,492;169,494;168,496;168,498;169,501;168,503;169,505;168,506;169,508;168,511
170,0;170,3;171,4;170,6;171,8;171,10;170,13;170,14;170,17;171,18;171,21;170,23;171,25;171,26;171,28;171,31;170,33;171,34;170,36;170,38;170,40;171,42;170,45;170,47;171,48;171,50;170,53;171,54;171,57;171,59;171,61;170,63;170,65;171,66;170,68;171,70;171,72;171,74;171,77;170,79;171,81;171,82;171,85;170,87;170,88;171,91;170,92;170,94;170,96;170,99;170,100;171,102;171,104;170,106;171,108;170,111;171,112;170,114;171,116;171,118;170,121;170,123;170,124;171,126;171,128;170,131;171,132;170,134;171,136;171,138;170,141;170,143;170,144;170,146;170,148;170,151;171,152;170,154;170,156;171,158;171,160;171,162;170,165;170,167;171,169;171,171;170,172;171,174;170,177;171,179;171,180;171,183;170,184;170,187;170,188;171,190;170,192;171,195;170,196;171,199;170,201;170,203;171,205;171,206;170,209;170,211;171,213;170,214;170,216;170,219;171,221;170,222;171,225;170,227;170,228;171,230;170,232;170,235;171,236;170,239;170,241;170,242;171,245;171,246;170,249;171,251;170,253;170,255;170,257;171,259;170,260;170,262;170,264;171,266;170,268;170,270;170,272;171,275;170,277;171,278;171,281;170,283;171,284;170,286;170,289;170,290;170,292;171,294;170,297;171,298;171,301;170,303;170,304;171,306;171,309;170,310;171,312;171,315;170,317;171,318;171,321;170,322;171,325;170,326;170,328;170,330;170,332;171,334;170,336;170,338;170,340;170,343;170,344;170,346;170,349;170,350;171,352;170,355;171,357;171,358;170,360;170,363;171,365;170,366;171,368;170,371;171,373;171,374;170,376;171,378;171,381;170,383;171,385;171,386;170,389;170,390;171,392;170,395;170,396;170,398;170,401;171,403;170,404;171,406;171,408;171,410;170,413;171,414;170,417;170,418;170,420;170,423;171,425;171,426;171,428;171,431;171,432;171,435;170,437;170,438;171,440;171,443;170,445;170,447;170,448;171,451;170,453;170,454;170,456;171,459;170,461;170,462;171,465;170,467;171,469;171,470;170,472;171,474;170,476;170,479;170,480;170,482;170,485;170,486;170,489;171,490;171,492;170,495;171,496;170,498;171,500;170,502;170,505;170,507;170,508;171,511
173,0;172,3;173,5;172,7;173,8;173,11;173,12;172,14;172,17;173,19;173,20;172,23;172,24;172,26;172,28;172,31;173,32;172,34;173,36;172,39;173,41;173,42;172,44;172,47;172,48;172,50;173,52;172,54;173,57;173,58;173,61;172,63;172,64;172,66;172,69;173,70;172,73;173,74;173,76;172,79;172,81;172,83;173,84;173,87;173,89;172,91;173,92;172,94;172,97;173,99;173,101;173,103;173,105;173,107;173,108;172,110;173,113;172,115;173,116;172,119;172,120;173,122;173,125;173,126;173,128;172,131;173,132;172,134;172,137;172,138;172,141;173,142;172,145;173,147;173,148;173,151;172,153;172,155;173,157;173,158;173,160;172,162;173,164;172,167;172,168;173,171;172,173;173,174;173,176;173,178;173,180;172,183;173,185;172,186;172,188;172,190;173,193;173,195;172,196;173,198;173,201;172,202;172,204;173,207;172,209;172,211;173,212;172,214;172,217;172,218;172,221;173,223;172,225;172,226;173,229;172,230;173,233;172,235;172,236;172,238;173,241;172,242;172,245;173,247;172,248;173,251;172,252;173,255;172,257;172,259;173,260;172,262;173,264;172,267;173,268;173,270;173,273;172,275;172,276;172,279;172,280;172,283;173,285;173,286;173,288;173,291;172,293;172,295;173,296;173,299;173,300;172,303;173,305;173,307;172,309;172,310;172,312;172,314;172,317;172,319;172,320;172,323;173,325;173,326;172,329;172,330;172,333;172,334;172,337;172,338;173,340;173,342;173,344;173,347;173,349;173,350;173,353;172,354;173,357;173,359;172,360;172,362;172,365;172,366;173,368;173,371;173,372;173,374;172,377;173,379;173,381;172,382;172,384;172,387;172,388;172,391;173,392;172,395;172,396;172,399;172,400;173,402;172,404;172,407;172,409;173,411;173,412;172,414;172,417;173,418;172,420;173,423;173,425;172,426;172,429;173,431;172,433;172,435;173,437;173,439;173,441;173,443;172,444;172,447;172,448;173,450;172,452;173,455;172,457;172,459;172,461;172,462;172,464;172,466;172,468;173,471;172,473;173,474;172,477;172,479;173,480;172,482;173,484;172,486;173,488;172,490;173,493;173,494;173,497;172,499;173,501;172,503;172,504;173,506;172,508;172,510
174,1;175,3;175,5;174,6;174,8;175,11;175,13;175,15;175,16;174,18;174,20;174,22;175,25;174,26;174,28;174,31;174,33;175,34;174,36;175,38;175,41;175,42;175,45;175,47;174,48;175,50;175,53;174,54;174,56;175,58;174,60;175,63;174,65;174,66;175,69;175,70;174,72;174,74;174,77;174,78;174,81;175,83;174,84;175,86;175,88;175,91;174,92;175,94;174,96;174,98;174,101;174,103;175,105;175,107;174,108;174,110;175,113;175,114;175,117;174,119;174,121;175,122;174,124;175,127;174,129;175,130;175,132;175,134;174,136;175,139;174,140;175,143;175,144;175,147;175,149;174,151;174,153;175,154;175,156;175,158;174,161;174,162;175,164;175,167;175,169;174,170;175,173;175,174;175,176;175,178;175,180;175,183;174,185;175,187;174,188;175,191;175,192;174,194;174,196;175,198;175,201;174,202;175,205;174,206;174,208;174,211;174,212;175,214;174,217;175,218;174,220;174,223;174,224;174,227;174,228;175,231;175,232;174,235;174,236;174,239;174,240;174,243;175,244;174,246;174,249;175,250;174,253;175,254;175,256;175,258;174,261;175,262;175,265;174,267;174,269;174,271;175,273;175,274;175,277;175,278;175,281;175,283;175,285;174,286;174,288;174,291;175,293;174,295;175,297;174,299;175,300;174,302;174,304;175,306;174,308;175,311;174,312;174,314;175,316;175,318;175,321;175,322;174,325;174,326;174,328;174,331;174,332;174,335;174,336;175,338;174,340;175,342;175,345;174,346;174,348;175,351;174,353;174,354;175,356;174,358;175,361;174,363;175,365;174,366;175,368;174,371;175,372;174,374;175,376;174,379;174,381;174,383;174,384;175,387;175,389;175,390;175,393;175,395;175,397;175,398;174,400;175,402;174,405;174,406;175,409;175,410;175,412;174,414;174,416;174,418;175,421;174,423;175,425;175,427;175,429;174,430;175,432;175,435;175,436;175,438;174,440;174,443;175,444;174,447;175,449;174,450;175,453;174,454;175,457;174,459;175,460;175,463;175,464;174,467;174,468;174,470;174,473;174,474;174,476;175,479;174,481;174,482;175,485;175,487;175,489;175,491;174,493;174,495;175,497;175,498;174,501;175,503;174,504;174,507;174,508;174,510
176,1;176,3;176,5;176,7;176,9;176,11;177,12;177,15;176,17;177,19;177,21;176,22;176,24;176,27;176,29;176,30;177,32;176,34;176,36;177,38;176,41;177,43;176,45;177,47;176,49;177,50;176,53;176,54;176,56;177,59;177,61;176,63;176,65;176,66;177,68;176,71;176,73;177,75;177,77;176,79;176,81;177,82;177,85;176,86;177,89;176,91;176,92;177,95;176,97;176,98;176,100;176,103;177,104;177,106;176,109;176,111;177,113;177,115;177,116;177,119;176,120;177,123;177,125;177,126;177,128;176,130;176,133;176,135;176,137;177,139;177,141;176,143;176,144;177,146;177,149;177,151;176,153;177,154;176,156;177,158;176,160;176,163;176,165;177,166;176,169;177,171;177,173;176,175;176,177;176,178;176,181;176,183;176,185;176,186;177,189;176,191;176,193;177,195;176,196;177,199;177,201;176,203;176,204;177,207;176,209;176,211;177,212;177,214;176,216;176,218;176,221;176,222;176,224;176,227;177,228;176,231;177,232;177,235;176,236;176,238;177,240;177,243;176,245;177,247;176,249;176,251;177,253;176,255;177,256;176,258;177,261;176,262;177,265;176,267;176,269;177,270;177,272;177,274;176,277;176,278;176,281;176,283;177,284;177,287;177,288;176,291;176,293;176,294;176,297;177,298;176,300;176,302;177,305;176,306;176,309;177,311;177,313;177,315;177,317;177,319;177,320;177,322;177,324;176,327;177,328;176,330;177,332;177,334;177,337;176,338;176,341;176,343;176,344;177,347;176,348;177,350;177,352;176,355;177,356;177,359;176,360;177,363;177,364;177,366;176,368;177,370;176,373;177,374;177,377;176,379;177,380;176,382;177,384;177,387;176,388;177,390;176,393;177,395;177,397;177,399;177,400;176,402;177,404;176,407;176,408;177,410;177,412;176,415;176,416;177,418;176,421;177,422;176,425;176,427;176,428;177,430;177,432;177,434;177,436;176,439;176,441;176,443;177,444;176,447;176,448;177,451;176,452;177,455;177,457;177,458;177,460;177,463;177,464;177,466;177,469;176,470;177,473;176,474;177,476;176,479;177,481;177,483;177,485;177,487;177,489;177,490;176,493;177,495;177,497;177,498;177,500;177,502;177,505;177,507;176,508;176,511
179,1;178,3;179,5;178,7;178,9;179,11;178,13;178,14;178,16;178,18;178,21;178,22;179,25;179,26;179,29;179,31;179,33;179,35;179,37;179,38;179,40;179,43;179,44;179,47;178,48;178,50;178,53;178,54;178,57;178,58;179,60;178,63;179,64;179,67;178,69;178,71;179,73;178,75;178,77;179,79;179,81;178,82;178,84;179,86;179,88;179,90;179,93;179,94;179,97;179,99;179,100;179,103;179,105;178,106;179,108;179,111;178,113;179,114;179,117;178,119;178,121;179,123;178,125;179,126;179,129;178,130;179,132;179,134;179,136;179,139;178,140;178,142;178,144;179,146;179,148;179,150;178,153;178,155;178,156;178,158;178,161;178,162;178,164;178,166;178,169;178,170;179,173;179,175;179,176;178,179;179,181;178,182;178,184;178,187;179,189;179,190;179,192;179,195;178,196;178,198;179,201;178,202;178,205;178,207;178,209;178,211;178,212;178,215;179,216;179,218;179,220;178,223;178,224;179,226;178,228;178,230;179,232;178,235;178,237;178,238;179,241;178,243;179,245;179,247;178,248;179,250;178,253;179,255;178,256;178,259;178,261;179,262;179,264;178,267;179,268;179,271;179,272;178,274;178,276;179,278;179,281;179,283;178,284;178,287;179,289;179,290;178,292;179,295;179,296;178,298;179,301;179,302;178,305;178,307;178,308;178,310;179,313;179,315;178,317;178,319;178,320;179,323;178,324;178,327;179,329;179,331;179,332;179,335;179,336;179,338;178,340;179,342;179,344;178,347;178,349;178,351;179,352;178,354;178,356;178,358;179,361;179,363;179,365;179,367;179,368;178,370;179,372;178,375;178,377;179,379;178,381;179,383;179,384;178,387;178,389;179,391;179,392;178,394;179,396;179,399;179,400;179,402;179,405;179,406;179,408;179,411;179,413;179,414;178,417;178,419;178,420;179,423;178,425;179,427;178,429;179,430;179,432;178,435;178,437;179,439;178,441;178,442;179,445;179,446;179,448;178,451;179,453;179,455;179,456;179,459;178,461;179,463;178,464;178,467;179,468;179,471;179,472;179,475;178,476;178,479;178,481;178,482;178,485;179,486;178,489;179,490;179,492;178,495;179,497;178,499;178,500;179,503;178,505;178,506;179,509;179,510
180,1;180,2;181,5;180,7;181,9;181,10;180,13;180,15;180,16;181,18;180,21;180,22;181,25;181,27;180,29;180,31;181,32;181,35;180,36;181,38;181,40;181,42;181,44;180,46;181,48;181,51;181,52;181,54;180,57;181,58;180,61;181,63;181,65;181,67;180,68;181,70;180,73;181,75;180,76;181,78;180,81;180,82;181,84;181,86;181,89;180,91;180,92;180,94;180,97;181,99;180,100;181,102;181,105;181,107;180,109;180,111;180,112;180,115;181,117;180,119;181,121;180,123;181,124;180,127;181,128;181,131;180,133;180,135;181,137;181,139;180,140;180,143;181,145;180,146;180,148;181,150;181,152;181,154;180,156;180,158;180,161;181,163;181,164;180,167;180,169;180,171;180,173;181,174;180,176;180,179;181,181;180,183;180,185;180,187;180,189;180,190;180,192;181,195;181,197;180,199;181,201;181,203;180,205;181,207;180,208;181,211;181,212;181,214;181,216;180,218;181,221;181,223;180,225;180,227;181,229;180,230;181,232;180,235;181,236;180,239;180,240;180,242;180,245;180,247;180,249;181,251;180,253;181,255;180,256;180,258;180,261;181,262;180,265;181,267;180,269;180,271;180,272;180,274;180,277;181,278;181,280;180,282;180,284;180,286;180,289;181,291;180,292;181,294;180,296;181,298;181,300;181,303;181,305;180,306;181,308;181,310;180,313;180,315;180,317;180,319;181,321;180,323;181,325;180,326;181,328;181,330;180,332;180,334;180,336;180,338;180,341;180,343;180,345;180,346;181,349;181,350;181,353;181,355;180,357;181,359;180,361;181,362;181,365;181,367;181,369;180,371;180,373;180,375;181,376;180,378;180,380;180,383;181,385;180,386;181,389;181,390;181,393;180,394;181,397;180,399;180,401;181,403;180,405;181,407;180,409;180,411;181,412;180,415;180,416;180,419;181,421;181,422;181,424;180,426;180,428;180,431;180,433;181,435;181,436;181,438;180,440;181,442;180,444;180,447;181,449;180,451;180,453;180,454;180,456;180,458;181,460;180,462;181,465;181,467;180,469;180,470;181,473;181,475;181,476;180,478;180,480;180,482;180,485;180,487;180,488;181,491;180,492;180,494;181,497;180,498;181,501;181,502;180,504;181,506;180,509;181,511
183,1;183,2;182,5;183,6;182,8;182,10;183,13;183,14;182,16;183,19;182,20;182,22;182,24;182,26;183,28;182,30;183,32;183,35;182,37;182,38;183,40;183,42;183,44;183,47;182,49;183,51;182,53;182,55;182,56;183,59;183,61;182,63;183,65;182,66;182,68;182,70;183,72;182,75;183,77;182,79;182,80;182,82;183,85;182,87;182,88;182,91;182,93;182,94;182,97;182,99;183,100;183,102;182,104;183,106;182,109;182,110;182,113;183,114;182,116;183,119;182,121;182,122;182,125;183,126;183,128;183,131;182,133;183,134;183,136;182,138;183,141;182,143;182,145;182,147;182,148;182,150;182,153;182,154;182,156;182,158;183,161;183,163;183,165;182,167;183,168;182,171;182,173;183,174;182,177;182,179;183,181;183,182;183,185;183,186;183,188;183,191;183,192;183,194;182,197;183,198;182,201;183,202;183,204;182,206;183,209;182,210;182,213;183,215;183,216;182,218;183,220;182,223;183,225;183,227;183,229;182,231;182,232;182,235;183,236;182,238;182,240;183,242;183,245;183,247;183,248;183,251;183,253;182,254;182,257;183,259;183,260;183,262;183,265;182,266;183,269;182,270;182,272;182,275;183,277;182,278;182,281;183,282;182,284;182,286;182,288;182,290;183,293;183,294;182,296;183,299;182,300;182,302;183,305;182,307;182,308;183,310;183,313;182,315;182,316;182,319;182,321;182,323;182,324;183,327;183,328;183,330;183,333;182,335;183,336;182,339;182,341;182,342;183,345;183,347;183,348;183,350;182,353;183,355;182,356;182,358;183,361;183,362;183,365;182,367;182,369;182,371;183,373;182,375;183,376;182,379;182,381;182,383;183,384;183,387;182,388;182,390;183,393;183,394;182,397;183,399;183,401;183,403;183,404;182,406;182,408;182,410;182,412;182,415;182,416;183,419;183,420;182,423;182,424;183,426;183,429;183,431;183,433;182,434;182,437;183,439;182,440;183,443;183,445;183,446;182,449;183,451;183,453;183,454;183,456;183,459;182,461;183,463;182,464;183,466;183,469;182,471;182,473;183,475;182,476;183,479;183,481;182,483;183,485;183,486;183,488;182,491;183,492;182,495;182,497;183,498;183,500;182,502;182,505;182,506;182,508;183,510
185,1;184,2;185,5;185,6;185,8;184,11;185,13;185,14;185,17;185,18;185,20;184,22;184,24;184,26;185,28;184,31;184,33;184,34;184,37;185,39;184,41;185,42;184,45;184,47;184,49;184,50;184,53;184,54;185,57;184,59;184,61;184,63;184,65;184,66;185,68;184,70;185,72;185,75;185,77;185,79;184,81;184,83;185,85;184,86;184,88;185,91;185,93;185,95;185,97;184,99;184,101;184,103;184,105;185,106;185,109;184,111;184,112;184,115;185,116;184,119;184,121;185,123;185,124;184,126;185,129;184,130;184,133;185,135;184,136;184,139;184,141;185,142;184,144;185,147;184,148;184,151;184,152;184,155;185,156;185,158;185,160;184,162;184,165;184,166;185,169;185,171;185,173;184,175;184,176;185,179;184,180;184,182;185,185;185,186;185,189;184,190;185,193;184,194;185,196;184,199;184,200;185,203;184,205;184,207;185,208;185,211;185,212;185,215;185,217;184,219;184,220;184,223;185,224;184,227;184,229;185,230;185,232;184,235;185,237;185,239;185,241;184,243;184,245;185,246;185,248;184,251;185,253;184,255;185,256;185,258;184,261;184,263;184,265;185,266;184,268;185,270;185,273;184,274;185,276;185,279;185,281;185,282;184,284;185,287;185,288;184,291;185,293;184,295;185,296;185,298;185,300;184,303;184,304;184,306;184,308;185,310;185,313;185,315;184,317;185,319;184,321;185,323;185,325;184,327;184,329;184,331;184,333;185,335;185,336;184,339;185,341;184,343;184,344;185,346;185,348;185,351;184,353;184,355;184,356;185,359;184,361;184,363;184,364;185,366;185,369;185,370;185,373;184,374;185,376;185,379;184,381;185,382;184,384;184,386;184,389;185,390;185,392;184,395;184,397;184,398;185,401;185,403;185,404;184,407;184,408;184,410;185,413;185,414;184,416;184,419;184,420;185,423;184,424;184,427;185,428;184,430;185,432;185,435;184,436;184,439;185,440;184,442;184,444;185,447;184,448;185,450;184,453;185,455;185,456;185,459;184,461;185,463;184,464;184,466;184,469;184,470;184,472;185,474;185,477;185,479;184,481;185,482;184,485;185,487;184,488;184,490;184,492;185,494;185,496;185,498;185,501;185,503;185,504;185,507;184,509;185,511
186,1;186,3;186,5;186,7;186,8;187,10;187,13;187,15;186,17;187,19;187,20;187,23;187,25;187,26;187,29;186,30;187,33;186,35;187,37;186,39;187,40;186,43;186,44;186,47;186,48;187,50;187,52;186,55;187,57;187,59;186,61;186,63;187,65;186,66;187,69;186,70;187,73;186,74;186,76;186,78;187,81;186,83;186,84;187,87;186,89;186,91;187,92;186,94;187,96;187,99;187,100;187,103;187,105;187,107;187,109;186,110;186,112;186,115;187,116;187,118;187,120;187,123;187,124;186,126;186,129;187,130;186,132;187,135;186,137;186,139;187,141;187,143;187,145;186,146;187,149;186,150;186,153;187,155;186,157;186,159;186,160;186,162;187,164;186,167;187,169;186,171;187,173;187,174;187,177;187,179;186,181;187,182;186,185;186,187;186,188;187,191;187,193;186,194;186,197;186,198;187,201;187,202;186,204;186,207;186,209;187,210;186,212;186,215;186,216;187,219;187,220;187,222;187,224;186,226;187,228;187,231;187,233;186,235;187,236;187,239;186,240;186,242;187,245;187,246;187,248;187,250;186,253;187,255;186,257;187,258;187,261;187,263;187,265;186,267;186,269;186,270;187,272;186,274;187,277;186,279;186,281;186,283;186,285;186,287;186,288;186,291;187,293;187,295;186,296;187,298;187,300;187,302;187,305;186,307;186,309;187,310;186,313;186,315;186,317;186,318;186,321;186,323;187,324;186,326;187,329;187,330;186,332;186,335;187,336;186,338;186,340;186,342;187,344;187,346;187,348;186,350;187,352;187,354;187,357;187,358;187,360;186,363;187,364;186,367;186,369;187,371;187,372;187,375;186,376;186,379;187,381;187,383;186,385;187,387;186,389;187,390;186,393;186,395;187,396;187,399;186,401;186,402;186,404;187,406;187,409;186,411;187,413;187,414;187,417;186,418;186,421;187,422;186,425;187,426;187,428;187,430;186,432;187,435;187,436;186,439;187,440;186,442;187,444;186,447;187,448;186,451;187,452;187,454;186,456;186,459;186,461;186,462;187,464;187,467;187,469;186,470;187,473;187,475;187,477;187,479;187,481;186,483;186,485;187,486;187,488;186,491;187,493;186,495;187,497;186,498;186,501;187,502;186,504;187,507;187,508;187,511
189,1;189,2;188,5;189,6;189,9;189,11;188,12;188,15;188,17;188,18;188,20;188,23;189,24;188,26;188,29;188,31;189,32;189,34;189,37;189,39;189,41;188,43;188,45;188,46;188,48;189,51;189,53;188,54;188,57;188,59;188,61;188,62;188,65;189,66;188,69;188,71;188,73;189,75;188,76;189,78;188,80;188,83;189,84;188,87;188,89;188,90;188,93;188,94;188,97;189,98;189,101;188,103;189,104;189,106;188,109;188,111;189,113;189,115;189,116;189,119;189,120;189,122;189,124;188,126;188,128;188,130;189,132;189,134;189,137;189,138;189,141;189,142;188,145;188,147;189,149;188,150;189,153;188,155;188,156;188,158;188,161;189,162;189,164;188,167;188,168;188,170;188,173;189,175;189,177;188,178;189,181;188,183;189,184;189,186;189,188;188,190;188,193;188,195;188,197;188,198;189,200;189,203;188,204;188,206;188,209;188,211;188,212;188,215;188,216;189,218;189,221;189,222;189,224;188,227;189,228;189,231;189,233;188,235;188,237;189,239;188,241;189,242;189,245;189,246;189,249;188,251;189,252;188,254;188,257;189,259;188,261;189,262;188,264;189,266;189,269;189,271;188,273;188,274;189,277;188,278;189,281;188,282;188,285;189,287;188,289;189,291;189,292;188,295;188,297;189,299;189,300;188,303;188,305;188,307;189,308;188,311;188,313;188,315;188,317;189,319;189,321;188,322;188,324;188,327;188,329;188,331;189,332;188,334;189,337;189,338;188,340;189,342;189,344;188,346;189,349;189,350;189,352;189,354;188,356;189,358;189,360;189,362;189,364;189,366;188,369;189,371;188,373;189,374;189,377;188,379;189,380;189,383;189,384;188,387;189,388;189,390;188,393;188,394;189,396;188,398;189,401;188,403;188,405;188,407;189,408;188,410;189,413;188,415;188,416;189,419;188,420;188,423;189,425;189,427;188,428;188,430;189,433;188,435;189,437;188,438;188,441;189,442;189,444;188,446;189,449;189,451;189,452;188,455;189,456;189,459;189,460;188,462;189,465;189,467;189,469;189,470;188,472;188,475;189,476;188,479;188,481;188,483;188,485;188,486;188,488;189,491;189,493;188,495;188,497;188,499;189,500;188,503;188,505;188,507;189,508;189,510
191,0;190,3;190,5;190,7;191,9;191,11;191,12;190,15;190,17;191,19;190,20;190,22;190,25;191,26;191,29;190,30;190,33;190,35;191,36;190,39;190,41;190,42;191,44;191,47;191,48;190,51;191,52;190,55;191,56;190,59;190,61;191,63;191,65;191,67;190,68;190,71;190,73;190,74;191,77;191,79;191,81;191,83;191,84;190,86;191,89;190,90;190,93;190,94;191,97;191,98;191,101;191,102;191,105;190,106;190,109;191,110;191,112;191,115;190,116;190,119;190,120;191,122;190,124;190,127;190,128;190,131;190,132;191,135;190,137;190,138;190,141;191,142;191,145;191,146;191,148;191,150;190,152;191,154;190,157;191,159;191,160;191,163;190,165;190,167;191,169;191,171;191,172;190,174;190,176;191,178;190,181;191,183;190,184;191,187;190,189;190,190;191,192;190,195;191,196;190,198;190,200;190,203;190,205;190,207;191,209;191,211;190,213;190,214;191,216;191,219;190,221;190,223;190,224;190,226;190,228;191,231;191,233;190,235;190,237;190,238;191,240;191,243;191,244;191,246;191,249;191,251;190,252;190,254;191,257;191,258;190,260;190,262;190,264;190,266;191,269;191,271;191,273;190,275;190,277;190,278;191,281;191,283;191,285;191,287;191,288;190,290;191,293;191,294;191,297;190,298;190,300;191,303;191,304;191,306;190,309;190,310;191,312;190,314;191,316;190,319;191,321;191,323;191,325;191,327;190,329;190,330;191,333;190,335;190,337;190,339;191,340;191,342;191,344;190,347;190,348;191,350;190,352;190,355;191,357;190,358;190,361;191,362;191,364;190,366;191,369;191,370;190,373;191,374;190,376;191,379;191,381;190,382;191,384;191,386;191,388;190,391;191,393;191,394;191,396;191,399;190,400;190,403;190,404;191,406;190,408;191,411;190,412;191,414;191,417;190,419;191,421;191,423;190,425;190,426;190,428;191,430;190,433;191,434;190,437;190,439;191,440;191,442;190,444;190,446;190,448;190,451;191,453;190,454;190,457;190,459;191,460;190,462;190,464;191,466;190,468;191,471;191,472;191,475;191,477;191,478;191,481;191,482;191,484;190,486;191,489;191,491;191,493;190,494;190,496;191,499;190,500;191,503;190,505;190,506;191,509;190,510
192,1;192,2;193,5;192,6;192,9;193,11;192,12;192,14;192,16;192,18;193,21;192,22;193,25;193,26;192,28;193,31;192,33;192,35;192,37;193,38;193,41;192,42;192,44;193,47;192,48;193,50;193,53;193,54;192,57;192,58;193,61;193,62;193,65;193,66;192,69;192,70;193,72;192,74;192,77;193,78;192,81;192,83;193,84;192,87;193,88;193,91;193,93;193,94;193,96;192,99;192,101;192,102;193,105;192,107;192,108;193,110;192,112;192,114;192,116;192,119;192,120;193,123;193,124;193,126;193,128;192,131;193,132;192,135;193,136;192,139;193,141;192,142;192,145;193,147;193,148;193,150;193,152;193,155;193,157;192,158;192,161;192,162;192,165;193,167;193,168;193,170;193,173;192,174;193,177;193,178;193,180;193,182;192,184;193,186;192,189;192,191;193,192;192,195;192,196;192,199;192,201;192,203;192,204;193,206;193,209;193,211;193,212;193,215;193,216;192,218;192,220;192,222;192,225;193,226;192,228;192,231;192,232;193,234;193,236;192,238;192,241;192,242;193,244;192,247;193,248;193,250;193,253;192,255;192,256;192,259;192,260;192,262;193,265;192,266;193,269;192,271;192,272;192,274;192,276;193,278;192,281;193,283;192,284;192,287;193,289;192,290;193,292;192,294;192,297;192,299;193,301;192,302;192,304;193,307;193,309;193,311;192,313;193,314;193,317;192,319;193,321;193,323;193,325;192,326;193,328;193,330;193,333;193,335;192,337;192,338;192,340;193,343;193,344;192,347;193,348;193,350;193,352;192,354;192,356;192,359;193,361;192,362;193,365;193,367;193,369;192,370;192,373;192,375;193,376;192,378;192,380;193,382;193,385;193,387;192,388;192,390;193,392;192,395;193,396;192,398;192,400;193,402;192,405;192,407;192,408;192,410;193,412;192,414;192,417;192,418;193,420;193,422;192,424;192,427;193,428;193,431;192,432;192,435;193,437;192,438;193,440;193,443;193,445;192,447;193,449;193,450;193,453;192,455;193,457;192,458;192,460;193,462;192,465;192,467;192,468;192,470;192,472;193,474;192,477;193,479;193,481;192,483;192,485;193,487;192,488;192,491;193,492;192,495;193,497;193,498;193,500;193,502;192,505;192,507;192,508;193,511
195,1;195,2;195,5;195,6;195,9;194,10;194,12;195,15;194,16;195,18;194,21;194,22;195,24;194,26;195,29;195,31;194,32;194,34;194,37;194,38;194,41;195,42;194,45;195,46;194,49;194,50;194,52;195,55;195,56;195,59;195,61;195,63;194,64;194,66;195,68;194,70;195,72;195,74;194,76;194,79;194,81;195,83;195,84;195,87;194,89;194,91;195,93;194,94;195,97;194,99;195,101;195,103;194,105;194,106;195,109;195,110;194,113;195,114;194,116;195,119;194,121;195,123;194,125;194,126;195,129;195,130;194,133;195,134;194,136;195,138;195,141;194,142;194,145;194,146;195,149;194,150;194,153;194,154;195,157;194,159;194,160;195,163;195,165;194,167;194,168;194,171;195,173;194,175;195,176;195,179;194,181;194,183;194,184;194,186;195,189;194,190;194,193;195,194;194,197;195,198;194,201;195,202;194,205;194,207;194,208;195,211;194,213;194,215;195,216;194,218;195,221;194,223;194,224;194,226;194,229;194,231;195,232;195,235;194,236;194,238;194,241;194,243;194,245;194,246;195,249;195,251;194,252;194,255;195,257;194,259;195,261;194,263;195,264;195,266;195,269;195,271;195,272;194,275;195,277;194,278;195,281;195,283;194,284;195,286;194,288;195,291;195,293;195,295;194,297;194,298;194,301;194,302;195,304;195,307;194,308;194,310;195,312;194,314;195,316;194,319;194,320;194,322;194,324;194,327;194,329;195,331;195,332;194,335;195,337;195,338;195,341;195,342;195,345;194,346;194,348;194,350;195,352;194,355;194,356;194,358;195,361;195,363;194,364;194,367;195,369;195,371;194,373;194,374;194,377;195,379;195,380;195,382;194,385;194,387;195,389;194,390;195,393;195,395;195,397;194,398;195,400;194,403;195,405;194,407;195,408;195,411;194,413;194,414;195,417;195,418;194,420;195,423;194,424;195,427;194,428;195,430;195,432;194,435;195,436;194,438;194,441;194,442;194,445;194,447;195,448;195,450;195,452;195,454;194,457;194,458;195,461;195,463;194,465;194,466;195,469;195,470;195,473;194,474;195,476;195,479;194,481;195,483;194,485;195,486;194,488;195,491;195,492;195,495;195,496;194,499;194,501;194,503;195,505;195,506;194,509;194,511
197,0;196,2;197,4;197,6;196,9;197,10;196,13;196,15;196,16;197,18;197,21;196,23;197,25;196,27;197,29;196,31;197,33;196,34;196,37;196,39;197,41;196,43;197,45;196,47;196,49;196,51;196,53;197,54;196,56;197,59;196,61;196,62;196,65;196,67;196,68;196,71;197,73;196,75;197,76;197,79;196,80;196,83;197,85;196,86;196,88;196,91;197,93;197,95;197,96;196,99;196,101;196,103;197,105;197,106;196,109;196,111;196,112;197,115;197,116;196,119;197,121;196,122;196,125;197,126;197,128;197,130;196,133;196,134;197,137;196,139;196,141;197,142;197,144;197,147;197,149;196,150;197,152;197,154;197,157;196,158;197,161;196,163;196,165;197,167;197,168;197,171;196,173;196,175;197,176;196,179;197,180;196,183;196,185;196,187;197,189;197,191;197,193;196,195;197,196;197,199;197,201;197,202;197,204;197,207;197,209;196,210;196,213;197,214;197,217;196,219;197,220;197,222;197,224;197,226;197,229;196,230;196,233;197,235;196,237;196,239;197,241;196,243;197,245;197,247;197,248;196,250;196,252;196,255;196,257;196,259;197,261;197,263;197,264;196,266;197,269;197,270;197,272;196,274;196,277;196,279;197,281;196,283;197,285;196,286;197,288;197,290;196,293;196,295;197,296;196,299;196,300;197,302;196,304;196,307;197,309;197,311;197,312;196,315;197,317;196,319;196,320;197,323;197,324;196,327;197,329;197,330;196,333;197,335;197,337;197,339;197,340;197,343;197,345;196,347;196,348;196,350;197,353;197,354;196,356;196,359;196,360;196,362;196,364;196,367;197,368;197,371;197,372;197,375;197,376;196,379;196,380;197,382;196,385;196,387;196,389;196,391;196,392;196,395;197,396;197,398;197,400;196,403;196,405;196,407;197,408;197,410;196,412;196,414;196,416;196,418;196,421;197,423;197,425;197,426;197,428;196,431;196,433;197,434;196,436;197,438;197,440;196,443;196,444;197,446;196,448;196,451;197,452;197,454;196,456;197,458;197,460;196,462;197,464;196,467;197,469;197,470;197,472;197,475;197,476;197,479;196,480;196,483;197,484;196,486;197,489;197,490;197,492;197,495;196,497;197,498;196,500;197,503;196,505;197,506;197,508;196,510
199,0;198,2;199,5;198,6;198,9;198,11;198,12;198,15;198,16;199,18;199,21;198,23;198,25;198,26;199,29;199,31;199,33;199,34;198,37;199,38;198,41;199,42;199,45;198,47;198,48;199,50;198,53;199,54;199,56;198,59;199,61;198,63;198,65;198,66;199,68;199,70;199,73;198,74;198,76;199,78;199,80;198,83;199,84;199,86;198,88;198,91;198,93;198,95;199,97;199,98;198,101;198,102;198,105;198,107;199,109;198,111;198,113;198,115;198,117;198,119;199,120;199,122;199,124;198,127;199,128;199,131;198,132;199,135;198,137;199,139;198,141;199,142;198,144;198,147;198,148;198,150;199,152;198,155;199,156;199,159;198,160;198,163;198,164;198,167;199,168;199,171;199,172;199,174;199,177;199,178;198,181;198,183;199,185;199,186;199,189;198,191;199,192;199,194;198,196;199,199;199,201;199,202;199,205;198,207;199,209;199,211;198,212;199,215;199,217;199,219;199,220;199,222;198,224;199,226;199,229;198,230;198,232;198,235;198,236;198,239;198,241;199,243;199,244;198,246;199,249;198,251;198,253;198,255;198,256;199,258;199,260;198,262;198,265;199,266;198,269;199,271;198,273;199,275;199,276;198,279;199,280;199,283;199,284;198,286;199,289;199,291;199,293;199,295;198,296;198,299;198,301;198,303;198,304;198,307;198,309;198,311;199,312;199,315;198,316;198,318;199,320;199,323;199,324;198,327;198,329;198,330;199,332;198,335;199,336;198,339;198,340;198,343;198,345;199,347;199,349;198,351;198,353;198,354;198,356;198,359;199,360;199,363;199,365;199,367;198,368;199,371;199,373;199,374;198,376;199,378;199,380;199,383;198,385;198,386;198,388;198,390;198,392;199,394;199,396;198,398;199,400;199,403;199,405;199,407;199,409;199,411;199,413;199,415;199,417;198,419;198,421;199,423;198,425;199,426;199,429;199,430;198,433;198,435;199,436;199,438;199,441;198,443;199,444;198,446;198,448;199,450;198,453;198,455;198,456;199,458;198,460;198,462;198,464;198,466;198,468;198,470;198,473;198,474;198,476;198,479;198,480;199,483;199,485;199,487;199,489;198,490;199,492;199,495;199,497;199,498;199,500;199,503;199,505;199,507;199,509;198,510
201,1;200,3;200,4;200,6;201,8;201,11;201,13;201,15;200,17;200,19;200,21;200,22;200,24;201,27;201,28;201,30;201,33;201,35;201,37;201,39;201,41;201,43;201,44;200,47;200,49;201,51;200,52;200,55;200,56;201,59;200,61;201,62;200,65;201,66;201,68;201,70;201,72;201,74;200,76;200,79;200,80;200,82;201,84;201,86;201,88;200,91;200,93;201,95;200,97;200,98;201,101;201,103;200,105;201,106;200,108;201,111;200,112;200,115;200,117;200,119;200,120;201,122;200,124;201,126;201,128;201,131;201,133;201,135;200,137;200,138;200,141;201,142;200,145;200,147;201,148;200,150;201,153;201,154;201,156;200,159;200,161;200,162;200,165;201,167;200,168;201,171;201,173;201,174;201,176;200,178;200,180;201,183;201,185;200,186;200,188;200,190;200,193;200,195;200,196;201,198;200,200;201,203;200,204;201,207;200,208;200,211;200,212;200,215;200,216;200,219;201,221;200,223;201,224;201,227;201,228;201,231;201,232;201,235;200,236;200,238;200,241;201,242;200,244;200,247;200,248;200,251;201,252;201,254;200,257;200,259;200,261;200,262;200,264;200,266;200,268;200,270;200,272;200,274;200,276;201,279;200,281;201,282;200,284;200,286;200,289;200,290;201,293;201,294;201,297;200,298;201,300;200,302;200,305;200,307;201,309;201,311;201,313;201,315;201,317;200,318;200,320;201,322;201,325;201,326;200,328;200,331;201,333;200,335;200,337;201,339;201,341;200,342;201,344;201,347;201,348;200,351;200,352;201,354;200,357;200,358;200,360;201,363;200,364;201,367;200,369;200,370;200,372;200,374;201,377;200,379;200,381;201,382;201,384;201,386;200,389;201,390;200,392;200,394;201,397;200,399;200,401;201,402;201,405;200,406;200,408;200,411;201,412;201,415;200,417;201,418;201,421;201,423;201,424;200,427;201,429;200,430;201,432;200,434;201,436;200,438;201,440;200,443;201,445;201,447;201,448;200,450;201,453;201,454;201,456;201,458;201,460;200,462;200,465;201,467;201,468;200,470;200,473;201,474;200,476;200,479;200,480;201,483;200,484;201,486;200,488;201,491;201,492;200,494;201,497;201,499;201,500;201,503;201,505;201,506;201,508;201,511
202,0;202,2;202,5;202,7;202,9;203,11;203,12;203,14;202,17;203,19;202,20;203,23;202,25;203,26;203,28;202,31;202,33;203,34;202,37;203,39;203,41;202,43;202,44;202,46;202,48;202,51;202,52;203,54;202,57;202,59;202,61;202,63;203,64;203,66;203,68;203,70;202,73;202,74;202,76;203,79;202,81;202,82;203,85;203,86;202,89;202,90;202,93;203,95;202,97;203,98;203,101;203,103;202,104;202,106;203,108;203,110;203,113;203,114;203,116;203,118;203,120;202,122;202,125;203,126;203,129;202,131;202,132;202,135;202,136;202,139;202,141;202,143;202,145;203,146;203,148;202,150;202,152;203,155;202,156;202,158;203,161;203,162;203,165;202,166;203,169;202,171;203,172;203,175;202,176;202,178;203,181;202,183;202,185;203,187;203,188;203,191;203,192;203,194;203,196;203,198;203,201;203,202;203,204;202,206;202,209;203,211;203,213;202,215;203,216;203,219;203,221;203,222;203,225;203,226;203,229;203,231;202,233;203,234;202,236;202,239;202,241;202,242;203,244;203,247;203,248;203,251;203,253;203,254;203,256;202,259;203,260;203,262;202,265;203,266;203,268;202,271;202,272;202,275;202,277;202,278;202,281;203,283;202,284;202,286;203,289;203,291;203,293;203,294;202,297;202,298;202,300;202,302;202,304;202,307;203,309;202,310;203,313;203,314;203,316;202,319;202,321;203,323;203,325;202,327;202,328;202,330;203,333;203,335;202,336;203,338;202,341;202,342;203,344;203,346;203,348;202,351;202,352;202,355;202,357;202,359;203,361;203,363;202,365;203,367;202,369;203,371;202,372;202,375;203,377;203,378;203,381;202,383;202,384;202,387;203,389;202,390;203,393;203,394;203,397;202,399;203,401;203,402;203,404;202,407;203,408;203,410;203,413;203,414;202,417;203,418;203,421;202,423;202,425;203,426;203,428;203,430;203,433;203,434;202,436;202,438;202,440;202,443;202,444;202,446;202,448;203,451;202,452;203,454;202,456;203,459;203,460;202,463;202,464;203,467;202,469;202,471;202,473;202,475;203,477;203,479;203,481;202,483;203,485;203,487;202,489;202,491;203,492;203,494;203,497;203,499;202,500;203,502;203,505;203,506;202,509;202,510
204,0;204,2;205,5;204,7;204,8;204,10;204,12;205,15;204,16;204,19;205,21;204,22;204,25;205,27;204,28;204,31;205,32;204,35;205,36;204,38;205,40;204,43;205,44;205,47;204,49;205,51;204,53;204,54;204,56;204,58;204,61;204,62;204,65;204,67;204,68;204,71;204,73;204,75;205,77;204,79;204,80;205,83;205,85;204,86;205,89;204,90;204,92;205,95;205,96;205,99;204,101;204,102;205,104;205,107;205,108;205,111;205,113;205,114;205,116;205,119;204,121;204,122;204,125;204,127;204,129;205,131;204,133;205,135;205,136;205,138;205,141;205,143;205,144;205,146;205,149;204,151;205,153;205,154;204,157;204,158;205,161;205,162;205,165;204,167;205,168;204,171;205,173;204,174;205,177;204,178;205,180;205,183;204,185;204,186;204,188;205,190;204,193;204,195;205,197;204,198;205,200;205,202;204,205;204,207;204,208;204,211;204,213;205,215;204,216;205,219;204,221;204,222;204,224;205,227;204,228;205,230;205,232;205,234;205,237;204,239;205,241;205,242;205,244;204,247;204,249;205,250;204,253;205,254;204,257;205,258;204,260;204,262;204,265;205,266;204,269;205,271;204,272;205,274;204,276;204,278;204,281;205,282;205,285;205,286;205,288;205,291;205,292;204,294;204,297;205,299;205,300;204,302;204,305;204,307;205,309;204,311;205,313;204,315;205,317;204,319;205,320;205,322;205,324;205,326;205,328;205,330;204,333;205,335;204,337;205,339;204,341;204,342;204,344;204,346;204,349;205,350;204,353;204,355;204,357;204,359;204,360;205,363;204,365;204,366;205,368;204,371;205,373;205,375;205,376;205,378;205,380;204,383;205,385;204,387;205,389;205,390;204,392;205,394;204,396;204,399;205,401;205,402;205,405;204,407;204,409;205,411;205,412;205,415;205,416;204,419;205,420;205,422;204,424;205,427;205,428;205,431;204,433;204,435;204,436;204,438;205,441;204,443;204,445;204,446;204,449;205,450;205,453;204,455;205,457;205,459;205,461;204,463;204,464;205,467;205,469;205,470;204,473;205,475;204,476;205,478;205,480;204,483;205,484;205,486;205,488;204,490;204,493;205,494;204,496;204,498;204,500;204,503;204,505;205,507;204,509;205,510
206,0;207,2;206,4;206,6;206,8;207,11;206,13;207,15;207,16;207,18;207,20;207,22;207,24;207,27;207,29;207,30;206,32;207,35;206,37;207,38;207,41;206,43;206,44;206,46;207,48;207,50;206,52;207,54;206,56;207,59;207,61;207,62;206,65;207,66;206,68;207,70;207,73;207,75;207,77;207,79;207,80;207,83;207,84;207,87;206,89;207,91;206,93;206,95;207,96;207,98;207,101;207,103;207,104;207,107;206,108;207,111;207,112;207,114;206,117;206,119;206,121;207,123;207,125;206,126;206,128;206,131;207,132;206,135;207,137;206,138;206,141;207,143;206,145;207,146;207,149;206,150;207,153;206,155;207,157;207,159;206,161;206,162;207,165;206,167;207,169;206,170;207,173;206,174;206,176;207,179;206,181;207,182;207,184;206,187;207,188;206,190;207,193;206,194;207,196;207,199;207,201;207,202;207,205;207,206;206,209;206,211;206,212;207,214;207,217;206,218;207,220;207,222;206,225;206,227;206,228;206,230;206,232;206,235;207,236;207,238;206,241;207,243;207,244;206,246;206,249;207,250;206,253;206,254;206,256;206,259;207,260;206,262;206,265;206,266;206,268;206,270;206,272;207,275;206,277;206,278;206,280;207,283;206,284;206,287;207,288;206,290;206,292;206,294;207,297;206,299;206,300;206,303;207,305;206,306;206,309;207,311;207,312;207,315;206,317;206,319;206,321;207,322;206,324;206,326;206,328;206,331;207,333;207,334;206,337;206,338;206,340;206,342;207,345;206,346;207,348;206,350;207,352;206,354;207,357;207,359;206,361;206,363;207,364;206,366;207,368;206,370;206,372;206,375;207,377;207,378;207,381;206,382;206,385;206,386;207,388;206,390;206,393;206,394;207,396;207,399;207,401;207,403;206,405;206,406;206,409;206,410;206,413;207,415;206,416;206,419;207,420;206,423;207,424;206,426;206,429;206,430;207,433;207,434;206,436;207,439;206,441;206,442;206,444;207,446;206,448;207,450;206,452;206,455;207,456;206,458;206,460;206,462;207,465;206,467;206,469;206,471;207,472;207,475;207,476;206,479;206,480;207,482;207,485;207,486;206,489;207,491;206,493;206,494;207,497;206,498;206,501;207,502;206,504;206,507;206,508;206,511
209,1;208,2;209,5;208,6;208,9;208,11;208,12;208,15;208,16;208,19;208,21;208,22;209,25;208,27;208,28;209,31;208,33;209,35;209,37;208,39;209,40;209,43;209,45;209,46;209,49;209,50;208,52;208,54;208,57;209,59;208,61;209,63;209,65;208,66;209,68;209,70;209,73;208,75;208,77;209,78;208,81;208,83;208,84;209,87;209,89;208,91;209,93;209,95;208,97;208,98;208,100;208,103;209,105;208,106;209,108;209,110;209,112;209,114;209,116;209,119;209,120;208,122;209,125;208,127;209,129;209,130;209,133;209,134;208,137;208,139;208,140;208,142;208,145;208,147;208,149;209,150;209,152;209,154;208,157;208,158;208,161;209,162;208,165;208,167;209,169;208,171;208,173;208,174;209,176;208,178;208,181;209,183;209,185;209,186;209,188;209,190;208,193;208,194;209,196;209,199;208,201;209,203;208,204;208,206;208,209;208,210;208,212;209,214;209,216;209,218;208,220;208,223;208,224;208,227;208,228;208,231;208,233;208,235;208,236;209,239;209,240;208,242;209,244;209,246;208,249;209,250;209,252;209,255;209,257;209,259;208,260;209,263;208,264;208,266;208,269;209,270;208,273;208,274;209,276;209,279;209,281;208,283;208,284;209,286;208,288;209,291;209,292;208,295;208,296;208,299;208,300;209,302;209,305;209,307;208,308;208,310;208,312;209,314;209,317;209,318;209,321;209,323;209,325;208,327;209,329;208,330;209,332;208,335;209,336;209,338;208,340;208,342;209,345;208,347;208,349;209,351;208,353;208,354;209,356;208,359;209,360;208,363;208,365;209,366;208,368;209,371;209,373;209,374;209,377;208,379;208,380;209,382;208,384;209,386;208,389;208,391;208,393;209,395;209,396;209,399;209,401;208,402;209,405;209,406;209,409;209,410;209,413;208,415;208,417;208,418;208,420;209,423;208,425;209,427;209,429;209,431;209,433;209,434;208,437;208,439;209,441;209,442;209,445;209,446;208,448;209,451;208,453;209,455;208,457;208,458;209,461;208,462;208,465;208,466;209,469;209,471;208,472;208,475;209,477;208,479;208,481;208,482;208,484;208,486;208,489;209,491;209,493;208,495;209,497;208,498;209,500;209,503;208,505;209,506;209,508;209,510
210,1;211,3;211,5;211,6;210,9;211,11;210,12;210,14;211,16;211,19;211,20;211,22;210,24;210,27;210,28;211,30;211,33;211,35;210,37;210,38;211,40;211,42;211,44;211,46;211,48;211,50;211,52;211,54;211,56;211,59;210,61;211,63;211,65;211,67;211,68;211,71;210,72;211,75;210,77;211,79;210,81;211,83;210,85;211,87;211,89;210,91;211,92;211,95;211,96;210,98;210,101;211,102;210,104;210,107;211,109;211,110;210,113;210,114;210,116;210,119;211,120;211,123;211,124;211,126;211,129;211,131;210,133;211,135;210,137;211,138;210,141;210,143;210,144;210,147;211,149;211,151;211,152;210,154;210,157;210,159;211,161;211,163;210,165;211,166;210,169;210,171;210,172;210,175;211,177;211,179;211,181;210,182;210,185;210,187;210,188;211,191;211,193;210,195;211,196;210,199;211,200;210,203;210,205;211,206;210,208;210,210;211,213;211,214;211,217;210,219;210,220;211,223;210,224;211,226;210,229;211,231;211,233;211,235;211,237;211,239;210,240;211,243;211,244;211,246;211,249;210,251;211,253;211,255;211,257;211,259;210,261;210,262;210,264;210,266;210,268;210,271;211,272;211,274;211,276;211,279;211,280;210,282;211,285;211,286;211,289;211,291;211,293;211,295;210,296;211,299;210,300;211,302;211,305;210,306;211,309;210,310;210,313;211,314;211,317;211,318;210,321;210,323;210,324;211,327;211,328;211,331;210,333;211,335;211,336;211,338;210,341;211,343;211,344;211,347;211,349;210,351;211,352;210,355;211,357;210,358;211,360;211,362;210,364;210,366;210,368;210,370;210,373;210,375;210,376;210,378;210,380;210,383;211,385;210,386;210,388;211,390;211,393;211,395;211,396;210,398;210,401;210,402;211,404;211,406;211,408;210,411;210,412;211,415;211,416;211,419;211,420;211,423;211,424;211,426;210,429;210,430;210,433;210,435;211,437;210,439;210,441;210,443;210,444;210,447;210,448;211,450;210,453;210,455;211,456;210,458;211,461;211,462;210,465;210,467;210,469;211,471;211,473;211,475;211,477;211,478;210,480;210,482;210,484;211,487;210,488;210,490;210,493;211,494;211,497;211,498;210,501;211,503;210,505;211,507;210,508;211,511
212,1;212,3;212,4;213,6;213,8;213,11;212,13;213,15;213,17;212,19;213,20;212,22;213,25;212,27;212,28;212,31;212,32;213,34;212,37;212,39;212,41;212,43;213,45;213,46;213,48;212,51;213,52;212,54;212,57;213,59;213,60;213,62;213,64;212,66;212,68;212,71;213,72;212,74;213,76;212,78;213,80;213,82;212,85;212,87;213,88;212,91;213,92;213,95;212,97;213,98;213,101;213,102;213,104;212,107;213,109;212,110;212,112;213,115;213,117;213,119;212,120;213,122;212,125;212,126;213,128;212,130;213,133;213,134;212,136;212,139;213,141;212,142;212,145;212,146;212,149;212,150;212,153;213,155;212,156;213,158;213,161;213,162;213,165;212,167;212,169;212,171;212,173;212,175;213,177;212,179;213,181;213,183;213,184;213,186;212,188;212,191;213,193;212,194;213,196;212,198;213,201;213,202;212,205;212,206;213,209;213,211;213,212;213,214;213,217;213,218;212,220;213,222;213,224;213,226;213,229;212,231;213,232;213,234;213,236;212,239;213,240;213,243;213,244;213,246;213,248;213,250;212,253;212,254;212,257;213,258;213,261;212,262;212,265;213,266;213,268;212,271;212,272;212,275;212,277;213,279;213,280;213,282;213,284;213,287;213,288;212,290;212,293;213,295;213,297;212,299;213,300;213,303;212,305;213,306;213,309;213,310;212,313;212,315;213,316;213,319;212,321;213,322;212,325;213,326;212,328;213,331;213,332;212,334;213,336;212,339;212,341;212,342;213,344;213,347;213,349;212,351;212,353;212,355;212,356;212,358;212,361;212,363;212,364;212,367;213,369;212,371;212,373;213,375;213,376;213,379;212,381;213,383;212,385;212,386;213,388;212,391;213,393;212,395;213,396;213,399;212,400;213,402;213,404;213,406;213,408;213,410;213,412;213,414;213,417;213,419;213,420;213,423;213,424;212,427;213,428;212,431;212,433;212,434;213,436;213,438;212,440;212,443;213,444;213,446;213,448;213,450;212,452;213,455;212,456;213,459;213,460;212,462;213,465;212,467;213,468;213,471;213,472;212,475;212,476;212,479;213,481;212,483;213,485;213,487;213,488;212,490;212,492;213,494;212,497;212,498;213,500;212,503;213,504;213,506;213,508;212,511
214,0;215,2;214,4;215,6;215,9;215,10;215,13;215,14;215,16;215,18;215,21;215,22;214,24;215,26;215,28;214,30;214,33;214,34;214,36;214,39;215,41;214,43;214,45;215,46;215,48;214,51;214,53;215,54;215,56;214,59;214,61;215,63;214,65;215,66;215,68;215,70;214,73;215,74;214,76;214,78;215,80;215,82;215,85;215,87;215,89;215,91;215,93;214,94;214,97;214,98;214,101;215,103;214,104;214,106;214,108;214,110;214,113;215,114;215,117;215,118;214,120;214,123;214,125;214,127;214,128;215,130;215,133;215,134;214,136;215,138;214,141;215,143;215,145;214,147;214,148;215,151;214,152;215,154;214,157;214,159;214,161;215,162;214,164;215,166;215,168;214,170;214,172;215,174;214,177;215,179;214,180;214,183;215,184;215,186;214,188;214,191;215,192;214,195;215,197;215,199;214,200;215,202;215,205;215,207;215,208;214,210;214,213;215,215;215,216;215,219;214,220;214,222;214,224;215,227;215,229;214,230;215,232;214,235;215,237;214,239;214,241;214,242;214,244;214,247;215,249;214,251;214,253;214,255;214,257;215,258;215,260;215,262;214,265;215,266;215,268;215,271;215,272;214,274;214,277;214,279;214,280;215,283;215,284;215,287;214,289;215,290;214,293;215,295;215,297;215,299;214,300;215,302;215,304;215,306;215,309;215,310;215,312;215,315;214,316;214,318;215,321;214,322;215,325;214,327;214,329;214,330;215,332;215,334;214,337;214,338;215,340;214,343;215,345;215,346;214,349;214,350;214,353;214,354;215,356;214,359;215,361;214,363;214,365;215,366;215,369;215,370;215,372;214,374;215,376;214,379;215,380;214,383;214,385;214,386;214,388;215,391;214,393;215,395;215,397;214,399;215,400;215,403;215,404;214,406;214,409;214,410;214,413;215,415;215,417;215,418;215,421;214,422;215,424;215,426;214,428;215,430;215,432;214,435;214,436;215,438;214,440;214,442;214,445;215,447;214,448;215,450;215,453;214,454;214,457;214,458;214,461;214,462;215,465;214,467;215,468;214,471;215,473;215,474;214,477;214,479;214,481;214,483;214,485;215,486;214,488;214,490;214,493;215,494;215,496;214,498;215,500;214,502;215,505;214,506;215,508;214,510
216,0;217,3;216,5;216,7;217,9;217,11;216,12;216,14;217,16;217,19;216,21;217,22;217,25;217,26;216,28;216,31;216,33;217,35;216,36;216,38;216,41;216,43;216,44;217,47;216,48;216,50;216,52;216,54;216,57;217,59;216,61;216,63;217,65;217,66;217,68;217,70;217,72;217,75;217,76;217,79;217,80;216,82;217,85;216,87;217,89;216,90;216,93;216,94;216,97;217,99;217,101;217,102;216,104;217,106;216,108;216,110;217,113;216,115;217,117;216,118;217,120;217,123;216,125;217,126;216,129;216,131;216,133;216,134;217,136;216,138;216,141;217,142;216,145;216,147;216,148;217,151;217,152;217,155;217,157;216,158;216,160;217,162;217,164;216,166;216,169;217,171;216,173;216,175;217,177;216,179;217,180;217,183;217,184;217,186;216,188;217,191;216,192;217,194;217,196;217,198;217,200;217,203;216,204;216,207;216,209;217,211;217,213;216,215;217,216;216,219;216,220;216,223;217,224;216,226;216,229;216,231;216,232;216,235;216,236;216,239;216,241;217,242;216,244;216,246;216,248;216,251;216,252;216,255;217,256;216,258;216,260;217,263;217,265;217,266;217,268;216,270;217,273;217,274;217,276;216,278;216,281;217,282;217,284;217,287;217,289;216,291;216,292;217,294;217,296;216,298;217,300;217,302;216,305;217,306;217,309;217,310;217,313;216,315;216,317;217,319;217,321;216,322;216,325;217,327;217,328;217,330;217,332;216,334;216,336;217,339;216,340;216,342;217,344;217,346;216,349;217,351;216,353;216,355;216,356;217,358;216,360;217,362;216,365;216,366;216,368;217,370;217,372;217,374;216,377;217,378;217,380;216,383;217,385;217,386;216,389;216,391;216,392;217,395;216,397;217,398;216,400;216,402;217,405;216,406;216,408;217,411;216,413;217,414;217,417;217,419;216,421;217,423;216,425;216,427;217,429;216,430;216,433;217,434;217,436;217,438;217,440;217,442;217,445;217,446;216,449;216,451;216,453;217,454;216,456;216,458;216,461;216,462;216,464;216,466;216,468;217,471;216,472;217,475;216,477;216,479;216,481;217,482;216,485;217,487;217,489;216,491;217,493;217,495;216,496;216,498;217,501;217,503;216,504;216,506;217,509;216,511
219,1;219,3;219,5;219,6;219,8;218,10;219,13;219,15;219,16;219,18;219,21;218,22;219,25;219,27;219,28;218,31;219,33;218,34;218,37;218,38;219,41;219,42;218,45;219,47;218,48;219,50;219,52;219,54;219,57;218,59;218,61;219,63;218,64;219,67;219,68;219,70;218,73;219,74;219,76;219,79;219,81;219,82;218,84;218,87;218,89;219,91;219,92;218,94;218,96;218,99;218,101;218,102;219,104;218,106;218,108;218,111;218,113;219,114;219,117;219,118;218,120;219,122;218,125;218,127;218,128;218,131;218,132;218,134;218,136;219,139;218,141;219,142;219,145;219,147;218,149;219,150;218,152;218,154;218,156;219,158;219,161;218,162;219,164;219,166;219,169;219,170;219,172;219,175;218,177;219,179;218,180;219,183;218,184;219,186;219,189;219,190;218,193;218,195;219,197;219,198;219,201;218,203;219,205;218,206;218,209;219,210;219,212;219,214;219,217;219,218;218,221;218,223;218,225;218,227;218,229;218,230;218,233;218,235;219,237;219,239;219,241;218,243;218,245;218,246;219,248;219,250;219,252;218,254;218,257;218,258;219,260;218,262;218,265;218,266;218,268;219,271;218,272;218,274;218,276;219,279;218,281;219,283;218,284;219,287;218,289;219,290;218,293;218,294;218,296;219,298;219,301;218,303;218,304;218,306;218,308;219,310;219,313;218,314;219,317;219,319;218,320;218,323;219,325;218,327;219,329;219,330;218,332;218,334;219,337;218,338;218,340;218,342;218,344;219,347;219,348;219,350;218,353;219,355;219,357;218,358;218,360;219,362;218,365;218,366;219,368;219,371;219,372;219,374;219,376;218,379;218,381;219,382;218,385;218,386;219,388;218,391;218,393;218,395;219,397;218,399;218,400;219,403;219,405;218,407;218,409;219,411;219,412;219,415;218,417;219,419;218,420;219,422;218,425;218,426;218,429;218,430;219,433;219,434;218,436;219,439;219,441;219,443;218,445;219,447;219,448;218,450;218,453;219,455;218,457;219,459;218,461;218,463;219,464;219,466;219,468;218,470;219,473;218,474;218,476;219,479;218,481;218,482;218,485;219,487;218,489;219,491;218,493;218,494;218,496;218,499;218,500;218,502;219,505;218,507;219,508;219,511
221,0;221,2;220,4;221,7;220,9;221,11;220,12;221,14;220,16;221,18;221,21;220,23;221,25;221,26;221,28;220,31;220,33;221,35;221,36;221,39;220,40;220,42;221,45;220,46;221,48;221,50;221,52;220,54;221,56;220,59;221,61;221,63;220,65;220,66;221,68;221,71;220,73;221,75;221,76;220,79;221,81;220,82;221,85;221,86;221,88;220,90;221,92;221,94;221,97;220,98;221,101;220,103;221,105;221,106;220,108;221,111;220,112;221,115;221,116;221,118;221,120;220,123;220,125;221,126;220,129;220,131;221,133;221,135;221,136;220,139;220,140;220,142;220,145;220,146;220,149;220,151;221,152;221,155;221,156;220,159;220,161;220,163;220,164;221,167;220,168;220,170;220,172;221,175;220,177;221,179;220,181;221,182;221,184;221,187;220,188;220,190;221,193;220,194;221,197;220,199;221,201;221,202;220,204;221,207;220,209;221,211;220,212;221,215;221,216;221,218;221,220;221,222;220,224;221,227;221,228;221,230;220,233;220,235;220,236;221,238;221,240;221,242;220,245;220,247;221,248;220,250;221,253;221,255;220,256;220,258;221,260;220,263;220,264;221,267;221,268;221,270;221,272;221,274;220,276;221,279;221,281;220,282;221,285;221,286;220,288;221,291;221,293;221,295;220,297;221,299;220,300;221,303;220,304;221,307;221,309;221,310;221,313;220,314;221,317;220,319;220,320;220,323;221,325;221,326;220,328;220,330;220,333;220,334;221,336;220,338;221,340;221,343;221,344;221,347;220,348;221,351;220,353;220,355;220,356;220,359;221,360;221,363;221,364;221,366;220,369;221,370;220,372;220,374;221,377;220,379;220,380;221,383;220,384;221,386;221,389;220,391;220,393;220,394;220,397;220,398;221,401;221,403;221,404;220,406;221,409;220,411;221,413;221,415;220,416;221,418;221,420;220,422;220,424;220,426;221,429;221,431;220,433;220,434;221,436;220,438;220,440;220,442;220,444;220,446;220,449;220,451;220,453;220,454;220,456;220,459;220,461;221,462;220,465;220,466;220,469;221,470;221,472;220,474;220,476;220,478;220,481;221,483;220,485;220,486;220,488;220,491;221,492;221,494;220,497;221,498;221,500;221,502;221,505;221,507;221,508;221,511
222,1;223,2;222,5;222,7;222,8;223,10;223,13;223,15;223,17;223,18;222,20;222,22;222,24;222,27;223,29;223,30;223,33;222,34;223,36;222,39;223,40;223,43;222,45;222,47;222,49;223,50;223,52;223,54;222,57;223,59;222,61;222,62;223,65;222,66;223,68;223,71;223,73;222,74;223,77;222,78;222,80;222,83;223,84;222,87;223,89;223,91;222,92;223,95;223,97;222,98;222,101;222,103;223,105;223,106;223,109;223,111;222,112;222,115;222,117;222,119;222,120;222,122;222,125;222,127;222,128;222,131;222,133;223,134;223,136;222,139;223,141;222,143;223,144;222,147;222,149;223,150;222,153;223,155;223,157;223,158;222,161;223,163;223,165;223,166;223,168;222,170;223,172;222,175;223,177;223,178;222,181;223,183;223,185;223,187;222,189;223,190;223,193;222,195;222,196;223,198;222,201;222,202;223,204;223,206;222,209;222,210;222,213;222,214;222,217;223,219;223,220;223,222;222,224;223,226;222,229;223,231;222,232;223,234;222,236;223,239;222,240;223,242;223,244;222,246;222,249;222,250;222,252;222,255;222,257;223,259;222,260;222,262;222,264;223,266;222,268;222,270;222,272;223,274;223,277;222,278;223,281;222,282;222,284;223,286;222,288;223,290;222,293;223,295;223,297;222,299;222,300;222,303;223,304;222,307;222,308;222,310;223,312;223,314;222,316;223,319;222,320;223,322;223,324;223,327;223,328;222,331;222,332;222,335;223,336;223,339;223,340;222,342;223,344;223,346;222,349;223,351;222,353;222,355;222,357;222,358;223,360;222,362;223,365;223,366;223,369;223,371;223,373;223,375;223,377;223,379;223,381;223,382;222,385;222,386;222,388;223,391;223,392;223,394;222,396;222,398;222,400;223,402;222,404;223,407;222,409;222,411;223,412;222,414;222,416;223,418;222,420;223,422;223,425;223,426;223,429;222,430;222,432;223,434;223,437;223,439;222,441;222,442;223,445;223,446;223,448;223,450;222,453;223,455;222,456;223,458;223,461;222,463;223,464;223,466;223,468;222,471;223,472;222,475;223,476;222,479;223,480;222,483;222,484;223,487;222,489;223,490;222,493;222,494;222,497;223,498;223,500;223,502;223,505;223,506;223,509;222,510
225,0;225,3;224,5;224,7;224,8;224,10;224,13;224,14;224,17;224,19;225,21;224,23;224,24;224,26;224,29;224,30;224,32;224,35;225,37;224,39;224,40;225,43;225,45;225,47;224,49;224,50;225,52;225,55;225,56;224,59;225,60;225,62;225,65;225,66;225,68;225,70;225,73;224,74;224,77;224,78;224,81;224,83;224,84;225,87;225,89;224,90;224,93;225,94;224,96;225,99;224,100;224,102;224,104;224,106;225,108;224,111;224,113;224,115;225,117;225,118;224,120;225,122;225,124;225,127;224,129;224,131;225,133;224,134;225,137;224,139;224,140;225,142;225,145;225,146;225,149;225,151;225,152;224,155;225,156;224,159;224,161;224,162;225,165;224,166;224,168;224,171;225,172;225,174;225,176;225,179;225,181;224,182;224,185;224,187;225,189;224,190;224,192;224,194;225,196;224,198;224,201;225,202;224,204;224,206;225,209;225,211;225,212;225,215;224,216;225,218;225,220;225,222;225,225;225,226;225,229;225,230;224,233;225,234;224,236;224,238;224,240;225,242;224,244;224,247;224,248;224,250;224,252;224,254;225,257;225,258;225,261;225,263;224,265;224,266;224,268;224,270;224,272;225,274;225,277;225,279;225,280;224,282;225,285;225,286;225,288;224,290;225,292;224,295;225,296;225,298;225,300;225,302;224,305;225,307;224,309;224,311;224,312;225,314;225,316;224,319;224,321;225,323;224,324;224,326;224,329;224,330;224,333;224,334;225,336;225,339;225,340;225,343;225,344;225,346;225,349;225,351;225,352;224,355;225,357;225,358;225,361;225,363;224,364;225,367;224,368;225,370;225,372;224,375;224,377;225,378;224,380;224,382;224,384;224,386;224,389;225,391;224,393;225,394;225,397;224,398;225,400;224,402;225,405;224,406;224,409;225,411;224,413;225,414;225,416;224,419;224,421;225,423;225,424;225,427;225,429;224,431;224,433;225,434;225,437;224,439;225,441;225,443;224,444;224,446;224,449;225,450;225,452;225,455;225,456;225,459;225,461;224,462;224,464;225,466;225,468;224,471;225,473;224,474;225,477;225,479;225,480;224,482;225,485;225,487;224,489;225,490;224,492;224,494;224,497;224,499;224,501;224,503;225,505;224,506;224,509;225,510
227,0;226,2;227,5;227,6;227,9;226,11;226,12;227,14;227,16;227,18;226,21;226,23;227,24;226,27;227,28;226,30;227,33;227,34;226,36;226,38;226,41;226,42;226,45;226,46;226,48;227,51;226,52;226,55;226,56;226,59;226,61;227,63;227,65;226,66;227,68;226,70;226,73;226,74;227,77;227,79;227,81;226,82;227,85;227,86;226,88;226,91;226,93;226,94;226,96;227,99;227,100;227,102;227,104;227,107;227,108;226,110;226,113;226,114;226,116;227,119;227,120;227,122;227,124;226,127;227,128;227,131;226,132;227,135;226,137;227,139;227,140;227,142;227,144;226,147;227,148;227,151;227,153;226,154;226,156;227,159;227,160;227,163;227,164;226,166;227,169;227,171;226,172;226,174;226,177;226,178;226,180;226,182;226,185;227,187;227,188;227,191;226,192;227,195;226,196;227,198;226,200;227,202;227,204;227,206;227,209;227,210;227,213;226,214;227,217;227,219;226,220;227,223;226,225;227,227;226,228;227,231;227,232;227,235;227,237;226,239;227,240;226,243;226,245;227,247;227,249;227,251;227,253;226,255;226,256;227,259;227,260;227,263;227,265;227,266;226,269;227,270;226,273;227,275;227,277;227,279;226,280;227,282;226,285;226,286;226,288;226,290;227,292;227,295;226,296;227,299;227,300;226,302;227,304;226,307;226,309;227,310;226,312;226,314;227,317;227,319;226,320;227,322;226,325;226,326;226,328;227,330;227,333;226,334;226,337;227,339;226,341;226,343;226,344;226,347;227,349;227,350;227,353;227,355;227,356;227,359;226,361;226,363;227,365;226,367;226,368;226,371;227,372;226,374;227,376;226,379;227,381;226,383;226,385;227,387;227,389;226,391;226,393;227,394;226,397;227,398;226,400;227,402;226,405;227,407;226,408;226,411;226,413;227,414;227,416;227,418;226,420;226,423;226,425;227,426;226,429;226,431;227,433;226,435;226,437;227,439;226,440;226,443;226,444;226,446;227,448;226,451;226,452;227,455;226,457;226,459;227,460;227,463;227,464;226,467;227,468;226,471;227,472;227,475;227,477;226,478;226,481;226,483;226,484;227,486;227,488;227,490;226,493;227,494;226,496;226,498;227,500;226,503;227,504;226,507;227,509;227,510
229,1;228,2;229,5;228,7;228,9;229,10;229,12;228,15;229,16;229,19;228,21;229,22;229,25;228,26;229,28;229,30;228,32;229,34;228,37;229,38;228,40;228,43;228,44;229,47;228,49;228,50;229,52;228,55;229,56;229,59;229,60;228,63;229,65;229,66;228,68;228,71;228,72;229,75;228,77;228,79;228,81;229,83;228,85;228,87;229,88;229,91;229,93;228,95;228,96;228,98;228,100;229,103;228,104;229,107;229,109;228,110;228,113;229,114;228,117;228,119;228,120;229,123;229,124;229,126;228,128;229,131;228,132;229,134;228,137;228,138;228,141;228,143;229,145;229,147;228,148;228,150;228,152;229,154;229,156;229,159;228,161;228,162;229,165;229,166;228,169;228,171;228,172;229,174;229,176;229,178;228,180;229,183;228,185;229,186;228,189;228,191;228,192;228,194;229,196;228,199;229,200;229,203;228,205;228,207;228,209;228,211;229,212;229,214;228,217;229,218;229,220;228,222;228,224;229,226;229,228;229,230;228,232;228,235;228,237;229,238;228,240;229,242;228,244;228,246;228,248;228,251;228,253;229,255;229,257;229,259;228,261;228,262;228,264;229,266;229,269;228,271;229,273;228,275;229,276;229,279;228,280;228,283;229,284;229,287;228,288;228,290;228,293;229,294;229,297;228,298;229,301;229,303;229,305;228,307;229,308;228,310;228,313;228,314;228,317;228,319;228,320;228,322;229,324;228,326;229,328;229,330;229,332;228,334;229,337;229,338;228,340;228,342;228,344;229,346;229,349;229,350;229,353;229,355;228,356;228,358;228,361;228,362;228,364;228,367;228,368;228,370;229,373;228,375;228,377;229,379;228,380;228,382;228,385;229,386;229,388;229,390;229,392;228,395;228,396;228,399;228,401;229,402;229,404;228,407;229,409;229,410;228,412;228,414;229,416;228,419;229,421;229,423;228,424;228,426;228,428;229,430;229,433;229,434;229,437;228,438;228,441;229,443;228,444;229,447;229,449;228,451;228,453;228,454;228,457;228,458;228,460;229,463;229,464;229,467;228,468;229,471;229,473;228,474;229,477;228,479;229,481;229,482;229,484;228,486;229,488;229,491;229,492;229,494;228,496;228,499;229,500;229,502;228,504;228,506;228,509;229,511
230,1;230,3;231,5;231,6;230,8;231,10;230,13;230,14;231,16;231,18;230,21;230,23;231,24;231,27;231,29;231,30;231,33;231,34;231,36;231,39;231,40;230,43;231,44;230,47;231,49;230,51;231,52;231,54;231,57;230,59;230,61;230,62;230,64;231,66;230,68;231,71;230,72;231,75;231,77;231,78;230,81;230,82;231,84;231,87;231,88;230,91;230,93;230,94;230,97;230,98;230,101;231,102;230,105;230,107;231,108;231,110;230,113;230,114;230,116;230,119;231,121;230,123;230,124;230,127;231,129;231,131;231,132;231,134;230,137;231,139;230,141;231,143;230,144;230,147;231,148;230,151;230,153;231,155;231,156;230,159;231,161;230,162;231,165;230,166;230,169;231,170;230,173;230,174;231,176;231,178;230,180;231,182;231,185;231,186;231,188;230,190;230,192;231,194;230,197;230,198;230,201;230,202;231,205;230,207;230,208;230,210;231,212;231,214;230,217;231,219;230,221;231,222;231,224;231,226;231,229;231,230;231,233;230,235;230,236;230,238;230,240;230,243;231,245;230,246;230,248;231,251;230,252;230,254;231,256;230,259;231,261;230,262;230,265;231,266;231,269;231,270;230,273;231,274;231,276;230,278;231,280;231,282;230,285;231,287;230,289;231,291;230,293;230,295;230,297;231,298;230,300;230,303;231,305;230,307;230,308;230,311;231,312;230,314;230,316;230,318;231,320;230,322;230,325;230,327;231,328;231,331;231,333;231,334;230,337;230,338;230,341;230,342;230,344;230,347;231,348;230,351;231,352;230,354;231,356;231,358;230,360;231,363;231,364;230,367;230,369;230,370;231,372;231,374;230,376;230,379;231,381;230,383;230,385;231,386;231,388;230,391;231,393;230,395;231,397;230,398;231,400;231,403;230,405;231,406;231,408;230,411;230,413;231,415;231,416;231,419;231,420;230,423;231,424;231,426;231,428;231,430;230,432;231,435;231,437;230,438;230,440;230,442;231,444;231,447;230,448;230,450;230,453;230,454;231,456;230,458;231,460;231,463;230,464;231,467;230,469;231,471;230,473;231,475;230,476;230,479;231,480;231,482;231,485;231,487;230,488;231,491;231,492;230,495;230,497;230,498;230,500;231,502;230,504;231,507;230,508;230,511
232,1;232,3;232,4;233,7;233,9;232,11;233,13;233,15;233,16;232,18;232,21;232,22;232,25;233,27;232,28;233,30;232,33;232,35;233,36;233,38;232,40;233,43;233,45;233,46;233,49;232,50;232,53;232,54;233,56;232,58;233,61;233,63;232,65;233,67;233,68;233,70;233,72;233,75;232,76;232,79;233,80;233,82;233,84;232,86;233,88;232,90;233,92;233,95;233,97;233,98;232,101;233,103;232,105;233,107;233,109;233,110;232,112;232,115;232,117;232,118;232,121;233,122;233,124;232,127;232,129;233,131;232,133;233,134;232,137;232,139;233,141;232,143;232,144;232,147;233,149;233,150;233,153;233,154;232,156;232,158;232,161;233,162;232,164;232,166;233,169;232,170;233,173;232,174;233,176;232,179;232,181;233,182;233,184;232,186;233,189;232,191;233,193;233,195;232,196;233,198;232,201;232,203;232,205;232,206;233,209;233,211;233,212;232,215;233,217;233,218;232,220;233,223;233,224;233,226;232,229;232,231;232,233;232,235;232,236;232,239;233,241;232,242;233,245;232,247;233,249;232,250;232,253;233,254;233,257;232,258;232,261;232,262;233,265;232,266;233,268;233,271;232,272;233,274;232,277;232,279;233,281;233,283;233,285;233,286;233,288;232,290;233,292;232,295;232,297;232,299;232,301;232,302;233,304;232,306;233,309;233,310;233,312;233,314;232,316;232,319;233,320;233,323;232,324;232,327;232,329;232,331;232,332;232,335;233,337;232,339;232,340;232,342;232,345;232,347;232,348;232,351;233,353;233,355;232,357;232,359;232,360;233,362;233,364;232,367;232,369;233,370;233,372;233,375;233,377;232,378;233,381;233,382;233,384;232,386;232,388;232,391;233,393;232,394;233,396;233,399;232,400;232,403;232,405;232,407;232,408;232,410;232,413;232,415;232,417;233,418;233,420;232,423;233,425;232,426;233,428;232,431;232,433;233,434;232,437;233,438;233,441;232,442;232,445;232,446;233,448;232,450;232,452;232,454;233,456;233,458;232,460;232,462;233,465;232,467;232,469;232,470;233,472;232,474;233,476;233,479;232,480;233,482;232,484;233,486;232,488;233,490;233,492;233,494;232,496;232,498;233,501;233,503;233,505;233,506;232,508;233,510
235,0;234,2;234,5;234,7;235,9;235,10;234,12;235,15;235,17;235,19;234,20;235,23;235,24;234,27;234,29;234,30;235,32;234,34;235,37;235,38;234,41;234,43;234,44;235,47;235,48;234,51;235,53;235,55;234,56;235,59;235,61;234,62;234,65;235,67;234,68;234,71;234,73;235,75;234,77;235,79;234,80;235,82;234,85;235,87;234,88;234,91;235,92;234,94;234,96;235,98;234,101;235,102;234,105;235,106;234,109;234,111;235,112;235,114;235,117;234,119;234,121;234,123;234,124;234,127;234,129;235,130;235,133;235,135;234,137;235,138;235,140;235,142;235,145;234,147;234,148;234,151;234,153;235,154;234,156;235,159;234,160;234,163;234,165;235,167;235,169;234,171;235,172;234,174;235,176;234,179;234,180;235,183;235,184;235,186;234,189;234,191;235,193;234,195;235,196;235,198;234,200;234,203;235,204;234,207;234,208;234,210;234,212;234,214;234,217;235,218;234,221;234,223;235,225;235,227;235,229;234,231;234,232;235,235;234,237;235,239;235,240;235,243;234,245;235,247;234,249;234,250;234,253;235,255;234,256;235,258;235,260;234,263;234,265;235,267;234,268;235,271;234,272;235,274;235,277;234,279;235,280;235,282;234,284;235,286;235,288;235,291;235,292;235,295;235,297;235,298;234,301;235,302;235,305;234,307;234,308;235,310;234,313;235,315;235,317;234,319;234,320;235,322;235,324;235,326;235,328;235,330;234,333;235,334;234,336;235,338;235,341;235,342;234,345;235,347;234,349;234,351;234,352;234,354;234,357;235,359;235,360;234,363;234,365;235,367;234,368;234,370;234,372;234,375;234,377;234,378;235,380;234,382;235,384;234,387;235,388;234,390;235,392;235,395;234,397;234,399;235,400;234,403;235,404;235,407;234,409;234,411;235,412;235,415;234,416;234,418;235,420;235,422;234,424;235,426;234,428;234,431;235,433;234,435;235,437;235,438;234,441;234,443;234,444;235,447;234,449;234,451;235,452;235,455;235,456;234,459;235,460;234,463;235,465;235,467;235,468;235,470;235,472;235,474;234,476;235,478;234,481;234,482;234,484;235,487;234,489;235,490;234,492;234,494;235,496;235,499;235,501;234,503;235,504;234,506;234,509;235,510
237,1;237,3;237,5;237,6;237,9;237,10;237,12;236,14;237,16;237,19;237,21;237,23;237,24;237,26;236,28;237,30;237,32;236,34;237,37;236,39;236,41;236,43;237,45;237,47;237,48;237,51;236,53;236,55;237,57;236,58;237,60;237,62;236,64;236,67;237,69;237,70;237,73;236,75;237,76;237,78;237,81;237,83;236,84;236,86;236,88;236,91;237,93;237,95;237,97;236,98;236,101;236,103;237,105;237,106;236,109;236,110;237,113;237,114;237,117;236,119;237,120;237,122;236,124;236,127;236,128;236,131;236,132;236,135;236,136;236,138;236,141;236,142;236,145;237,147;237,148;236,151;236,153;236,154;236,156;236,158;236,160;237,162;237,164;236,167;237,169;236,170;236,173;236,175;236,176;237,179;236,180;237,183;236,185;236,187;237,189;236,191;237,193;237,194;237,196;236,198;236,200;237,202;237,205;237,206;236,208;237,210;236,212;236,215;236,217;237,219;236,221;237,222;236,225;236,226;236,229;237,230;236,233;237,235;237,236;236,239;237,241;236,242;237,245;237,246;237,248;236,251;237,252;236,255;236,257;237,259;237,261;237,263;236,264;236,267;236,268;236,270;236,273;236,274;237,277;237,279;237,280;237,282;237,284;236,287;237,289;236,290;237,292;236,294;236,297;237,299;237,301;236,303;236,305;236,307;237,309;237,311;236,312;236,315;236,317;237,319;237,320;236,323;236,324;237,327;237,329;237,330;236,332;237,334;237,337;237,338;237,340;237,343;237,345;236,347;237,348;237,351;237,353;236,354;236,356;237,358;237,360;237,362;236,364;237,367;236,369;236,370;236,373;236,375;236,376;237,379;237,381;237,383;237,384;236,386;237,389;236,391;237,392;237,395;237,397;236,398;236,401;236,403;236,405;236,407;236,409;236,411;236,413;237,414;237,416;237,418;236,421;237,423;236,425;236,426;236,428;237,431;237,432;236,435;236,437;237,439;237,440;237,443;236,445;237,446;236,449;237,451;237,452;237,455;236,457;236,459;237,461;236,463;237,465;236,466;237,468;236,471;236,472;236,475;236,477;236,478;237,480;236,483;237,485;236,487;237,488;237,491;237,492;237,495;236,496;237,499;237,500;237,503;236,505;236,506;237,508;237,511
239,1;239,3;239,5;238,7;239,9;239,11;238,12;239,15;239,16;239,19;238,20;238,22;238,24;239,27;238,28;239,30;238,33;239,35;238,37;239,38;238,41;238,43;238,45;238,47;238,49;239,50;239,52;239,55;239,56;239,59;239,61;239,62;238,64;238,67;239,68;238,71;238,73;238,74;239,76;239,78;239,80;239,83;238,85;239,86;239,89;239,90;238,92;239,94;238,96;239,99;239,101;238,102;238,104;239,107;238,109;239,110;238,113;239,114;239,117;239,119;238,121;238,123;238,124;239,126;238,128;239,131;239,133;239,135;239,136;238,138;239,140;239,143;239,145;238,146;238,148;238,150;238,152;239,155;238,157;238,159;239,160;239,163;238,164;238,167;239,168;238,171;239,172;239,175;238,177;238,179;239,180;239,183;239,184;238,187;239,188;239,191;239,193;238,195;238,197;238,198;239,200;238,203;239,205;238,207;239,209;239,210;238,213;238,214;238,217;238,218;238,221;239,223;239,225;238,227;239,229;239,231;239,232;239,234;238,237;239,239;238,240;239,242;238,244;239,246;238,248;238,251;238,253;238,254;239,256;239,259;238,260;239,262;238,264;238,267;238,268;238,270;238,272;238,274;239,276;238,279;238,280;239,282;239,285;238,286;238,289;239,290;239,292;238,295;238,297;238,299;238,300;238,302;239,305;238,306;239,308;238,311;239,312;239,314;239,316;238,319;238,321;239,323;239,324;239,326;238,329;239,330;239,333;239,335;239,336;239,338;239,340;238,343;238,344;238,346;239,349;238,351;239,352;238,355;238,356;239,359;238,360;239,363;238,365;238,367;238,369;239,371;238,372;239,375;238,377;239,378;239,381;238,383;238,384;238,386;239,389;238,390;238,392;238,394;239,397;239,399;238,400;239,403;238,404;238,407;238,409;238,410;238,412;239,414;238,416;238,419;238,421;238,422;238,425;238,426;238,428;239,431;238,433;238,434;238,437;238,438;238,440;238,442;238,444;239,446;239,449;238,450;239,452;239,454;239,457;238,459;239,461;238,463;239,465;238,466;238,469;238,470;238,472;239,475;238,476;238,478;239,480;238,483;239,485;238,487;239,488;239,491;238,492;238,494;238,496;239,499;238,500;238,502;239,504;239,506;238,508;238,511
240,1;241,2;240,5;240,7;240,9;240,10;241,13;240,15;240,17;241,19;240,20;240,22;240,24;241,26;240,29;240,30;240,33;241,34;240,36;241,39;241,41;241,42;241,44;241,46;240,48;240,51;241,53;241,54;240,57;240,59;240,61;240,62;241,65;240,66;240,69;241,70;240,73;240,74;241,76;240,78;241,80;240,82;241,84;241,86;241,88;240,91;241,92;241,95;241,97;240,99;240,101;240,102;241,104;240,106;240,109;241,110;240,113;240,114;240,117;240,118;241,121;241,123;241,125;241,126;241,128;240,130;240,133;240,134;240,137;240,138;240,141;241,142;240,144;240,146;240,148;240,151;240,153;240,155;240,156;241,158;241,161;240,163;241,165;241,167;241,169;241,170;240,172;240,175;241,176;241,178;241,180;241,183;241,185;241,186;241,188;240,190;240,193;240,194;241,196;240,199;240,200;241,203;241,204;241,207;240,209;240,211;240,213;241,214;240,217;241,218;240,220;240,223;240,224;240,226;241,228;240,231;240,232;241,234;240,237;241,239;240,241;240,243;241,244;240,247;240,249;240,250;240,253;240,255;241,257;240,259;241,261;240,262;240,264;240,266;240,269;240,271;240,273;240,275;241,277;240,278;240,280;241,283;241,284;240,287;240,289;241,291;240,293;240,294;241,296;240,299;241,300;240,303;240,305;241,307;240,309;240,311;240,312;240,314;241,316;241,318;241,320;240,323;240,325;240,326;241,328;240,331;241,332;240,335;240,336;240,338;240,341;240,343;240,345;241,347;240,348;241,350;241,353;240,354;240,356;240,359;241,361;241,362;241,364;241,367;240,369;241,371;240,372;240,374;241,377;240,379;240,381;241,382;241,384;241,386;241,388;240,391;240,393;241,394;241,397;240,399;240,400;241,403;241,405;240,406;241,409;240,411;240,413;241,414;240,417;240,419;241,420;241,422;241,424;241,426;240,429;241,430;240,433;240,434;241,437;241,439;240,440;241,442;241,444;240,447;241,448;241,450;241,453;240,455;240,457;241,458;240,461;241,463;240,465;241,467;241,468;240,471;241,472;241,474;241,477;241,478;240,481;240,483;241,485;241,487;241,489;241,491;241,492;240,495;240,496;240,498;240,501;241,503;240,504;241,507;240,509;241,510
242,1;243,3;242,5;242,7;242,9;242,10;243,13;243,14;243,17;243,19;243,21;242,23;243,25;243,27;243,29;243,30;243,32;242,34;243,37;243,39;242,41;242,42;242,44;242,47;242,49;242,50;242,53;242,54;243,57;243,59;243,61;243,63;243,64;242,67;242,68;243,70;242,72;243,75;243,76;243,78;243,80;242,82;242,84;243,87;243,89;242,90;243,92;243,95;242,96;242,99;242,100;243,102;243,104;242,106;243,108;242,111;243,113;243,115;243,116;242,118;242,121;243,123;243,125;242,127;242,128;243,131;243,133;243,134;243,136;243,139;242,140;242,142;242,144;243,146;243,149;242,151;242,152;242,154;242,156;242,158;242,160;243,163;242,164;242,167;242,169;242,170;243,172;242,175;242,177;242,178;242,180;243,182;243,184;243,186;243,189;243,191;242,193;243,194;242,196;243,199;242,201;243,203;243,205;243,206;242,209;243,210;242,212;242,214;243,216;242,218;242,221;243,222;243,225;242,227;242,228;243,231;242,233;242,234;242,237;242,239;242,241;242,242;243,244;242,247;243,249;242,251;243,253;242,254;243,257;243,259;243,261;243,263;242,265;243,266;242,269;243,271;243,273;243,274;242,276;243,279;242,281;242,283;243,285;243,287;242,288;243,290;242,293;243,294;243,297;243,299;243,301;242,303;243,304;242,306;242,309;243,311;243,312;243,314;243,317;242,318;243,321;242,322;242,324;243,327;242,328;243,331;243,333;242,334;242,336;242,338;243,341;243,343;243,344;243,346;242,348;242,351;243,352;243,355;242,356;242,358;242,360;243,362;243,365;243,366;243,368;243,371;242,373;242,375;243,377;242,379;242,381;242,382;242,384;243,386;242,389;243,391;243,393;242,394;242,397;242,398;243,401;242,403;243,404;243,406;243,409;242,411;243,413;243,414;242,416;242,419;242,421;243,423;243,424;243,426;243,429;242,431;243,432;242,435;243,437;242,438;243,441;243,442;243,444;243,447;243,448;243,451;242,452;243,454;243,456;243,459;243,460;242,462;242,465;243,467;242,469;243,471;242,473;242,475;243,476;243,478;242,481;242,483;242,485;242,487;243,489;243,490;243,492;242,495;243,496;242,499;243,501;243,502;242,505;242,507;243,509;243,511
244,0;245,2;245,5;245,7;244,9;244,10;245,12;245,15;245,16;244,18;245,20;245,22;245,24;245,27;244,28;245,30;244,32;245,35;244,36;244,38;245,41;245,43;245,45;245,47;244,49;245,51;244,52;244,55;245,56;245,58;244,60;245,63;245,65;244,66;245,68;244,70;244,73;245,74;245,76;245,78;245,80;244,82;245,84;244,87;245,89;244,91;244,93;245,94;244,96;245,99;244,100;245,102;245,105;244,107;244,109;245,111;245,113;245,115;245,117;245,118;245,121;244,123;245,125;245,127;245,129;245,131;245,132;244,134;244,136;244,139;245,141;244,143;245,145;244,146;244,149;244,151;245,153;245,155;245,157;244,159;245,161;245,162;244,164;244,167;244,168;244,170;244,173;245,174;245,176;244,178;245,180;244,182;245,184;245,186;244,188;245,190;245,193;244,195;244,196;245,198;244,201;244,202;244,204;244,206;245,208;244,210;244,213;245,215;244,217;245,218;245,220;245,223;244,224;244,227;245,229;245,230;245,233;244,234;245,237;245,238;244,240;245,243;244,245;244,247;245,249;244,250;245,252;245,255;244,257;245,258;244,260;244,262;245,264;245,267;244,269;244,271;244,272;245,274;245,276;245,278;244,280;245,283;244,284;244,287;245,289;245,291;244,292;245,295;245,297;244,299;244,301;245,302;245,304;245,307;245,309;244,311;244,312;245,314;245,316;245,319;245,321;245,323;244,325;245,327;245,328;245,330;245,332;244,334;244,336;245,338;244,341;244,343;244,344;244,347;245,348;245,351;244,353;244,355;245,357;245,359;245,361;245,363;245,364;245,367;245,369;245,370;245,373;245,374;244,376;245,378;245,381;245,383;244,385;244,386;245,388;245,390;244,392;244,395;244,396;244,398;244,400;245,403;245,405;245,407;245,408;245,410;245,412;244,414;245,416;244,419;245,420;245,423;245,425;244,426;244,429;244,430;244,432;244,434;245,437;245,439;245,440;244,443;245,444;245,447;245,449;244,450;245,452;244,454;245,457;245,458;244,461;244,463;244,465;244,466;245,468;245,471;245,473;245,474;245,476;244,478;245,481;244,483;244,484;244,486;245,488;245,491;245,492;244,494;244,497;244,499;245,500;244,502;244,504;244,507;244,509;244,510
247,0;247,3;246,5;247,6;246,8;246,10;246,12;247,15;246,16;247,18;246,21;246,22;247,24;246,27;247,28;246,30;247,33;246,35;246,36;247,39;247,40;247,43;246,45;246,47;247,48;247,50;247,52;246,54;247,57;246,58;247,61;246,62;246,65;247,67;246,68;246,71;247,72;246,74;246,77;246,79;246,80;247,82;246,85;246,86;247,89;247,91;246,93;246,94;247,97;246,98;247,101;246,102;247,105;246,106;247,108;247,110;246,112;247,115;246,117;246,118;247,120;246,122;246,124;246,127;247,129;247,130;247,132;247,135;247,137;246,138;247,140;246,142;246,144;246,146;246,149;247,151;246,153;247,154;247,156;247,159;247,160;247,162;246,165;246,166;246,168;247,171;247,172;247,174;246,176;246,178;247,181;246,183;246,185;247,187;247,189;247,191;246,193;246,195;247,197;247,199;246,201;246,203;247,205;246,207;247,209;246,211;246,212;247,215;247,217;246,219;246,220;247,222;246,224;247,226;246,228;247,231;246,233;247,234;247,237;247,239;246,241;247,243;246,245;247,246;246,248;247,251;246,252;246,254;246,256;246,259;247,261;247,263;247,264;247,266;247,269;246,270;247,272;247,274;247,276;247,279;246,281;246,283;246,284;247,286;246,288;247,291;246,293;246,294;246,297;247,298;246,301;247,303;246,305;246,306;247,308;246,310;247,312;246,315;246,317;246,318;247,320;247,322;246,324;247,327;246,328;247,331;246,333;246,335;246,337;246,338;246,341;247,343;246,344;247,347;246,348;247,351;247,352;246,355;247,357;246,359;246,361;246,363;246,365;247,367;247,368;247,371;247,372;247,374;247,377;247,378;246,380;246,382;246,384;246,387;247,388;246,390;247,393;246,395;246,396;247,398;246,400;246,403;246,404;247,407;247,409;247,410;247,412;247,414;246,417;247,418;246,420;246,422;246,424;247,426;247,429;247,431;246,433;246,434;246,437;246,439;247,441;247,442;247,445;247,446;246,449;246,451;247,452;246,454;247,457;246,458;246,461;247,462;246,464;247,467;247,469;246,470;247,472;247,474;247,476;246,478;247,481;247,482;246,484;246,487;247,488;246,490;246,492;246,494;247,496;246,499;247,501;247,503;247,505;247,506;246,508;246,511
248,0;249,2;249,5;248,6;249,8;248,10;248,13;248,15;249,16;248,18;248,20;249,22;249,24;249,26;248,28;248,30;249,33;249,34;249,37;249,38;249,40;248,42;249,45;248,46;249,48;249,50;248,52;249,54;249,57;249,59;248,61;249,63;248,65;248,67;249,68;248,71;249,73;249,75;248,76;249,79;249,80;248,83;248,84;249,86;249,89;248,90;249,93;249,94;249,97;248,98;248,101;249,103;248,105;248,106;248,108;249,110;248,113;249,114;248,116;248,119;248,121;249,122;249,125;248,126;249,128;249,131;248,132;248,134;249,136;248,138;248,141;249,142;249,145;248,147;249,148;248,150;248,152;248,154;248,157;248,159;249,160;248,162;248,164;249,167;249,168;249,171;249,172;248,174;248,177;249,179;249,181;248,182;248,184;249,187;249,189;249,191;248,193;248,195;248,196;249,198;248,201;249,203;248,204;248,206;248,208;249,210;248,212;249,215;248,217;248,219;249,220;249,223;248,224;249,226;248,229;249,231;249,232;248,234;249,236;249,239;249,240;248,242;248,245;249,247;248,248;249,251;248,252;249,254;248,257;248,259;248,260;248,262;248,265;249,266;249,268;248,271;249,272;249,275;249,277;249,278;248,281;248,283;249,284;248,286;249,288;249,290;249,292;249,294;248,297;249,299;249,301;249,303;248,304;248,307;248,308;249,310;248,313;248,315;249,317;249,318;249,320;248,322;249,324;248,326;249,329;249,330;248,332;249,335;249,336;248,339;249,341;248,342;248,344;249,347;249,348;248,350;249,353;249,355;249,357;249,359;249,361;248,362;248,365;249,366;249,368;248,370;248,373;249,374;248,376;248,379;248,381;248,382;248,385;249,386;248,388;249,391;249,392;248,395;249,396;248,399;249,400;248,402;249,404;249,406;248,408;249,411;248,413;248,414;249,416;249,419;248,421;249,423;249,425;249,426;249,428;249,430;249,432;249,435;249,437;248,438;249,441;248,442;249,445;249,447;249,449;249,450;248,453;248,454;249,457;249,458;249,461;248,463;249,464;249,467;249,469;249,471;249,472;248,475;248,476;249,478;248,481;249,483;249,485;249,486;249,488;249,491;248,492;249,494;248,497;249,499;249,500;249,503;249,505;248,506;248,509;248,510
250,0;251,3;251,5;250,7;250,9;251,10;250,12;250,15;251,16;250,19;251,21;251,23;250,25;250,26;250,28;250,30;251,33;251,34;251,36;251,38;250,40;251,42;250,45;250,47;251,48;251,50;251,52;250,54;251,57;250,58;251,61;251,63;251,64;250,67;250,68;250,71;250,73;250,74;250,76;250,78;251,80;250,83;251,84;250,87;250,89;251,90;250,92;250,95;250,96;251,98;251,100;250,102;251,104;250,106;251,109;251,111;251,112;250,115;251,117;251,118;250,121;251,122;251,125;251,126;250,129;250,130;251,133;251,134;251,137;251,138;251,140;251,142;251,145;250,146;250,149;250,151;250,152;250,154;250,157;250,158;251,161;251,163;251,165;250,167;250,169;251,170;250,173;250,175;251,177;250,179;251,181;251,182;250,185;251,187;251,189;251,190;250,193;250,194;251,197;251,198;251,201;251,202;251,205;251,206;250,209;251,211;250,212;251,214;251,217;251,219;250,221;250,223;251,225;251,226;251,228;250,231;250,233;250,234;251,237;250,239;251,241;250,242;250,244;251,247;250,249;251,251;250,253;251,254;251,257;250,258;250,260;250,263;250,264;251,267;250,269;250,271;251,273;251,275;250,276;251,278;251,280;251,282;251,284;251,287;251,289;250,291;250,293;251,295;250,296;251,299;250,301;250,302;251,305;251,306;251,309;250,311;251,312;251,314;250,316;251,319;251,320;250,322;251,325;250,326;251,328;251,331;250,333;251,335;250,337;250,339;251,341;250,343;251,344;251,347;250,349;251,351;250,352;250,355;250,357;251,358;251,361;251,363;250,365;250,366;251,369;250,370;250,373;251,374;250,376;251,378;251,380;250,383;250,385;250,387;250,388;250,391;250,392;250,395;251,396;250,398;251,401;251,403;250,404;251,407;251,408;250,411;250,413;250,415;250,416;251,418;250,421;251,423;250,424;250,427;250,429;250,430;251,433;250,434;251,436;251,439;251,440;250,443;250,444;250,447;250,448;250,450;251,453;250,455;250,457;250,458;251,460;251,463;251,465;251,466;250,468;250,471;250,472;250,475;250,476;250,479;251,480;250,483;251,484;251,486;250,488;251,491;251,492;251,495;250,497;251,498;251,500;250,503;250,505;251,506;250,509;250,511
252,1;253,2;253,5;252,6;253,8;252,10;252,13;252,14;252,17;252,18;252,21;252,23;253,24;253,27;253,29;253,30;253,32;253,35;252,36;252,38;252,40;252,42;253,45;252,47;252,49;252,51;253,52;253,55;252,57;252,59;253,61;252,62;253,65;252,66;253,68;253,70;252,72;252,75;252,77;252,79;253,81;253,83;253,84;252,87;253,89;252,91;253,93;252,95;252,96;252,98;252,101;252,102;253,105;253,107;253,109;252,111;252,113;253,115;253,117;253,119;253,121;253,123;252,125;253,126;253,129;252,131;253,133;253,135;252,136;252,139;253,141;253,142;252,144;253,146;253,148;252,150;252,152;252,155;252,157;253,158;253,160;252,163;252,165;253,166;253,169;252,171;252,172;253,175;252,177;253,178;252,180;253,183;252,184;252,187;253,188;253,191;252,192;253,194;253,197;252,198;253,200;252,202;252,205;253,207;253,208;253,210;253,213;253,214;253,217;252,218;253,221;252,223;252,224;253,227;252,228;253,231;252,232;253,235;253,236;252,238;253,241;252,243;253,245;253,246;253,249;253,250;253,252;252,255;252,257;252,259;252,261;253,262;252,264;253,267;252,268;252,271;252,273;253,275;252,276;253,278;252,281;252,282;253,284;252,286;253,289;253,290;253,292;253,295;252,296;253,298;253,301;253,302;252,304;253,307;252,309;253,311;253,312;252,314;253,316;253,319;253,320;252,322;253,324;252,327;252,329;253,330;252,333;252,335;253,337;252,339;252,341;252,342;253,345;253,347;252,348;252,350;253,352;252,354;253,356;253,359;253,361;252,363;252,364;253,367;253,368;253,370;252,372;252,375;253,377;252,378;252,380;253,383;252,385;252,387;252,388;252,391;252,393;253,394;253,396;253,399;253,400;252,403;252,404;253,407;253,409;252,411;252,412;252,414;253,417;253,418;253,421;253,422;252,424;252,427;252,428;253,431;253,432;253,434;252,436;252,439;252,440;252,443;253,445;253,446;252,449;252,450;253,453;252,455;253,456;253,458;253,460;253,462;253,464;252,466;253,468;253,471;253,472;252,474;252,476;252,478;253,480;252,482;252,484;253,487;253,488;253,490;253,493;252,495;252,497;253,498;252,500;253,502;252,505;252,506;252,509;252,510
254,1;254,2;254,5;254,6;254,9;254,10;254,12;255,15;255,16;254,18;254,20;255,22;254,24;255,26;255,29;254,30;255,33;254,34;254,36;254,39;255,41;255,42;254,44;254,46;255,48;255,50;254,53;254,54;254,57;254,58;254,61;254,62;255,65;255,66;254,68;255,71;254,72;254,74;255,77;254,79;254,80;254,82;255,85;255,86;255,89;254,90;254,93;254,94;255,97;255,98;255,101;255,102;255,105;255,106;254,109;255,111;254,112;254,114;255,117;254,119;255,120;255,123;254,125;254,126;254,128;254,130;255,133;255,134;254,136;255,138;254,141;254,143;254,145;254,146;255,149;254,151;255,153;255,155;254,157;255,158;254,160;254,163;254,164;255,167;254,169;254,170;254,173;255,175;254,176;255,178;255,180;255,182;254,185;254,187;254,188;254,190;255,192;254,195;255,197;254,199;254,200;254,203;254,204;255,207;254,208;255,210;255,213;255,215;254,216;255,218;255,220;254,223;254,224;255,226;255,228;255,230;255,233;254,235;255,236;254,238;255,241;254,242;254,245;255,246;254,249;255,250;255,252;254,255;255,257;255,259;254,260;255,262;254,265;254,267;255,269;255,270;254,273;255,274;254,276;254,278;254,281;254,282;254,284;255,286;254,288;254,290;254,293;255,295;254,297;254,298;254,301;255,303;255,304;254,307;255,308;255,311;255,313;255,315;254,316;255,319;255,320;254,323;254,324;255,327;255,329;254,331;255,333;254,335;255,336;255,339;254,340;254,343;254,345;254,346;255,348;255,350;255,352;254,354;254,357;255,358;254,361;254,363;254,364;255,367;254,369;254,370;254,372;254,375;255,377;254,378;255,380;254,382;255,385;254,387;254,389;255,391;255,392;255,394;254,397;255,399;255,400;254,402;255,405;254,407;254,408;255,411;254,412;254,414;254,417;254,418;255,420;255,422;255,425;254,427;255,428;255,430;254,433;254,434;254,437;254,439;254,440;255,442;254,444;254,447;254,448;255,450;254,453;255,454;255,456;255,459;255,460;254,463;254,464;255,466;254,469;255,471;255,473;254,474;254,476;254,478;254,480;254,482;254,485;255,487;254,489;254,491;255,492;255,495;254,497;254,498;254,500;255,502;254,505;254,506;254,508;255,511
257,1;256,3;256,5;257,7;257,8;256,10;256,12;257,14;256,16;256,19;257,21;256,23;257,25;257,26;256,29;257,30;256,33;256,35;256,37;257,39;257,41;257,43;256,44;256,47;256,49;257,50;256,53;257,54;257,57;257,58;256,60;257,62;256,65;256,66;257,69;256,71;256,72;257,75;256,77;257,79;257,81;257,83;256,85;257,87;256,88;256,90;257,93;257,95;257,96;256,98;257,101;256,102;257,105;257,106;256,108;256,110;256,112;257,115;256,117;256,119;257,121;257,122;257,125;256,126;257,128;257,130;257,133;256,135;256,136;257,138;257,141;256,142;257,144;256,147;257,148;257,150;256,153;257,155;257,157;257,159;256,161;257,163;256,165;257,166;257,168;257,171;256,172;256,175;257,177;256,179;257,180;256,183;257,185;256,186;257,188;256,190;257,192;256,195;256,196;256,198;257,200;256,202;257,204;257,207;257,208;257,210;256,212;256,214;256,216;257,218;256,221;257,223;257,225;256,227;257,229;256,231;256,233;257,235;256,237;257,238;256,241;256,243;257,245;256,247;256,249;256,250;256,252;256,255;257,257;256,258;256,261;256,263;257,265;257,267;256,268;257,270;256,272;257,274;257,277;257,279;256,281;256,283;256,285;257,287;257,289;256,291;256,292;257,295;257,296;257,299;256,301;257,303;257,304;256,306;256,309;257,311;256,312;256,314;256,316;257,318;256,320;257,323;257,325;256,326;256,328;257,331;257,333;257,334;257,337;256,339;257,341;257,342;257,344;257,347;257,348;257,350;256,352;257,355;257,357;257,359;256,361;256,363;257,364;256,366;256,369;257,371;256,373;257,375;257,377;257,378;257,381;257,382;256,384;257,387;256,388;256,391;256,392;257,395;256,396;257,399;256,401;257,402;257,404;256,406;257,409;257,411;256,413;256,414;257,417;257,418;257,420;257,422;256,425;256,427;256,428;256,431;257,432;256,434;257,437;256,439;256,441;257,442;256,445;257,446;256,448;257,451;256,452;257,454;257,457;256,458;257,461;256,462;257,464;257,466;256,469;256,471;257,473;257,474;256,477;257,478;257,481;256,482;256,485;257,486;257,488;256,490;257,492;256,495;257,497;256,498;256,500;257,502;256,505;257,506;256,508;257,510
259,1;258,3;259,4;258,6;258,8;258,10;259,13;259,14;259,16;259,19;259,20;259,23;259,24;258,26;258,28;258,31;259,33;259,34;258,37;259,39;258,40;258,42;258,45;259,47;258,48;259,50;259,53;259,55;258,57;258,58;259,60;259,63;259,65;259,66;259,68;259,71;259,72;258,74;258,76;259,78;259,80;258,82;258,85;258,87;258,89;259,90;259,92;259,95;259,97;259,98;259,101;259,102;258,104;259,107;259,108;259,110;258,112;258,115;259,117;258,118;258,121;259,123;259,125;259,126;259,129;258,130;259,133;258,134;259,137;258,138;258,140;258,142;259,145;258,147;259,149;259,151;258,153;258,154;258,157;259,159;259,160;258,163;259,164;258,167;258,168;258,170;259,173;259,175;259,177;258,178;258,181;259,182;258,184;258,186;258,189;258,190;259,192;259,195;259,196;259,199;259,201;259,202;258,204;259,207;259,208;259,210;258,212;259,215;258,216;258,218;258,221;259,223;259,224;258,227;258,228;259,231;258,232;259,234;258,237;258,239;259,240;259,243;259,245;258,246;259,248;259,250;259,253;258,254;258,257;258,258;259,261;259,263;258,264;259,266;259,268;259,270;258,272;258,274;258,277;259,279;259,281;258,283;259,284;259,286;259,289;259,290;258,292;259,295;258,296;258,298;258,300;259,302;259,304;259,307;258,308;258,310;258,312;259,315;259,317;259,319;259,320;258,322;258,325;259,327;259,328;259,330;258,333;259,334;259,337;259,339;259,340;259,342;258,345;259,347;259,348;259,350;259,352;258,354;259,356;259,358;258,361;259,362;258,365;259,367;258,369;258,370;259,373;259,375;259,376;258,378;258,381;259,382;259,385;258,386;259,389;259,391;258,392;259,395;258,397;259,399;258,401;259,402;258,404;258,406;259,408;258,410;259,413;258,414;259,417;259,418;259,421;259,422;258,425;259,427;258,428;259,431;259,432;258,434;259,436;259,439;259,440;259,442;258,445;258,446;259,449;259,451;259,452;259,455;259,457;258,459;259,460;259,462;258,464;259,466;259,469;258,470;259,473;258,474;259,477;258,478;258,480;259,482;259,485;259,486;259,488;258,491;258,492;259,494;258,497;259,498;259,500;258,503;259,505;258,507;259,508;258,510
260,1;260,2;260,5;260,6;261,9;261,10;261,13;261,14;260,16;261,19;260,21;260,22;260,24;261,27;260,28;260,31;260,32;260,35;260,37;260,39;261,41;261,43;261,44;260,47;260,48;260,50;261,53;260,55;261,57;260,59;260,60;261,62;260,65;260,66;260,68;260,71;260,72;260,75;260,77;261,78;261,81;260,82;261,85;260,86;260,89;260,90;261,93;260,94;261,96;261,99;261,101;260,102;261,105;261,107;260,109;260,110;260,112;261,115;260,117;261,119;261,121;261,122;260,124;261,127;260,129;260,131;261,132;261,134;260,137;261,138;261,140;260,142;260,145;260,146;261,148;260,150;260,153;260,154;260,156;260,158;261,161;261,163;261,164;261,167;261,168;260,170;261,172;261,175;261,176;260,179;260,180;261,183;261,185;261,186;261,189;261,190;261,193;261,194;261,196;261,199;261,200;261,202;261,204;260,206;260,209;261,210;260,212;261,214;261,217;260,219;261,220;261,222;261,225;260,226;260,228;261,230;260,233;260,234;260,236;261,238;260,241;260,243;260,245;261,246;261,248;261,251;261,253;260,255;261,256;261,258;261,260;261,263;260,265;260,266;260,269;261,271;260,272;261,275;261,276;260,278;261,280;261,283;261,284;261,287;261,288;260,291;260,292;261,295;261,297;260,299;260,301;261,302;260,305;260,307;261,309;261,310;260,312;260,314;260,317;261,319;261,320;260,322;260,325;261,327;260,329;261,331;260,332;260,334;260,337;260,339;260,341;261,342;261,345;260,347;261,348;261,350;261,352;261,354;261,357;261,358;260,361;260,362;261,365;260,366;260,368;260,371;261,373;260,375;261,377;260,379;260,381;261,382;260,385;260,387;261,388;261,390;260,392;260,395;260,396;260,399;260,401;260,403;260,405;260,406;261,409;260,411;260,413;260,414;261,417;261,418;261,421;261,422;260,425;260,427;260,429;261,430;261,432;261,434;260,436;260,439;261,441;261,443;260,445;261,447;260,449;260,451;261,452;261,454;260,457;261,459;261,461;261,462;260,464;261,466;261,468;261,471;260,472;261,475;260,476;261,479;261,480;260,483;261,485;261,487;261,489;260,491;261,492;260,495;260,497;261,498;261,501;260,502;260,505;260,506;260,508;261,511
263,0;262,2;262,4;262,7;263,8;262,11;262,12;262,15;263,17;262,19;262,21;263,23;262,25;262,27;262,29;263,30;262,32;262,34;263,37;262,38;263,41;263,42;262,45;263,47;262,48;262,50;262,52;262,54;262,56;263,59;262,61;262,63;262,65;263,67;263,68;262,70;263,73;262,75;263,76;263,78;263,80;262,82;262,84;262,86;263,89;263,90;263,92;263,95;262,97;262,98;263,100;263,102;262,105;263,106;262,108;262,111;262,112;262,115;262,117;262,119;263,121;262,122;262,124;263,126;263,128;263,131;262,132;262,135;262,136;263,139;262,140;262,143;262,145;262,147;263,149;262,151;263,152;262,154;263,157;263,159;262,160;262,163;262,164;262,166;263,169;262,171;263,172;262,174;263,176;262,179;262,180;262,182;262,185;262,187;262,189;262,191;263,192;263,195;263,196;262,198;262,200;263,202;263,204;263,207;262,209;262,210;262,212;263,214;263,216;263,219;262,220;263,223;263,225;262,227;262,229;262,230;262,232;263,234;263,237;262,238;263,241;263,242;262,244;263,247;262,249;263,250;262,253;262,255;262,256;263,259;262,261;263,262;263,264;262,267;263,268;262,270;263,272;263,275;262,276;263,279;262,281;263,283;263,284;263,286;263,289;262,290;262,293;262,295;262,297;263,299;262,300;263,303;262,305;263,306;263,309;263,311;262,313;263,314;263,316;263,319;263,321;262,322;263,324;263,327;263,329;263,331;263,332;262,334;263,337;262,338;262,340;262,343;263,344;263,347;262,349;263,350;263,353;263,355;262,357;263,359;263,361;262,362;263,364;263,367;262,368;263,370;263,372;263,375;263,376;263,379;263,380;262,383;262,384;262,386;263,389;263,391;263,392;263,394;263,396;263,398;263,401;262,402;263,404;262,407;263,409;263,410;263,413;262,415;263,417;263,419;262,420;262,423;262,425;262,427;263,428;263,431;262,432;263,434;263,437;263,439;263,440;263,442;262,444;262,447;262,449;262,450;262,452;262,455;263,456;263,458;263,461;263,462;263,465;262,466;262,468;263,471;263,472;263,475;263,477;263,478;262,481;262,482;263,485;262,486;263,489;262,491;263,493;263,495;263,496;263,499;262,501;262,503;262,505;262,506;262,509;262,510
265,0;265,3;264,4;264,6;265,8;264,10;265,12;264,14;264,16;265,19;264,21;265,23;264,24;265,27;264,29;264,30;265,33;265,35;264,37;264,38;264,41;264,42;265,44;264,47;264,48;265,51;264,53;265,54;265,56;265,59;265,61;264,63;264,64;265,67;264,69;265,70;265,72;265,74;265,76;265,78;264,81;265,83;264,84;264,86;264,89;265,91;265,92;264,94;265,97;264,98;265,101;264,102;265,105;265,106;265,108;264,110;264,112;264,114;264,116;264,119;265,121;265,122;264,125;264,127;265,129;265,130;265,133;265,134;265,136;265,139;264,140;264,143;264,145;264,147;265,149;265,150;265,153;264,154;264,156;265,158;265,161;265,162;264,165;265,166;265,168;264,170;265,173;264,174;265,177;264,179;264,180;264,182;265,184;264,186;265,188;265,190;264,192;265,195;264,196;264,199;265,200;264,203;264,204;264,206;264,208;264,211;265,213;264,214;265,217;265,219;265,220;265,222;264,225;264,226;264,229;264,230;264,233;265,235;265,237;265,239;265,240;265,243;264,244;264,246;265,248;264,250;264,253;265,255;265,256;265,259;265,261;265,262;265,265;265,266;265,268;264,270;265,273;264,274;264,276;265,279;265,281;265,282;264,284;265,287;265,288;264,290;264,292;264,294;264,297;264,299;264,300;265,303;265,305;264,307;264,308;265,311;265,313;265,314;265,317;264,319;264,321;264,323;265,325;265,327;265,328;265,330;265,333;264,334;264,337;264,339;264,340;264,343;265,344;264,347;264,349;264,351;264,352;264,354;265,357;264,358;265,361;265,363;265,364;265,366;264,369;264,370;264,373;264,375;264,377;264,379;265,381;264,383;265,385;265,386;264,389;264,390;265,392;265,394;264,396;265,399;264,401;265,402;264,404;265,406;264,408;265,410;264,413;264,415;265,416;264,418;264,421;265,423;265,425;265,427;264,428;264,430;265,432;265,435;264,436;265,439;264,440;265,443;264,445;265,446;264,448;265,450;264,453;264,455;264,457;265,459;265,460;264,462;264,464;264,467;265,469;264,470;265,473;265,474;264,477;264,478;265,481;264,482;265,485;264,487;265,488;264,490;265,493;264,494;264,496;265,498;264,501;264,502;264,504;265,506;265,509;265,511
266,1;267,3;267,4;266,7;266,9;267,10;266,12;267,15;267,17;266,19;266,20;267,22;266,25;266,26;266,29;266,30;267,32;267,34;267,36;266,38;266,41;266,42;266,44;267,46;267,48;267,50;267,53;266,55;266,56;266,59;266,60;266,62;267,65;266,66;266,68;267,71;267,72;266,74;267,77;267,79;266,80;266,83;266,84;267,86;267,89;267,90;267,93;266,94;266,97;266,98;266,100;266,103;267,105;267,106;266,108;267,111;266,113;266,114;266,116;266,119;266,120;266,122;266,125;267,126;267,129;267,130;266,133;266,134;267,137;267,138;267,140;267,143;267,144;266,147;267,148;266,150;267,152;267,155;266,157;267,158;267,161;266,163;267,165;267,166;267,168;267,170;267,173;267,174;266,176;266,178;266,180;267,182;266,184;266,186;266,188;266,190;267,192;267,195;266,196;266,198;266,200;267,203;267,205;267,206;266,208;267,211;267,213;267,214;267,216;267,218;267,220;267,223;267,224;267,226;266,228;267,231;266,233;267,234;266,237;266,238;266,240;267,243;266,244;266,247;267,249;267,251;267,252;266,254;267,257;266,259;266,260;266,262;267,265;266,267;266,269;266,270;266,272;266,275;266,276;267,278;266,281;266,283;267,284;267,286;266,289;267,290;267,292;266,295;267,297;267,298;266,300;266,303;267,304;266,307;266,308;266,311;267,312;266,315;266,317;267,318;266,321;266,322;267,324;266,326;267,329;267,331;267,333;266,334;267,337;266,339;266,340;267,342;267,344;266,346;266,349;267,350;266,353;267,355;267,357;266,359;266,361;266,363;267,364;266,366;266,369;266,370;267,373;266,375;266,377;267,379;266,381;266,383;267,385;267,387;267,389;267,391;266,393;266,394;267,396;267,398;267,401;266,403;266,404;266,406;266,409;267,411;266,412;266,414;267,416;267,419;267,421;266,422;266,424;266,427;267,428;266,430;267,433;266,435;267,437;267,439;266,440;267,443;266,444;267,446;267,449;267,451;267,453;266,455;266,457;267,458;267,460;267,462;266,465;266,466;266,468;266,470;266,472;266,475;266,477;266,478;267,481;266,482;266,485;267,487;266,488;267,490;266,493;266,495;267,497;267,499;266,501;267,503;266,505;266,506;267,508;266,510
268,0;269,2;269,4;269,6;269,8;269,11;269,13;268,14;268,17;268,18;268,20;268,22;268,25;268,27;269,29;268,31;268,32;268,35;268,36;268,39;269,41;268,42;268,45;268,46;269,48;268,50;269,53;268,55;268,56;269,58;269,60;269,62;268,65;268,66;268,68;268,70;269,72;268,74;268,77;268,79;268,80;269,82;268,85;269,87;269,89;269,90;269,93;268,94;269,97;268,98;268,100;269,103;268,105;269,107;269,109;268,111;268,113;268,115;269,116;268,118;268,121;268,123;268,125;269,126;268,128;268,130;268,132;268,134;268,137;268,138;269,140;269,142;269,145;268,147;269,148;269,150;269,153;268,155;269,157;269,159;269,161;269,162;269,164;268,167;269,169;268,171;268,173;269,175;268,176;268,179;269,180;268,183;268,185;269,186;269,188;268,190;269,193;269,195;268,197;269,198;269,201;268,203;269,205;268,206;268,209;268,210;268,212;269,214;269,217;269,219;269,221;269,222;269,224;269,226;269,228;269,230;268,232;268,234;269,237;269,239;269,241;268,242;269,244;269,246;269,249;268,251;269,253;269,255;269,256;269,258;268,260;268,263;268,264;269,267;269,268;268,271;269,273;269,274;268,276;268,278;269,281;269,282;269,285;269,287;269,289;269,291;268,292;268,294;268,297;268,299;268,300;268,302;269,304;268,307;269,308;268,310;268,312;268,314;268,316;268,318;269,321;268,323;269,325;269,326;268,329;268,330;269,333;268,334;269,336;269,339;269,340;268,342;268,344;268,346;269,349;269,351;268,353;268,355;268,356;268,359;269,361;269,362;269,365;268,366;269,368;269,371;268,372;269,374;269,376;269,379;269,380;268,383;269,385;268,386;268,388;269,390;269,393;269,395;269,396;269,399;269,400;268,402;269,404;269,406;269,409;268,410;269,413;268,415;269,416;269,418;268,420;269,422;268,425;269,427;268,428;269,430;269,433;269,435;269,436;269,439;268,441;268,443;268,445;269,447;268,449;268,450;269,452;268,455;269,457;268,459;269,460;268,463;269,465;268,466;268,469;269,470;268,473;268,474;268,476;269,478;268,480;268,483;268,484;269,486;269,489;269,491;268,492;268,494;268,496;269,498;268,501;269,502;269,505;269,506;269,508;268,511
271,0;270,3;270,5;271,7;271,8;271,10;270,13;271,15;270,17;271,18;270,20;270,22;271,24;270,26;270,28;271,30;270,32;271,34;271,37;270,38;270,40;270,43;270,44;270,46;271,49;270,50;270,52;271,55;270,56;271,59;270,61;271,62;270,64;271,66;270,68;271,70;271,72;270,74;270,76;271,78;270,80;270,82;270,85;271,86;271,88;270,91;270,93;270,94;270,97;270,98;270,101;271,103;270,104;270,107;271,108;270,111;271,112;270,114;270,117;271,118;270,120;271,123;271,124;270,126;271,128;271,131;270,132;270,135;271,136;271,139;271,140;270,143;271,144;271,146;271,148;271,150;271,152;271,155;270,157;270,159;270,161;270,162;271,165;271,166;271,169;271,171;271,173;271,174;271,176;270,179;270,181;271,183;270,185;271,187;270,188;270,190;270,192;270,195;271,197;270,199;271,200;270,202;270,204;270,207;270,208;270,211;271,213;270,214;271,217;271,218;271,221;271,223;270,225;270,227;270,228;270,231;270,232;271,235;270,237;271,239;270,240;270,242;270,245;271,247;271,249;270,250;271,253;271,255;271,257;271,259;270,261;271,262;271,264;271,267;271,269;271,271;270,272;270,274;270,276;270,278;270,281;270,283;270,284;271,286;270,289;271,290;271,293;271,294;271,297;271,298;271,301;270,303;271,304;270,306;270,308;271,311;271,312;271,314;271,317;271,318;270,320;270,323;270,324;271,326;270,328;270,330;271,333;271,334;271,336;270,339;270,341;271,343;270,345;271,346;270,349;270,350;270,352;270,355;270,357;271,359;270,361;270,363;271,364;271,366;271,368;271,370;270,373;270,375;271,376;271,379;271,380;271,382;270,385;270,386;271,389;270,391;270,393;270,394;271,397;270,398;270,401;270,402;270,404;270,406;270,408;270,410;271,413;270,414;270,416;270,419;271,421;271,423;271,424;270,426;271,428;270,430;270,432;271,434;271,437;271,439;271,440;271,442;270,444;270,446;270,449;271,451;271,453;271,455;271,456;270,458;270,460;270,462;270,465;271,467;271,469;271,471;271,472;271,474;271,477;270,478;271,481;271,482;270,485;271,486;270,488;271,490;271,493;271,495;271,496;271,498;271,500;270,502;270,505;270,506;270,509;270,511
273,1;272,3;272,4;272,7;273,9;272,10;272,12;272,15;272,16;272,19;272,21;273,23;272,24;272,27;273,28;273,31;272,33;273,34;273,37;273,38;272,41;272,43;272,45;272,47;273,49;272,50;273,52;273,55;272,57;273,58;272,60;272,63;272,65;272,66;273,68;272,70;272,72;272,74;273,77;273,79;273,81;272,83;272,85;272,87;273,88;272,91;272,92;272,94;273,96;273,98;272,101;273,103;272,105;272,107;273,109;272,111;272,112;272,114;273,117;272,119;273,120;272,123;272,124;272,126;272,128;273,130;272,133;273,134;272,136;272,138;273,140;272,142;272,144;272,147;273,148;272,151;273,152;273,155;272,157;272,158;272,161;273,163;273,164;272,166;272,169;272,171;272,172;272,174;272,176;272,179;273,180;273,183;273,185;272,187;272,189;272,191;273,192;272,195;272,196;272,198;273,201;273,203;272,204;272,206;273,209;273,210;273,212;273,215;273,216;272,219;272,221;272,222;273,224;272,226;272,228;272,231;273,232;273,234;272,236;273,238;273,240;272,242;273,245;272,247;273,249;273,251;272,252;273,255;272,257;273,258;272,261;272,263;272,265;273,266;272,269;272,271;272,272;272,274;272,276;272,279;272,281;272,283;273,284;273,287;273,289;272,290;273,293;273,294;273,297;272,299;273,301;272,303;273,305;273,307;273,309;273,310;272,313;273,314;273,316;273,319;273,320;273,323;273,324;272,327;272,329;272,331;272,332;273,334;272,336;272,338;273,341;272,343;273,344;272,347;273,348;272,351;273,353;273,354;273,357;272,359;272,360;272,363;272,365;272,366;272,369;272,370;273,373;273,375;272,377;272,379;272,381;273,383;272,385;272,387;272,388;272,390;273,392;272,395;273,397;273,398;273,401;273,403;272,405;272,406;272,408;272,411;273,413;272,415;273,417;273,419;273,421;272,422;272,425;273,426;272,429;273,431;273,433;272,435;273,437;272,438;272,441;272,442;272,444;273,446;272,448;272,451;272,453;273,454;273,457;273,459;272,460;272,462;272,464;273,467;273,468;273,470;273,473;272,475;273,477;272,478;272,481;273,482;272,485;272,486;273,488;273,490;273,493;272,494;273,497;272,499;273,501;273,502;273,505;273,506;273,508;273,511
274,1;275,2;274,5;275,7;275,8;275,10;274,13;275,15;274,17;274,19;274,21;274,22;275,24;274,26;275,29;275,30;274,32;275,34;275,37;275,39;274,41;275,42;275,45;275,46;275,49;275,50;274,53;274,54;275,56;275,59;274,60;274,62;274,65;275,66;275,69;275,71;274,72;275,75;275,76;274,79;274,80;275,82;274,85;275,87;274,88;275,90;275,92;275,95;274,97;275,99;275,101;275,102;275,104;275,106;274,109;275,110;274,112;275,115;275,116;275,119;275,120;275,123;275,125;274,127;274,129;274,131;275,133;275,135;275,137;275,139;274,140;275,142;275,144;274,147;275,148;275,151;274,152;275,154;274,156;274,159;274,160;274,162;275,165;275,166;274,168;275,170;275,173;274,175;274,177;274,178;274,181;275,182;275,184;275,186;274,189;274,191;274,192;275,194;274,196;274,198;274,200;274,202;274,204;274,207;275,209;275,211;274,213;274,215;275,217;275,219;275,220;274,222;275,225;275,227;275,228;275,231;275,232;274,234;275,236;274,239;274,240;275,243;274,244;275,246;275,249;275,250;274,253;275,254;274,257;275,259;274,261;274,263;274,264;274,266;274,269;274,270;275,272;275,274;274,276;275,278;274,280;274,282;275,284;274,286;275,288;275,291;274,293;274,294;274,297;275,298;275,300;275,302;274,305;275,306;275,308;274,310;274,313;274,315;275,316;275,318;274,320;275,322;274,324;274,326;274,329;274,331;275,332;274,334;275,336;274,338;274,341;275,343;275,345;275,347;275,348;275,350;274,353;274,354;274,357;274,358;274,361;275,363;275,364;274,367;274,368;274,371;274,372;274,375;275,377;275,378;275,381;274,382;274,384;275,386;274,389;274,391;275,393;275,394;274,396;275,399;274,400;274,402;275,405;275,406;275,408;275,411;275,412;275,415;275,416;275,418;274,421;274,423;275,424;274,426;274,428;274,430;274,432;274,434;274,437;275,438;275,441;275,443;275,445;275,447;275,449;275,451;275,453;274,454;274,456;275,459;274,460;274,463;274,464;275,467;275,469;274,470;274,472;274,474;275,476;275,478;274,481;275,482;274,485;274,486;275,489;275,491;274,492;274,495;275,497;275,499;275,501;275,503;274,505;274,506;274,508;275,511
276,0;277,2;276,4;277,6;277,9;277,10;276,13;276,14;277,16;277,19;277,20;276,22;277,25;277,26;277,28;277,30;276,33;276,34;276,36;277,38;277,40;276,43;277,44;276,47;276,49;276,50;277,52;276,55;277,57;277,58;276,60;277,63;277,65;276,66;276,68;276,70;277,72;276,74;276,77;276,79;276,81;277,82;276,85;277,86;276,89;276,91;277,92;277,94;277,96;277,98;277,100;276,103;277,105;276,106;277,108;276,110;276,113;276,115;277,117;277,118;276,121;277,123;277,124;277,126;277,128;277,130;277,133;277,135;276,137;277,138;277,141;277,142;277,145;276,147;277,148;276,151;277,152;277,154;277,157;276,158;277,160;276,162;276,164;276,166;276,168;276,170;276,173;276,174;276,177;276,178;276,180;276,182;277,184;276,187;277,188;277,191;277,193;276,194;277,197;277,198;277,201;276,202;277,204;276,206;276,209;276,211;276,213;277,215;276,217;277,219;276,221;277,222;277,225;276,226;277,229;276,230;276,233;276,234;277,236;276,238;277,241;277,242;276,244;277,246;277,248;276,250;276,252;277,255;276,256;277,259;276,260;277,262;276,264;276,267;277,269;276,270;277,272;276,274;276,277;276,278;276,281;277,283;277,285;276,286;276,288;277,290;276,292;276,294;276,297;277,299;277,300;277,302;276,304;277,306;276,308;276,310;276,312;277,314;276,316;277,318;277,320;276,322;276,324;276,327;277,329;277,330;276,332;277,334;277,337;276,338;276,340;277,343;276,344;277,346;276,349;277,350;277,353;276,355;276,356;276,359;276,361;277,362;276,364;276,367;276,368;276,370;276,372;277,374;276,376;276,379;277,380;277,383;276,385;276,387;277,388;276,390;276,393;276,394;277,396;277,398;276,400;276,402;276,405;276,406;277,409;276,410;276,413;277,414;277,417;277,419;276,421;276,423;276,424;277,427;276,429;276,430;277,433;277,435;277,437;276,439;277,440;276,443;276,444;276,446;277,449;277,450;277,452;277,455;277,456;277,458;276,460;276,463;276,464;277,467;276,469;277,470;276,473;277,475;276,477;276,478;277,480;276,482;276,485;277,487;277,488;277,490;276,492;277,494;276,496;277,499;277,501;277,503;276,505;276,507;277,509;277,510
279,1;279,3;279,5;278,6;279,8;278,11;278,12;278,14;279,16;278,18;279,20;278,23;279,24;278,26;279,28;279,30;279,32;279,34;278,36;279,38;279,40;279,42;278,45;278,47;278,49;279,51;279,53;279,55;279,56;278,59;279,61;279,63;278,65;278,66;279,69;278,71;279,73;279,75;279,77;279,78;279,80;278,82;278,85;278,86;279,88;279,91;278,92;278,95;278,97;278,98;279,101;279,102;278,104;278,106;278,109;278,110;278,113;278,115;278,117;278,118;278,120;279,123;278,124;278,127;279,129;278,131;278,133;278,134;278,136;279,139;279,140;279,143;278,144;278,146;278,149;279,150;279,152;278,155;279,156;278,159;278,160;278,163;279,165;279,166;279,169;279,170;278,173;279,175;279,176;279,178;279,180;278,183;279,185;279,187;278,189;279,191;278,193;279,195;278,196;279,198;278,201;278,202;278,204;278,207;278,208;278,211;278,213;278,214;278,216;278,218;279,220;279,223;279,225;278,226;278,229;278,230;278,233;278,234;278,236;278,239;279,240;278,242;279,244;279,247;278,248;279,251;279,253;279,254;279,257;278,258;278,261;279,262;279,264;278,266;279,268;279,270;278,273;278,275;279,277;279,279;279,281;278,282;278,285;278,286;279,288;279,291;279,293;278,294;279,296;278,299;278,300;279,303;278,305;279,307;279,309;279,311;279,313;279,315;279,317;279,319;279,320;278,322;279,325;279,326;278,328;279,331;279,332;278,334;279,337;278,339;278,341;278,343;279,345;278,347;278,348;278,351;278,352;279,354;278,357;278,358;278,361;278,362;278,364;278,366;279,369;279,371;278,373;279,375;279,376;279,378;279,381;279,382;279,384;279,386;279,389;278,391;278,392;279,395;278,397;278,399;279,400;279,403;278,405;279,407;279,409;279,411;278,412;278,414;278,416;278,419;278,420;278,422;278,424;278,426;279,429;279,430;279,432;279,435;279,436;279,439;279,440;279,443;278,444;279,446;279,449;278,451;279,452;279,454;278,456;278,458;278,461;279,463;278,465;279,466;278,469;279,471;278,473;279,474;278,476;278,479;279,481;278,482;278,484;278,487;278,488;278,490;279,492;278,494;278,496;279,498;278,501;278,502;278,505;278,506;278,508;279,510
280,1;281,3;281,5;281,6;280,9;280,10;280,12;280,14;281,17;280,18;281,20;280,23;280,25;281,26;280,28;280,30;280,33;281,34;280,37;280,39;280,40;281,43;281,44;280,46;280,48;281,50;280,52;280,54;280,57;280,59;280,61;280,62;281,65;281,66;281,69;280,70;281,73;280,75;281,77;280,78;280,80;280,83;280,84;280,86;281,89;280,91;280,92;280,95;281,97;281,98;280,101;281,103;281,105;280,107;280,108;281,110;281,113;281,114;281,116;281,119;280,120;281,122;281,124;281,126;280,128;281,130;280,132;281,134;281,137;280,139;281,140;281,142;281,144;280,146;281,149;281,150;280,152;281,155;281,156;280,158;280,161;281,163;281,165;280,166;281,168;280,170;280,173;280,174;281,176;281,178;280,180;280,183;281,184;281,187;280,188;281,191;281,192;280,195;281,197;281,199;281,200;281,202;280,204;281,206;280,208;280,211;281,213;280,215;281,217;281,219;280,221;281,223;280,224;280,226;281,229;281,230;280,232;280,234;281,237;281,239;281,240;280,243;280,245;280,247;280,249;280,251;281,252;280,254;281,257;280,258;281,260;281,263;280,264;280,267;281,269;281,270;280,272;280,275;280,277;281,279;280,280;280,282;280,284;281,287;280,289;280,290;281,293;281,295;281,297;281,299;280,301;280,303;281,304;281,307;281,308;281,310;281,312;280,314;280,317;281,318;281,320;281,322;280,325;280,327;280,328;280,331;280,332;280,334;280,337;281,339;281,341;280,342;281,344;281,346;281,349;280,351;280,353;280,354;280,356;280,358;281,360;280,363;280,365;281,367;281,368;281,371;280,373;280,375;281,377;281,379;280,380;281,383;281,384;280,386;280,389;280,391;280,392;280,394;281,397;281,399;281,400;280,402;281,404;280,406;280,409;281,410;280,413;280,414;280,417;281,418;281,420;281,422;281,425;281,426;280,428;281,430;281,433;281,434;280,436;281,438;280,440;280,443;280,444;281,446;280,449;280,450;280,453;281,455;280,457;281,459;280,461;281,463;281,465;281,467;280,468;281,470;281,473;281,474;281,476;280,479;281,480;280,482;280,485;280,486;280,489;280,490;281,492;280,495;280,497;280,499;280,500;281,503;280,504;281,506;281,508;281,511
283,0;283,2;283,5;282,7;283,9;283,10;282,12;283,14;282,16;283,19;283,20;283,22;282,25;282,27;283,29;282,31;283,33;283,34;283,36;282,38;282,40;283,42;283,45;283,46;282,49;283,50;283,53;282,55;283,56;283,59;283,60;282,63;282,64;283,66;283,69;283,70;283,72;282,75;282,76;283,79;282,80;282,83;283,84;283,86;282,88;283,90;282,93;282,94;282,97;282,98;283,100;283,102;282,105;282,106;283,109;283,110;283,113;283,114;282,117;283,119;283,121;282,122;282,125;283,127;283,129;283,131;283,132;283,134;282,137;283,139;282,141;283,142;283,145;282,147;283,148;282,151;283,152;283,155;282,157;282,158;282,160;283,163;282,165;283,167;283,169;282,171;282,173;283,175;283,176;282,178;282,181;283,182;282,184;283,187;282,189;282,190;282,193;283,194;283,197;283,198;282,201;282,202;282,204;282,206;282,209;282,210;282,213;282,215;283,216;283,219;283,220;283,222;282,225;283,227;283,229;283,231;283,232;283,235;283,236;282,238;282,240;282,243;282,245;283,246;283,249;283,250;283,252;282,255;282,256;283,258;283,261;283,262;283,265;282,267;283,269;282,271;282,272;282,275;282,277;283,279;283,280;282,282;283,285;282,287;283,289;282,291;283,292;283,295;283,297;282,299;283,301;282,303;282,304;283,306;282,308;282,311;282,313;283,314;282,317;282,318;283,321;283,323;283,325;282,326;282,328;282,330;282,332;283,335;283,337;283,339;282,340;283,342;283,344;282,346;282,349;282,351;283,352;283,355;282,357;283,358;283,361;282,362;283,364;282,366;282,368;283,371;282,372;282,375;283,376;283,378;283,380;283,383;283,384;283,386;283,388;283,391;283,392;283,395;283,396;283,398;283,400;282,403;282,404;282,407;282,408;283,411;282,412;282,415;282,416;282,419;282,420;282,423;283,425;283,426;283,429;282,430;282,432;282,435;282,437;282,439;282,440;283,443;282,445;282,447;282,449;282,450;282,453;282,455;282,457;282,458;283,461;283,463;282,464;283,466;282,468;282,471;283,472;282,475;282,476;283,479;283,481;283,482;282,484;283,486;283,488;283,491;282,492;282,495;283,497;282,499;282,501;282,502;283,504;283,507;283,508;282,510
284,1;285,3;284,4;285,7;284,9;284,11;285,13;285,14;284,17;284,19;285,21;285,23;285,24;284,26;284,28;284,31;284,32;284,35;284,36;284,39;284,40;285,43;284,44;285,46;284,48;285,50;284,52;285,55;284,57;284,58;284,61;285,63;285,65;284,66;285,68;284,70;285,73;285,74;284,76;285,79;284,80;285,83;284,84;284,87;284,88;284,90;284,92;285,95;285,96;284,98;284,100;285,103;285,104;285,106;285,109;284,111;285,112;284,114;284,117;284,118;284,120;285,123;285,125;285,126;285,129;285,131;285,133;285,135;285,137;285,138;284,140;285,143;284,145;284,146;285,149;285,151;284,153;284,155;285,156;284,159;285,161;284,162;284,164;284,166;284,169;284,171;285,173;284,175;284,176;285,178;285,181;284,182;284,185;284,187;284,189;284,190;284,193;284,195;284,196;284,198;284,200;285,203;285,205;284,206;285,208;285,211;285,213;285,215;284,217;285,219;284,221;284,222;284,224;284,227;284,229;285,230;284,232;284,235;284,236;285,238;284,240;284,243;284,245;284,246;284,249;285,251;285,253;284,254;285,256;285,258;285,261;285,262;285,265;285,266;284,268;284,270;285,272;285,274;284,277;284,278;284,281;284,282;285,285;285,287;285,288;284,291;284,292;284,294;284,296;284,298;284,301;284,303;285,305;285,306;284,309;285,311;284,312;285,315;284,316;284,318;285,320;284,322;284,324;285,327;284,329;285,330;284,333;285,335;284,337;284,339;285,341;285,343;284,344;284,347;285,349;284,351;285,352;285,355;284,356;284,359;284,361;284,362;285,365;284,366;284,368;285,371;285,373;285,375;285,376;284,379;285,380;285,383;284,384;285,386;284,389;284,391;284,393;284,395;285,396;285,398;285,401;284,402;284,404;284,406;285,409;284,411;284,412;284,414;284,416;284,419;284,421;285,423;284,425;285,426;285,429;285,431;284,432;285,435;285,436;284,438;284,441;284,442;284,445;284,447;284,449;284,450;284,452;285,454;285,456;285,459;285,461;285,463;285,464;284,467;285,468;284,471;285,473;284,475;285,477;285,478;284,481;284,483;284,484;284,487;284,489;285,490;284,492;284,495;284,497;284,498;284,500;285,502;284,505;285,507;285,508;285,511
286,1;286,3;286,5;286,6;286,8;286,10;287,13;286,14;287,16;287,19;286,21;286,22;286,24;286,26;286,28;286,31;286,33;287,35;287,37;286,39;287,40;287,42;287,44;287,47;287,48;286,50;286,52;287,54;286,56;286,59;286,61;286,62;287,65;286,66;287,68;287,70;287,73;287,74;287,76;286,79;286,80;286,82;286,85;287,87;287,88;287,91;286,92;287,95;287,97;286,98;287,100;287,102;287,105;287,106;286,108;287,110;286,112;287,115;287,117;286,119;286,121;286,122;287,125;286,127;286,128;286,130;286,133;286,134;286,136;287,139;286,140;286,143;287,145;286,147;287,148;287,151;287,153;286,154;287,156;287,159;286,160;286,163;287,164;286,167;286,168;286,171;286,172;286,175;286,177;287,179;286,181;287,183;287,185;287,186;286,188;287,190;287,192;287,194;286,197;286,198;286,201;287,202;286,204;286,207;286,209;287,211;287,212;286,215;287,217;287,219;287,220;286,223;286,224;287,226;287,228;286,231;286,232;287,234;286,236;287,238;286,240;287,243;287,245;287,246;286,249;287,250;287,252;287,254;287,256;286,258;287,260;287,262;287,265;287,267;286,269;287,271;287,273;287,274;287,276;286,279;287,281;287,282;287,285;287,287;286,289;287,291;286,293;286,295;286,296;286,298;287,300;286,303;286,304;286,306;286,308;287,310;287,313;286,314;286,317;287,318;286,321;286,322;286,324;286,326;286,328;286,331;287,332;286,334;286,337;286,339;286,341;286,342;286,345;287,346;286,348;287,350;286,353;287,354;286,356;286,359;286,361;286,363;287,365;286,366;286,368;286,371;286,372;286,374;287,376;287,379;286,380;286,383;287,385;286,387;287,389;286,391;287,393;287,394;287,397;287,399;287,401;287,402;287,405;287,406;286,409;286,411;287,412;287,414;287,416;286,418;287,421;287,422;287,424;286,426;287,429;286,431;287,433;287,434;286,437;287,439;286,440;287,443;286,445;287,447;286,448;287,451;286,452;287,454;287,456;287,458;287,461;286,462;287,464;287,467;286,469;287,471;286,473;286,475;287,476;287,479;287,480;287,482;286,485;287,487;287,489;287,490;287,492;287,494;287,497;287,498;286,501;287,503;286,505;286,507;286,508;286,511
288,0;289,2;288,4;289,6;288,9;289,10;289,13;289,14;289,17;288,19;288,21;289,22;289,24;288,26;288,29;288,30;288,32;288,35;289,37;289,39;289,40;288,43;289,44;289,46;288,48;289,51;288,52;288,54;289,56;289,59;289,60;289,63;288,65;288,66;288,69;289,70;288,73;288,75;289,77;289,78;288,80;288,83;289,84;289,86;288,88;289,91;289,93;289,94;289,96;289,98;289,100;288,102;289,104;288,106;288,109;289,110;288,112;289,114;289,116;289,118;288,120;289,122;289,125;288,127;289,129;289,131;288,133;288,135;288,137;289,138;288,140;288,143;289,144;288,146;289,149;289,151;288,153;288,155;289,156;288,159;288,160;289,163;289,165;288,167;289,168;288,170;289,172;289,174;289,177;289,178;289,180;288,183;288,185;289,186;288,189;288,191;288,192;289,195;289,197;289,198;288,200;289,202;288,205;288,206;289,208;289,210;289,213;289,215;288,216;289,218;288,220;289,223;289,225;288,227;289,228;289,230;288,232;289,235;289,237;288,239;289,240;289,242;288,244;288,247;289,248;289,251;289,252;288,255;289,256;289,259;289,260;289,263;288,265;288,267;288,268;288,270;288,273;289,275;288,277;288,278;288,280;288,282;288,284;289,286;288,288;288,291;288,292;288,295;288,297;289,299;288,301;288,303;289,304;289,307;288,309;288,311;288,312;288,315;288,317;288,319;288,320;288,323;288,324;288,327;288,329;289,330;289,332;288,334;288,337;288,338;289,341;288,343;289,345;289,346;288,348;288,350;288,353;288,354;288,357;288,358;289,360;289,363;288,364;288,366;289,368;289,371;289,373;288,374;289,376;288,378;288,380;289,383;288,385;289,387;289,389;289,390;288,392;288,394;289,396;288,399;289,400;289,402;288,405;288,407;289,408;288,411;288,412;289,414;289,417;288,419;289,421;289,423;288,424;289,427;288,429;289,430;289,432;288,434;289,437;289,439;288,440;288,442;288,445;289,447;289,448;289,450;289,453;289,455;289,457;289,459;289,460;288,462;289,465;288,467;288,468;289,471;288,473;288,475;289,476;289,478;288,480;289,483;289,484;288,486;288,488;288,490;288,492;288,495;288,497;288,498;289,501;288,503;288,505;289,506;289,509;289,511
290,0;291,2;291,5;291,7;290,8;291,11;291,13;290,14;291,17;290,19;290,21;290,23;291,24;290,26;290,29;291,31;291,33;291,34;290,37;291,38;291,41;290,42;290,45;290,46;290,49;290,50;291,52;291,55;291,57;290,58;290,60;290,63;291,64;291,66;291,69;290,71;291,73;291,74;291,77;290,78;290,81;290,82;291,85;290,86;290,89;291,91;291,92;291,94;291,96;290,99;291,101;290,102;291,105;291,106;291,109;290,110;291,113;291,115;291,117;291,119;291,121;291,122;290,124;291,126;290,129;291,130;290,132;290,134;291,136;291,139;291,141;291,142;290,144;291,146;291,148;290,150;291,152;291,155;291,156;291,158;290,161;290,162;290,164;291,167;290,168;290,171;291,173;290,174;290,176;290,178;291,181;290,182;291,185;290,186;291,189;291,190;291,193;290,194;290,196;291,199;291,201;291,202;291,204;291,207;290,209;291,211;290,213;291,215;291,217;290,218;290,220;291,222;291,224;291,227;290,229;291,230;291,233;291,235;291,236;290,239;290,241;290,243;291,245;290,247;290,248;290,250;291,252;291,254;291,256;290,258;290,260;290,262;290,264;291,266;291,269;291,271;290,273;291,275;290,277;291,279;290,280;291,283;291,285;291,287;290,288;291,291;290,292;291,294;291,297;291,298;291,300;291,303;290,305;290,307;291,308;290,310;291,313;290,315;291,317;291,318;290,320;291,323;290,324;291,326;291,329;290,331;291,333;290,334;291,336;290,339;290,340;290,342;290,345;291,346;290,348;291,351;290,353;291,355;291,357;291,358;291,360;291,363;290,365;291,367;290,369;290,370;290,372;290,375;290,377;290,379;291,380;290,383;291,385;291,387;290,388;290,390;290,393;290,394;291,396;290,398;290,400;291,403;291,405;290,407;290,408;290,411;291,413;291,414;290,416;290,419;290,421;290,422;290,425;291,427;290,428;291,431;290,432;290,435;291,436;290,438;290,441;291,443;291,444;290,447;291,449;291,451;290,452;291,455;291,457;291,458;291,461;291,463;290,465;290,466;290,468;290,470;290,472;290,475;291,477;291,478;290,481;290,482;290,485;291,486;291,489;291,490;290,493;291,495;291,496;290,499;291,501;291,503;290,504;290,507;290,509;290,511
292,1;293,3;293,5;292,7;292,9;293,10;292,13;293,14;293,16;292,19;292,20;293,23;293,24;292,26;293,28;293,31;293,32;293,35;293,37;293,38;293,40;292,43;292,45;292,46;293,49;293,50;292,52;292,55;293,57;292,59;293,61;292,62;293,64;292,67;293,69;292,71;293,72;293,75;293,77;293,78;292,80;292,82;292,84;293,86;293,88;292,90;292,93;292,94;293,97;292,99;292,100;292,102;292,104;292,106;292,109;293,111;293,112;293,115;293,117;292,119;293,121;292,123;293,125;293,127;292,129;293,130;292,132;292,134;292,136;292,138;293,141;293,143;293,145;292,147;292,148;292,150;293,152;292,155;292,156;292,159;292,161;292,162;293,165;292,167;292,168;293,171;293,173;293,174;293,176;293,179;292,181;292,183;292,184;292,186;293,189;292,190;293,193;293,195;292,196;292,198;292,200;293,202;293,204;292,207;293,209;293,211;293,213;293,214;293,217;293,218;293,221;292,223;292,224;293,226;292,229;292,231;292,232;292,234;292,236;292,239;293,241;292,243;292,244;293,246;292,249;292,250;292,253;292,254;293,256;292,258;293,261;292,262;293,264;293,266;293,268;292,270;292,273;292,275;293,277;292,279;292,280;292,283;292,284;292,286;293,288;293,291;293,292;292,294;293,297;293,298;293,301;293,303;293,305;292,306;292,309;292,311;292,313;293,315;292,316;292,318;293,320;293,322;292,324;293,326;292,328;292,331;292,333;293,335;293,337;293,339;292,340;293,343;292,345;292,346;292,348;292,350;292,352;292,355;292,356;293,359;292,360;292,362;293,364;292,366;292,368;293,370;293,372;292,374;292,376;293,378;292,380;292,382;292,385;293,386;293,389;292,390;292,393;292,395;293,396;293,399;292,401;293,402;293,404;292,406;293,408;292,410;293,413;293,414;293,417;292,419;293,421;293,422;292,425;292,427;292,429;292,431;292,432;293,435;292,437;293,438;293,441;293,443;293,445;293,446;292,448;292,451;292,452;292,455;292,456;292,459;292,461;292,463;292,465;292,467;292,469;293,471;293,472;293,475;292,477;292,479;293,480;293,483;293,485;293,486;293,489;293,491;292,492;292,494;292,497;292,499;292,501;292,502;292,504;293,506;293,508;293,510
294,1;294,2;294,5;294,6;294,8;294,10;294,12;294,15;294,16;294,19;294,21;295,23;295,24;294,27;294,29;295,31;294,33;295,35;295,37;294,38;294,41;295,42;294,44;295,46;294,48;294,51;294,52;295,55;295,56;295,58;295,60;294,63;294,65;295,67;295,68;294,71;294,73;294,75;294,77;294,79;294,81;295,82;294,85;294,86;294,88;295,90;295,92;294,95;295,96;295,99;294,101;294,103;295,105;294,106;294,108;294,111;294,113;295,115;294,117;295,119;295,120;295,122;295,124;295,127;295,128;295,130;295,132;294,135;294,137;294,139;294,141;294,143;294,144;294,146;294,148;295,151;294,152;295,155;295,156;295,158;294,161;294,162;294,164;294,167;295,168;294,170;294,172;294,175;295,176;294,178;295,181;294,183;294,184;294,186;294,188;295,191;294,192;295,195;294,196;295,199;294,200;294,202;295,204;294,207;295,209;294,211;294,212;294,214;294,216;294,218;294,220;295,223;294,224;294,227;294,228;294,230;295,233;294,234;294,237;295,239;294,241;294,243;295,244;294,247;294,249;294,251;294,253;294,254;294,257;294,258;294,260;294,262;294,264;295,267;294,269;294,270;294,273;294,275;294,276;294,279;295,280;294,283;294,285;295,286;295,289;295,291;294,292;295,295;295,296;295,299;295,300;295,303;295,305;295,306;295,309;295,311;295,313;295,314;295,316;294,319;294,321;295,323;295,325;294,326;295,329;295,331;295,332;295,334;294,337;295,339;294,340;295,342;295,345;295,347;295,349;294,350;295,352;294,355;294,356;294,359;294,360;294,362;294,364;295,366;294,368;295,371;295,373;295,374;294,377;295,379;294,380;295,383;294,384;295,386;294,389;295,391;295,392;294,394;294,396;295,398;294,400;295,402;294,404;295,407;294,409;295,410;294,413;294,414;295,416;294,419;295,421;294,423;295,424;294,426;295,429;295,430;295,433;295,434;295,436;295,438;294,441;295,442;295,444;295,446;294,449;295,450;294,452;294,455;294,456;294,459;294,460;295,462;295,465;295,467;294,469;294,470;294,472;295,475;294,477;295,479;294,480;295,483;295,484;295,487;294,489;295,491;295,492;295,494;294,497;295,498;294,500;294,503;295,505;294,507;294,509;294,510
297,0;296,3;296,5;296,6;296,9;297,10;296,12;296,15;297,16;296,18;297,21;297,22;296,25;296,27;296,29;297,30;297,33;296,35;297,37;297,38;296,41;296,43;297,44;297,47;297,49;296,50;296,53;296,55;297,57;296,58;296,61;297,63;296,64;296,66;296,68;297,71;296,72;297,75;296,77;296,78;296,80;296,82;296,85;296,87;296,88;297,90;296,92;297,94;297,96;296,98;297,101;297,103;296,105;296,106;297,109;297,111;297,112;297,114;297,116;296,119;297,121;297,122;296,124;297,127;296,129;296,130;296,133;296,134;296,136;297,139;296,141;297,142;296,145;297,147;296,148;297,150;297,153;297,155;296,157;297,159;297,161;296,162;296,164;297,166;297,168;297,170;297,173;297,174;296,177;296,179;296,180;297,183;296,185;297,186;297,188;297,190;297,193;297,194;296,197;296,198;296,200;296,202;296,205;297,206;297,209;297,210;297,213;297,215;296,216;296,219;296,221;297,222;296,224;296,227;296,228;297,230;296,233;297,235;296,236;296,238;296,240;296,242;297,244;297,246;297,249;296,250;296,253;297,254;296,257;297,259;297,260;296,262;296,265;296,266;297,269;297,270;296,272;297,275;296,277;296,279;297,280;296,282;296,284;297,287;297,288;297,291;297,293;296,294;297,296;296,299;297,300;296,302;296,304;296,307;296,309;296,311;297,313;296,315;296,316;297,319;296,321;297,323;296,325;297,327;297,328;297,330;296,333;296,335;296,336;296,339;297,341;296,343;296,344;296,347;296,349;297,350;297,353;296,355;297,356;296,359;296,361;297,363;297,364;297,367;297,368;297,371;297,373;296,374;297,377;297,378;297,381;296,383;297,384;296,387;297,388;297,391;296,393;296,394;296,396;297,398;297,400;297,403;296,405;296,407;297,409;297,411;297,412;297,414;297,416;296,419;296,421;296,423;297,425;296,426;296,428;296,431;296,432;297,434;296,436;296,439;296,441;296,442;296,444;297,446;296,449;297,450;296,453;297,455;296,457;297,458;297,461;296,462;296,465;296,466;297,469;296,470;297,472;296,475;297,477;297,479;297,480;297,483;296,484;296,487;296,489;297,490;297,492;296,494;296,497;297,498;297,500;296,502;296,504;297,507;297,509;296,511
298,1;298,2;299,4;298,7;298,9;299,11;298,12;298,15;298,17;299,19;298,21;299,23;298,25;298,27;298,28;298,31;299,33;299,35;299,37;298,39;298,41;299,42;299,45;298,47;299,48;299,51;299,53;298,55;298,56;298,59;299,60;299,62;299,64;299,67;298,68;298,70;299,72;298,74;298,76;299,79;298,81;299,82;298,84;298,87;299,89;298,91;299,93;299,94;299,97;299,99;299,101;299,103;299,105;298,107;298,109;298,110;298,113;299,115;298,116;299,118;299,120;299,122;298,124;298,127;298,129;299,130;299,133;299,135;298,136;298,139;299,141;298,142;299,145;298,147;299,149;298,151;298,152;299,155;299,156;299,158;298,160;299,162;298,165;298,166;298,169;298,170;298,172;298,174;299,176;298,178;299,181;298,182;299,184;298,186;299,188;299,190;298,193;298,195;299,197;298,198;299,200;298,202;299,204;298,206;298,209;299,210;298,212;298,215;298,216;299,218;298,220;298,222;298,225;298,226;299,228;298,231;298,233;298,235;298,237;299,239;299,240;299,243;299,244;299,247;299,248;299,251;299,252;298,255;299,256;299,258;299,261;299,263;298,264;299,266;299,269;299,271;299,273;299,274;299,277;298,278;299,281;298,282;299,284;299,287;298,288;299,291;298,292;299,294;298,297;298,299;299,301;299,303;298,304;299,307;298,308;299,311;298,312;298,315;299,316;298,318;299,321;298,323;299,325;298,326;298,328;298,330;298,332;298,334;299,336;299,338;298,340;298,343;299,345;299,347;298,348;299,350;299,352;299,355;298,357;299,359;299,360;298,362;298,365;298,366;299,368;298,370;298,372;298,374;299,377;298,378;298,381;298,382;299,384;299,386;299,388;299,390;299,393;298,394;299,396;298,399;299,400;298,402;298,405;299,406;298,408;298,411;299,413;298,414;299,417;298,418;298,421;298,422;299,425;299,426;299,428;298,430;299,432;299,434;299,437;299,439;298,441;298,442;298,444;299,447;298,448;299,451;298,453;299,455;299,457;299,459;298,460;299,463;298,464;298,467;299,469;298,470;299,472;298,474;298,477;299,479;299,481;298,483;298,485;298,487;298,489;298,490;298,492;298,495;298,497;298,499;298,501;298,502;299,505;298,506;299,508;299,510
301,0;301,3;301,4;301,7;300,8;300,11;300,12;300,15;300,17;301,18;300,20;300,23;301,24;301,27;300,29;300,30;300,33;300,34;301,37;301,39;300,40;300,43;300,45;300,47;301,49;301,50;301,52;300,55;301,57;301,59;301,61;301,62;301,64;300,67;300,68;300,70;301,72;300,75;300,76;300,78;300,81;301,82;300,84;300,87;300,89;301,90;301,92;301,94;300,97;300,98;300,100;300,103;301,105;301,106;300,108;301,110;300,112;301,115;301,117;301,118;301,121;300,123;301,124;301,126;300,129;300,131;301,132;300,135;300,137;300,138;301,140;301,143;300,145;301,146;301,148;300,151;301,153;301,155;301,156;300,159;301,160;300,162;301,165;300,167;301,169;301,170;301,172;301,175;300,176;301,179;300,180;301,182;300,185;301,187;301,188;300,191;300,193;300,195;300,197;301,199;301,201;300,203;301,205;300,207;300,208;300,210;301,212;301,215;301,216;301,219;300,221;300,222;300,225;300,226;300,228;300,231;301,232;300,234;301,237;300,239;301,241;301,242;301,245;300,247;300,248;300,251;300,253;300,254;300,257;300,258;300,260;300,263;300,264;300,267;301,269;301,271;300,273;300,274;300,277;301,279;300,280;301,282;300,285;301,286;301,288;300,291;300,293;301,294;301,296;300,299;301,300;301,302;300,304;300,307;300,308;300,311;301,313;301,314;301,316;300,318;300,320;300,323;301,324;300,326;301,328;301,331;301,332;301,334;300,337;301,338;301,340;300,343;300,344;301,347;301,349;301,351;300,352;301,355;300,357;301,359;301,361;300,362;301,365;300,366;300,369;301,370;300,373;300,374;300,377;301,378;300,380;300,383;301,384;300,387;301,388;300,390;301,392;300,395;301,396;300,399;300,401;300,402;301,404;300,407;300,409;300,411;300,412;301,414;300,417;300,419;300,421;300,422;301,424;300,426;301,428;301,430;300,432;301,435;301,436;300,439;301,440;300,442;300,445;300,447;300,449;301,451;300,453;300,455;301,456;301,459;300,460;300,463;301,465;301,467;300,468;301,470;300,472;301,475;300,476;301,478;301,481;301,483;301,485;300,486;301,489;300,491;301,493;301,495;301,497;301,499;301,500;301,503;300,505;301,506;300,508;301,510
303,0;303,3;302,4;303,7;302,8;303,10;303,12;302,14;303,16;302,19;303,21;302,23;303,24;303,27;302,29;303,30;303,33;302,34;302,37;302,38;303,40;303,42;302,44;302,46;302,48;302,50;303,53;303,54;302,56;302,58;303,60;303,62;302,64;302,66;303,68;303,70;302,73;303,75;302,76;303,78;302,81;302,82;302,85;303,86;302,89;303,91;302,92;303,94;303,97;302,98;302,101;302,102;302,105;303,107;302,109;303,110;303,112;303,115;303,116;302,118;303,121;302,122;303,124;302,127;303,129;302,131;303,133;303,134;303,136;302,138;303,141;303,143;303,144;303,146;303,148;303,150;302,153;303,155;302,157;302,159;302,161;303,162;303,165;303,166;302,169;303,170;302,172;303,175;303,176;302,179;303,181;302,183;303,185;303,187;303,188;302,191;303,192;302,194;303,196;302,198;303,201;303,202;302,204;302,207;302,209;302,211;302,212;302,214;302,216;303,219;303,221;302,223;303,225;303,226;303,229;302,231;303,232;303,234;302,237;302,238;303,241;302,243;302,244;303,247;302,249;302,250;303,252;303,255;303,256;302,259;303,260;302,263;303,265;302,266;303,269;303,270;302,272;302,274;303,276;303,278;302,281;303,283;303,284;303,286;303,289;302,291;302,293;303,295;302,296;303,299;302,300;303,303;303,305;303,307;303,309;303,310;303,312;302,314;303,316;302,319;302,320;303,323;302,325;303,327;302,329;303,330;303,332;302,334;302,337;302,338;303,340;303,343;302,345;303,346;302,348;303,350;303,353;303,355;302,356;302,359;302,361;303,363;303,365;303,366;302,369;302,371;303,373;303,374;303,376;302,379;303,380;302,382;303,385;303,387;302,388;302,391;302,393;303,395;302,397;302,398;302,400;302,402;303,404;303,406;303,409;302,411;302,412;302,415;303,417;302,418;303,420;303,423;303,424;303,426;302,429;302,431;303,433;303,434;303,437;303,438;303,441;303,443;302,445;302,446;302,449;302,451;303,452;303,454;302,456;302,459;303,461;303,462;303,465;303,466;303,468;302,471;303,473;303,475;302,477;302,478;302,480;302,483;303,485;302,487;302,489;303,490;303,492;303,495;303,496;302,498;302,500;303,502;303,504;302,506;302,508;303,510
304,1;304,3;304,5;305,7;305,9;305,11;305,12;305,15;305,16;305,19;304,20;305,23;304,24;305,26;305,28;304,31;305,32;305,35;304,37;305,39;304,40;304,43;304,44;304,47;304,48;305,50;305,53;304,55;305,56;305,59;304,60;304,63;304,64;304,66;304,69;304,71;305,72;305,74;304,77;305,79;304,81;304,83;304,85;304,86;305,88;304,91;305,92;305,94;305,96;305,99;305,100;304,102;305,104;305,106;305,109;305,110;305,113;304,115;304,117;305,118;304,120;304,122;305,125;304,126;304,128;305,131;304,132;304,134;305,137;304,139;304,141;305,142;305,145;304,147;304,148;304,150;305,152;304,155;305,156;304,158;304,161;304,162;305,165;305,167;305,169;304,171;305,173;305,174;304,177;304,179;305,180;305,182;305,185;305,186;305,188;305,190;305,192;304,195;305,197;305,198;304,200;305,203;304,205;305,206;305,209;304,211;304,213;305,214;305,216;305,218;304,221;305,222;304,224;304,227;304,228;305,230;304,233;304,234;304,237;305,239;305,240;304,242;305,244;304,246;305,248;305,251;305,252;305,254;305,256;305,258;304,260;304,262;305,265;304,266;304,268;304,270;304,273;304,275;304,276;305,279;304,281;304,282;304,284;305,287;304,288;305,291;304,292;305,295;305,296;305,299;305,300;305,303;305,304;305,307;304,308;304,310;304,312;305,314;305,316;304,319;304,320;304,322;305,325;305,326;304,328;305,330;304,332;305,334;304,337;305,338;304,341;305,343;305,344;305,347;304,349;304,351;305,352;304,354;304,356;305,358;305,360;305,363;304,365;305,366;304,369;304,370;304,372;305,375;304,377;305,378;305,380;304,383;305,385;304,387;305,388;305,390;305,393;305,395;305,397;304,398;305,400;304,402;305,404;305,406;305,408;304,411;304,413;305,414;305,416;304,418;304,421;305,422;305,425;304,426;304,428;305,430;304,432;304,434;304,437;305,438;305,441;304,443;304,444;304,447;305,449;305,451;305,453;305,454;305,457;305,459;305,460;305,462;304,465;305,467;305,468;304,470;304,472;305,474;305,476;304,478;305,480;304,482;304,484;305,487;304,489;305,490;305,492;305,495;304,496;304,499;304,501;304,503;305,504;305,506;304,509;305,510
307,1;307,2;306,4;307,7;307,9;306,10;307,13;307,14;306,16;307,18;307,21;306,23;306,24;306,26;306,28;306,30;307,33;306,35;307,37;306,38;307,41;307,43;307,45;307,46;306,48;306,50;306,52;306,55;306,56;307,58;307,60;307,63;306,65;306,67;306,68;306,71;307,72;306,75;307,77;306,78;307,81;306,82;307,85;306,87;307,89;306,90;306,93;306,95;307,97;307,99;306,101;306,102;306,105;307,106;306,109;307,111;306,112;307,115;307,117;307,118;307,121;306,123;307,125;306,127;307,128;306,130;306,133;306,135;306,137;306,139;307,141;306,143;307,144;306,147;307,149;306,151;306,153;306,154;307,157;306,158;307,160;306,163;307,165;307,167;306,168;306,170;306,173;306,174;306,177;307,179;307,181;307,183;307,185;306,186;306,188;306,191;307,192;306,195;306,196;306,198;307,201;307,202;306,204;306,207;306,208;307,211;306,213;306,214;307,216;306,218;306,221;307,222;306,225;307,226;307,228;307,230;306,233;307,235;307,237;306,238;306,240;307,243;307,244;307,247;306,249;307,250;306,252;306,254;306,257;307,258;307,260;306,263;306,264;306,266;307,268;306,270;307,273;307,274;307,277;306,279;307,281;307,282;307,285;306,286;306,289;306,291;307,293;306,295;306,296;306,299;307,301;306,303;306,304;307,306;307,308;306,310;306,312;307,314;306,317;306,319;306,320;307,322;307,324;307,327;307,328;307,331;306,333;307,335;307,336;306,338;306,341;307,343;307,345;307,347;306,348;306,351;306,352;306,354;307,357;306,358;307,360;307,363;307,364;307,367;307,368;306,370;306,373;306,375;307,376;306,378;307,380;307,383;307,385;307,386;307,389;307,390;306,393;307,395;306,396;307,398;306,401;307,403;307,404;306,407;307,409;306,411;307,412;307,415;307,417;307,419;307,421;306,422;307,425;307,427;306,428;306,431;307,432;306,435;307,437;306,438;306,441;307,443;306,445;307,447;306,448;306,450;307,453;307,454;306,456;306,458;307,460;306,462;307,465;306,467;306,469;306,470;306,472;307,474;307,477;307,478;307,481;307,482;307,485;306,486;307,489;306,491;306,493;307,494;307,497;307,498;306,501;306,502;306,505;306,506;307,509;307,510
308,0;308,2;308,4;308,6;308,9;309,11;308,12;309,14;309,16;308,18;309,20;309,22;308,25;308,26;309,28;309,30;309,33;309,34;308,37;308,38;308,40;308,42;308,45;308,46;309,49;309,51;308,53;309,55;309,56;308,59;309,61;308,63;308,65;308,66;308,68;309,71;309,73;309,75;308,76;309,79;309,80;309,82;309,84;309,86;308,88;308,90;308,93;309,95;309,97;309,98;309,101;309,102;309,105;309,106;309,108;308,111;309,113;308,115;308,117;309,118;308,120;308,123;308,125;309,127;309,128;308,130;308,133;308,135;308,137;308,138;308,140;309,143;308,144;308,146;308,149;309,150;308,152;309,155;308,156;309,159;308,160;308,162;309,165;308,167;308,169;308,171;309,173;309,174;309,176;309,178;308,181;309,183;309,184;308,187;308,189;308,191;309,193;309,195;309,196;308,198;308,201;308,203;309,204;308,206;308,209;309,211;309,213;308,215;308,216;308,219;309,221;309,222;309,225;308,227;309,229;309,230;308,232;309,235;308,236;308,239;309,240;308,243;309,245;309,247;309,248;309,251;309,253;308,254;309,257;309,258;309,260;309,262;308,264;309,266;308,268;309,270;308,272;308,275;309,277;308,279;309,281;309,283;309,285;308,286;309,289;308,290;309,292;308,295;309,296;308,299;308,301;308,302;309,304;308,307;309,308;308,310;308,312;309,315;309,317;309,318;308,321;308,322;308,324;308,327;309,329;308,331;308,332;308,334;309,336;308,339;308,341;309,342;308,345;309,346;309,348;308,350;309,353;309,354;309,357;309,359;309,360;309,363;309,365;309,366;309,369;308,370;308,373;309,374;309,376;309,378;308,381;309,383;309,384;308,386;308,388;309,391;308,393;308,394;309,397;309,398;309,400;309,402;309,404;308,407;309,408;308,410;308,413;308,414;309,416;308,418;309,420;308,423;309,424;309,427;309,429;308,431;308,432;308,435;308,436;308,439;309,440;309,443;308,445;308,447;309,448;308,451;308,453;309,454;308,456;309,458;308,460;308,463;308,464;308,466;309,468;308,471;308,472;309,474;309,477;309,478;308,480;309,482;309,485;309,487;309,488;308,491;308,493;308,495;308,496;308,499;309,501;308,503;308,504;309,507;308,509;308,511
310,0;311,3;310,4;310,7;310,8;310,10;311,12;310,15;310,16;311,18;311,20;311,22;310,25;311,27;311,28;310,31;311,33;311,35;310,37;310,38;311,41;310,42;311,45;310,46;310,49;311,51;310,53;311,54;310,57;310,59;311,61;310,62;310,64;311,67;310,69;310,71;310,72;310,75;310,77;310,79;311,80;311,82;310,85;311,87;310,88;310,90;311,92;311,94;310,96;311,99;311,101;310,103;310,104;310,106;310,109;310,110;311,112;310,115;311,116;310,119;310,120;310,123;311,125;310,127;311,129;311,130;311,133;310,135;311,136;310,139;310,140;310,142;310,145;311,146;311,149;310,150;311,153;310,155;311,157;310,159;311,160;310,162;311,165;311,166;310,168;310,170;310,172;310,174;310,177;311,179;311,180;310,183;311,184;311,187;310,188;310,191;311,192;310,195;310,196;310,198;311,201;311,202;311,205;310,206;310,209;310,210;311,213;311,215;311,217;310,218;311,220;311,223;311,224;311,226;311,229;311,231;310,232;311,234;311,236;310,238;311,240;310,243;311,245;310,246;310,248;311,250;311,252;310,255;311,257;310,258;310,260;310,263;310,264;310,267;311,269;310,271;311,272;310,275;311,276;310,279;311,280;310,282;311,285;310,286;310,289;311,290;311,292;311,294;311,296;311,299;310,300;310,302;310,305;311,307;310,308;310,310;311,313;310,314;310,317;311,318;310,320;311,322;311,325;310,326;310,329;310,331;311,332;311,334;311,336;311,339;310,341;311,343;311,344;311,346;310,349;310,350;310,353;311,355;311,357;310,359;311,360;311,363;310,365;310,366;310,369;310,371;310,373;310,374;310,376;310,379;310,381;311,383;310,384;311,387;310,388;311,391;310,392;310,395;310,396;310,399;310,401;311,402;311,405;311,407;311,409;310,411;310,413;310,415;311,416;311,419;310,421;310,422;311,425;310,427;311,428;310,430;310,433;310,434;310,437;311,438;311,441;311,443;310,445;310,447;311,449;310,450;310,452;310,454;311,456;311,459;311,461;311,463;311,464;310,467;311,468;310,471;310,472;311,474;310,476;311,478;310,481;311,482;310,484;311,486;310,488;311,491;311,493;311,494;311,497;311,498;311,501;311,502;311,504;311,507;311,508;310,510
312,1;313,2;312,4;313,7;312,9;313,10;312,13;313,15;313,16;312,18;312,20;312,23;313,25;313,27;312,28;313,30;312,32;313,34;312,37;313,39;313,41;313,43;313,45;313,47;313,48;313,50;313,52;312,55;313,57;313,59;313,61;312,62;312,65;313,66;312,69;312,71;313,73;312,74;313,76;312,79;312,81;313,83;312,85;313,86;312,89;312,91;312,93;313,94;313,97;313,98;313,101;312,102;312,105;312,106;313,108;313,110;313,113;313,114;312,117;312,118;312,121;312,122;312,125;313,126;313,129;312,130;313,132;313,134;313,137;313,138;313,141;313,143;312,144;313,147;313,149;313,151;312,153;313,155;312,156;312,158;313,161;313,163;313,165;313,166;313,169;313,170;313,172;313,174;312,177;312,178;313,181;313,183;312,185;313,187;313,189;313,191;313,192;312,194;313,197;312,199;313,201;312,203;313,205;313,207;313,208;313,210;313,212;313,215;313,216;312,219;313,221;313,223;312,225;312,226;313,229;312,230;313,233;313,234;313,236;313,238;313,241;312,242;313,245;312,247;313,248;312,251;312,253;313,255;313,257;313,259;312,260;312,262;313,264;312,266;312,269;312,271;312,272;313,274;312,277;313,278;312,280;312,282;313,284;312,286;312,289;313,291;312,292;312,294;312,297;312,298;312,300;313,303;312,305;312,307;313,308;313,311;312,312;312,315;313,316;312,319;313,321;312,323;312,324;312,327;312,328;313,330;313,332;313,334;312,336;313,338;312,341;312,343;313,345;313,347;313,349;312,351;313,353;312,354;313,356;313,359;312,361;312,362;312,364;312,366;313,369;313,371;313,373;313,374;312,376;312,378;313,381;312,382;313,384;313,387;313,388;313,390;312,393;312,394;312,397;313,399;312,401;313,402;313,404;312,407;312,408;313,410;313,413;312,414;312,416;312,418;313,420;312,423;313,425;313,426;312,429;312,430;312,432;313,434;313,436;313,439;313,441;312,442;313,445;312,446;313,449;313,450;313,453;312,454;312,457;312,458;312,461;313,463;313,465;313,467;313,468;312,471;313,473;312,474;313,476;312,479;312,481;313,482;312,485;312,487;312,489;313,490;313,493;312,494;313,496;313,499;312,501;313,503;312,505;313,506;313,508;313,510
314,0;314,2;314,5;314,7;315,9;314,11;315,12;314,14;315,16;314,18;315,20;314,23;315,25;314,26;315,28;315,31;315,33;314,34;314,37;314,39;315,41;314,42;314,44;314,47;314,49;315,50;315,52;314,54;315,56;315,58;314,61;314,62;315,64;315,66;315,69;315,71;314,73;314,75;314,76;315,78;315,80;314,83;315,84;314,87;315,89;315,90;315,93;315,94;314,97;314,98;315,100;315,102;314,104;315,107;315,109;315,110;315,113;314,114;315,116;315,118;314,121;315,123;315,124;314,127;315,129;314,131;314,132;314,135;315,137;315,138;314,140;315,142;315,144;315,146;315,148;314,150;314,152;314,155;314,156;315,158;315,160;315,163;314,165;314,166;315,168;314,170;314,172;315,174;315,176;315,178;315,180;314,182;315,185;314,187;315,189;315,191;315,193;315,194;315,197;315,198;315,200;314,203;315,204;315,206;314,209;314,211;315,213;314,215;315,216;314,219;314,221;315,223;314,224;315,226;315,229;314,231;315,232;314,235;315,236;315,239;314,241;314,242;315,244;314,247;314,248;314,250;315,252;315,255;314,256;315,258;314,260;315,263;314,264;315,266;314,268;315,271;314,273;315,274;314,277;315,279;314,280;314,283;314,285;315,286;314,288;315,291;315,293;315,295;315,296;314,298;315,300;314,302;314,305;314,306;314,309;314,310;315,312;314,314;315,317;315,319;314,321;314,322;314,324;315,326;315,329;315,330;314,333;315,334;315,337;315,339;314,340;314,342;314,345;314,346;314,349;314,351;315,353;315,355;315,357;315,358;314,361;314,363;315,365;314,367;314,369;314,370;315,373;314,375;315,377;314,378;314,380;315,383;315,385;314,387;314,388;314,391;315,392;314,394;314,397;314,399;314,401;315,402;314,405;315,407;315,408;314,411;314,413;315,414;314,417;315,419;314,421;315,423;314,425;315,427;314,428;314,431;315,433;314,434;314,436;315,438;314,440;314,443;315,444;314,447;314,449;314,451;315,453;315,454;314,457;315,458;314,460;314,462;315,464;314,466;315,468;314,470;314,472;315,474;314,476;314,478;315,481;315,482;314,484;315,486;315,488;315,490;315,493;314,495;315,497;314,498;315,501;314,503;314,505;315,507;315,508;315,510
317,1;317,2;316,4;316,7;316,9;317,11;317,12;317,15;317,17;316,18;317,21;317,23;317,24;317,27;316,28;316,30;316,32;316,35;316,37;316,39;317,40;316,42;317,45;316,47;316,49;316,51;317,52;316,54;316,57;316,58;317,60;316,62;316,65;317,67;317,68;316,71;316,72;317,75;317,76;316,79;317,80;317,82;316,84;316,87;317,89;317,90;316,92;316,94;317,97;317,99;316,101;317,103;317,104;316,106;317,109;317,110;316,113;317,115;317,116;317,118;317,121;317,123;317,124;317,126;317,129;317,130;317,133;316,135;316,137;316,139;316,140;317,143;317,144;317,146;316,148;317,151;317,153;316,154;317,157;316,158;316,160;316,163;317,164;316,167;317,169;317,170;317,172;317,174;316,176;317,178;317,180;316,182;317,185;317,186;316,189;317,190;316,192;316,195;316,197;317,199;317,200;316,202;316,205;317,207;317,208;316,210;316,212;316,215;316,216;316,219;316,220;316,223;316,224;317,227;316,229;317,230;317,232;317,234;316,236;316,239;317,241;316,243;316,245;317,246;316,248;316,250;317,252;317,254;316,257;317,258;316,260;317,263;317,264;317,266;316,268;317,271;316,272;317,274;316,277;317,279;316,280;317,282;317,284;316,286;316,288;317,290;316,292;317,294;316,296;316,298;316,300;317,302;317,305;317,306;316,308;316,310;316,312;316,315;316,317;317,319;316,321;317,322;317,325;317,326;317,329;317,331;316,332;317,334;316,337;317,339;317,341;316,343;317,344;316,346;317,349;317,350;317,352;316,355;316,357;316,358;316,361;316,362;316,365;316,366;316,368;316,371;316,372;317,375;316,377;316,379;317,380;316,383;317,384;316,386;317,388;317,391;316,392;316,395;316,396;317,399;317,400;316,403;317,405;316,406;317,409;317,411;316,412;316,415;317,416;316,418;316,421;317,422;317,425;316,427;317,429;316,431;316,433;316,434;316,437;317,439;316,441;317,442;317,445;317,447;316,449;316,451;316,452;316,455;316,456;317,458;316,461;317,463;317,464;316,467;317,468;316,470;316,473;317,474;316,477;316,478;316,481;316,483;317,485;317,486;316,489;317,490;317,492;316,495;317,497;316,498;317,500;316,503;317,505;317,506;316,508;316,511
319,0;319,2;319,5;319,7;318,9;319,10;319,12;318,14;319,16;319,18;319,21;318,22;318,25;318,26;319,29;319,30;319,33;319,35;319,37;318,38;318,40;319,42;318,44;319,47;318,48;318,51;318,53;318,54;318,56;319,59;319,61;319,63;318,64;318,67;318,68;318,70;318,72;319,75;318,77;318,78;319,80;319,82;319,85;319,87;319,89;319,90;318,93;318,94;319,97;318,99;318,100;318,103;318,104;318,107;318,108;319,111;319,112;319,115;319,116;318,118;318,121;318,123;319,125;318,127;318,129;318,131;319,133;319,134;318,137;318,138;318,140;319,143;319,144;318,147;319,148;319,150;319,153;319,154;318,156;318,159;318,161;319,163;319,165;319,166;318,168;318,170;319,172;318,174;318,176;319,178;318,181;319,183;319,185;319,186;319,189;319,190;318,193;319,195;318,197;319,198;319,201;319,203;319,205;319,207;319,208;318,210;319,212;318,215;319,217;319,219;318,220;318,222;319,225;318,226;318,228;319,230;318,232;319,235;318,237;319,239;319,240;319,243;318,244;318,246;318,248;318,250;319,253;318,255;319,256;319,259;318,261;318,263;318,264;318,267;319,269;319,270;318,272;318,275;318,277;318,279;319,281;318,283;318,284;319,287;318,288;318,291;319,293;318,294;318,297;319,299;318,300;319,302;318,305;318,307;319,309;319,310;318,313;318,314;319,317;318,318;318,321;319,322;319,324;319,326;319,329;318,330;319,332;318,334;318,336;319,339;319,341;318,342;318,345;319,346;318,349;319,350;319,353;319,354;318,357;318,359;318,361;319,362;318,364;318,366;319,368;319,371;319,373;318,374;319,376;319,379;319,380;319,383;318,384;318,386;318,388;319,391;318,392;319,395;318,396;319,398;319,401;318,403;319,404;318,406;319,408;319,411;319,413;318,414;318,416;318,419;318,420;319,423;318,424;319,427;319,429;318,431;318,432;319,435;318,436;318,438;318,441;319,443;319,444;319,447;319,449;318,451;318,453;319,455;318,457;318,458;319,460;318,462;319,464;319,466;318,468;319,471;318,473;319,475;319,476;318,478;319,480;319,483;319,484;318,486;318,489;318,491;318,492;318,494;318,497;318,499;319,501;319,503;318,505;319,507;318,508;318,511
321,1;320,2;321,4;321,7;320,9;321,10;320,12;320,15;320,16;321,18;321,21;321,23;320,24;320,27;321,28;321,31;321,32;320,34;320,37;320,39;321,40;321,42;321,44;321,46;321,49;320,51;321,52;320,54;320,57;320,58;321,61;320,62;321,64;321,66;321,68;320,70;321,73;321,74;320,77;321,78;321,81;321,82;320,85;321,87;320,88;321,90;321,93;320,94;320,96;320,98;321,101;321,102;320,104;321,107;321,108;321,111;321,113;321,115;320,117;320,119;320,121;321,122;320,124;320,126;320,128;321,130;320,133;320,135;321,137;321,139;321,141;321,143;321,144;321,146;321,148;320,151;320,152;321,155;321,156;321,159;321,161;320,162;320,164;321,167;321,168;320,171;321,172;321,174;320,176;321,179;320,180;320,183;321,184;320,187;321,188;320,190;320,193;321,194;320,196;321,199;320,201;321,203;321,205;320,207;320,208;321,210;320,212;320,215;321,216;320,219;321,221;320,223;320,225;321,227;320,228;320,231;321,233;321,235;321,236;321,238;321,240;321,242;321,244;321,247;321,248;320,250;320,252;320,254;320,257;320,258;320,260;320,263;320,265;321,266;321,269;321,270;321,273;321,274;321,277;321,279;320,280;321,283;321,284;320,286;321,289;320,290;320,293;320,294;320,296;321,299;320,301;321,303;320,304;321,307;321,308;320,311;320,313;320,315;321,316;321,319;320,320;321,322;320,324;321,327;321,328;321,330;320,333;320,334;321,336;320,338;320,341;320,343;321,345;321,346;320,348;320,350;320,352;321,354;320,357;321,359;321,360;321,362;320,365;320,366;321,369;320,371;320,373;321,375;320,376;321,378;321,380;321,383;320,385;321,386;320,389;320,390;320,393;321,394;320,396;320,399;320,401;321,403;321,405;321,406;321,408;321,410;320,413;321,415;321,417;320,418;320,420;320,422;320,425;320,426;321,428;320,431;320,432;321,434;320,437;321,438;320,441;321,443;320,445;320,447;321,449;321,451;321,452;320,454;321,457;321,458;321,460;320,462;321,465;320,467;320,468;320,471;320,473;321,475;320,476;321,478;321,481;320,483;321,485;320,486;320,488;321,490;320,493;320,495;321,496;321,499;321,501;321,502;320,505;320,507;320,508;320,511
322,0;323,2;323,5;322,7;323,9;322,10;322,12;323,14;323,16;323,18;322,21;322,23;322,24;322,27;323,29;323,31;323,33;323,35;323,36;323,38;322,40;322,43;323,45;322,46;322,49;322,50;323,53;322,54;322,56;323,59;322,60;322,62;322,65;323,67;323,69;323,70;323,73;322,74;323,76;323,78;323,81;323,83;322,84;323,87;323,88;322,91;322,93;322,94;323,96;323,99;323,100;322,102;323,104;323,106;323,108;322,111;323,112;323,115;322,117;322,119;323,120;322,122;323,124;322,126;322,128;322,130;322,133;323,134;323,137;323,139;323,140;322,143;323,145;322,146;323,148;323,150;322,153;323,154;322,157;322,158;323,160;322,163;323,165;323,166;322,169;323,171;323,173;322,174;322,177;322,179;323,181;323,182;323,185;323,187;322,189;323,191;322,193;323,195;323,197;323,198;322,201;322,202;323,205;322,206;322,209;322,210;322,212;323,214;323,216;323,218;323,220;322,222;322,224;322,226;323,228;323,231;323,232;322,235;322,237;322,239;322,241;323,243;322,244;323,246;322,248;322,250;323,253;323,255;322,257;323,258;322,261;322,262;322,265;322,267;322,269;322,271;323,273;322,274;322,277;323,278;322,281;322,282;322,284;322,286;322,289;323,290;323,293;322,295;322,296;322,298;323,301;323,302;322,304;322,307;322,308;323,310;323,313;322,314;323,317;323,318;322,320;323,323;323,324;323,327;323,328;323,330;323,332;323,335;322,337;323,339;323,340;322,343;323,345;323,346;323,349;323,351;323,353;323,354;322,357;322,358;323,360;322,362;323,365;323,367;322,369;322,370;323,372;323,375;322,377;323,378;322,381;322,382;322,384;322,386;322,389;323,391;323,393;322,394;322,396;322,398;323,401;323,403;323,404;323,406;323,408;323,410;323,413;322,415;322,416;322,418;322,420;323,423;323,425;323,426;322,429;322,431;323,433;322,434;323,437;323,439;323,440;322,442;322,445;323,447;323,449;323,451;322,452;322,455;323,456;322,459;322,461;322,462;323,465;322,467;322,468;322,471;322,472;322,475;323,476;323,479;323,480;323,483;322,484;322,487;322,489;323,490;323,492;323,495;322,497;322,498;322,501;322,503;323,505;322,506;323,509;323,511
324,1;324,3;325,4;324,6;325,9;324,10;325,13;325,15;324,17;324,18;324,21;324,23;325,24;325,27;325,28;325,31;325,32;324,35;324,37;324,39;325,40;324,42;324,44;324,46;325,49;325,51;325,53;324,55;324,57;324,59;325,60;324,63;325,64;325,67;324,69;324,70;325,73;325,75;324,76;325,79;324,81;325,83;325,85;324,86;325,88;325,90;324,93;325,95;324,96;324,99;325,101;324,102;324,105;324,106;324,109;325,111;325,112;324,115;324,116;324,119;324,121;324,123;325,125;324,126;324,128;324,130;324,133;325,135;324,137;325,138;325,141;324,143;325,145;324,146;324,149;324,150;324,153;325,155;324,156;324,158;325,160;324,163;324,165;324,166;325,168;325,171;324,172;324,174;325,177;325,179;324,181;324,182;324,185;324,186;324,189;324,191;325,193;325,195;324,196;324,198;324,201;325,203;324,205;325,206;325,208;325,211;324,212;325,214;324,216;325,218;325,220;325,223;325,224;324,226;324,229;325,230;324,232;325,234;324,236;325,239;324,240;324,243;324,244;325,247;325,249;324,251;325,253;325,254;324,257;325,258;324,260;324,263;324,265;324,266;324,269;324,270;325,273;324,274;325,277;324,279;325,280;324,282;325,284;324,286;324,288;325,290;324,292;325,295;324,296;324,298;324,301;324,302;325,304;324,306;325,309;325,310;324,312;325,314;324,316;325,319;325,320;325,323;324,325;325,327;325,329;325,330;324,332;324,334;325,337;324,339;325,341;324,342;324,345;325,346;325,348;324,351;324,353;324,354;325,356;324,358;325,360;324,363;324,364;324,366;325,369;325,371;325,372;325,374;324,377;324,378;324,380;325,383;324,384;324,387;325,389;324,390;325,392;324,395;325,396;325,399;324,400;325,402;324,405;324,407;324,409;324,410;324,412;324,414;324,417;325,418;324,420;324,422;324,425;324,427;325,428;324,431;324,433;324,434;324,437;324,438;324,440;325,442;324,445;325,446;325,448;325,450;325,453;325,455;325,457;325,458;324,461;325,462;324,465;324,466;325,469;324,470;324,472;325,475;324,477;324,479;324,480;324,482;324,484;324,487;324,489;324,490;324,492;325,494;324,496;324,498;325,500;325,503;324,505;325,506;325,508;325,510
326,0;326,2;326,5;327,7;326,9;326,11;327,13;326,15;326,16;326,18;327,21;327,22;326,24;326,26;327,29;326,31;326,32;327,35;326,36;327,38;326,40;327,42;326,45;327,46;326,48;326,50;327,53;327,54;327,57;326,58;327,60;327,63;327,65;327,66;327,69;327,71;326,72;326,75;326,77;326,79;326,81;327,82;327,85;327,86;327,88;327,91;326,92;327,95;326,96;326,98;326,101;327,103;326,105;327,107;326,109;326,110;326,112;326,114;327,116;326,119;327,120;326,122;326,125;326,127;327,129;327,131;327,132;326,134;327,136;326,139;327,140;326,142;326,145;326,147;326,148;327,151;326,153;327,154;326,157;327,158;326,161;326,163;327,165;327,166;327,169;326,170;326,172;327,174;327,176;326,179;327,181;326,183;326,184;326,186;326,188;327,191;326,193;326,195;326,197;327,199;327,200;327,203;327,204;326,207;326,208;326,210;326,212;327,215;327,217;327,218;326,220;327,222;327,224;326,226;326,229;326,231;327,233;326,234;326,236;327,238;327,240;326,243;327,245;327,246;326,248;326,250;326,253;327,255;327,256;327,258;326,261;326,263;327,264;327,266;327,268;327,271;327,273;327,274;326,276;326,279;326,280;326,282;327,285;326,286;326,289;326,290;327,293;327,294;326,297;327,298;326,300;326,302;326,304;327,307;327,309;327,311;326,312;326,314;327,316;326,319;327,320;326,322;326,325;327,327;326,328;327,331;327,332;327,335;326,337;327,339;327,340;327,342;326,345;326,346;327,348;327,351;326,353;326,354;327,356;326,358;326,361;326,362;327,364;327,367;326,369;326,371;327,372;327,375;327,376;326,379;327,380;326,382;327,385;326,387;326,388;326,391;327,393;327,394;327,397;327,399;327,400;327,403;327,405;326,406;327,409;327,411;327,413;326,415;327,416;326,419;327,421;326,423;327,424;326,426;326,429;327,430;327,433;327,434;326,437;327,438;326,441;326,443;326,445;326,446;326,449;326,450;327,453;327,455;327,457;327,459;327,461;327,463;326,464;327,466;327,469;327,470;327,473;327,475;326,477;327,478;327,481;327,482;326,484;327,487;326,489;327,491;327,493;327,494;327,497;326,498;326,501;326,502;327,505;327,506;326,509;327,510
329,1;328,2;328,4;329,7;328,9;329,11;329,13;328,14;328,17;328,18;329,20;328,23;329,24;329,26;329,28;329,31;328,32;329,35;328,36;328,39;328,40;329,42;329,45;328,47;328,49;329,50;328,52;328,55;328,56;329,58;329,61;329,62;329,65;329,67;329,68;328,70;328,72;328,75;329,76;329,79;329,81;328,82;328,85;328,86;328,89;329,91;329,92;329,94;329,97;328,99;328,100;328,103;329,105;329,106;329,108;329,110;329,113;329,115;328,117;328,119;328,120;329,123;329,125;329,127;328,128;329,130;328,132;329,134;329,136;329,139;329,140;329,143;329,145;328,147;328,148;329,151;328,153;328,154;328,156;328,158;328,161;328,163;329,165;328,167;329,168;329,171;329,173;328,174;328,177;329,179;328,180;329,182;328,184;328,186;329,188;328,190;329,192;328,194;328,196;328,198;328,200;329,203;328,205;328,206;329,208;328,210;328,212;328,215;329,217;329,219;328,221;329,223;328,224;328,226;329,228;328,230;328,232;329,235;328,236;328,239;329,241;329,242;328,245;328,247;328,248;329,251;329,252;329,254;329,256;328,258;329,261;329,262;328,264;329,267;329,269;329,270;329,273;329,274;329,276;329,279;328,280;329,283;328,284;329,286;329,288;329,291;329,292;329,294;329,297;329,298;328,300;328,303;328,304;329,306;329,309;329,311;329,313;329,315;329,316;328,318;328,321;328,323;328,325;328,326;328,329;328,331;328,332;329,334;329,336;329,339;329,340;328,342;329,345;328,346;328,348;329,350;328,353;328,354;328,357;329,358;329,360;329,363;328,364;328,367;328,369;328,370;328,372;329,374;328,377;328,379;328,380;329,382;328,385;328,387;328,388;328,391;328,393;328,394;329,396;328,398;328,401;328,402;328,404;328,406;329,408;329,411;328,413;328,415;328,416;328,418;329,421;329,422;328,425;328,427;328,429;328,430;329,432;329,435;329,436;328,439;328,441;328,442;329,444;328,446;328,448;329,451;328,452;329,455;328,456;329,459;328,461;328,462;328,465;328,466;328,469;329,470;328,473;328,475;328,476;329,479;328,481;328,483;328,485;328,487;328,489;329,490;329,493;329,495;329,496;329,499;329,500;329,503;328,504;328,506;328,509;329,511
330,1;331,2;331,4;331,7;331,9;331,10;331,12;330,15;331,17;330,18;330,20;330,23;330,24;331,27;330,28;331,30;331,32;330,35;330,37;330,39;330,41;330,42;330,44;330,46;330,48;330,50;330,52;331,55;331,57;330,59;330,60;331,63;331,65;331,67;330,68;330,71;331,72;330,75;331,76;331,78;331,81;330,82;331,84;331,86;331,89;331,91;330,93;331,94;330,97;330,99;331,101;330,103;331,104;330,107;330,108;330,110;330,112;331,115;331,117;330,118;331,120;331,122;330,124;330,127;331,129;330,131;331,132;331,134;330,136;330,139;331,141;330,143;331,145;331,146;330,149;331,150;331,152;330,154;330,157;331,159;331,161;331,163;330,164;330,166;331,168;331,171;330,173;331,174;330,176;330,179;330,181;331,183;331,184;331,187;331,189;331,190;330,193;331,195;331,197;330,198;331,200;330,203;330,205;331,206;330,209;330,210;331,212;330,214;330,217;331,219;331,221;330,223;330,224;330,226;330,228;331,230;331,233;330,235;330,236;330,238;330,240;331,242;330,245;330,246;331,249;331,251;331,253;331,254;331,257;330,259;330,260;330,262;330,264;331,266;330,269;330,270;330,272;330,274;330,277;331,279;330,280;331,282;330,285;331,286;330,288;330,291;331,293;331,295;330,296;331,298;330,301;331,303;331,305;331,306;330,309;330,310;330,313;330,314;331,317;330,319;331,320;330,322;330,325;330,326;330,328;330,330;331,333;330,335;331,336;331,339;330,340;331,342;331,344;330,347;331,349;331,351;331,352;330,354;330,356;331,358;331,361;330,363;330,365;330,367;331,369;330,370;331,373;331,375;331,376;331,378;330,380;330,383;331,385;330,387;330,389;331,391;330,392;331,395;330,397;330,398;330,401;331,403;330,404;330,407;330,408;331,410;330,413;330,414;330,417;331,418;330,420;331,423;330,425;331,427;331,428;331,430;331,433;330,434;330,437;331,438;330,440;331,443;330,445;330,446;330,448;331,450;330,452;330,454;331,457;331,459;330,461;331,462;330,465;330,467;331,468;330,471;330,473;331,474;331,476;331,479;330,481;330,483;331,485;330,487;330,489;330,490;330,493;330,495;330,497;330,499;331,501;330,503;330,505;330,506;331,509;330,511
333,0;333,2;333,4;332,7;332,9;332,11;333,12;332,15;332,17;333,18;333,20;332,23;333,24;332,27;332,28;332,30;332,32;333,35;332,37;333,38;333,40;333,42;333,45;332,47;332,48;332,50;332,52;333,54;333,56;332,58;333,60;332,63;332,65;332,67;333,68;333,70;332,73;332,75;333,76;333,79;332,81;333,82;332,85;333,86;333,88;332,91;333,93;333,94;332,97;333,98;333,100;333,102;333,105;332,106;333,108;333,110;332,112;333,115;332,117;333,119;332,120;333,123;332,124;332,126;333,128;332,130;333,132;332,135;332,136;333,139;333,140;333,143;332,145;333,147;333,149;333,151;333,153;333,155;332,157;333,158;333,161;332,162;333,165;333,167;333,169;332,171;332,173;332,174;332,177;332,179;333,181;332,182;333,185;332,186;332,188;333,190;333,192;332,195;333,196;332,199;332,200;333,202;333,204;333,207;332,209;333,211;333,212;332,214;332,217;332,219;332,221;333,223;332,224;333,226;333,229;333,230;333,233;333,234;332,237;333,239;332,241;333,242;333,244;332,247;332,249;332,251;333,252;333,254;332,257;333,258;333,261;333,263;332,265;333,267;332,268;333,270;332,273;332,275;333,277;332,279;332,281;332,282;332,284;332,287;332,288;333,290;332,292;332,294;333,296;333,299;332,301;332,302;332,304;333,307;332,309;333,310;333,312;333,315;333,317;332,318;333,320;333,322;333,324;333,327;333,328;332,331;332,332;332,334;333,336;333,339;333,341;332,342;333,345;333,347;332,348;333,350;332,352;333,354;333,357;333,359;332,361;333,363;333,365;332,366;333,368;333,370;333,373;333,374;332,377;333,378;333,381;333,383;332,384;332,386;333,388;332,391;332,393;332,394;332,397;333,398;333,401;332,403;333,404;333,406;333,408;332,410;332,413;333,415;332,417;332,419;333,420;333,422;332,424;333,427;333,428;333,430;332,432;332,434;333,436;333,438;333,441;333,443;333,445;332,446;332,449;332,450;333,453;333,455;333,457;333,458;332,460;333,463;332,465;332,467;333,468;332,470;332,472;332,474;332,476;333,479;332,481;333,483;332,484;333,487;332,489;333,491;332,493;332,494;333,497;333,498;332,500;332,502;333,504;333,507;333,508;333,510
334,1;334,2;334,4;334,7;335,9;335,10;335,12;334,15;334,16;335,18;335,21;334,23;335,25;335,27;334,29;335,31;334,32;335,35;335,37;334,39;335,40;335,42;335,44;334,47;335,48;334,51;335,52;335,54;335,57;334,59;335,60;335,63;334,65;334,67;335,68;334,71;335,73;335,75;334,77;335,78;335,80;334,82;334,84;335,86;335,88;335,90;334,92;334,94;335,96;335,99;335,101;334,103;335,105;335,107;335,108;334,110;334,112;335,115;334,116;335,119;335,120;334,123;335,124;335,127;334,129;335,130;334,133;335,135;335,137;334,139;334,140;334,143;334,145;334,146;335,148;335,151;334,152;334,154;335,156;335,159;335,161;335,162;335,165;335,167;335,169;335,171;334,173;335,175;335,176;335,178;335,181;335,182;335,185;334,186;335,189;334,190;335,192;335,195;335,196;335,198;335,200;335,202;335,205;335,206;334,209;334,211;335,212;335,215;334,217;335,218;334,221;334,223;335,225;334,227;335,228;334,230;335,233;335,234;334,237;335,239;334,241;335,242;334,244;335,246;334,249;334,251;334,252;335,254;335,257;335,258;334,261;334,262;335,265;334,266;335,269;335,271;335,272;335,274;334,277;335,278;335,281;334,282;334,284;335,286;335,289;335,290;335,293;335,294;334,296;334,298;334,301;334,302;335,304;334,307;334,309;334,311;335,312;335,314;335,317;334,319;334,320;334,322;335,324;335,327;335,329;334,330;334,333;334,335;335,336;335,338;335,341;334,342;334,345;335,346;334,348;335,350;335,353;335,355;335,357;335,358;334,361;334,363;335,364;334,367;335,369;335,370;335,372;334,374;335,377;334,378;335,381;335,382;335,385;334,386;335,388;334,390;334,393;334,395;334,396;335,398;335,400;334,402;334,404;335,406;334,408;335,411;334,412;335,415;335,416;335,419;335,420;335,423;335,425;335,426;334,428;335,430;334,432;335,435;334,436;335,438;335,441;335,443;335,445;335,447;334,449;335,451;334,452;334,454;335,456;335,458;334,460;334,463;335,464;334,467;335,468;334,471;335,473;335,474;334,476;334,478;335,481;334,482;334,484;335,487;334,489;334,490;335,492;335,494;335,497;335,498;334,501;335,502;334,504;335,507;335,508;334,511
337,1;336,3;336,5;336,6;337,9;336,11;336,13;336,15;337,16;336,18;336,20;337,22;336,24;337,26;337,29;336,30;337,32;337,35;337,37;337,39;337,40;337,43;337,44;337,46;336,49;337,50;337,52;336,55;337,57;336,59;337,60;336,63;336,65;337,67;337,69;336,71;336,73;336,75;336,77;336,79;337,80;336,83;336,84;336,87;336,88;336,91;336,93;337,94;336,97;337,99;337,100;337,102;336,104;337,107;336,109;336,111;336,112;337,115;336,116;336,118;336,121;336,122;337,124;337,127;337,129;336,130;336,132;336,134;336,136;337,138;336,140;336,143;336,144;337,147;336,148;336,151;336,153;337,155;336,157;337,159;336,160;336,163;337,164;337,167;336,168;336,171;336,173;336,174;337,177;337,179;337,181;337,182;337,185;336,187;337,188;337,191;337,192;336,195;336,197;336,198;337,201;336,202;337,205;337,207;336,209;337,210;337,212;336,214;337,217;336,218;336,221;337,223;336,225;337,227;336,229;336,230;337,233;337,234;337,237;336,239;337,241;337,242;337,245;336,246;336,249;336,251;336,252;336,255;336,256;337,258;337,261;337,262;337,265;336,266;337,269;336,271;337,272;337,274;337,276;337,278;337,280;336,282;336,285;336,286;336,288;336,291;336,292;336,294;336,296;336,299;337,300;336,302;337,305;336,306;336,308;336,311;336,312;337,314;336,317;336,319;337,321;336,323;336,324;336,326;337,329;337,330;337,333;336,335;336,337;336,339;336,340;336,343;336,345;337,347;336,349;337,351;336,352;337,355;337,357;337,358;337,361;336,362;337,365;336,366;337,369;336,371;336,372;336,375;337,376;337,378;336,381;336,382;336,385;337,386;337,388;337,390;336,392;337,395;336,396;336,399;337,400;336,402;337,405;337,406;337,409;337,411;336,413;336,415;337,417;336,419;336,420;337,423;337,424;336,426;336,429;336,430;336,433;337,434;337,436;336,438;336,441;337,442;337,445;337,446;337,448;337,451;337,452;336,455;337,456;336,459;336,461;337,463;337,464;336,466;337,468;337,470;336,473;336,474;337,476;337,478;337,480;336,483;336,485;337,487;337,489;336,490;337,493;336,494;337,497;336,499;337,501;336,502;337,505;336,507;337,508;337,511
339,0;339,2;339,4;339,6;339,9;338,10;338,13;338,15;339,17;338,18;338,21;339,22;338,25;338,27;339,28;338,31;338,32;339,35;339,37;338,39;338,40;339,43;338,44;338,46;338,49;338,50;338,52;338,54;338,57;339,59;339,60;339,62;339,64;338,66;339,69;338,71;339,73;339,75;339,76;339,78;338,80;339,83;338,85;338,87;339,88;339,90;338,93;338,94;338,96;339,98;339,100;339,103;339,105;338,107;338,108;339,110;338,112;338,114;338,117;339,118;338,120;338,123;339,124;339,126;338,129;338,130;338,132;338,134;338,137;339,138;338,141;338,143;338,144;338,146;338,149;338,151;339,153;339,154;339,156;338,158;338,161;339,163;338,165;338,166;338,169;339,171;339,172;338,175;339,177;339,178;338,181;339,182;339,184;339,187;339,188;338,191;339,193;338,195;339,197;339,198;339,200;338,202;338,204;338,206;339,208;338,210;338,213;338,214;338,217;339,218;338,221;339,222;338,225;338,227;338,228;338,231;338,233;339,234;338,236;338,238;339,240;338,242;339,244;338,246;339,249;339,251;339,252;338,255;339,256;339,258;339,261;339,263;339,265;338,266;339,268;338,271;339,273;339,274;339,277;338,278;339,280;339,282;338,284;339,287;339,288;338,291;338,292;339,295;339,297;338,298;339,301;339,302;339,304;339,307;338,309;339,311;338,313;339,315;338,317;338,318;339,321;339,322;339,324;338,327;338,329;338,330;338,332;339,334;339,337;338,339;338,341;338,343;339,345;339,347;338,348;339,350;338,353;339,355;339,356;338,359;339,360;338,363;338,364;338,366;338,369;339,370;339,373;338,374;339,376;339,378;338,380;338,382;338,384;338,386;339,388;339,390;338,392;338,395;338,396;339,398;339,401;339,402;339,405;338,407;338,409;339,411;339,413;338,415;338,417;338,418;338,421;338,423;339,425;339,426;339,428;339,430;339,433;339,434;339,436;339,438;338,440;339,442;338,445;339,446;339,449;338,451;338,452;339,455;339,457;338,459;338,461;339,462;339,464;339,467;339,469;338,470;339,473;338,474;339,477;338,478;339,480;338,483;338,484;338,486;339,488;339,490;339,492;338,494;339,497;338,499;339,500;339,503;339,504;339,506;338,508;338,511
340,0;340,3;341,4;340,7;341,9;341,11;340,13;341,14;340,17;340,18;341,20;340,23;340,24;341,27;340,29;341,30;340,32;340,35;340,37;340,38;340,40;340,42;340,45;340,47;340,49;340,51;341,52;341,54;341,56;340,59;340,61;340,63;340,65;341,67;341,68;341,70;341,72;341,74;340,76;341,78;341,80;341,83;340,84;341,86;340,89;341,90;340,92;340,94;340,96;341,99;340,101;340,102;341,104;341,106;340,108;341,111;340,113;341,115;341,116;341,119;341,121;340,123;341,125;341,126;340,128;340,130;341,132;341,134;340,136;340,138;340,140;340,143;341,145;341,147;341,149;340,151;340,153;340,154;341,156;340,158;340,161;340,163;341,165;341,167;340,168;341,171;341,172;341,174;340,176;341,178;340,181;340,183;341,185;341,187;340,189;340,190;340,193;341,195;341,197;340,198;340,200;341,203;341,204;340,206;341,208;341,210;340,213;340,215;340,217;340,218;340,221;340,222;341,225;340,226;341,229;341,231;341,233;340,234;340,237;340,239;340,241;341,243;340,245;340,247;340,249;341,251;341,252;341,254;340,256;341,258;340,260;341,262;341,264;341,266;340,269;341,270;341,272;341,275;340,277;340,278;340,281;340,282;340,285;340,287;340,289;340,291;341,292;340,294;340,297;341,298;340,301;341,302;341,305;341,306;340,309;341,310;341,313;340,315;340,316;340,319;341,321;340,323;341,324;341,326;341,328;341,331;341,333;341,334;340,337;341,338;340,341;340,343;340,345;340,347;340,348;340,350;340,352;341,354;340,357;341,358;340,360;341,363;341,364;341,367;340,368;340,370;340,373;340,375;341,377;340,379;340,381;340,382;341,384;340,386;341,388;340,391;341,392;340,394;340,396;340,398;340,400;341,403;340,404;340,406;341,409;340,410;340,413;340,415;340,416;341,419;340,421;340,422;341,425;340,426;341,428;341,430;341,433;340,435;340,436;341,438;340,441;340,442;341,445;341,446;341,449;340,451;340,452;341,454;341,457;341,458;340,461;341,462;340,465;341,467;340,468;340,471;341,473;341,474;341,477;341,479;341,481;340,482;341,484;341,486;340,489;340,490;341,492;340,495;340,497;341,499;340,501;340,502;340,505;341,506;341,508;340,511
343,0;342,3;343,5;343,7;342,8;342,11;342,12;342,14;342,17;342,19;343,21;343,23;342,24;342,26;343,29;343,30;342,33;342,34;342,37;343,39;342,40;342,42;343,44;343,47;343,49;342,50;343,53;342,54;342,57;342,59;342,61;342,63;342,65;343,66;342,69;342,71;343,73;343,75;343,76;342,78;342,80;342,83;342,85;342,87;342,88;342,90;342,93;342,94;342,97;343,99;342,101;342,102;343,104;342,107;343,109;342,111;343,112;343,114;342,116;343,119;343,121;343,123;343,124;343,126;342,128;343,130;343,133;343,134;343,136;342,139;343,140;342,142;342,144;343,146;343,148;343,150;343,152;342,155;342,156;342,158;342,160;342,162;343,165;343,166;343,168;342,170;342,172;342,175;342,176;342,178;342,180;343,182;342,185;343,186;343,189;343,191;342,193;343,194;342,196;343,199;343,201;343,202;343,205;342,207;343,208;343,211;342,212;342,215;342,217;343,219;343,220;343,223;342,225;343,227;342,229;343,230;343,232;343,235;343,237;343,239;343,240;343,242;342,245;342,247;343,249;342,250;343,252;343,254;343,257;343,258;343,260;343,262;343,264;342,267;343,269;342,271;342,273;342,274;342,277;342,279;343,280;342,282;343,285;342,287;343,289;343,290;342,293;342,294;342,297;343,299;342,301;343,302;342,304;343,306;342,308;343,310;342,312;343,314;343,316;342,319;343,320;342,322;343,325;343,326;342,329;342,330;343,333;343,334;342,336;343,338;342,340;342,343;342,345;342,346;343,349;342,350;343,353;342,354;342,357;342,358;342,360;342,363;342,364;343,366;343,368;343,370;343,372;342,374;343,376;342,379;343,380;342,382;342,385;343,387;342,388;343,391;343,393;342,395;343,397;343,399;343,401;343,403;343,405;343,407;342,408;342,410;342,413;342,415;342,417;342,418;343,420;343,422;343,424;342,426;342,428;343,430;343,433;342,435;342,437;343,439;343,441;342,443;342,445;343,447;343,449;342,451;342,452;342,454;342,456;342,458;342,460;342,463;343,464;342,466;342,469;343,470;343,473;343,475;343,476;343,479;342,481;343,482;342,485;342,487;342,489;342,490;343,492;343,494;342,496;342,498;342,501;342,503;342,504;342,507;342,508;343,511
345,1;345,3;345,5;344,7;344,9;344,11;345,12;345,15;345,17;344,18;345,21;344,23;344,24;345,27;345,29;344,30;344,32;344,35;345,37;345,38;345,40;345,42;345,44;345,46;345,49;345,50;344,53;344,54;345,56;345,59;345,60;344,62;344,65;345,67;344,68;345,70;344,72;344,74;344,76;344,79;345,81;344,82;344,85;345,87;345,89;344,90;345,93;345,95;344,97;344,98;344,100;344,103;345,105;344,106;344,109;344,111;345,112;344,115;344,117;345,118;345,120;345,123;344,124;345,127;345,129;344,131;345,133;344,135;344,137;344,138;345,140;344,142;345,144;344,146;344,148;345,150;344,152;345,155;345,157;345,159;345,160;345,163;344,164;345,166;345,169;345,171;345,173;345,174;344,176;345,179;345,180;344,183;344,185;344,187;345,189;344,190;344,193;344,194;344,197;345,198;345,200;345,202;345,204;344,207;344,209;345,210;344,212;345,214;344,216;344,219;345,221;344,223;344,225;344,226;345,229;344,230;345,233;345,234;345,237;345,239;345,241;345,243;345,245;345,246;344,249;344,250;345,252;344,254;345,256;344,259;344,261;344,262;345,264;344,267;345,269;344,271;344,272;344,274;344,277;345,279;344,280;344,283;344,285;344,286;344,289;345,291;344,292;345,295;345,296;345,298;345,300;345,303;344,305;345,307;344,308;344,311;345,313;344,315;344,317;345,318;344,321;344,322;345,325;344,326;345,328;344,330;344,333;345,335;344,336;345,339;345,341;344,343;345,345;345,346;345,348;344,350;345,352;344,354;345,356;345,358;345,361;345,362;345,364;345,366;345,368;345,371;345,372;344,375;344,377;345,378;345,380;344,382;344,385;344,387;344,388;344,390;345,393;344,394;344,396;345,399;345,401;344,403;344,404;345,407;345,408;345,411;345,413;344,415;345,416;345,418;344,421;345,423;345,425;344,426;344,428;345,430;344,432;345,434;344,437;344,439;344,440;344,442;345,444;344,446;344,448;345,451;344,453;344,455;344,456;344,458;344,461;345,463;344,465;344,466;345,468;344,471;345,472;344,474;344,476;345,478;345,481;344,482;345,484;345,486;345,488;344,491;344,492;344,494;344,497;345,498;345,500;345,503;344,504;345,506;344,508;345,510
346,0;347,2;346,5;346,7;346,9;347,11;347,12;346,14;346,16;346,18;347,21;346,23;346,24;346,27;347,29;346,30;347,32;346,35;347,37;346,38;347,40;346,42;347,45;347,47;347,49;346,50;347,52;347,55;346,56;347,59;347,60;347,63;346,65;347,67;347,68;346,70;346,72;347,74;346,77;347,79;347,81;346,82;347,85;347,86;347,89;346,91;346,92;346,94;346,96;346,99;346,101;347,103;347,104;347,106;346,108;346,110;347,112;346,115;346,117;347,118;346,120;346,123;347,124;347,127;347,129;346,130;346,133;347,134;347,136;346,138;346,140;346,143;346,144;347,147;347,148;346,150;347,152;346,155;347,157;346,158;347,161;346,162;346,165;346,166;347,168;346,171;346,173;347,174;347,177;346,179;346,181;346,182;346,184;346,186;347,188;347,191;347,192;346,195;346,196;346,199;346,200;347,203;347,204;347,207;347,209;347,211;347,213;347,215;346,216;347,218;346,221;347,223;346,224;346,226;347,229;346,230;347,232;346,234;346,236;347,238;347,241;346,242;347,245;346,246;346,248;346,251;346,252;346,255;347,256;347,258;346,260;346,262;347,265;346,266;346,269;347,271;347,272;346,275;347,276;346,279;347,281;347,283;347,285;347,287;346,289;346,291;347,293;346,295;347,296;346,298;346,301;346,302;347,304;346,307;346,308;346,311;346,312;347,315;346,316;346,319;346,321;347,322;347,324;346,326;346,328;347,331;347,332;346,335;346,336;346,338;347,340;346,342;346,344;346,347;347,348;346,351;346,352;347,354;347,356;346,358;346,361;346,362;347,364;346,367;346,368;346,371;347,373;347,375;347,377;346,378;347,380;347,383;346,385;346,386;347,388;346,391;346,392;346,395;347,396;347,399;347,400;347,402;347,405;346,406;346,409;347,411;346,413;346,414;346,417;346,418;347,420;347,422;347,425;346,427;346,429;347,431;347,432;347,435;346,436;346,439;347,440;346,442;346,445;346,446;347,449;347,450;346,453;347,455;347,457;346,459;346,460;347,462;346,465;347,466;347,469;347,470;347,473;346,474;347,477;346,478;346,481;346,483;346,485;347,486;346,488;346,491;347,493;346,495;347,497;346,498;347,500;347,503;346,505;347,506;346,509;346,511
349,1;349,3;348,5;349,6;348,8;349,11;349,12;348,15;348,16;349,19;349,21;348,22;349,24;349,26;348,29;348,31;348,33;348,35;349,37;349,38;348,40;348,42;348,44;349,47;349,49;348,50;348,53;349,55;348,56;348,58;348,61;349,62;349,65;349,67;349,69;348,71;349,72;348,74;348,76;349,79;348,81;348,83;348,85;349,87;348,89;349,91;349,92;348,94;349,97;348,98;348,101;348,103;348,104;348,106;348,109;348,111;349,113;348,114;349,116;348,118;349,121;348,123;348,125;348,126;348,129;348,130;348,132;349,134;349,136;349,139;348,141;348,143;349,145;349,147;349,148;349,151;349,152;348,154;349,156;348,159;348,160;348,162;348,165;349,167;348,169;349,171;349,172;349,174;348,176;348,178;348,181;349,182;348,184;348,186;348,188;349,190;349,193;349,195;349,196;349,199;349,201;348,202;348,205;349,206;348,209;349,211;348,213;348,214;349,217;349,219;348,220;348,222;349,225;349,227;349,229;348,230;348,232;348,234;348,237;349,239;348,241;348,243;349,245;349,246;348,249;349,250;348,253;348,254;349,256;348,258;348,260;348,263;349,265;349,266;348,268;349,270;348,272;348,275;349,276;349,279;349,280;348,283;349,285;349,286;348,288;348,290;349,292;348,295;349,297;349,298;348,300;348,303;348,304;348,307;349,309;349,311;349,312;348,314;348,316;348,318;349,321;349,322;349,324;349,327;349,329;348,330;349,333;348,335;349,336;348,339;349,341;348,343;349,345;348,346;348,348;349,351;348,352;348,355;348,357;348,359;348,361;348,363;348,364;348,366;349,369;348,371;349,373;348,374;349,376;349,379;349,380;349,383;348,384;348,386;348,389;349,391;349,392;349,394;348,397;348,399;348,400;349,403;349,405;349,407;349,408;348,410;349,413;349,415;348,417;349,419;349,420;349,423;348,425;348,427;349,428;348,431;348,432;349,434;349,437;349,439;349,440;349,442;349,445;348,446;349,449;349,450;348,453;348,454;349,456;348,459;349,461;349,462;349,464;349,466;348,469;348,471;348,473;349,474;349,476;348,479;348,481;349,482;349,484;349,486;349,489;348,491;349,493;349,495;349,496;349,499;349,500;349,503;348,504;349,506;348,508;348,511
350,1;351,3;351,5;351,7;350,8;351,10;350,12;351,14;351,16;351,19;351,21;351,23;350,24;351,26;351,29;351,30;351,32;351,35;351,37;351,38;350,40;350,42;350,45;350,46;350,49;351,51;350,52;350,54;350,56;350,58;351,60;351,62;350,64;351,67;350,68;351,70;350,72;350,75;350,77;351,78;351,81;350,82;351,84;350,87;351,88;350,91;350,93;351,95;350,97;350,98;351,100;351,103;351,104;351,107;350,108;350,111;350,113;350,115;350,117;351,119;350,121;350,122;351,124;350,127;350,129;350,130;350,132;351,134;350,137;350,138;350,141;350,142;351,144;351,147;351,149;350,151;350,153;351,154;350,157;351,159;351,160;351,163;351,165;350,166;350,168;351,171;351,173;350,175;350,177;351,178;351,181;350,183;350,184;351,187;350,189;350,191;350,193;350,194;351,196;350,198;350,200;351,202;351,204;350,206;351,209;350,211;351,213;350,215;351,216;351,219;350,221;351,223;351,224;351,226;350,228;350,231;350,232;350,234;350,236;351,239;350,240;350,242;350,245;351,246;351,249;350,250;350,253;351,254;351,257;350,259;350,260;351,263;350,264;350,267;350,269;350,271;351,272;351,274;351,277;350,279;351,281;351,282;351,285;351,286;350,289;350,291;350,292;351,295;350,297;351,299;350,300;351,302;350,305;350,306;350,309;351,311;350,312;350,315;350,317;351,318;350,320;351,322;350,325;350,326;351,328;351,331;351,332;351,335;350,336;350,338;350,340;350,342;351,345;350,347;351,349;350,350;350,353;351,354;351,357;351,359;351,361;351,362;351,365;350,367;351,369;350,371;351,372;351,374;350,376;350,379;351,380;351,382;350,385;350,386;350,389;351,390;351,393;350,395;351,396;351,398;350,400;351,403;351,404;350,407;351,409;351,410;351,413;350,414;351,416;351,418;350,420;351,422;351,425;351,427;351,428;350,430;351,433;350,434;350,437;351,439;350,440;351,442;351,445;351,446;351,449;350,451;350,453;351,454;350,456;351,459;350,460;351,462;351,464;351,466;351,469;350,471;350,473;350,474;350,477;351,478;351,481;351,483;350,484;350,487;350,489;351,491;351,492;350,494;351,497;351,499;350,500;351,503;351,504;350,507;350,509;351,511
352,0;353,3;353,4;352,7;352,8;353,11;352,12;353,14;352,16;352,19;352,21;352,23;353,25;352,26;352,29;353,30;353,33;353,35;353,36;353,38;353,40;352,43;352,45;352,47;352,49;352,51;353,53;353,54;353,57;352,58;353,61;353,63;352,64;352,66;352,68;353,70;352,73;353,75;353,76;352,79;352,81;352,82;352,84;352,86;353,89;353,90;353,92;353,95;353,96;352,98;353,101;352,103;353,105;353,106;353,108;352,110;352,113;353,114;353,116;353,118;352,120;352,123;353,124;353,127;352,128;352,130;353,133;352,134;353,136;353,139;353,141;353,142;352,145;352,147;352,148;353,151;352,152;352,154;353,157;353,159;352,160;352,162;353,165;353,166;353,169;353,170;353,172;352,175;353,177;352,179;352,181;352,183;353,184;352,187;352,188;353,190;353,193;352,194;353,197;352,198;353,201;353,203;353,205;353,206;353,208;352,210;352,213;352,214;352,217;353,219;353,221;352,223;353,225;352,226;352,229;352,231;352,232;353,234;352,237;353,239;353,241;353,242;352,245;352,246;353,248;352,250;352,252;353,255;352,256;353,258;352,261;352,263;353,264;352,267;352,268;352,271;352,273;352,275;352,277;353,279;352,281;353,282;352,285;352,286;353,288;352,290;353,293;352,294;353,296;353,299;353,300;352,302;353,305;352,307;353,308;352,310;352,312;352,314;352,317;352,318;352,320;353,322;352,325;352,327;352,329;353,330;352,332;352,335;352,337;352,338;352,340;353,342;353,344;353,347;352,349;353,351;353,352;352,355;352,356;353,358;352,361;353,363;353,364;353,367;352,369;353,370;352,372;352,375;353,376;352,378;353,380;353,383;352,384;352,386;353,388;352,391;352,392;352,394;353,397;353,398;353,401;353,403;353,404;353,407;353,409;353,411;352,413;352,414;352,416;352,419;352,421;353,422;352,425;352,426;353,428;352,430;353,432;352,435;352,437;353,439;353,441;353,442;353,444;352,447;352,448;353,450;352,452;352,455;353,456;353,459;353,461;353,463;353,465;353,467;353,469;352,470;353,472;352,474;352,477;352,479;353,480;352,483;352,485;352,487;352,488;353,491;353,492;353,494;353,496;353,498;352,500;352,502;353,505;352,507;352,508;352,511
355,0;355,3;355,4;354,6;354,8;354,10;354,12;355,14;354,17;354,19;355,21;354,23;354,25;354,27;354,29;355,30;354,33;355,35;355,37;355,38;354,41;354,43;355,45;354,46;354,49;355,51;354,52;355,54;354,56;354,59;354,60;354,63;355,65;355,66;354,68;354,71;354,73;355,74;355,77;355,78;354,81;354,82;354,84;355,86;355,88;354,91;354,92;354,94;355,97;355,98;354,101;355,103;354,105;354,107;355,109;355,110;355,112;354,114;354,116;355,118;355,121;354,123;354,125;354,127;355,129;354,131;354,133;355,134;354,137;355,138;354,140;354,142;355,145;354,147;355,148;354,151;355,153;355,155;355,156;354,158;355,161;355,162;355,164;355,166;355,168;354,170;355,172;355,174;354,177;354,178;355,181;355,182;355,184;354,186;355,188;354,190;355,192;355,195;355,197;354,199;354,200;355,203;354,204;355,207;354,209;355,211;354,213;355,214;354,216;354,218;354,220;355,222;354,225;355,226;355,229;354,231;354,232;355,235;354,236;355,239;354,241;354,243;355,244;355,246;354,248;354,250;355,253;355,255;355,256;354,259;355,261;354,263;355,264;355,267;355,269;355,271;354,273;355,274;355,277;354,278;355,281;355,283;355,285;354,287;355,289;355,290;355,292;355,295;355,296;354,299;355,301;354,303;354,305;354,306;354,308;355,310;354,312;355,314;355,316;354,319;355,321;355,323;355,325;355,327;354,328;354,330;354,332;354,335;355,337;355,338;355,340;355,342;354,344;355,347;354,348;354,350;355,352;355,354;355,356;354,359;354,361;355,362;355,364;355,367;355,368;355,370;355,373;355,375;355,376;354,378;355,381;355,382;354,385;354,387;354,388;354,391;354,393;354,394;354,397;354,398;355,400;355,402;354,404;355,406;354,409;355,411;355,413;354,414;354,417;354,419;355,420;355,422;355,425;354,426;354,429;355,430;355,433;355,434;355,437;355,439;354,441;355,443;354,444;355,447;354,448;355,450;354,453;355,455;354,456;355,458;355,461;355,462;354,465;354,467;355,468;354,470;355,472;355,474;354,477;354,478;354,481;355,482;355,485;354,486;355,488;354,491;355,492;354,495;354,496;354,498;355,501;354,502;354,505;354,507;354,508;355,510
356,1;357,3;357,5;356,7;357,9;356,10;356,13;357,14;356,17;356,18;356,21;357,22;357,24;357,27;356,29;356,30;357,32;357,35;357,37;357,38;356,40;356,42;357,44;357,46;357,48;356,51;357,53;357,54;356,56;357,59;357,60;357,62;356,65;356,67;357,69;356,70;356,72;357,74;357,76;356,78;356,81;357,83;356,84;356,86;357,88;357,90;357,92;356,95;356,96;357,98;357,101;356,102;356,104;356,106;356,109;357,111;357,112;356,114;356,117;356,118;357,121;356,123;357,125;357,127;357,129;357,131;356,133;356,134;357,137;356,138;357,141;357,143;357,145;356,146;357,149;357,150;356,152;356,154;356,156;357,159;356,161;357,163;356,165;356,166;356,169;356,171;357,173;357,174;356,177;356,179;357,180;357,182;356,184;357,186;357,189;357,191;357,193;357,195;357,197;356,199;356,201;357,203;357,204;357,207;357,209;356,211;356,212;357,214;356,217;357,219;356,220;357,222;356,224;356,227;357,229;356,230;356,233;356,235;356,236;357,238;356,241;356,243;356,245;356,246;357,248;357,250;356,252;357,254;357,257;357,258;357,260;357,262;357,264;357,267;357,269;356,270;357,272;356,274;357,277;357,278;356,281;356,283;357,285;357,287;356,289;356,290;356,292;356,295;356,297;356,298;357,301;356,302;356,304;357,306;357,309;357,310;356,313;357,314;357,316;356,318;356,320;356,322;356,325;356,326;356,329;357,331;356,332;357,334;356,337;356,339;357,340;356,342;357,344;356,346;357,348;356,351;357,353;356,355;356,357;356,359;357,361;357,363;357,365;357,367;356,369;356,370;356,372;356,374;357,376;356,378;356,381;357,382;356,384;356,386;356,388;356,390;356,393;357,394;357,397;356,399;357,400;356,402;356,404;356,406;356,409;356,411;357,413;356,415;357,417;356,419;357,421;356,422;356,425;357,426;356,428;356,430;357,432;356,435;356,437;357,438;356,441;357,442;356,444;357,447;357,449;356,450;356,452;356,454;356,456;356,459;357,460;357,463;356,464;357,466;356,468;356,471;356,473;357,475;356,476;357,478;356,480;356,483;357,484;356,487;357,489;357,490;356,493;357,494;357,496;357,498;357,501;357,502;357,504;357,506;357,508;357,510
358,0;359,3;358,4;359,7;359,8;359,11;359,12;358,14;359,17;358,18;359,21;359,23;359,24;359,26;358,29;358,30;358,32;359,35;359,36;359,38;359,41;359,42;359,44;359,46;358,48;359,50;359,53;359,55;358,56;359,59;359,61;359,62;358,65;358,67;359,68;359,70;359,72;358,74;358,77;359,78;358,81;359,83;358,84;358,86;358,88;359,90;358,93;359,95;358,97;358,99;358,100;359,103;358,104;359,107;358,108;358,111;359,112;358,114;358,117;358,119;359,121;358,123;359,124;358,127;358,129;358,130;359,133;358,134;359,136;359,138;358,141;359,143;359,145;359,146;358,149;358,150;359,152;359,155;358,156;358,158;359,161;358,163;359,164;358,166;358,168;359,171;358,173;358,174;359,176;359,179;359,181;358,183;358,184;359,187;359,188;359,191;358,193;358,194;358,197;358,199;358,200;358,203;359,205;359,207;358,209;358,210;358,212;358,214;359,217;358,218;358,221;359,222;359,224;359,226;358,229;358,230;359,233;358,234;358,237;358,238;359,241;358,242;359,245;359,247;358,249;358,250;359,253;358,254;358,257;359,258;358,261;358,263;359,264;359,267;359,269;359,270;358,273;358,275;358,277;359,278;359,281;358,282;358,284;358,287;358,288;359,291;359,292;358,294;359,297;358,299;359,300;358,302;358,304;358,306;359,309;359,310;359,313;358,315;358,316;358,318;359,321;359,323;359,325;359,327;359,328;359,331;359,333;358,334;359,336;358,338;358,340;358,342;358,344;358,347;358,349;359,351;358,353;359,354;359,356;359,359;358,360;359,362;359,364;358,366;359,368;358,370;358,373;358,374;359,376;359,378;358,381;358,382;359,385;359,387;358,388;359,390;359,392;359,395;359,396;359,399;358,400;358,402;359,405;359,406;359,408;359,410;358,413;358,415;358,416;358,419;358,420;359,423;358,425;359,426;359,429;358,430;359,432;358,435;358,437;358,439;359,440;359,443;359,444;359,446;358,449;358,450;359,453;359,454;358,457;359,459;359,460;359,463;359,465;358,466;358,468;359,471;358,473;358,475;359,477;358,479;358,481;358,482;359,484;359,487;359,488;358,490;359,492;359,494;358,496;359,498;358,500;358,503;359,504;358,507;359,509;359,511
360,0;361,2;360,4;361,6;360,8;360,10;360,12;361,15;360,17;361,18;360,20;361,23;360,24;361,27;360,29;361,31;361,32;361,34;361,37;361,38;360,41;361,42;360,45;361,47;360,48;361,51;360,53;360,54;361,56;361,59;361,61;361,63;361,65;361,67;361,68;361,70;361,72;360,75;361,76;360,78;361,81;361,82;360,84;361,86;360,88;360,90;361,93;360,95;361,97;361,99;361,100;360,102;361,105;360,107;360,109;361,111;361,112;361,114;360,116;361,118;361,120;361,122;361,125;361,127;361,128;360,131;360,132;361,135;360,137;361,139;361,140;360,142;361,145;360,147;361,149;360,151;361,153;360,154;361,157;360,159;360,160;360,162;360,165;360,167;361,169;360,170;361,173;360,175;361,176;361,178;361,181;360,182;360,184;361,187;361,189;361,191;361,193;361,195;361,196;361,198;360,200;360,202;361,205;360,207;360,209;360,211;360,212;360,215;360,216;360,219;361,220;360,222;361,225;361,227;360,229;360,231;360,233;360,235;361,236;360,239;361,241;361,243;361,245;361,247;360,248;360,251;360,253;360,254;361,256;360,258;360,260;360,262;360,265;360,266;360,268;361,270;360,272;360,274;360,276;361,279;361,281;360,283;360,284;361,286;360,289;361,291;361,292;361,294;361,296;361,299;360,300;360,303;360,305;361,306;361,309;360,310;361,312;361,314;361,316;360,318;361,320;360,323;360,325;360,326;361,329;360,330;360,332;361,335;361,336;361,338;361,341;360,342;360,345;361,347;360,349;360,350;361,353;361,354;361,356;361,358;361,361;360,362;361,364;360,366;360,369;360,370;360,372;360,375;360,377;360,378;361,380;360,383;361,385;361,387;361,389;360,391;361,393;360,394;360,397;361,398;360,401;361,402;361,405;360,406;360,408;361,411;361,413;361,415;361,417;361,418;360,420;360,422;360,425;360,426;361,429;361,431;360,432;360,434;361,436;360,438;360,441;360,442;360,444;360,446;361,449;361,450;361,453;361,455;360,456;360,458;360,460;360,463;360,464;360,467;361,468;361,470;360,472;360,475;360,476;360,479;361,481;361,482;361,485;360,486;360,489;361,490;361,492;360,495;361,496;361,498;360,500;361,503;361,505;361,507;361,508;361,510
362,0;362,3;363,4;362,7;362,8;363,10;363,13;363,15;363,17;362,19;362,21;363,23;362,24;362,27;362,28;362,30;363,33;363,35;363,37;363,38;363,40;363,43;363,45;363,47;363,49;363,50;362,52;363,54;362,57;362,59;363,60;363,63;362,64;363,66;363,68;363,71;362,72;362,75;362,76;362,79;362,81;362,83;363,84;362,87;363,89;363,90;362,92;362,95;363,97;362,98;362,100;362,102;362,104;363,107;363,108;363,110;363,112;363,114;363,116;362,118;363,121;363,123;362,124;363,126;363,129;362,130;362,132;362,134;363,136;363,139;363,140;363,143;362,145;362,146;362,149;362,150;363,153;363,155;362,157;362,158;363,161;363,163;363,164;362,167;363,169;363,171;363,173;362,175;363,176;362,178;362,181;363,183;363,185;362,186;362,188;363,191;363,193;363,195;363,196;362,198;362,200;363,203;363,204;363,206;362,208;362,210;363,212;362,215;362,217;363,218;362,220;363,223;362,225;363,227;362,229;362,231;363,232;362,235;363,236;363,239;362,240;362,243;362,245;363,246;362,249;363,250;362,252;362,254;362,256;362,258;363,260;362,262;363,265;362,267;362,269;363,270;363,273;362,274;362,277;362,279;363,280;362,282;362,284;362,286;363,288;363,290;362,292;362,295;362,296;363,298;363,300;362,302;363,304;362,306;363,309;362,310;362,313;363,314;362,316;363,318;363,320;362,323;362,324;362,327;362,328;363,330;362,332;362,335;363,337;363,338;363,340;362,342;362,345;363,347;362,348;363,351;363,352;362,354;363,356;363,358;363,361;363,362;363,364;362,366;362,369;363,370;362,373;362,374;362,377;363,378;362,380;362,382;363,385;362,387;362,388;363,390;363,393;362,394;363,397;363,399;363,401;362,403;362,405;363,407;363,408;362,411;362,413;362,414;363,416;363,418;363,421;363,422;363,425;362,426;362,429;362,430;363,433;363,434;362,436;362,439;362,440;362,442;363,444;363,446;362,448;363,451;363,453;362,454;363,457;362,459;363,460;363,462;362,464;362,467;362,468;362,471;363,472;362,475;362,477;363,478;362,481;363,482;362,485;363,486;363,489;363,490;362,492;362,494;362,496;362,499;363,501;363,503;363,504;362,506;362,508;362,511
364,1;364,3;365,4;364,6;364,9;364,10;365,12;364,15;364,16;365,19;365,20;365,23;365,25;364,26;365,29;365,30;364,33;365,35;364,36;365,39;365,40;365,43;365,45;365,47;364,49;365,50;365,52;365,55;365,57;365,58;364,61;365,63;364,65;365,66;365,68;364,71;364,73;365,74;365,76;365,79;364,80;364,83;364,85;365,86;365,89;365,91;365,92;365,95;365,96;364,99;364,101;365,102;365,104;364,106;364,109;364,110;364,113;365,115;365,116;364,119;365,121;365,123;364,124;365,127;364,128;364,130;364,132;364,135;364,137;365,139;365,141;365,142;365,145;364,147;364,149;365,150;364,152;364,155;365,157;364,159;364,160;365,163;365,164;365,167;364,169;365,171;365,173;365,174;365,176;364,179;364,180;364,183;365,185;365,187;364,188;364,191;365,192;365,195;364,197;364,198;365,200;365,202;365,204;364,207;364,208;365,211;364,213;365,215;365,216;364,218;364,221;364,222;365,225;364,226;365,228;365,230;364,232;365,234;365,237;365,238;364,241;365,243;365,244;364,246;364,248;365,250;365,252;365,254;365,256;365,258;365,260;364,262;364,265;365,267;365,269;365,270;364,272;365,275;365,276;365,278;365,280;365,282;365,285;365,287;365,289;365,290;364,292;365,294;365,297;364,298;365,301;365,303;365,305;365,306;365,308;365,311;364,313;364,314;364,317;364,319;364,320;364,323;365,324;365,327;365,329;365,331;365,332;365,335;364,336;364,338;365,341;364,342;364,345;364,347;365,348;364,350;364,352;364,354;365,357;365,358;365,361;365,363;364,364;364,367;364,368;364,371;364,372;364,374;364,376;364,378;364,380;365,382;364,385;365,387;365,389;364,390;365,393;365,395;364,397;365,398;365,401;364,403;365,404;364,406;365,408;364,411;365,412;365,414;365,416;365,419;364,421;364,422;364,425;365,427;365,429;365,430;365,433;364,435;365,437;365,439;364,440;365,442;364,444;365,446;364,448;364,451;364,453;365,454;365,456;365,459;365,460;365,463;364,465;364,466;365,469;365,471;365,472;364,474;364,476;364,479;364,480;365,483;365,485;365,487;364,488;364,490;365,493;364,494;364,497;364,498;364,501;364,502;364,504;364,506;365,509;364,511
367,0;367,3;367,5;367,6;367,9;367,10;366,13;367,15;367,17;367,18;367,21;367,23;367,24;367,26;366,28;366,30;366,33;367,35;367,37;367,39;367,40;367,43;366,45;367,46;367,48;366,51;366,53;367,55;367,57;367,58;366,61;367,63;367,65;366,66;366,68;366,71;366,73;366,74;367,76;366,78;367,81;366,83;367,85;367,86;366,89;366,90;366,93;367,95;366,97;367,98;366,101;366,102;366,104;367,107;367,108;366,110;367,112;366,115;366,117;366,118;366,121;366,122;367,125;367,126;367,129;366,131;367,133;366,134;367,136;366,139;366,140;367,142;367,145;366,147;367,149;366,150;366,152;366,154;366,156;366,159;366,160;367,162;366,165;367,166;367,168;367,170;366,172;366,175;366,177;366,179;367,181;367,182;367,185;366,186;366,189;366,191;366,192;366,194;367,197;367,199;366,200;366,202;366,205;366,207;367,209;366,210;366,212;367,214;366,216;367,219;366,221;366,223;367,224;367,226;367,229;366,230;366,233;366,234;366,236;366,239;367,241;366,242;367,244;366,246;367,248;367,250;366,252;367,254;366,257;367,258;367,260;367,262;367,264;367,266;367,269;367,271;367,273;366,275;367,276;366,279;367,281;366,282;366,285;367,286;367,289;366,290;366,292;367,295;367,297;367,298;366,300;366,303;367,305;366,307;367,309;367,311;366,313;366,314;367,316;366,318;366,320;367,323;367,324;367,326;366,328;366,331;366,333;367,335;367,337;366,338;366,340;367,342;367,344;367,346;367,348;367,350;367,353;367,355;366,357;366,359;367,360;367,363;367,365;367,367;366,368;366,370;366,373;367,375;367,376;366,378;366,380;367,383;367,384;367,387;366,389;367,391;366,393;366,395;367,397;366,398;366,401;366,403;367,405;367,407;366,408;366,410;367,412;366,414;367,416;366,419;366,420;366,422;366,425;367,427;367,429;367,430;366,432;367,435;367,436;366,438;367,441;366,442;367,445;367,447;366,449;367,451;366,453;366,454;366,457;367,459;366,460;366,463;367,465;367,466;366,468;367,470;367,472;367,474;367,477;366,478;367,480;366,483;367,485;367,487;367,488;367,490;367,492;366,495;367,497;367,498;367,501;367,502;367,505;366,506;367,509;367,510
368,0;368,2;368,5;368,7;369,9;368,10;369,12;368,14;368,16;368,19;368,21;368,22;369,25;369,26;369,29;368,30;369,32;369,34;368,37;368,38;368,41;369,42;369,45;369,46;369,49;369,50;368,53;369,55;368,57;369,58;369,60;369,63;368,64;369,66;368,69;369,70;368,72;369,75;368,77;368,78;369,81;369,82;369,84;368,87;369,88;368,90;369,92;368,95;368,97;368,99;368,101;368,103;369,104;368,106;369,108;368,110;368,112;369,115;369,116;369,118;368,121;369,122;368,125;368,127;369,129;368,131;369,132;369,134;369,136;369,138;369,140;369,143;368,145;369,147;369,149;369,151;369,152;368,154;369,157;369,158;369,161;368,162;369,165;369,166;368,169;368,170;368,172;369,175;368,177;368,178;368,181;368,183;368,185;369,186;368,188;368,191;369,192;369,195;368,197;369,198;369,200;369,203;369,205;369,207;369,208;369,210;368,212;368,214;369,216;369,218;369,221;369,222;368,225;369,226;368,228;368,230;368,233;369,234;369,236;369,238;369,241;369,242;369,245;369,247;368,249;369,251;369,253;369,254;368,257;369,259;369,261;369,263;368,264;368,267;368,269;369,271;369,273;368,275;368,276;368,279;368,281;368,283;369,284;369,286;369,289;369,290;368,293;369,294;368,296;368,299;368,300;368,302;368,304;369,306;369,308;369,311;368,312;369,314;369,316;369,318;369,321;368,323;369,325;369,327;368,329;369,331;368,333;369,334;369,336;369,338;369,340;368,343;369,344;369,346;368,348;368,351;369,352;369,355;369,356;369,358;368,361;368,363;369,364;369,367;368,369;369,370;369,372;368,375;368,376;368,378;369,380;368,382;369,384;369,386;368,389;369,390;369,393;369,395;369,396;368,399;369,401;368,402;368,405;368,406;368,408;368,410;369,413;368,414;368,417;369,418;369,420;369,423;369,424;368,426;368,429;368,431;368,433;369,435;368,436;369,438;369,441;369,443;368,444;369,446;368,448;369,450;368,452;368,454;368,456;368,459;368,461;368,462;369,464;368,467;369,468;368,471;369,473;369,475;368,477;369,478;369,481;369,482;369,484;368,487;368,489;368,491;368,492;368,494;368,497;369,499;368,501;368,502;369,505;368,506;368,509;369,511
370,0;370,2;371,5;371,7;370,9;370,10;370,12;370,15;370,16;371,18;371,20;371,23;370,24;370,27;370,28;371,31;371,32;370,34;371,36;370,38;371,40;370,42;371,45;371,47;371,49;370,50;371,53;370,55;370,57;371,59;370,60;370,63;371,65;371,66;370,68;371,70;370,73;371,74;370,76;371,79;370,80;370,83;370,85;371,86;371,88;370,91;371,93;370,95;370,96;370,99;371,100;370,103;371,105;371,107;370,108;370,111;371,112;371,115;370,117;371,118;370,121;371,123;370,125;371,126;371,129;371,130;371,133;371,135;370,136;370,138;371,141;371,143;370,144;370,146;370,148;370,150;371,152;370,154;370,157;371,158;370,161;370,162;370,164;370,167;371,169;370,171;370,173;371,174;371,177;371,178;371,180;370,182;371,184;371,187;371,189;371,191;370,192;371,194;370,196;371,199;371,201;371,203;370,204;370,207;370,208;371,210;371,212;370,215;370,217;370,218;370,221;371,223;370,225;371,227;370,229;370,230;370,233;370,234;370,237;370,238;370,241;371,243;370,245;371,246;371,249;371,251;371,253;370,254;370,256;371,259;371,261;371,263;370,265;370,266;370,269;371,271;371,272;370,275;371,276;371,278;370,280;370,282;370,285;370,287;370,289;370,290;371,292;371,294;370,297;371,299;370,301;371,302;370,304;370,307;370,308;371,310;371,312;370,315;370,316;371,319;370,320;370,323;371,325;371,326;371,328;370,331;371,332;371,334;370,336;370,339;370,340;370,343;370,345;371,346;371,348;371,351;370,352;370,355;370,357;371,359;371,360;371,363;371,365;370,366;370,369;371,370;371,373;370,374;371,376;371,378;371,380;370,383;371,385;371,387;371,388;370,390;370,392;370,395;370,396;371,399;371,400;371,402;370,405;371,406;371,408;370,411;371,412;371,414;371,416;371,419;370,420;371,422;371,425;371,426;371,429;371,431;370,432;371,434;371,437;370,439;370,440;371,443;370,444;371,447;370,449;371,451;370,453;370,455;371,457;371,458;371,461;370,463;371,465;371,466;371,469;370,471;370,472;371,475;371,477;371,479;371,481;371,482;370,485;370,487;370,488;371,491;371,492;371,494;371,496;370,499;371,500;371,503;371,505;371,507;370,509;370,510
372,0;372,2;373,5;372,6;372,9;372,11;373,13;372,15;373,16;372,18;372,20;372,23;372,24;373,26;372,28;373,30;372,32;372,35;373,36;373,38;373,40;372,42;372,44;373,46;372,49;372,50;372,53;373,54;373,57;372,59;373,60;373,63;373,65;372,66;372,69;373,70;373,73;373,74;373,77;372,79;373,80;372,83;372,85;373,87;373,89;373,91;372,93;372,94;372,96;373,99;372,100;372,103;372,104;373,107;372,109;373,111;372,113;373,115;372,116;372,119;372,121;372,122;373,124;373,126;373,129;372,130;373,133;372,135;373,137;373,138;372,141;373,143;373,145;372,147;372,148;372,150;372,153;372,155;373,156;373,159;372,160;372,162;373,164;373,166;373,168;373,171;372,173;373,174;372,177;372,178;373,180;373,183;372,184;372,187;372,189;372,191;372,193;372,194;372,196;372,198;372,201;372,203;372,205;372,206;372,208;373,210;373,212;372,215;372,216;373,218;372,221;372,223;372,225;373,226;372,229;372,230;372,232;373,235;372,237;373,238;372,241;373,242;372,245;372,247;372,248;373,250;373,253;373,255;373,257;372,258;373,260;372,262;373,264;373,266;373,268;372,270;373,273;372,275;372,277;373,278;372,280;372,282;373,284;373,286;372,289;372,291;372,293;373,295;372,297;373,298;373,301;373,302;372,305;372,307;372,309;373,311;372,312;373,315;372,317;373,319;373,321;373,323;373,324;372,327;372,328;372,330;373,333;373,334;373,337;373,338;373,341;373,342;373,344;372,347;373,349;372,351;373,353;373,354;373,356;373,358;372,361;373,363;373,365;372,367;373,368;372,371;373,373;372,375;372,376;373,379;373,380;372,383;373,384;373,386;373,388;373,391;373,393;372,395;372,397;372,399;372,401;373,402;373,405;373,407;373,408;373,410;373,412;373,414;373,417;372,418;373,421;373,422;373,424;373,426;373,428;373,430;373,432;373,434;372,437;373,438;373,441;372,442;373,444;372,446;373,448;373,451;372,452;372,455;373,456;372,459;372,461;372,462;372,465;372,466;373,468;373,471;373,473;373,474;372,477;372,478;373,480;373,483;372,484;373,487;373,488;373,491;372,492;373,494;373,497;372,499;372,500;372,502;372,505;372,507;372,508;373,510
374,0;374,2;375,5;375,7;374,9;375,10;374,13;374,15;375,16;374,18;374,20;374,23;375,24;374,27;375,29;374,31;375,32;375,35;375,36;374,38;374,40;374,43;374,45;374,46;374,49;375,51;374,53;374,54;375,57;375,59;375,61;374,63;374,65;375,66;374,69;375,71;375,73;375,74;375,77;375,79;375,80;375,82;375,84;375,87;374,89;375,91;375,93;375,94;375,97;375,99;374,100;374,102;374,104;374,107;374,109;375,110;375,113;374,115;375,117;375,118;375,120;374,123;374,124;375,127;375,129;374,130;375,133;374,134;374,137;375,138;374,141;374,142;374,144;375,147;375,149;375,150;375,152;375,154;374,156;374,158;374,160;374,163;375,164;374,167;374,168;375,171;375,173;375,174;375,176;374,179;375,180;374,183;375,184;374,186;375,189;374,190;375,192;375,195;375,196;374,198;374,201;374,202;375,204;375,207;374,208;374,210;375,212;374,215;374,217;375,218;374,220;375,222;374,224;375,226;374,229;374,231;375,232;374,235;375,237;374,238;374,240;374,243;375,245;374,247;374,248;374,251;375,253;374,254;375,256;374,258;375,261;374,262;375,264;374,267;374,269;374,270;374,273;375,275;374,276;375,278;374,280;375,283;374,284;375,286;375,288;375,290;374,293;374,295;375,297;375,298;374,300;375,303;374,304;375,307;374,309;375,311;374,313;374,314;375,316;375,319;375,321;375,323;374,324;374,326;374,328;374,330;374,332;374,334;374,337;375,339;374,341;374,342;374,345;374,346;375,348;375,351;375,353;375,355;374,356;374,359;375,361;374,363;375,365;374,366;374,369;374,370;375,373;374,374;374,376;374,378;374,380;374,383;374,385;374,387;374,388;375,391;375,392;375,394;375,396;374,399;375,401;374,402;374,405;375,407;374,409;375,410;375,413;375,415;375,416;375,418;375,421;375,423;375,424;375,426;375,428;375,431;375,433;374,435;375,437;375,439;374,441;374,442;374,444;374,446;375,449;374,451;375,452;375,455;375,457;374,459;375,461;375,463;374,464;375,466;374,469;375,470;375,473;375,475;375,477;374,478;374,481;375,483;374,484;374,486;374,489;374,491;374,492;375,494;375,496;374,499;375,501;375,502;375,504;375,506;374,509;374,511
377,1;377,2;377,5;377,7;376,8;376,11;377,12;376,14;377,16;377,18;377,21;376,23;376,24;377,27;377,29;377,30;377,33;377,35;376,36;377,38;376,40;377,43;376,45;376,47;377,49;376,50;377,53;376,54;376,56;377,59;377,60;376,62;376,64;376,66;376,69;377,70;377,72;376,74;377,77;376,78;376,80;376,82;376,84;376,86;376,88;377,90;376,93;376,94;376,96;377,99;376,101;376,103;376,104;376,106;376,108;377,110;376,112;376,115;376,117;376,118;377,121;376,123;376,125;377,126;376,128;377,131;376,133;377,134;376,137;376,139;376,141;376,143;377,144;376,146;376,149;377,151;377,153;376,155;376,157;377,159;377,160;377,162;377,165;377,166;376,168;376,171;376,172;376,174;376,177;377,178;377,181;376,182;376,184;377,186;377,189;377,190;377,193;376,194;376,196;377,198;377,201;377,203;376,205;377,206;376,208;377,210;376,212;377,215;376,217;376,219;377,220;377,222;376,224;376,226;377,228;377,231;376,232;377,235;376,237;376,238;376,241;376,242;377,244;376,246;376,249;376,251;377,253;376,254;376,257;377,258;376,260;377,263;376,265;377,266;377,269;376,271;376,273;376,274;377,276;376,278;377,281;376,283;377,284;376,286;376,288;377,291;377,292;376,295;376,296;376,298;377,300;376,303;377,304;377,306;377,309;376,310;376,312;377,315;377,316;376,319;377,321;376,322;377,325;377,327;376,328;377,331;376,332;377,334;376,337;376,338;376,341;377,343;376,345;377,346;377,349;377,351;376,353;377,354;377,357;377,358;376,360;377,362;376,365;377,366;376,368;377,371;376,373;377,374;377,376;377,378;376,380;377,383;376,385;376,387;376,388;376,390;377,392;376,394;376,397;377,399;377,401;377,402;376,404;376,406;376,409;377,411;376,412;376,414;377,416;377,419;377,420;376,423;377,425;377,427;376,428;376,430;376,432;377,435;377,436;377,439;377,441;377,443;377,444;377,447;376,449;377,451;377,453;377,455;376,457;377,458;377,460;377,462;376,465;376,466;376,469;377,471;377,473;377,474;376,477;377,478;377,481;376,483;376,484;377,486;377,489;377,491;376,492;377,494;376,496;376,498;376,501;376,502;376,504;376,506;377,509;376,511
378,0;378,2;378,4;379,6;379,9;379,10;378,12;379,14;378,16;379,19;379,21;379,23;379,24;379,26;379,29;379,31;379,33;378,35;378,37;378,38;378,40;379,42;378,44;378,47;379,48;378,50;379,53;378,54;379,56;379,59;378,61;378,62;378,64;379,66;378,68;378,70;378,73;379,74;379,77;378,78;378,80;379,83;378,84;378,87;379,88;378,91;379,93;379,95;378,97;378,99;378,100;378,102;379,105;378,107;378,108;378,110;378,112;378,114;379,117;378,118;378,120;379,123;379,124;378,127;378,128;379,130;378,132;379,134;378,137;378,138;379,141;379,143;379,144;378,146;379,148;379,151;378,152;379,155;378,156;379,158;379,160;379,163;378,165;378,167;378,169;379,170;378,172;378,174;379,177;378,178;378,180;378,183;379,185;378,187;379,188;378,190;379,193;378,195;378,197;378,199;379,200;378,203;378,205;378,207;378,209;378,210;379,213;379,214;378,216;378,218;378,221;378,223;378,225;378,226;379,229;378,231;379,233;379,234;379,236;379,238;378,240;379,242;378,245;379,246;379,249;379,251;378,252;379,254;378,257;379,258;378,260;378,263;379,264;378,267;379,269;379,271;378,273;378,275;378,277;379,278;378,280;379,282;378,285;378,286;378,288;379,290;379,293;378,294;379,296;379,298;378,301;378,302;378,305;378,306;379,309;379,310;379,313;378,315;379,317;378,318;379,320;378,323;378,325;378,326;379,328;379,330;378,333;379,335;379,337;378,338;379,341;379,343;379,344;379,346;379,348;378,351;378,353;379,355;378,356;379,358;378,360;378,362;379,364;378,366;379,369;378,371;378,372;379,374;378,377;379,378;379,381;379,382;379,384;379,386;379,388;379,391;378,392;379,394;378,397;378,398;378,401;379,403;379,404;379,406;378,409;379,410;378,413;378,415;379,416;378,419;379,420;378,423;379,425;379,426;379,428;379,430;379,432;378,435;378,437;379,439;379,441;378,442;378,444;378,446;378,449;379,451;379,453;378,455;378,456;379,458;379,461;379,462;379,464;378,466;379,469;379,470;379,473;379,474;378,476;378,478;379,480;379,483;379,484;379,486;378,489;378,491;378,493;379,494;378,497;379,499;378,501;378,503;378,505;379,506;379,508;379,510
380,1;381,3;380,5;381,7;380,8;380,10;381,13;381,14;380,17;381,19;380,20;380,22;381,25;380,26;381,29;380,30;381,32;381,35;381,37;381,38;380,40;381,43;381,44;380,47;381,48;381,50;381,53;381,55;380,56;380,59;380,61;381,63;381,64;381,66;380,68;380,71;381,72;381,74;380,77;380,79;380,80;381,82;380,85;381,87;380,88;381,91;380,93;380,94;380,96;380,98;380,100;381,103;380,104;380,106;380,108;381,110;381,113;381,115;380,117;380,119;381,120;380,122;381,124;380,126;380,128;380,131;380,133;380,134;380,137;380,139;381,140;381,142;381,144;380,147;381,149;380,150;381,153;381,154;380,156;381,159;380,161;380,162;380,165;381,167;381,169;380,170;380,172;380,174;380,176;380,178;380,181;381,183;380,184;380,187;381,189;380,191;381,193;381,194;380,197;381,199;381,200;381,203;380,205;380,207;380,208;381,211;381,213;380,214;380,216;380,219;380,220;381,222;381,224;380,227;381,229;381,231;380,233;380,234;381,237;381,239;381,241;381,242;380,245;380,247;380,248;381,250;381,253;380,254;381,257;381,259;380,261;380,262;381,265;380,266;381,269;380,271;380,273;381,275;381,277;381,279;380,281;381,283;381,284;380,287;380,288;381,290;381,292;380,294;380,296;381,299;380,301;381,303;380,305;380,307;380,309;381,310;380,313;381,314;380,317;380,318;380,320;381,322;380,324;381,326;380,328;380,331;380,333;380,334;381,337;381,339;380,340;380,343;380,344;380,347;380,349;380,351;380,352;380,354;380,357;380,358;381,360;380,362;380,365;381,366;380,368;380,371;381,372;381,375;380,377;381,379;381,380;381,382;380,384;381,387;381,389;381,391;381,393;381,394;381,397;381,399;381,401;380,402;380,404;380,406;381,409;381,410;380,413;381,415;381,416;380,419;380,420;380,422;381,425;381,427;381,428;381,431;381,432;380,435;381,437;381,438;380,440;381,442;380,444;380,447;381,449;381,451;380,452;380,454;381,457;380,458;380,460;380,463;380,465;380,466;380,468;381,471;380,472;380,475;380,476;381,479;380,480;381,483;381,484;381,487;380,488;381,490;381,492;381,495;380,496;380,499;381,501;381,502;381,504;380,507;380,509;380,510
383,0;383,2;382,5;382,6;383,8;383,11;382,12;382,14;383,17;383,19;383,21;383,22;383,24;382,26;383,29;382,30;382,33;382,35;383,37;382,39;383,41;382,43;382,45;382,47;382,48;382,50;382,52;383,55;383,57;382,59;383,61;383,62;382,64;383,66;382,69;382,71;383,73;382,75;383,76;383,79;383,81;383,83;383,85;382,86;383,88;382,91;383,92;382,95;382,96;383,98;383,101;382,102;383,104;382,107;383,108;382,111;382,113;382,115;383,117;382,119;383,120;382,123;382,125;382,127;382,128;382,130;382,132;382,134;382,137;383,138;382,141;382,142;383,144;383,147;383,149;382,150;383,152;382,155;382,157;383,158;382,160;382,162;383,165;382,166;382,168;382,170;383,173;382,175;382,177;383,178;382,181;383,183;382,185;383,186;383,188;383,190;382,192;382,194;383,196;382,199;383,200;382,203;383,205;383,206;383,208;383,211;382,213;383,214;383,216;383,219;382,221;382,223;383,224;382,227;383,229;382,230;382,232;382,235;383,237;382,238;382,240;382,243;383,245;383,247;383,248;382,250;383,252;383,255;383,257;382,258;382,261;382,263;383,264;383,266;383,269;383,271;383,273;382,275;382,276;383,279;382,280;382,283;382,285;382,286;383,289;383,290;382,292;382,295;382,296;382,298;383,301;383,302;382,304;383,307;383,309;382,310;382,313;383,315;383,317;382,318;383,321;382,322;383,324;382,326;382,328;382,330;382,332;382,335;382,337;382,339;383,341;382,343;382,345;383,346;383,348;383,351;383,352;383,355;383,357;382,358;383,361;383,363;383,364;383,367;382,369;383,370;382,372;382,374;383,377;383,379;382,381;383,382;383,384;382,387;382,389;383,390;382,393;383,395;382,396;383,398;382,400;383,402;382,404;383,407;382,408;383,410;383,413;382,414;383,416;383,418;382,421;382,423;383,425;383,426;383,428;382,430;382,432;382,434;382,437;383,438;382,441;382,442;383,444;383,447;383,448;382,450;383,453;382,455;383,456;382,458;383,461;382,462;383,465;383,467;382,468;382,471;382,473;382,475;383,477;382,479;383,480;383,482;382,484;383,486;383,488;382,491;383,492;382,494;383,496;383,499;382,500;383,502;382,505;382,506;382,509;382,510
385,1;384,2;384,4;385,7;385,9;385,10;384,12;384,15;384,17;384,19;385,20;384,22;385,24;384,27;385,29;385,30;385,33;384,34;385,37;385,38;385,40;385,43;384,45;384,47;384,49;384,51;385,52;384,54;384,57;385,59;385,60;385,62;384,64;384,66;385,69;385,70;384,73;385,75;384,77;384,79;384,80;385,82;384,84;385,87;385,88;384,91;384,93;385,94;385,96;385,98;384,101;385,103;385,104;385,106;384,109;384,111;384,112;384,114;385,116;385,119;385,121;384,122;385,125;384,127;385,128;384,131;384,132;385,135;385,136;385,138;385,141;385,143;385,145;384,147;384,148;385,151;385,152;384,155;384,156;384,159;384,161;385,162;385,164;384,167;384,169;384,170;384,172;384,174;385,176;384,179;385,181;385,182;384,185;385,187;385,189;385,191;385,192;385,194;384,197;384,198;384,200;385,203;384,205;385,206;385,209;384,211;385,213;384,215;384,216;385,218;385,220;385,222;385,224;385,227;384,229;385,231;385,232;385,234;385,237;385,238;385,241;384,242;385,244;385,246;385,249;385,250;385,252;384,254;384,256;385,258;385,260;385,263;385,265;385,267;384,268;385,270;384,272;385,275;385,276;384,279;384,281;385,282;384,284;384,286;385,289;385,291;384,292;384,295;385,297;385,299;384,301;385,303;384,305;385,307;384,309;384,310;384,312;385,315;385,317;384,318;385,321;384,323;385,325;384,326;384,328;385,331;384,332;385,335;384,336;385,339;384,340;384,342;384,345;385,347;385,349;384,351;385,353;385,354;384,356;385,359;385,361;384,363;385,364;384,367;384,368;385,371;385,373;385,375;384,377;385,378;385,380;384,382;384,384;385,386;384,388;385,391;384,393;384,395;384,397;384,398;385,401;384,402;384,405;385,407;385,409;385,410;384,412;385,414;384,416;384,418;385,420;384,422;384,424;384,427;384,428;384,430;384,432;385,435;385,437;384,439;384,440;384,443;385,445;385,447;385,448;384,451;385,453;385,454;384,456;385,458;384,461;384,463;384,465;384,466;384,469;385,471;384,472;384,475;384,476;384,478;384,480;385,483;385,484;384,486;385,488;385,490;384,493;385,495;385,497;385,499;385,500;385,503;385,504;384,506;385,509;384,511
386,0;387,3;386,4;386,7;387,8;386,10;386,12;387,14;386,16;386,19;387,21;387,23;386,24;386,27;387,29;386,30;387,32;387,35;386,37;386,38;386,40;387,42;387,44;386,47;386,49;386,50;387,53;387,55;387,56;387,59;387,60;386,63;386,65;386,67;387,69;386,70;387,73;386,74;387,77;387,79;386,81;386,83;386,85;387,87;387,89;387,90;386,92;386,94;386,97;386,99;387,101;387,103;386,104;387,106;387,108;387,111;386,113;386,114;386,116;386,119;387,120;386,123;386,125;387,126;386,128;386,131;386,133;386,135;387,137;386,138;386,140;386,143;386,144;387,147;387,148;386,151;386,153;386,154;386,157;386,158;386,160;386,163;386,164;387,167;387,168;386,170;386,172;387,175;386,177;386,179;386,181;387,182;386,185;387,187;386,188;386,191;386,192;386,195;387,196;386,198;387,200;387,202;387,205;386,206;387,209;386,210;387,213;387,215;387,216;387,218;387,221;387,223;386,225;386,226;387,228;387,230;387,233;386,235;386,237;387,239;386,241;386,242;386,244;386,247;387,249;386,251;386,252;386,254;386,257;386,258;386,260;386,263;387,264;387,267;387,268;386,270;386,273;386,275;386,277;387,279;386,281;386,283;387,284;387,287;386,289;386,290;386,293;387,294;387,297;387,298;386,300;386,303;386,304;387,306;386,308;386,310;387,312;386,315;386,317;386,318;386,321;386,323;387,325;386,326;387,328;386,331;387,333;386,335;387,337;387,339;387,341;386,342;387,344;387,346;386,348;387,351;386,353;386,355;387,356;387,359;386,360;387,362;387,364;387,367;387,368;386,370;387,373;387,374;386,377;387,379;386,380;386,383;387,385;386,386;386,389;386,390;386,392;387,395;386,397;386,398;386,401;387,403;386,404;386,406;386,408;387,410;387,413;387,414;386,416;387,419;386,420;386,422;386,424;387,427;387,429;386,430;386,433;387,434;386,437;387,438;387,440;386,443;386,444;386,447;387,449;386,451;386,452;386,455;387,456;386,459;387,460;387,462;387,464;387,466;387,469;386,470;386,472;387,475;387,477;386,478;387,480;386,482;386,485;387,487;386,489;387,491;387,492;386,495;386,496;386,499;387,500;386,503;387,505;386,507;387,508;386,511
389,0;389,2;389,5;388,7;389,9;389,10;389,12;388,14;388,16;389,18;389,20;389,23;389,24;389,27;389,29;389,30;388,33;389,35;388,37;388,38;388,41;389,43;389,45;388,47;388,49;389,50;388,53;388,55;388,56;389,58;388,61;388,63;388,65;389,67;389,68;389,70;388,73;388,74;388,76;389,78;388,81;388,82;388,85;389,86;389,89;388,91;389,93;388,95;388,97;389,99;388,100;388,102;389,105;389,107;389,108;389,111;389,112;388,115;388,116;389,119;388,121;389,122;388,124;389,126;389,129;389,130;389,132;388,134;388,137;388,138;388,140;389,142;388,145;389,146;388,148;388,151;389,152;389,155;389,156;389,159;389,160;389,162;388,164;389,167;389,168;389,170;389,172;388,174;388,177;389,178;389,181;388,183;389,184;389,186;389,188;389,191;388,192;389,195;389,196;388,198;389,201;389,203;388,204;388,206;388,209;389,211;388,213;388,215;388,216;389,219;388,221;389,223;389,224;389,226;389,229;389,230;389,233;388,235;389,237;388,239;388,241;388,242;389,244;388,246;388,248;388,251;388,253;388,255;389,257;389,258;388,261;388,263;389,265;388,266;389,269;389,270;388,272;389,275;389,277;389,279;388,281;388,283;389,285;389,287;389,289;389,291;389,292;388,295;388,297;389,298;389,301;388,302;388,304;388,307;389,309;388,311;388,312;389,315;389,317;388,318;388,321;389,323;388,325;388,327;389,328;389,330;388,333;388,335;389,337;389,339;389,341;389,342;389,345;389,346;388,348;388,350;388,353;388,355;389,357;388,358;388,361;389,363;388,364;388,367;389,369;389,370;389,373;388,374;389,377;389,379;389,381;389,383;388,385;389,387;388,389;388,391;388,392;388,394;389,397;389,399;389,400;388,403;388,405;389,407;389,409;389,410;388,413;388,414;389,417;388,419;388,420;388,422;389,424;389,426;389,429;388,430;389,433;388,434;388,436;388,439;388,440;389,443;388,445;389,446;388,449;388,451;389,453;388,454;388,456;388,458;389,460;388,462;388,465;389,466;388,469;389,470;389,473;388,475;388,477;388,478;389,480;388,482;389,484;388,487;388,489;388,491;388,492;389,494;389,496;388,499;389,500;389,503;389,505;389,506;389,508;389,510
391,1;391,3;390,5;391,7;390,8;390,11;391,12;390,15;391,16;390,19;391,20;391,23;390,24;390,27;390,29;391,31;390,32;390,35;391,37;391,39;390,41;391,43;391,45;390,47;390,49;391,50;391,52;391,55;391,56;391,58;391,60;390,63;390,64;391,67;390,69;391,70;391,72;390,74;390,77;390,78;391,80;391,82;391,85;390,87;391,88;390,91;391,93;391,95;390,97;391,98;391,101;390,103;391,104;391,107;390,108;391,111;390,113;390,114;390,116;391,118;391,120;390,123;391,124;391,126;391,129;391,130;390,132;391,135;391,137;390,139;391,140;391,143;391,144;390,146;391,148;391,150;391,152;391,155;390,156;391,159;391,160;391,162;391,164;390,167;390,169;390,170;391,173;391,175;390,177;390,179;390,181;390,183;391,185;391,186;390,188;391,191;391,192;391,195;390,196;390,199;391,200;391,202;390,205;390,207;390,209;391,210;390,213;391,214;390,216;391,218;390,220;391,222;390,225;390,227;391,228;391,231;390,232;390,235;391,237;391,239;390,241;390,243;391,244;391,246;390,248;390,250;391,253;390,254;390,256;391,259;391,260;390,262;390,264;391,266;390,268;390,271;390,272;390,274;390,277;390,279;391,280;390,282;390,284;390,286;391,289;390,290;391,293;391,295;391,296;390,298;390,300;390,303;390,305;390,306;390,308;391,310;391,312;391,314;391,317;391,319;390,320;391,322;390,324;390,326;390,328;390,331;390,332;390,335;390,336;390,338;390,340;391,343;390,345;391,346;390,348;390,351;390,352;390,355;390,357;391,359;390,361;390,363;390,365;390,366;390,369;390,371;390,373;391,374;390,377;390,378;390,380;390,382;391,385;391,387;391,388;391,391;390,393;390,395;391,396;391,398;391,401;391,402;391,404;391,406;391,408;391,410;391,413;390,415;390,416;390,418;390,420;390,422;390,425;390,427;391,429;391,430;390,432;391,435;390,436;390,438;390,440;390,442;391,444;390,446;391,449;390,451;391,453;390,454;391,457;391,458;390,461;391,462;390,465;391,467;390,469;391,470;390,472;390,475;391,476;391,478;391,480;390,482;391,485;390,487;391,489;391,490;391,492;391,495;390,496;390,499;391,501;390,503;390,505;391,506;390,509;390,510
393,1;393,2;393,5;392,6;393,9;392,11;393,13;393,15;392,16;393,19;393,21;392,23;392,24;393,26;392,29;392,31;393,33;393,35;392,36;393,38;392,40;392,43;393,45;392,47;392,48;392,50;393,53;392,55;392,56;392,58;393,61;392,63;392,65;392,66;393,69;393,71;392,72;392,75;392,77;392,79;392,80;392,82;393,84;392,86;392,88;392,91;393,92;393,94;393,97;393,99;392,101;392,102;393,105;392,106;393,108;392,110;393,112;392,114;393,116;392,118;393,121;393,123;392,125;393,126;392,128;392,130;392,132;392,134;392,137;392,138;393,141;392,143;393,145;393,147;392,148;393,150;392,152;392,154;392,156;392,159;393,160;392,162;392,164;393,166;393,169;392,170;392,173;392,175;392,176;393,178;393,180;392,183;393,185;393,186;392,188;393,190;393,192;393,194;393,196;393,198;392,200;393,202;392,205;392,207;392,208;392,210;392,212;392,215;392,216;392,219;393,221;392,222;393,225;392,226;392,228;392,231;392,232;392,235;393,236;392,238;392,240;393,242;393,244;392,246;392,249;393,250;392,253;392,254;393,257;393,258;393,261;393,262;392,265;392,266;392,268;393,271;392,273;393,275;392,277;392,278;393,281;392,282;393,284;392,286;392,288;393,290;393,293;393,295;392,297;393,298;392,301;393,302;393,304;393,307;393,308;392,311;393,313;393,315;392,316;392,318;392,321;393,323;392,325;393,326;393,329;392,330;392,333;392,335;393,337;392,338;393,340;392,342;392,344;392,346;393,349;393,351;393,352;393,355;393,357;392,358;392,360;393,363;392,364;393,367;393,369;392,371;392,373;392,375;392,377;392,378;392,380;392,383;393,384;392,387;392,389;392,390;393,392;393,395;392,396;392,398;393,400;392,402;392,405;393,407;393,409;393,411;392,413;392,414;392,416;393,418;393,420;392,423;393,425;393,426;393,429;393,431;393,433;393,434;392,436;393,439;392,440;392,442;393,445;392,447;392,449;392,451;392,452;392,455;392,457;392,458;392,461;392,462;393,465;393,467;393,469;392,470;392,473;393,475;392,477;393,479;392,481;392,482;392,485;392,487;392,488;392,490;392,493;393,495;392,496;392,498;392,501;392,502;393,504;393,506;392,509;393,511
394,0;395,3;394,5;395,6;394,8;395,10;395,12;394,15;394,17;394,18;395,20;394,23;395,24;394,26;395,29;394,30;394,32;395,35;395,37;394,38;394,40;395,42;394,44;394,47;395,48;394,51;394,53;394,55;395,56;395,58;394,60;395,63;394,65;395,66;395,68;394,70;395,73;394,74;395,76;394,78;395,81;394,83;394,84;395,86;394,88;395,90;394,92;395,94;395,97;394,98;394,101;394,103;394,104;394,106;395,109;394,111;395,112;394,115;395,116;395,118;395,121;394,122;395,124;395,126;395,129;395,130;395,132;394,134;395,136;394,138;395,140;394,143;395,145;394,147;394,148;394,151;394,152;395,154;395,157;395,159;395,161;394,163;394,164;394,166;395,169;394,170;394,172;395,175;394,177;394,178;394,181;395,183;394,185;395,187;395,189;394,190;394,193;395,195;394,197;394,199;394,200;395,202;395,205;395,207;394,208;395,210;394,213;395,215;394,216;394,218;395,220;395,222;395,225;394,227;394,229;394,231;394,232;394,234;394,237;395,239;395,240;394,243;395,244;395,246;394,249;395,251;395,252;394,255;394,256;394,259;395,260;394,262;395,265;394,267;394,269;395,271;395,273;394,274;394,276;394,279;395,280;395,282;395,284;394,286;394,289;394,290;395,293;394,294;395,297;395,298;394,300;394,302;394,305;394,306;395,309;394,311;395,312;395,315;394,316;395,319;394,321;394,323;394,325;395,326;395,329;395,331;395,333;395,335;394,337;395,339;394,340;395,342;394,345;394,347;394,349;394,350;395,352;394,355;394,356;394,358;395,361;394,363;395,364;395,366;395,368;394,370;394,373;394,374;395,376;395,378;394,381;395,383;395,384;395,386;394,389;395,390;394,393;394,394;395,397;395,399;395,400;394,403;395,405;395,407;394,409;395,410;394,413;394,415;394,417;394,419;395,420;394,422;395,424;394,427;394,428;395,431;395,433;394,434;394,436;395,438;395,441;395,443;395,444;395,447;395,449;394,451;395,452;395,454;394,457;395,458;395,461;395,463;395,465;395,467;395,468;394,470;394,473;394,475;395,476;395,478;394,481;395,482;394,484;395,487;394,489;394,490;395,492;395,495;394,497;395,499;395,500;395,503;395,504;395,506;394,508;394,510
396,0;396,3;396,4;396,7;396,8;396,11;396,13;397,14;396,16;396,19;397,21;397,23;396,24;397,27;397,29;396,31;397,32;396,35;396,36;397,38;396,40;396,43;396,44;396,47;396,49;396,50;396,53;396,55;397,57;396,59;397,61;396,63;396,65;396,67;397,68;396,71;397,73;397,74;397,77;396,79;396,80;397,82;397,85;397,86;397,88;397,91;396,93;397,95;396,97;397,98;397,100;397,103;396,104;397,106;397,109;397,111;396,112;396,115;396,116;397,119;396,120;397,123;396,125;396,127;396,129;396,131;397,132;396,135;396,136;396,139;396,140;397,142;396,145;397,146;397,148;397,151;397,152;396,154;396,157;396,159;396,160;396,163;396,164;397,167;396,168;397,170;397,172;397,174;396,176;396,178;396,180;397,183;397,185;396,186;396,189;397,190;397,192;396,194;397,197;397,198;396,201;396,202;397,204;396,207;396,209;397,210;396,213;397,214;396,216;397,218;397,220;397,222;397,224;397,226;396,228;397,230;397,232;396,234;397,237;397,238;397,241;397,243;396,245;397,247;397,249;397,251;396,252;397,255;396,257;396,258;397,261;396,262;397,265;397,267;397,269;397,271;397,272;396,275;397,277;397,278;397,281;396,283;397,285;397,286;396,289;397,290;396,293;396,295;397,296;396,298;397,300;397,303;397,304;396,306;397,309;396,311;396,312;396,315;397,317;396,318;396,320;397,323;397,324;396,327;397,329;396,330;397,333;396,334;397,337;396,338;397,341;397,343;397,345;396,347;397,348;397,350;396,353;397,355;396,356;397,358;397,361;396,362;396,364;397,366;397,369;397,371;397,372;397,375;397,377;396,379;397,380;397,382;397,385;397,386;397,388;397,390;396,393;397,394;397,396;396,398;396,400;397,403;396,404;396,407;397,408;397,410;396,413;397,415;397,417;396,419;397,420;396,422;397,424;396,426;397,429;396,431;397,433;396,435;396,436;396,439;397,441;396,443;397,444;396,447;396,449;396,451;396,453;397,455;396,456;397,459;397,461;397,462;397,464;396,467;396,469;396,470;397,473;397,475;397,477;397,479;397,480;397,482;397,484;397,487;397,489;396,491;396,493;396,494;396,496;397,498;396,500;397,503;397,504;397,506;397,509;396,511
398,0;398,2;399,4;398,6;398,8;399,10;398,13;399,15;398,16;399,19;398,21;398,22;399,25;398,26;398,28;398,31;399,33;399,35;399,37;398,38;398,40;398,42;398,45;399,47;398,49;398,50;399,53;398,54;399,56;399,58;399,61;399,63;398,65;398,67;399,68;398,71;399,72;398,75;398,76;398,79;398,80;398,83;398,85;398,86;399,88;398,91;399,93;398,95;399,96;399,98;398,100;398,102;398,105;398,106;398,108;399,111;398,112;399,114;399,116;399,118;398,120;398,123;398,125;399,127;399,129;399,130;399,132;399,134;398,136;398,138;399,140;399,142;398,145;399,146;399,148;398,151;398,153;399,154;398,156;399,159;399,161;398,163;398,164;398,166;399,168;399,171;399,172;399,175;398,177;399,179;398,181;399,182;399,185;399,186;398,188;398,191;399,193;399,195;399,197;398,198;398,200;398,203;399,205;399,206;398,208;399,211;399,213;399,215;398,217;399,218;399,220;399,222;399,225;398,226;398,229;399,230;398,232;399,235;399,237;399,238;398,241;399,243;398,245;399,246;399,248;399,250;398,253;399,255;398,256;399,259;399,261;398,262;399,264;398,267;398,268;399,270;399,273;399,275;398,277;398,278;399,281;399,283;398,284;398,286;399,289;399,291;399,293;399,295;399,296;398,299;398,300;398,302;399,305;398,306;399,309;399,311;398,312;399,315;398,316;398,318;398,320;398,323;399,324;399,327;398,328;399,330;399,333;399,334;399,337;398,339;399,340;399,342;398,344;399,346;399,348;398,351;398,353;399,355;398,357;398,358;398,360;398,362;398,365;398,366;398,369;399,370;399,373;399,374;399,377;399,379;399,381;399,383;399,384;399,386;399,388;399,391;399,392;398,394;399,397;399,399;398,400;399,403;398,405;399,407;399,408;398,410;399,412;399,415;399,417;398,419;398,421;398,422;398,424;399,427;399,428;399,430;398,433;398,435;398,436;399,438;399,441;398,443;398,444;399,447;399,449;398,451;399,453;398,454;398,457;398,458;399,460;398,463;398,464;399,466;398,469;399,471;398,473;399,474;398,476;399,478;398,480;399,482;399,484;398,487;399,488;399,490;399,492;398,494;399,497;399,498;398,501;398,503;399,504;399,506;398,508;398,510
400,1;401,3;400,5;400,7;401,9;401,11;400,13;401,14;401,16;400,19;401,20;401,22;401,24;400,26;400,29;401,31;401,33;401,35;401,37;401,38;401,40;400,42;401,45;401,47;400,49;400,50;401,53;401,55;400,56;401,58;401,61;401,62;401,65;400,66;401,69;401,71;400,73;400,74;400,76;401,79;401,80;401,82;400,84;401,86;400,89;401,90;400,92;401,94;401,96;400,98;400,100;401,102;400,105;400,107;400,108;400,111;400,112;400,114;400,117;401,119;401,121;401,122;400,125;400,127;400,128;400,130;401,132;400,134;400,137;401,139;400,141;400,143;400,144;400,147;400,148;401,151;400,152;401,155;401,156;400,159;400,160;400,163;400,164;400,167;401,169;400,170;400,172;401,174;401,177;401,178;401,180;401,183;401,184;401,186;401,189;401,191;401,193;400,195;400,196;401,198;400,200;400,202;400,205;400,206;400,209;400,210;400,212;400,215;400,216;400,219;400,220;401,223;401,225;401,227;400,229;401,230;400,233;401,234;400,237;401,239;401,240;401,243;401,244;401,247;400,249;401,251;400,253;401,254;400,257;400,259;400,260;401,263;401,264;400,267;400,268;401,270;401,273;401,274;401,277;401,278;400,281;401,282;401,284;401,287;401,288;401,291;401,293;400,295;401,296;401,298;400,301;400,303;401,304;401,307;401,308;400,311;400,312;401,314;400,316;401,319;401,320;401,322;401,325;400,326;400,328;401,331;401,333;401,334;400,336;401,338;400,341;401,343;400,344;400,346;401,349;400,351;401,353;401,354;400,356;400,359;401,360;400,363;400,364;401,367;400,369;401,371;401,372;401,375;401,377;401,379;400,380;400,383;400,384;400,387;400,389;401,391;401,393;400,394;401,397;401,399;400,401;400,403;400,405;400,407;400,409;400,410;400,412;400,414;400,417;401,419;401,420;401,423;400,424;400,427;400,429;400,430;401,432;400,435;400,437;401,439;401,440;400,443;401,445;401,447;400,448;401,451;400,453;401,454;401,456;401,458;401,461;400,463;401,465;401,467;400,468;401,470;400,473;400,475;400,477;400,478;401,480;400,483;401,485;401,487;400,488;400,491;401,493;401,495;401,496;401,499;400,501;401,503;400,505;401,507;400,509;401,511
403,1;403,3;403,4;402,7;403,9;403,10;402,13;402,15;403,17;402,18;402,21;402,22;403,24;403,26;403,29;403,31;403,33;403,35;403,36;402,38;403,40;403,43;403,45;402,46;402,48;402,50;402,52;403,55;403,56;402,58;402,60;403,62;402,64;402,66;402,69;402,71;403,73;403,74;402,76;403,79;403,81;402,82;403,85;403,86;403,88;403,91;402,93;403,94;402,96;402,98;403,101;402,102;402,104;403,107;403,108;403,110;402,113;402,115;402,116;402,118;402,120;403,123;403,125;402,127;402,128;402,130;403,132;402,134;403,136;402,138;402,141;403,143;402,145;402,146;402,148;403,151;402,153;403,155;403,157;403,159;402,161;403,163;403,164;402,166;403,168;403,171;402,173;403,174;402,176;402,179;402,181;402,183;402,185;402,186;403,188;403,191;402,192;403,194;403,197;402,199;402,200;402,202;402,205;402,207;403,208;402,210;403,213;402,215;402,217;403,219;403,221;403,223;402,225;403,226;402,229;403,230;403,233;403,235;403,237;402,239;402,240;402,242;403,245;402,246;403,248;403,251;402,252;403,254;402,256;403,259;403,260;403,262;403,264;403,266;403,268;403,271;403,273;403,275;403,277;402,278;403,281;403,282;402,284;402,287;403,288;402,290;402,292;402,295;402,296;403,299;402,300;403,303;402,305;403,307;402,309;402,310;402,313;402,314;403,316;402,318;403,320;403,322;402,325;402,326;402,328;402,331;402,332;403,334;402,336;403,338;403,340;403,343;403,345;402,347;403,349;403,351;403,353;403,354;403,356;402,358;403,361;403,362;402,364;402,367;403,368;403,370;403,372;403,375;403,377;403,379;403,380;403,382;402,384;402,387;403,388;403,391;403,392;403,394;403,397;402,398;403,400;402,403;402,405;403,406;402,408;402,410;403,413;402,415;403,416;403,418;403,421;403,423;402,425;402,426;403,428;403,430;402,433;402,434;403,437;403,439;403,440;403,442;403,445;402,447;402,448;403,450;402,453;403,455;403,456;402,459;403,461;403,462;403,464;402,466;403,469;403,470;403,472;402,474;403,476;402,478;403,481;402,483;402,485;403,487;403,489;402,490;403,492;403,494;402,497;403,498;402,501;403,503;403,505;403,507;403,508;403,510
404,1;404,3;404,4;405,7;405,9;405,10;405,13;404,15;404,16;404,19;405,20;405,23;404,24;405,27;404,29;404,30;404,32;404,34;404,37;404,38;404,40;405,43;405,45;404,47;404,49;404,50;405,52;405,55;404,57;405,59;405,61;404,62;404,64;405,67;404,68;404,71;404,73;404,74;405,76;405,79;405,80;404,82;405,85;405,86;404,89;404,91;405,92;405,94;404,96;405,98;405,100;405,102;404,104;404,106;404,108;405,111;404,113;404,114;404,116;404,119;404,121;404,123;405,124;404,126;405,128;404,131;405,132;404,134;404,136;405,138;404,140;404,143;405,144;405,147;405,148;405,150;404,152;404,155;404,157;404,159;404,160;405,163;405,165;404,166;404,168;405,171;405,173;404,175;404,176;405,179;404,180;404,183;405,185;405,187;404,189;404,190;404,192;405,194;405,197;404,199;405,201;405,203;404,205;405,207;405,209;404,211;405,212;405,215;404,217;404,218;404,221;404,222;404,224;405,227;404,229;404,231;404,233;405,234;405,237;405,238;404,241;405,242;404,245;405,247;404,248;405,251;404,252;404,254;405,257;404,258;404,261;404,262;404,265;405,266;404,269;405,271;404,272;405,274;404,276;404,279;404,281;405,282;405,284;405,286;404,289;404,291;404,292;404,294;405,296;405,298;404,300;404,302;405,304;405,306;404,309;404,310;405,313;405,314;405,316;405,318;405,321;405,322;404,324;404,327;405,329;404,331;405,332;405,334;404,337;404,338;404,341;404,343;404,345;404,346;405,348;404,351;405,352;404,355;404,356;404,359;404,361;404,363;404,364;404,366;404,368;404,370;405,372;404,374;404,377;405,378;404,381;404,382;404,384;405,386;404,388;404,390;404,392;404,395;404,397;405,399;405,401;404,403;405,404;404,407;405,408;405,411;405,413;405,414;405,416;404,419;404,421;404,422;405,425;404,426;405,429;405,430;404,432;405,435;404,436;405,439;404,440;404,442;405,444;404,446;404,449;405,450;404,453;404,455;405,457;405,458;405,461;405,462;405,464;404,466;405,468;405,471;404,472;405,474;405,477;405,479;404,480;404,482;404,484;405,487;404,488;404,491;405,492;405,495;404,497;404,498;404,501;404,502;405,505;404,507;404,509;404,511
407,0;407,2;407,5;406,7;406,8;406,10;406,13;407,15;407,17;406,18;407,20;406,23;406,25;407,26;406,28;407,30;407,33;406,35;406,37;406,38;406,40;407,42;406,45;406,47;406,49;406,50;407,52;407,55;407,57;407,59;406,60;407,62;407,65;407,67;407,68;406,70;407,73;407,74;407,77;406,79;407,80;407,82;407,85;407,86;406,88;406,91;406,92;406,95;407,97;407,98;407,100;406,103;406,104;406,106;406,109;406,110;406,112;407,115;406,117;407,119;406,121;407,123;407,124;407,126;407,128;407,131;406,132;407,134;407,136;406,138;406,140;406,142;406,144;407,146;407,148;407,151;407,153;407,154;406,157;407,159;407,160;407,162;407,164;406,166;406,168;407,170;406,172;406,175;407,176;407,178;406,181;406,182;406,184;407,187;406,188;407,190;407,192;406,195;406,196;406,198;407,200;406,202;406,205;407,207;407,208;406,211;407,213;407,214;407,216;406,218;407,220;406,222;406,225;406,226;407,228;407,230;407,232;407,235;406,236;406,239;407,241;407,242;407,245;407,246;406,248;406,251;406,253;407,255;406,257;406,259;407,260;406,262;406,264;407,267;406,269;407,271;406,273;406,275;406,276;406,278;407,281;407,283;407,284;406,286;407,289;407,291;406,292;407,295;407,297;406,298;407,301;407,302;407,304;407,306;407,309;407,311;407,313;406,314;407,316;406,319;407,320;407,323;406,325;406,326;407,328;407,331;407,333;406,334;407,337;407,339;406,341;407,342;407,345;406,347;406,348;406,351;406,352;407,355;407,357;407,358;407,360;407,363;407,365;407,367;407,368;406,371;407,372;407,375;407,377;406,378;407,381;407,383;406,385;406,387;407,389;407,390;406,392;406,394;406,396;407,398;407,401;407,402;407,405;406,407;406,409;407,411;407,413;407,415;406,417;406,418;406,420;407,422;407,424;406,427;406,428;407,430;407,433;407,434;406,436;406,439;407,441;406,443;407,444;406,447;406,449;407,450;406,452;407,455;406,457;406,458;406,460;407,463;406,464;406,467;407,469;407,470;407,472;406,475;406,477;407,479;407,480;407,482;406,485;406,487;407,489;407,490;407,493;406,495;406,497;406,499;407,501;407,502;406,504;407,506;407,509;407,511
409,0;408,2;409,4;409,7;409,8;408,11;408,12;408,15;408,17;409,19;409,20;408,23;408,24;409,27;409,29;408,31;408,33;408,34;409,37;408,38;409,40;409,43;408,44;408,47;408,49;408,50;408,53;409,54;408,56;408,58;408,60;408,62;409,64;408,66;408,68;408,70;409,73;408,74;408,76;408,79;409,81;408,82;408,85;409,87;408,88;409,91;409,92;409,94;409,96;408,98;408,101;408,102;409,105;409,107;409,109;409,110;409,112;409,114;408,117;408,118;408,121;409,122;409,124;408,127;408,129;408,130;409,133;409,135;409,136;409,138;408,140;408,142;409,145;408,146;408,149;409,151;408,152;409,155;408,156;408,158;409,161;409,162;408,164;408,166;409,168;409,171;409,173;409,175;408,177;408,178;409,181;409,183;408,185;409,186;409,189;409,190;408,193;409,194;409,197;408,198;408,200;409,202;409,204;409,206;408,209;409,211;408,212;408,215;409,217;408,219;409,220;409,223;408,225;409,226;408,228;409,230;409,233;408,235;409,236;409,238;408,240;409,243;409,245;408,247;409,249;408,251;408,253;409,255;408,256;408,258;409,260;408,263;409,265;409,266;409,269;409,271;409,273;408,275;408,277;409,278;409,281;409,283;408,284;408,286;408,288;408,291;409,293;409,294;408,296;408,298;409,301;409,302;409,305;409,307;408,308;408,311;408,312;408,315;409,317;408,319;408,320;408,323;408,325;409,327;408,329;409,331;409,333;408,334;408,336;408,338;408,341;408,343;409,345;409,346;409,349;409,351;408,352;409,355;408,356;409,359;409,360;409,362;408,364;408,366;408,368;408,370;408,372;408,375;408,377;408,379;408,380;408,383;408,384;409,387;409,389;408,390;408,393;408,394;409,396;408,399;409,400;408,403;408,405;408,406;409,409;409,411;408,413;408,414;408,417;408,419;408,420;408,422;409,425;409,427;408,429;408,430;409,433;408,434;409,437;409,439;409,440;408,442;409,445;409,446;409,448;408,451;408,452;408,455;408,457;408,458;408,460;408,463;408,465;408,467;409,468;409,470;409,472;408,474;409,476;409,479;409,480;408,482;409,485;408,486;408,489;409,490;409,492;408,495;408,496;409,499;409,500;409,503;409,504;409,507;408,508;409,510
411,1;411,3;410,4;410,6;410,9;411,11;410,13;410,15;410,17;411,19;410,21;411,23;411,24;411,27;411,29;410,30;410,32;410,35;410,37;411,38;410,40;411,43;411,45;411,47;410,49;410,50;410,52;411,54;410,56;411,58;410,61;411,62;411,64;410,67;411,69;410,71;411,73;411,74;410,77;411,79;411,80;411,82;411,85;410,86;411,88;410,90;411,92;410,95;410,96;410,99;411,100;410,103;411,105;410,107;411,109;411,110;410,113;410,114;411,116;410,119;410,121;410,123;410,125;411,126;411,129;411,130;411,133;411,135;411,137;411,139;411,141;411,142;410,145;410,147;410,148;411,151;411,152;411,154;411,156;411,158;411,160;411,162;410,165;410,167;411,168;411,170;410,173;411,175;410,176;410,179;411,181;411,183;410,185;410,187;410,188;411,191;410,193;410,194;410,196;411,198;411,201;411,202;410,204;410,207;411,209;410,210;410,213;411,215;411,217;411,219;411,220;411,223;411,224;410,227;410,228;410,231;411,233;411,235;411,237;410,239;411,241;411,242;411,244;411,246;411,249;410,250;411,253;410,254;411,257;410,259;411,260;411,262;411,265;410,266;410,268;411,270;410,273;410,274;411,277;411,279;410,281;411,282;410,285;411,287;410,289;410,291;410,292;411,295;410,297;410,299;411,300;411,302;411,304;410,307;410,308;410,311;410,313;410,314;411,317;411,319;410,320;410,322;411,324;411,327;410,328;411,331;410,333;410,334;411,337;411,338;411,341;411,343;411,344;410,346;410,348;411,351;410,353;411,355;411,356;410,358;411,361;411,363;410,365;410,366;411,369;411,371;411,373;410,374;410,377;411,379;410,381;410,382;411,385;410,387;410,388;410,390;410,393;411,394;411,397;410,399;411,401;411,402;410,404;410,407;411,409;411,410;410,412;410,415;411,416;410,418;411,421;410,422;411,425;410,427;411,429;411,431;410,432;411,435;410,436;410,438;410,441;410,442;411,444;410,446;410,449;411,450;410,453;411,454;410,457;411,458;410,460;410,463;411,464;411,467;410,469;411,471;410,472;411,474;411,476;410,479;411,480;410,483;411,484;410,486;411,489;410,490;410,493;410,494;411,496;410,498;411,501;410,503;411,504;411,507;411,508;410,511
412,1;412,3;413,5;413,6;413,9;413,11;413,12;412,15;413,16;412,19;413,20;413,23;413,25;413,27;413,28;412,30;413,32;413,35;413,36;412,38;413,40;413,42;412,45;413,47;412,49;412,51;412,53;412,55;413,57;413,59;412,60;412,63;413,65;412,66;412,69;413,71;413,73;412,74;413,76;412,79;413,80;412,83;413,84;412,87;413,88;413,91;413,93;412,95;413,96;412,99;413,101;412,102;413,104;413,107;412,108;412,111;412,112;412,114;412,116;412,119;413,120;412,122;412,125;413,126;412,128;412,130;412,133;412,135;413,136;413,138;413,140;412,143;413,145;412,146;413,149;413,151;412,152;413,155;412,156;412,159;413,160;412,162;413,164;412,167;413,169;412,171;413,173;412,174;413,177;412,178;412,181;413,182;413,185;412,186;413,189;412,190;413,192;412,194;412,197;412,199;412,201;413,202;413,205;413,207;412,208;413,211;413,212;413,214;412,217;413,219;412,221;413,223;412,224;412,226;412,229;412,231;412,232;412,234;413,237;412,238;412,241;412,242;413,244;412,247;412,248;412,250;412,253;412,255;413,256;412,259;413,260;413,262;413,265;412,267;412,268;413,270;412,273;413,275;413,276;412,279;413,281;413,282;412,285;412,286;413,289;412,290;413,292;412,295;413,296;412,299;413,300;413,303;413,304;413,307;413,308;413,310;413,312;413,314;413,316;412,319;412,320;412,322;413,324;413,326;413,328;413,331;413,333;412,335;412,336;412,339;413,341;413,343;412,344;413,347;413,349;413,351;412,352;412,354;412,356;412,358;413,361;413,363;412,365;412,366;412,369;412,371;412,372;413,374;413,377;413,378;413,380;413,383;412,385;413,386;413,388;413,390;413,392;413,394;412,396;412,398;412,400;412,402;412,405;413,407;413,408;412,411;413,412;413,415;412,416;413,419;412,421;412,423;412,425;412,426;413,428;413,430;412,432;413,434;412,437;413,438;413,441;412,443;413,445;413,447;413,449;412,450;413,453;413,455;412,456;412,458;412,460;413,462;413,465;412,467;413,469;413,471;412,472;413,474;413,477;413,479;413,480;412,482;413,484;413,486;413,488;412,490;413,492;413,494;413,496;412,499;413,501;412,502;413,504;413,506;413,508;413,511
415,0;414,3;415,5;415,6;415,8;414,11;415,13;415,15;414,17;415,19;415,20;414,23;414,24;414,27;414,29;415,30;415,32;415,35;415,37;415,38;415,40;414,43;415,44;414,47;415,49;415,50;414,53;415,55;414,56;415,59;414,60;415,63;414,64;415,66;415,69;414,71;414,73;415,74;414,76;415,79;415,81;414,82;415,84;414,86;414,88;415,90;414,93;415,94;415,96;414,99;414,100;415,102;415,105;415,106;415,108;415,110;414,112;414,115;414,117;415,118;414,121;415,122;414,124;415,127;414,128;414,130;414,133;415,135;415,137;415,138;414,141;415,142;414,144;414,147;415,148;415,150;414,152;414,155;415,156;414,158;415,161;414,163;415,165;415,166;415,169;415,171;414,172;414,174;415,176;415,178;414,180;414,183;414,185;415,187;415,189;414,190;415,193;415,195;414,197;414,198;415,201;415,202;415,204;415,207;414,208;415,211;415,212;414,215;415,217;414,219;415,220;414,223;414,224;415,227;415,228;415,230;414,232;414,235;415,237;414,239;414,240;414,242;414,244;415,247;415,249;415,250;414,253;414,255;414,256;414,259;415,261;415,262;414,264;414,266;414,269;415,270;415,273;415,274;414,277;414,278;415,280;415,282;414,284;414,287;414,289;415,291;415,293;414,294;414,296;415,298;414,301;415,302;414,304;414,307;414,309;415,310;414,313;415,314;415,317;415,318;415,320;414,322;414,324;415,326;415,329;414,331;414,333;415,335;415,337;415,338;414,341;414,343;414,344;415,346;414,348;414,350;415,353;415,355;414,356;415,358;414,360;414,363;415,364;415,367;414,369;414,371;415,372;415,375;415,376;414,378;415,380;415,383;415,385;415,387;415,388;415,390;415,393;415,394;415,396;414,399;414,401;415,403;415,405;414,406;415,409;414,411;414,413;415,414;415,416;415,419;415,421;415,423;415,425;415,427;414,428;414,431;414,433;414,434;415,436;415,438;414,440;414,442;415,444;414,446;414,448;415,451;415,453;415,455;415,457;414,459;414,460;414,462;415,465;414,466;414,469;415,471;415,472;415,475;415,476;414,478;414,481;414,483;414,485;415,486;414,489;415,491;415,493;415,494;414,496;414,499;414,501;415,503;414,504;415,507;414,508;415,510
416,1;416,3;416,4;416,7;416,9;417,11;417,13;416,15;416,16;417,18;417,20;416,23;416,24;417,26;416,28;417,30;417,33;416,35;417,37;417,39;416,40;417,43;416,45;416,47;416,49;417,50;416,52;417,54;416,56;416,58;417,60;416,63;417,64;416,66;416,68;417,70;417,72;417,74;417,77;416,78;417,80;417,82;417,85;417,87;417,88;416,90;417,92;417,95;416,97;417,99;417,100;416,103;417,105;416,107;416,109;416,110;416,113;416,115;416,116;416,119;416,121;417,123;416,125;416,127;417,129;417,131;417,132;417,134;416,137;416,139;416,141;417,143;417,145;416,147;416,148;417,151;417,152;416,155;416,157;416,158;417,161;416,163;417,165;416,167;416,169;417,170;416,173;417,174;417,177;416,179;416,180;416,182;416,184;416,187;416,189;417,190;416,193;416,195;417,196;417,198;417,201;416,203;417,205;416,206;417,208;416,211;416,213;416,214;416,216;417,218;417,220;416,223;416,224;417,226;417,229;417,230;416,232;416,235;416,237;416,238;416,240;416,243;416,245;417,246;416,249;416,251;417,252;416,254;416,256;417,259;417,261;417,262;417,264;416,267;416,269;417,271;416,273;416,274;416,277;416,278;417,280;416,283;416,284;417,287;416,288;416,290;416,292;416,294;416,296;416,299;416,300;417,302;416,304;417,307;416,309;416,311;416,312;417,314;417,317;417,319;417,320;416,323;416,324;416,327;417,329;417,331;417,333;417,334;416,336;416,338;416,341;417,342;416,344;416,347;417,349;417,350;417,353;416,355;416,357;416,358;417,361;417,363;417,365;416,366;416,369;417,370;416,373;417,374;416,376;416,379;416,381;416,382;417,384;417,387;417,388;416,391;416,392;416,395;417,396;417,398;416,400;416,402;416,405;416,406;417,408;417,411;416,413;417,414;417,417;416,419;417,421;417,422;416,424;417,427;416,428;417,430;416,433;416,434;416,437;417,438;417,441;416,442;416,445;417,447;416,448;417,451;416,452;416,455;417,456;417,458;417,461;417,462;417,464;417,467;417,468;417,470;417,472;417,474;417,476;416,478;417,481;416,483;417,485;416,486;417,489;417,490;417,492;417,495;416,496;416,499;416,501;416,503;417,504;416,506;417,508;416,511
418,0;418,3;419,4;418,6;419,9;419,10;419,12;419,14;418,17;419,18;418,21;419,22;419,24;418,26;418,29;419,31;419,32;418,35;418,36;419,38;418,40;418,42;418,45;418,47;419,49;419,50;419,53;418,55;419,56;419,58;418,61;418,62;418,64;419,67;418,69;418,71;418,73;418,75;418,76;419,79;418,80;418,82;419,85;418,87;419,88;418,90;419,93;419,95;419,97;418,98;418,101;418,102;419,104;419,106;419,108;419,110;418,113;418,114;418,117;418,119;418,120;418,122;418,125;418,126;418,129;418,130;418,133;418,134;418,137;419,139;418,140;419,142;419,144;419,146;418,149;418,150;419,152;419,154;419,157;419,159;419,160;418,162;419,165;419,167;418,168;418,171;418,172;418,174;419,177;419,179;419,181;418,183;418,185;419,187;419,189;419,191;419,193;418,194;419,197;419,198;418,200;419,203;418,204;418,206;419,208;418,210;418,212;418,215;418,216;418,219;418,221;418,222;419,225;418,227;418,228;419,230;418,233;419,234;419,236;419,239;419,240;418,243;419,244;419,246;418,249;419,251;419,253;419,255;419,256;419,259;419,260;418,262;418,265;418,267;418,269;418,270;419,272;419,274;419,276;419,278;419,280;418,283;419,285;419,286;418,289;419,290;418,293;419,295;418,297;418,298;419,301;419,303;419,305;419,307;419,309;418,311;418,313;418,315;418,316;418,318;418,320;418,322;418,324;419,326;418,329;418,330;418,333;418,335;418,336;419,339;418,340;419,343;418,344;419,346;418,348;419,350;419,352;418,355;419,357;419,359;418,360;418,362;419,365;419,366;419,369;418,371;418,372;418,375;419,376;419,378;418,380;418,383;419,385;419,387;419,389;419,390;418,392;419,394;419,396;419,398;419,401;419,403;419,404;419,407;419,408;418,410;419,413;418,415;419,416;419,419;418,421;418,422;419,424;418,427;419,428;418,430;419,432;419,434;419,436;418,438;419,441;418,443;418,444;419,447;419,448;419,451;418,453;418,454;419,456;418,458;419,461;419,463;419,465;419,466;419,469;418,471;419,472;418,475;419,477;418,479;418,481;418,483;418,484;418,486;419,489;419,490;418,492;419,495;418,497;418,498;419,501;418,503;419,505;418,507;419,509;419,510
420,0;421,3;420,5;420,7;420,9;421,10;420,13;420,15;420,16;420,18;420,21;421,22;421,25;421,27;421,29;420,30;420,33;421,35;421,37;421,39;420,41;420,42;420,45;421,47;421,49;421,51;421,52;421,54;421,57;421,58;420,60;420,63;421,64;420,67;421,69;420,71;421,73;421,74;420,76;421,79;421,81;420,82;421,85;421,86;421,89;420,90;421,92;421,94;420,97;421,99;421,101;421,102;421,105;420,106;421,108;421,111;421,113;421,115;420,117;421,119;420,121;421,123;421,125;420,126;421,128;420,130;420,133;420,135;421,136;420,138;420,141;421,142;420,144;420,146;420,148;420,150;421,152;420,155;420,157;421,159;420,161;421,162;421,164;421,167;421,168;420,170;421,172;421,174;421,177;421,179;421,180;420,183;421,184;421,187;420,188;421,191;421,193;420,194;420,197;421,198;421,200;420,202;420,205;421,206;421,209;420,211;421,213;421,214;420,216;420,219;420,221;420,222;420,225;421,226;420,228;421,230;420,233;421,234;421,236;420,239;420,241;421,243;421,245;421,247;421,249;420,250;421,253;421,254;421,257;420,259;421,260;420,262;420,265;421,266;420,269;420,270;421,272;421,274;421,276;420,279;421,280;421,282;420,285;420,287;421,289;420,291;421,293;421,295;421,297;421,298;420,301;421,303;421,305;420,307;420,308;420,310;421,313;421,314;420,316;421,319;421,320;421,322;421,325;420,327;420,329;420,331;421,333;420,335;420,336;421,339;421,341;420,343;421,344;420,347;420,349;420,350;420,352;421,354;421,356;421,358;421,360;420,362;420,364;420,366;420,368;421,371;421,372;420,374;420,377;421,379;420,381;421,383;421,385;420,386;420,389;421,391;420,393;420,394;420,396;421,399;420,401;420,403;420,405;420,407;420,408;421,411;420,412;421,414;420,417;420,418;421,420;421,422;421,424;421,426;421,429;421,431;420,432;421,435;420,437;420,439;420,440;421,442;420,445;421,447;421,449;420,451;420,452;420,454;421,456;421,459;421,461;420,463;420,465;420,467;421,469;420,470;421,472;421,474;420,477;421,479;421,480;420,482;420,484;421,486;420,489;421,491;421,492;421,495;421,496;420,499;420,500;421,502;421,504;421,507;421,508;421,510
422,0;423,3;423,4;423,6;423,9;423,11;423,12;423,15;422,16;423,19;423,20;423,23;423,24;423,27;423,28;422,31;423,32;422,35;423,37;423,38;422,40;423,43;422,44;423,47;423,49;423,50;423,52;422,55;422,56;422,58;422,60;423,62;423,64;423,66;423,68;422,71;422,73;423,74;423,76;423,79;422,81;422,82;422,85;422,86;422,88;422,90;423,92;422,94;423,96;423,99;423,101;423,102;423,105;423,107;423,109;423,110;422,113;423,114;422,117;423,119;423,121;422,123;422,124;422,126;422,129;422,130;422,133;423,134;423,137;422,138;422,141;422,143;422,145;422,147;423,148;423,150;423,152;422,155;423,157;423,159;422,161;423,163;422,164;422,167;422,169;423,170;422,172;423,174;423,176;423,178;423,180;423,182;423,184;422,187;423,188;422,190;423,193;422,194;422,196;422,199;423,200;422,202;423,205;423,206;423,208;423,211;423,213;423,215;423,216;423,218;422,220;423,223;422,224;423,226;422,229;423,231;422,232;422,234;422,236;422,238;423,240;422,243;423,244;422,247;422,249;422,250;423,253;423,254;423,256;422,259;423,261;422,262;422,264;422,266;422,268;422,270;423,272;423,274;423,276;423,278;422,281;422,282;422,284;423,286;422,288;423,291;422,292;422,295;423,297;422,299;423,301;422,302;423,305;423,306;423,309;423,311;423,312;422,315;423,316;422,319;422,320;422,323;423,325;423,327;423,329;423,330;423,333;423,335;423,337;423,338;423,341;422,343;422,344;423,346;422,349;422,350;423,352;422,354;423,357;422,359;422,360;423,363;422,365;422,366;422,368;422,370;422,372;422,375;422,376;423,378;422,380;422,383;423,384;422,386;422,389;423,390;423,392;422,395;423,397;422,399;423,400;423,402;422,405;423,407;422,408;423,410;423,412;423,415;423,416;422,419;423,420;422,422;423,425;422,426;423,428;423,431;422,433;422,435;422,437;422,439;423,440;423,443;422,445;422,447;423,448;422,451;422,452;422,455;423,456;422,458;423,461;423,463;423,465;422,466;423,469;422,470;422,472;422,475;422,476;422,479;423,480;422,482;422,484;423,486;423,489;422,490;422,492;422,495;423,496;423,499;423,501;422,503;423,504;423,507;423,508;423,510
424,1;425,2;424,4;425,7;424,9;424,10;425,12;424,15;424,17;424,19;425,21;424,22;425,25;424,27;425,29;424,31;425,32;424,35;425,37;424,38;425,40;425,43;424,45;424,47;425,49;425,51;424,52;424,54;425,56;425,58;424,60;424,62;424,65;424,66;425,68;424,70;425,73;424,74;424,76;425,79;425,81;424,83;425,84;424,86;424,88;425,90;424,92;424,95;424,97;425,98;425,100;424,102;424,105;425,107;424,109;424,110;425,113;424,114;425,117;425,118;425,120;424,123;424,125;425,127;425,129;424,131;424,133;425,134;425,137;425,139;425,141;424,143;425,144;425,147;424,149;424,151;425,152;424,154;424,156;424,159;424,160;425,162;425,164;425,166;425,168;425,171;424,173;424,174;425,176;425,178;425,180;425,182;425,184;424,186;425,189;425,190;425,193;424,195;425,196;425,198;425,200;425,203;424,205;424,206;425,209;424,211;424,213;425,214;425,217;425,218;424,220;424,223;424,224;425,226;425,228;424,231;425,232;425,235;424,236;424,239;424,240;425,242;424,244;424,247;425,248;425,251;424,252;425,254;424,256;425,258;424,261;424,262;425,264;424,267;424,269;424,270;424,273;425,274;424,276;425,279;425,281;425,282;424,285;424,286;424,288;425,291;425,293;425,295;425,297;425,298;424,300;424,303;424,305;424,307;425,309;424,311;424,312;424,315;424,317;425,319;425,320;424,322;425,325;425,326;425,329;425,331;425,332;425,335;425,336;424,338;425,340;425,342;425,345;425,346;424,349;425,351;424,353;425,355;424,357;424,358;424,360;424,363;424,365;424,366;424,368;425,371;425,372;424,375;425,376;424,379;425,381;425,383;425,385;424,387;425,389;424,391;424,393;424,395;425,396;425,398;424,401;425,403;424,404;424,406;425,408;424,410;425,412;424,414;424,416;425,419;425,420;424,423;425,424;424,427;424,429;424,430;425,433;425,435;424,436;424,438;425,440;424,443;425,444;425,447;425,448;424,451;424,453;424,455;424,456;424,459;425,461;425,463;424,465;424,466;424,468;424,471;425,472;424,474;425,477;424,479;425,481;425,482;424,485;425,486;424,489;425,491;424,493;425,495;425,496;424,499;425,501;425,502;424,505;424,506;424,508;425,511
426,1;426,3;427,4;426,6;427,9;426,10;426,13;426,15;427,17;427,18;426,20;426,22;426,25;427,26;426,28;427,31;427,32;426,35;426,37;426,38;426,41;427,43;426,45;426,47;427,49;426,50;426,53;426,55;426,56;426,59;427,60;426,62;426,65;427,66;427,68;426,71;426,73;427,74;427,76;427,79;426,81;426,82;426,85;426,86;426,89;426,90;426,92;426,94;426,97;427,99;427,101;427,102;427,104;426,107;427,109;426,111;427,113;426,115;427,116;427,118;427,121;427,123;427,125;427,127;427,129;427,131;427,132;427,135;426,136;427,138;427,141;426,142;426,145;426,146;427,148;427,150;427,153;426,155;427,156;427,158;427,161;427,162;427,164;427,167;426,168;427,171;426,172;427,175;426,177;427,179;427,180;427,183;426,185;426,186;427,189;426,190;426,193;426,195;426,197;427,198;426,200;426,203;426,205;426,206;426,208;427,210;427,212;426,215;426,217;426,218;427,220;426,223;427,225;427,227;426,229;426,231;427,232;426,235;427,237;427,238;427,241;427,243;426,244;427,247;426,248;426,251;427,252;426,254;426,257;426,258;426,261;426,262;426,265;427,266;427,269;426,271;426,272;426,274;427,277;427,279;427,280;427,282;426,285;426,286;426,289;427,291;427,292;426,295;427,296;427,299;427,300;426,302;427,304;426,306;427,309;426,310;426,313;426,314;426,317;426,319;426,321;427,323;427,324;426,327;427,328;427,331;427,333;426,334;426,337;427,339;427,341;427,342;427,344;427,347;426,348;426,350;427,353;427,354;426,357;427,358;426,361;426,363;426,365;427,366;426,368;427,371;427,373;427,375;427,377;427,378;427,380;426,383;426,385;426,386;427,389;426,390;426,392;427,395;426,396;426,399;427,400;427,402;427,405;427,406;426,409;426,410;426,412;426,414;427,416;427,419;426,421;427,422;426,424;427,426;426,428;427,430;427,433;427,435;426,437;426,439;426,441;426,442;427,444;426,446;427,449;426,450;427,453;427,455;426,456;426,459;426,461;426,462;427,465;427,466;426,469;426,471;426,472;426,475;426,476;426,479;426,481;426,482;426,484;426,487;426,488;426,491;426,492;427,495;427,497;426,499;427,500;426,503;427,505;427,507;427,509;427,510
429,1;428,2;429,4;429,7;428,8;428,11;428,12;428,14;428,17;428,18;429,21;429,22;429,25;428,27;429,28;428,31;429,33;429,35;428,37;428,39;429,40;428,42;428,44;429,47;428,49;429,51;429,52;428,55;428,56;428,58;429,61;428,63;428,64;428,67;429,69;429,71;428,73;429,74;428,76;428,78;428,80;429,82;429,85;429,86;429,89;428,90;428,93;429,95;429,96;429,98;429,100;428,102;429,104;429,107;428,109;429,110;428,112;429,115;428,117;428,119;428,121;429,123;428,124;428,127;428,129;428,131;428,132;429,135;428,137;428,139;429,140;428,142;429,144;429,146;428,149;428,150;429,152;428,155;429,157;428,158;428,160;428,163;429,165;428,167;429,168;429,171;429,172;428,174;429,176;429,179;428,181;428,182;428,184;429,187;429,189;429,191;429,193;429,195;428,196;428,198;429,201;428,203;429,205;429,206;428,208;428,211;429,212;428,214;429,216;429,219;428,221;429,223;429,224;428,226;428,229;428,230;428,232;428,234;428,236;429,239;429,241;428,242;428,244;428,247;429,248;429,251;428,252;429,254;429,256;429,259;429,261;428,263;429,264;429,266;428,268;428,270;428,272;429,275;429,276;429,279;428,280;428,282;428,285;428,286;429,288;429,290;429,292;428,294;429,297;428,298;429,301;428,302;429,305;428,306;428,309;428,311;428,313;428,315;428,316;428,318;428,321;429,323;428,324;429,327;429,328;429,331;429,332;429,335;429,337;428,338;429,340;428,342;429,345;428,347;428,348;428,350;428,352;428,355;428,356;428,359;428,361;428,362;429,364;429,366;429,368;428,370;428,373;429,374;429,377;428,378;429,380;429,383;429,384;428,386;429,388;428,390;428,393;429,394;428,396;428,398;428,400;429,402;428,404;429,406;428,408;428,411;429,412;428,415;428,416;429,419;429,420;429,423;429,424;428,426;428,429;429,431;428,432;428,435;428,437;428,438;429,440;429,443;429,444;429,447;429,448;428,450;428,452;429,455;428,456;428,458;428,460;428,463;428,464;429,467;429,468;429,470;429,473;428,474;428,477;428,479;428,481;428,482;428,484;428,487;429,489;428,491;428,493;429,494;428,496;428,498;429,501;429,502;428,505;428,506;428,508;428,510
431,1;430,2;431,4;430,7;430,9;430,10;430,12;430,15;430,16;430,19;430,20;430,22;431,24;430,27;430,28;430,30;430,33;431,35;430,37;431,39;430,40;431,43;430,45;430,46;430,49;430,50;430,52;431,55;430,56;431,59;430,61;430,62;430,65;430,67;430,69;430,71;430,73;431,75;430,76;430,79;431,80;430,82;431,85;430,86;431,88;430,90;431,92;430,95;431,97;431,98;430,100;431,103;431,104;431,107;430,109;431,111;431,112;430,114;430,116;431,118;431,121;431,123;431,124;430,127;431,129;431,130;431,132;430,134;430,136;431,138;430,140;431,142;430,144;431,146;431,149;430,151;430,153;430,154;430,157;430,158;431,161;430,162;430,164;430,166;430,169;430,171;431,173;431,174;430,177;431,178;431,181;431,183;431,185;430,187;430,189;430,191;430,193;431,194;430,197;430,198;430,200;430,202;430,205;430,206;431,209;431,210;431,213;430,215;430,217;431,219;430,221;430,222;430,225;431,226;430,228;430,230;431,233;430,235;430,236;430,239;430,240;431,242;430,245;431,247;430,249;431,251;430,252;431,254;430,257;430,258;430,260;431,262;430,264;431,267;430,269;431,271;430,272;431,274;430,276;430,279;430,281;431,282;431,284;430,287;431,289;430,290;430,292;431,295;430,296;430,299;431,301;431,302;430,305;430,307;430,308;430,311;430,313;431,315;431,317;431,319;431,321;430,322;430,324;430,327;430,329;430,330;430,333;430,335;430,336;430,339;430,341;430,342;431,345;431,346;430,348;430,350;431,352;430,355;430,356;430,358;431,360;431,362;431,364;430,367;430,368;430,370;430,372;431,375;430,376;430,379;431,380;430,382;430,385;430,386;431,388;431,390;430,393;430,395;431,396;431,399;431,400;431,402;430,404;430,406;431,409;430,411;430,412;431,415;431,416;431,418;431,420;431,423;430,424;431,426;431,429;430,431;430,433;430,435;431,436;430,438;431,441;430,442;430,445;431,446;431,448;430,450;431,452;431,455;431,456;431,459;430,461;431,462;430,464;431,467;431,469;431,471;430,472;430,475;431,477;430,478;431,481;430,483;431,485;430,487;431,488;431,490;430,492;430,495;431,497;430,498;430,500;431,503;430,505;431,506;430,508;430,510
432,1;432,2;433,5;433,7;432,8;433,10;433,12;432,14;432,16;433,18;432,20;432,23;432,24;432,27;432,29;433,30;432,32;432,35;432,37;433,39;433,40;433,42;433,45;432,47;432,49;432,51;432,52;433,54;432,56;432,59;433,61;433,62;433,65;433,67;432,68;432,71;432,73;432,74;433,77;433,79;432,81;433,82;433,85;432,86;432,89;433,90;432,92;432,95;432,97;433,98;433,100;432,102;433,105;432,106;433,109;433,110;433,113;432,115;432,116;433,119;432,120;432,122;433,124;432,127;432,129;433,130;432,132;432,135;433,137;432,139;433,141;432,143;432,145;432,147;432,149;433,150;432,153;432,155;432,156;433,159;432,161;432,162;432,165;432,166;432,169;433,170;433,173;432,175;432,176;433,179;433,180;433,183;433,185;433,187;432,189;432,191;432,192;433,194;432,197;432,198;432,201;432,202;432,204;433,207;432,208;433,211;433,212;433,214;432,217;432,218;433,221;432,222;432,225;433,226;432,228;432,230;433,232;432,234;433,236;432,238;432,241;432,242;433,244;432,246;432,249;432,250;432,252;432,255;432,257;432,259;432,261;432,263;432,264;432,266;433,269;433,270;433,272;433,275;433,276;433,278;433,281;433,282;432,284;432,286;432,289;433,291;432,292;432,295;432,297;433,299;433,300;433,303;432,305;433,306;432,308;433,310;433,312;433,315;432,316;433,318;432,320;432,323;433,324;433,326;432,328;432,331;432,333;432,335;432,336;432,339;432,341;433,342;432,344;433,347;432,348;432,351;433,352;432,355;433,356;432,358;433,361;432,363;432,365;432,367;433,369;433,370;433,373;433,374;432,376;432,378;432,380;432,382;433,385;432,386;432,389;432,391;433,393;432,394;432,397;432,399;432,401;433,402;433,404;433,406;433,409;433,410;432,412;432,415;432,417;432,418;432,421;433,423;432,424;432,426;432,429;433,430;433,433;433,435;432,436;433,438;433,441;432,442;432,445;432,447;433,448;432,450;432,452;432,455;433,457;433,458;433,461;433,463;433,464;433,466;433,468;432,470;433,472;432,474;432,477;432,478;433,481;433,483;432,484;432,486;432,489;433,491;432,493;432,495;433,496;433,498;433,501;432,503;433,504;432,506;432,508;433,510
434,1;435,2;435,4;434,7;434,8;434,10;434,12;435,15;435,17;434,18;435,20;435,22;435,24;434,27;434,29;435,30;434,32;435,35;435,37;435,38;434,40;434,42;434,44;435,47;435,49;435,51;434,52;435,55;434,57;435,58;434,61;434,63;435,65;435,67;434,68;434,70;435,72;434,75;434,76;434,79;434,81;434,82;434,85;435,87;435,88;435,90;435,92;434,94;434,96;434,99;435,100;434,102;434,104;434,106;435,109;435,110;435,112;435,114;434,116;434,118;435,121;434,122;435,125;435,127;435,128;435,131;434,132;434,134;435,136;434,139;435,141;434,142;434,144;435,147;434,148;435,150;434,152;435,154;434,157;434,159;435,160;434,163;434,164;434,166;435,168;434,171;435,173;434,175;435,176;435,179;434,180;434,182;435,184;434,186;434,188;434,190;434,192;434,194;435,196;434,199;434,201;435,203;434,204;434,207;435,209;434,211;434,212;434,215;434,216;434,219;434,221;434,222;434,224;435,227;434,228;434,230;435,233;434,234;435,237;435,238;434,240;434,243;435,245;434,247;435,249;434,250;434,253;434,254;434,256;434,258;434,260;434,262;435,265;435,267;435,268;434,270;434,272;435,274;435,276;434,279;435,280;435,283;435,285;435,287;435,289;435,290;434,292;435,294;435,297;434,299;434,301;435,303;434,305;434,306;434,309;435,310;435,313;435,315;435,316;435,319;435,321;434,322;435,325;435,326;434,329;434,330;434,332;434,335;434,337;435,338;434,341;435,342;434,344;435,347;434,348;434,351;434,353;435,355;434,357;435,358;435,361;435,362;434,364;434,367;435,369;435,370;434,372;435,374;434,376;435,379;434,380;435,382;435,384;435,386;435,388;434,390;435,392;434,395;434,397;435,399;434,401;434,403;434,405;435,406;435,408;434,410;435,412;435,415;434,416;434,419;434,420;435,422;434,424;435,426;434,429;435,430;434,433;435,435;435,436;434,438;435,441;434,443;434,445;434,447;435,449;434,450;434,453;435,455;434,456;434,459;434,460;435,463;434,464;435,467;435,468;434,470;435,473;434,475;435,476;434,479;435,481;435,483;435,485;434,487;435,489;434,490;435,492;434,495;435,496;435,498;434,501;434,503;434,505;434,507;434,509;434,511
436,1;436,3;437,5;436,7;437,9;436,11;436,12;437,14;437,16;437,19;436,20;436,23;436,25;436,27;436,28;437,30;436,32;437,34;437,37;436,38;437,40;436,43;436,45;437,46;436,49;437,50;437,53;437,55;437,56;437,59;436,61;436,63;436,65;436,67;437,68;437,70;436,73;436,74;436,76;436,79;437,81;437,82;436,85;436,86;436,89;437,90;436,93;437,95;436,96;437,99;437,100;436,103;437,104;436,106;437,108;437,111;437,113;437,115;436,117;436,119;437,121;437,123;436,124;437,127;436,128;437,130;436,133;437,135;437,137;436,138;436,140;436,142;437,144;437,147;437,148;437,150;436,152;437,155;436,157;437,159;436,161;437,163;437,164;436,166;437,168;437,171;436,172;436,175;436,177;436,179;437,181;436,183;436,184;436,186;437,188;437,190;437,192;437,195;436,196;437,198;436,200;436,203;436,204;436,207;437,208;437,211;437,212;436,215;436,216;436,218;437,221;437,222;437,225;437,226;436,229;437,231;437,232;437,234;437,236;436,238;437,240;437,242;437,245;436,246;436,249;436,250;436,252;437,254;436,257;436,258;437,261;436,262;436,264;436,267;436,269;437,271;436,273;436,274;436,276;437,279;436,280;436,283;436,284;436,286;437,288;436,290;436,292;436,295;437,297;437,298;437,301;436,302;436,305;437,307;437,309;436,311;437,312;436,315;436,317;436,318;436,320;436,322;437,325;436,327;436,328;437,331;437,332;437,334;437,337;436,339;436,340;437,343;437,345;437,346;437,348;436,350;437,353;436,354;437,357;436,358;437,361;437,362;437,364;437,366;436,368;437,371;436,373;436,375;436,376;437,378;437,380;436,382;436,385;437,387;436,388;436,390;436,393;437,395;437,396;436,398;437,401;436,403;436,405;436,407;437,408;437,411;437,412;436,414;437,416;436,418;437,420;437,423;437,425;437,426;437,429;437,431;436,432;436,434;436,437;436,438;436,441;436,442;436,444;436,447;436,448;436,451;437,452;437,455;437,456;437,458;436,461;436,463;437,464;436,467;437,469;436,470;437,473;436,474;436,477;437,478;437,480;437,482;437,485;437,486;436,488;437,491;437,492;436,494;436,496;436,498;437,501;436,503;436,504;436,507;437,509;437,511
438,0;438,2;439,5;438,6;438,9;438,11;438,13;438,14;439,16;438,18;438,20;439,22;438,25;439,26;439,29;439,31;439,32;439,35;439,36;439,38;438,41;438,42;439,45;438,47;439,48;438,50;439,53;438,54;438,56;439,59;439,60;439,62;438,64;439,67;439,69;438,71;439,73;439,74;438,76;439,79;438,81;438,82;439,85;438,87;439,88;439,91;438,93;438,95;439,96;439,99;438,100;438,102;438,104;439,107;439,109;439,111;439,112;439,114;439,117;438,118;438,121;438,123;438,125;439,126;438,129;438,130;438,132;438,134;439,137;439,139;438,141;439,142;438,145;439,147;438,148;438,151;439,152;439,155;438,157;438,159;438,161;439,163;438,164;439,166;438,169;438,170;439,172;439,175;439,176;439,178;438,181;439,183;439,184;439,187;439,188;439,190;438,192;438,195;438,196;439,199;439,201;439,203;438,204;439,206;438,208;438,210;438,213;438,215;438,217;438,218;438,220;438,222;439,224;439,227;438,228;438,231;438,232;439,235;438,236;439,239;438,241;439,242;439,245;438,246;438,248;438,250;439,252;439,255;438,257;439,258;439,260;439,263;439,265;439,267;438,268;439,270;439,272;438,274;439,277;439,278;438,280;439,283;438,284;439,286;439,288;439,290;438,293;439,294;438,296;439,299;439,301;439,302;439,304;438,307;438,309;438,311;439,313;438,314;439,316;438,318;439,320;439,322;439,325;438,327;439,329;439,331;439,332;439,334;438,337;439,339;438,340;439,343;439,345;439,347;439,348;439,350;439,352;439,354;439,357;438,359;438,361;438,363;439,365;439,366;439,369;438,371;438,372;439,374;438,376;439,378;439,381;439,383;438,384;438,386;438,389;438,391;438,392;438,394;439,397;439,398;439,400;438,403;438,405;439,406;439,408;439,411;439,413;438,414;438,417;438,418;438,420;439,422;439,425;439,426;439,428;438,430;438,432;439,434;438,436;439,439;438,441;439,443;439,444;439,446;439,448;438,450;438,452;438,454;438,456;439,459;439,461;438,463;438,465;439,467;439,468;439,471;439,472;439,475;438,477;438,479;438,481;439,482;438,484;439,486;438,489;439,491;439,493;439,494;439,496;439,499;438,501;438,503;439,504;439,506;438,508;438,510
441,1;440,3;441,5;440,7;441,9;441,11;441,12;440,14;440,17;441,18;440,21;441,23;440,24;440,26;441,29;440,31;440,33;440,34;441,37;440,39;441,40;440,43;440,45;441,47;440,49;440,51;441,52;441,54;440,56;441,59;441,61;441,62;440,64;441,66;441,69;440,70;441,73;440,74;440,76;440,79;441,81;441,82;440,84;441,87;440,88;440,90;441,92;441,94;441,96;441,99;440,101;440,103;441,104;441,107;440,109;440,111;440,112;441,115;440,117;441,119;441,120;441,122;441,125;440,126;441,129;441,130;440,133;441,135;440,137;441,138;441,140;440,142;441,144;440,147;441,148;440,150;441,153;441,154;440,156;441,159;441,160;441,163;441,165;441,167;440,168;441,171;440,172;441,175;440,176;441,178;440,181;440,182;440,185;441,186;440,189;441,190;441,193;440,195;440,196;440,199;440,200;441,203;440,205;440,206;440,208;441,211;440,213;440,214;440,217;440,218;440,221;440,223;441,224;441,227;441,229;441,230;441,232;440,234;441,237;440,238;440,241;441,243;441,245;441,246;441,249;441,251;441,253;440,254;441,256;441,259;441,261;441,263;440,264;440,267;440,268;440,271;440,273;440,274;441,276;440,278;441,280;440,282;440,284;441,286;440,289;440,290;441,293;440,294;440,296;440,299;441,301;440,303;440,304;440,307;441,308;440,310;441,312;440,314;440,317;441,318;441,321;441,323;441,324;440,327;441,329;441,331;441,332;441,334;440,336;441,338;440,341;441,342;441,344;440,347;441,349;440,350;440,352;440,355;441,357;440,358;440,360;440,362;440,364;440,366;441,368;440,371;441,373;441,375;440,377;440,379;441,381;440,382;440,384;440,386;441,389;440,391;440,392;440,395;441,396;441,399;441,401;441,402;440,405;441,407;440,408;441,410;441,413;440,414;441,416;441,419;440,421;440,422;440,424;440,427;440,428;440,430;440,432;440,435;440,437;441,438;441,440;440,443;440,445;440,446;441,448;441,450;440,452;440,454;440,457;440,458;441,460;441,463;441,464;440,466;440,469;440,471;441,472;440,475;441,477;441,479;441,480;440,483;441,484;441,487;441,489;440,491;440,493;441,494;441,496;440,498;441,501;440,503;441,505;440,506;440,508;441,511
443,1;442,3;443,4;443,6;443,8;442,10;442,12;442,14;443,17;442,18;442,21;442,22;443,25;443,26;442,29;443,30;443,33;443,35;443,36;442,38;442,40;443,42;443,45;442,47;443,49;442,51;442,52;442,55;443,57;442,58;442,60;443,63;442,64;443,67;443,69;443,71;443,72;443,74;443,76;442,79;443,80;442,82;443,85;443,87;443,88;443,90;442,92;442,95;443,96;442,98;443,100;442,103;443,104;442,106;442,108;442,110;442,113;443,114;443,117;442,119;442,121;442,122;442,125;442,126;442,129;442,131;442,133;442,134;442,136;442,139;443,141;442,142;443,144;442,146;443,149;443,151;442,153;442,155;443,157;442,159;442,160;443,162;443,164;443,167;443,168;442,170;443,172;443,175;443,176;442,179;443,181;443,183;442,185;443,187;442,189;442,191;442,192;442,194;442,197;443,198;443,200;442,203;443,205;443,206;443,208;442,211;442,212;443,215;443,216;442,219;442,221;443,223;443,224;443,227;442,229;443,231;442,232;442,234;442,236;442,238;442,240;442,242;443,244;442,246;443,249;443,250;442,252;443,255;442,257;443,258;443,261;443,262;442,264;443,266;442,268;443,270;443,272;443,274;443,276;442,278;442,281;443,282;443,284;443,286;443,289;443,291;443,293;443,295;442,297;442,298;442,301;442,302;443,305;442,306;443,309;442,310;442,312;442,314;442,317;443,318;443,320;442,322;442,324;443,326;443,329;443,330;442,332;443,334;443,337;442,338;442,340;442,343;443,345;442,347;443,348;442,351;442,353;443,355;442,357;443,358;442,360;443,363;443,365;443,366;442,369;442,371;443,373;442,375;443,376;443,379;443,381;443,382;442,384;443,387;443,389;443,390;442,392;443,394;443,396;443,398;443,401;443,402;443,405;442,407;443,408;443,411;443,413;442,414;442,417;442,419;443,421;443,423;443,425;442,427;442,428;442,430;443,433;442,435;442,436;442,439;443,440;442,443;442,445;443,446;442,448;442,450;442,452;443,455;442,456;443,459;442,461;442,463;443,465;442,466;442,469;443,471;443,473;443,474;442,476;443,478;443,480;442,483;442,484;442,487;443,489;443,490;443,493;443,494;442,496;443,499;442,500;442,502;443,505;443,506;443,508;443,511
445,0;444,3;444,4;444,6;445,8;444,10;444,12;444,14;445,16;445,18;444,21;445,23;444,25;444,27;444,29;445,31;444,32;445,35;445,36;444,39;444,41;445,42;445,45;444,47;445,49;445,51;444,52;445,54;444,56;444,59;444,60;444,63;444,64;445,66;445,68;444,70;444,73;445,74;445,77;444,78;444,81;445,82;445,85;444,87;445,88;444,90;444,92;445,94;445,96;445,99;444,101;444,103;444,105;445,107;445,109;444,111;444,113;445,115;445,116;444,118;445,121;444,122;445,125;445,126;444,129;445,130;444,132;444,134;444,136;445,138;445,140;444,143;445,144;444,147;444,149;444,150;444,152;445,154;445,156;445,158;444,161;445,163;444,165;445,167;445,168;445,170;445,172;444,174;445,177;444,178;445,180;445,182;445,185;445,187;445,188;444,190;445,192;444,194;445,197;445,198;444,200;445,203;445,204;444,206;445,208;444,210;445,212;445,215;445,216;445,218;444,220;445,222;445,224;445,226;444,228;445,230;444,232;444,235;445,236;444,238;444,240;444,243;445,244;444,246;444,248;445,250;445,253;444,254;444,257;445,258;445,260;445,262;444,264;444,267;445,268;444,270;445,273;445,275;444,277;444,279;445,281;444,283;444,284;445,286;444,289;445,290;445,293;445,294;445,296;445,298;445,300;444,303;445,305;444,307;444,308;445,310;445,313;444,314;444,317;445,319;445,320;445,322;445,325;444,327;444,328;445,330;444,332;444,334;444,336;445,339;445,340;445,342;445,345;445,346;444,348;445,351;444,353;445,355;444,356;444,358;445,361;444,362;444,365;445,366;444,368;445,370;444,373;444,374;444,377;444,378;445,380;445,382;444,385;445,386;444,389;445,391;444,393;445,394;444,397;445,399;444,400;444,402;445,404;445,406;444,408;445,411;445,413;444,415;445,417;445,418;445,421;444,423;444,424;444,427;445,428;444,431;445,433;444,435;444,437;444,439;445,441;445,442;445,445;445,446;445,448;444,450;445,452;445,454;444,456;445,458;444,460;445,463;445,464;444,467;445,468;444,470;445,472;445,474;444,476;444,479;444,480;445,483;444,485;444,487;445,489;444,490;444,492;444,494;445,496;444,498;445,501;445,503;445,505;445,507;445,508;444,510
446,1;446,3;447,4;447,7;447,8;446,10;447,12;446,15;447,17;446,18;446,20;447,23;446,25;446,26;447,29;446,31;446,33;446,35;447,37;446,38;447,41;446,43;446,44;447,47;447,49;447,50;446,52;446,55;446,56;447,58;447,61;446,62;446,64;446,66;446,68;447,70;447,73;447,74;447,76;447,78;446,81;447,82;447,85;446,87;446,88;446,91;446,92;447,94;447,97;447,99;447,100;447,102;446,104;447,107;447,108;446,111;447,112;446,114;446,117;446,118;447,120;446,122;447,124;447,127;446,128;447,131;446,132;446,134;446,137;447,138;447,141;446,143;446,144;447,147;447,149;446,150;447,153;446,155;446,156;446,159;447,160;446,162;447,164;447,167;447,169;446,170;447,173;447,175;447,176;447,178;446,181;447,183;446,184;446,187;447,188;447,191;447,193;447,194;447,196;446,199;447,201;446,202;446,204;447,207;447,208;447,210;447,213;446,215;447,217;447,218;447,220;447,222;446,224;447,226;447,229;446,231;446,233;446,235;447,236;446,239;447,241;447,243;446,245;446,246;446,248;447,251;447,253;447,254;447,257;447,259;447,260;446,263;447,264;447,267;447,269;447,270;447,273;447,274;446,277;446,279;447,281;447,282;447,284;446,287;447,288;447,291;446,293;447,294;447,297;447,299;447,301;446,302;446,305;446,306;446,309;446,311;447,312;447,315;446,316;446,319;446,320;447,322;447,324;446,327;446,329;447,331;447,333;447,335;447,337;446,339;446,341;447,342;447,345;447,346;447,349;446,350;446,353;447,355;447,356;447,358;447,361;447,363;447,364;447,367;446,368;447,371;446,372;446,375;447,377;447,379;446,381;446,382;446,385;447,386;447,388;447,391;447,393;447,394;447,397;446,399;447,400;447,403;446,405;446,406;447,409;446,411;446,412;447,415;446,416;446,419;447,421;446,422;446,424;447,426;446,429;446,431;446,432;446,435;447,437;446,438;446,440;446,443;447,445;446,447;447,449;447,451;447,452;447,455;447,456;446,458;446,460;447,463;447,465;446,466;446,468;446,471;446,473;446,474;446,477;447,478;447,481;446,483;447,484;446,486;446,489;446,490;447,492;447,495;447,497;447,498;447,501;446,502;447,504;447,506;446,508;447,510
448,1;448,3;449,4;448,7;448,8;448,11;449,12;449,14;448,16;449,18;448,21;449,23;448,24;448,26;448,29;448,31;449,33;449,34;448,37;448,39;448,40;448,43;448,45;448,46;448,49;448,51;449,52;449,54;448,57;449,59;448,61;448,63;449,65;449,66;448,69;448,70;449,73;448,74;449,76;448,78;448,80;449,83;449,85;448,87;449,88;449,90;449,93;449,95;449,97;448,99;448,100;449,103;448,105;448,107;449,108;449,110;448,112;448,114;448,117;449,118;448,121;448,123;448,125;449,126;449,129;448,131;448,132;448,135;448,137;449,139;448,141;448,142;449,145;448,147;448,149;448,150;448,152;449,154;449,156;449,159;449,161;448,162;449,165;448,167;448,168;449,170;448,173;449,174;449,177;448,179;449,181;449,182;449,185;449,187;448,188;449,190;449,192;448,194;449,196;449,199;449,200;448,203;448,205;448,207;448,208;449,210;448,213;448,215;449,216;448,218;449,221;448,223;448,225;448,227;449,229;448,231;449,233;449,235;449,236;449,238;448,241;449,243;449,245;448,247;449,249;449,251;448,252;448,255;449,256;448,259;449,261;449,263;449,264;449,266;449,269;448,270;449,272;448,275;449,277;448,279;449,280;448,283;448,284;449,286;448,288;448,290;448,292;448,295;449,297;448,298;448,301;448,302;449,304;449,306;449,308;448,311;449,313;449,315;448,317;449,318;449,321;448,322;448,325;449,326;449,328;449,330;448,332;449,334;448,337;449,339;449,340;449,343;449,344;448,347;448,349;449,351;448,353;448,355;449,356;449,358;448,361;449,362;448,364;449,367;449,368;449,371;449,373;449,375;449,376;448,378;449,381;448,383;448,385;448,387;448,388;449,390;449,392;448,394;448,397;448,398;449,401;449,403;448,404;449,406;449,409;449,410;449,412;449,415;449,417;449,418;448,421;448,423;449,425;449,426;449,428;449,431;449,432;449,435;448,437;449,439;448,440;448,443;449,444;449,446;449,448;448,451;448,452;449,454;449,456;449,459;448,460;449,463;448,465;448,466;449,469;448,471;449,473;449,475;448,477;449,479;448,480;449,482;448,485;449,486;449,488;448,491;449,492;448,495;449,496;449,499;448,500;449,503;449,504;449,507;449,509;448,511
451,0;450,2;451,5;451,6;451,8;451,11;450,12;450,15;451,17;451,19;450,20;451,22;451,24;450,26;450,28;450,31;451,33;450,34;451,36;450,39;450,40;450,43;451,45;451,47;451,49;451,50;451,53;450,55;451,57;451,58;451,60;450,63;451,65;451,67;451,69;451,70;450,73;451,74;451,77;451,79;450,81;450,82;451,84;451,86;450,89;451,91;451,93;450,95;451,96;451,98;450,101;450,103;450,105;451,107;450,109;450,111;451,112;450,114;451,116;451,118;450,120;451,122;451,124;451,127;450,129;451,131;450,133;451,134;451,136;450,139;451,141;451,143;450,145;451,147;451,148;450,151;451,152;451,155;451,157;451,158;451,160;450,163;450,165;451,167;450,168;450,171;451,172;450,175;450,176;451,179;451,181;451,182;450,184;451,186;451,189;451,191;450,193;450,195;451,196;451,198;450,200;450,203;451,205;451,206;451,208;450,210;450,213;451,215;451,216;450,218;450,220;450,222;450,224;450,226;450,228;450,231;451,232;450,234;451,237;451,238;450,240;451,242;450,244;450,247;451,249;450,251;450,252;451,254;451,257;450,258;450,260;451,263;451,265;451,267;450,268;451,271;451,273;450,274;451,276;450,278;450,280;450,282;450,284;450,286;451,289;450,290;451,292;451,294;451,297;451,298;451,300;450,302;450,304;450,307;450,308;450,311;451,312;451,314;451,317;450,318;451,321;451,323;450,324;451,327;450,328;450,330;451,332;451,334;450,336;451,339;451,341;450,342;450,345;450,346;451,348;450,351;451,352;450,355;451,356;450,359;450,360;450,363;450,364;450,366;450,369;451,370;451,372;450,375;451,377;450,379;450,381;450,383;450,384;451,386;451,388;450,391;450,393;451,394;451,396;450,399;450,400;451,402;450,404;450,406;451,409;450,411;451,413;451,414;451,416;451,418;450,421;451,422;451,425;451,426;451,428;450,430;451,432;450,435;451,436;451,438;450,440;451,443;450,445;450,446;450,449;451,451;451,453;451,455;451,456;451,458;451,461;450,462;450,464;451,466;451,469;451,471;450,472;450,474;451,477;450,478;451,481;450,482;450,484;451,487;450,489;451,491;450,493;450,495;451,496;451,498;451,501;451,503;450,504;450,507;450,508;450,510
453,0;452,2;452,5;453,7;453,8;453,10;452,12;453,15;453,16;453,18;452,20;452,23;453,25;452,27;453,29;452,31;452,33;453,35;453,37;452,39;453,41;452,42;452,44;453,47;453,49;452,51;452,53;452,54;452,57;452,58;453,60;453,63;453,65;453,67;453,69;452,71;453,72;453,74;453,76;452,79;452,80;453,83;453,84;452,87;452,88;453,91;453,93;452,95;453,96;452,99;453,100;453,103;452,105;452,107;452,108;453,111;452,112;453,115;452,117;452,119;452,120;453,122;452,124;453,126;453,128;453,130;452,133;453,134;452,137;453,139;452,140;452,143;452,144;452,147;452,148;452,150;452,152;452,155;452,157;452,158;453,161;452,163;453,164;453,167;452,169;452,170;452,173;453,174;452,176;452,179;453,181;452,183;453,184;452,186;452,188;452,190;452,192;453,195;453,197;452,198;452,200;453,202;453,204;453,206;452,209;453,211;453,213;452,215;452,217;452,219;453,221;452,223;453,224;453,227;452,229;453,231;452,232;453,235;453,237;453,239;453,241;452,242;453,244;453,246;453,249;452,251;453,253;453,255;452,257;453,259;453,261;452,262;453,265;453,267;452,269;453,271;452,273;453,274;453,277;452,278;453,281;453,282;452,284;453,287;453,288;453,290;453,292;453,295;453,297;453,298;452,301;453,303;452,304;452,306;452,309;453,311;452,312;452,314;452,317;453,319;453,321;453,323;452,325;453,327;452,329;453,330;453,333;453,335;453,336;453,338;452,341;453,343;452,345;452,346;452,348;453,350;452,352;453,354;452,356;453,359;452,361;453,363;453,365;453,366;453,369;453,370;452,373;453,375;453,376;452,378;453,380;453,383;452,384;452,386;452,388;453,391;453,392;453,395;452,397;452,398;453,401;452,402;453,405;453,406;453,409;452,411;453,413;453,415;452,416;452,419;453,420;452,422;453,424;452,427;452,428;453,430;453,433;453,435;453,436;452,438;453,441;452,442;453,445;453,446;453,448;453,450;453,452;452,455;453,457;452,458;452,460;453,462;453,465;452,467;452,469;453,471;453,472;452,474;452,476;453,479;453,480;453,483;453,484;452,487;453,489;453,491;453,492;452,495;452,497;453,498;453,500;453,502;453,505;452,507;452,509;452,510
454,0;454,2;454,5;454,6;454,9;454,11;454,12;455,14;454,17;455,19;454,21;454,22;454,25;455,26;454,29;454,31;455,33;454,35;455,36;455,39;455,41;454,42;455,45;454,47;455,49;454,51;454,52;455,55;454,57;455,59;455,60;455,63;455,64;454,67;454,68;455,70;454,73;454,75;454,77;454,79;455,81;455,82;455,84;455,86;454,89;454,91;455,93;455,94;455,97;455,99;455,100;454,103;455,104;454,106;455,109;455,111;454,113;455,115;454,117;454,119;455,121;455,122;455,124;454,127;454,129;455,130;455,132;455,134;455,137;455,139;455,140;454,143;454,145;455,147;455,148;455,150;454,153;454,154;454,157;454,158;455,160;454,163;455,165;454,166;455,168;455,171;455,173;455,175;454,176;455,179;454,181;454,183;455,184;455,187;454,189;454,191;455,192;454,194;454,197;454,198;454,201;454,202;455,204;454,207;454,209;455,210;455,213;455,214;455,217;454,218;454,220;454,222;455,225;455,226;455,229;454,231;454,232;454,235;455,237;455,239;455,240;454,243;454,244;454,246;455,248;454,251;454,252;454,254;455,256;454,259;455,261;455,263;454,265;455,267;455,269;455,270;454,272;455,274;454,277;454,279;455,281;455,283;454,284;455,287;455,288;455,291;454,292;455,294;454,296;454,298;454,300;454,303;454,304;455,307;455,308;455,310;454,312;455,314;454,317;455,318;455,321;454,323;454,324;455,326;454,329;455,331;455,332;454,334;455,336;454,338;455,340;455,343;455,345;454,346;454,348;455,350;454,352;454,354;455,357;454,358;455,361;454,362;454,365;454,367;455,369;455,371;454,372;455,374;454,377;454,378;455,380;455,382;455,384;454,386;455,389;455,390;454,393;455,394;454,396;455,398;454,401;455,403;454,404;454,406;455,408;455,411;455,413;454,414;455,417;455,419;455,421;455,422;455,425;455,426;454,428;454,431;455,433;454,435;455,436;454,439;454,441;454,443;455,445;455,446;455,448;455,451;455,452;455,454;455,456;455,458;455,460;455,462;454,465;455,466;454,468;454,471;455,472;454,475;455,477;455,478;454,480;454,482;454,484;455,486;455,489;454,490;454,492;455,494;454,497;455,499;455,500;455,503;454,505;455,506;455,509;454,511
456,0;456,2;457,5;457,6;456,8;457,11;457,12;456,14;457,17;456,19;457,21;457,23;456,25;456,27;457,28;456,31;457,33;457,34;456,37;456,39;456,40;456,43;457,45;456,46;457,49;456,50;457,53;456,55;457,57;457,58;457,60;457,62;457,65;456,66;456,68;457,71;457,73;456,74;457,76;456,79;456,81;457,83;457,84;457,87;457,88;457,91;457,92;457,95;456,96;457,99;456,100;457,102;456,105;457,106;456,109;457,111;456,113;457,115;457,117;456,119;457,121;457,122;456,124;456,126;457,128;456,131;456,132;456,134;457,136;457,138;457,141;456,142;457,144;457,147;457,148;457,151;456,152;456,154;456,156;456,159;457,160;457,162;457,164;457,166;456,168;456,170;456,173;457,174;456,177;456,179;456,180;456,182;456,185;456,187;457,189;457,191;457,193;456,194;456,196;456,199;457,201;457,202;457,204;456,206;456,209;456,211;457,212;456,214;456,217;457,219;457,221;456,223;457,224;456,227;456,229;456,231;456,233;456,234;457,237;457,238;456,241;457,242;456,245;457,247;456,249;456,251;457,252;456,255;457,257;456,258;456,261;456,262;456,264;456,266;457,268;457,270;456,272;457,274;457,276;457,279;457,280;456,282;456,284;457,287;456,289;456,291;456,292;457,295;457,296;456,299;456,300;457,302;457,305;456,307;456,309;457,311;456,312;456,314;457,316;457,319;457,321;456,322;456,324;456,327;456,328;457,331;456,333;457,334;456,336;456,338;457,340;457,343;456,345;457,346;456,348;456,350;457,352;456,355;456,356;457,359;457,360;457,362;456,364;456,366;456,369;456,371;456,372;456,374;456,377;456,379;457,380;457,383;457,384;456,386;457,388;457,390;457,393;457,394;456,396;456,399;456,401;457,403;457,404;456,407;457,408;457,410;457,412;456,415;457,417;456,419;456,420;457,422;457,424;456,426;457,428;456,431;457,433;457,435;457,436;457,439;457,441;456,443;456,445;457,447;456,449;457,451;457,452;457,455;457,457;456,459;457,461;457,463;457,464;456,466;456,469;457,470;456,473;457,474;457,476;456,479;456,480;456,482;456,485;456,487;457,489;457,490;456,492;456,494;457,496;456,499;456,501;456,503;456,505;456,507;456,509;457,510
459,1;459,2;458,5;458,6;458,8;458,11;458,12;459,15;459,16;459,19;458,21;458,22;458,24;458,27;459,28;459,31;459,32;459,34;459,36;459,39;458,40;458,42;458,45;458,47;459,49;458,50;459,52;459,55;458,56;459,59;458,61;459,63;458,64;459,67;459,68;459,70;458,73;458,74;458,76;458,78;459,81;459,83;459,85;459,86;459,88;459,91;458,93;459,95;459,97;459,98;459,100;459,103;458,104;458,106;459,108;458,111;459,113;458,114;459,116;458,118;458,121;459,123;459,124;459,127;459,129;459,131;458,133;458,135;459,137;458,139;458,141;458,143;458,144;458,147;458,148;458,150;459,152;459,154;459,157;459,159;458,161;459,163;459,165;458,166;458,169;458,170;459,172;458,174;459,177;459,179;458,180;459,183;458,184;459,186;458,188;459,191;458,193;458,195;459,197;458,199;459,200;459,203;459,204;459,207;459,209;458,211;459,212;458,215;459,217;458,218;459,221;459,223;458,225;458,227;458,229;459,231;458,232;459,235;458,237;458,239;458,240;458,242;458,244;458,246;458,249;459,250;459,253;459,255;458,256;458,259;458,261;458,262;458,265;458,267;459,268;459,271;459,273;459,274;458,276;458,278;459,281;459,283;458,285;458,286;459,288;459,290;459,292;459,294;459,296;459,298;459,300;459,303;458,304;459,307;459,308;459,310;459,313;459,315;458,316;458,319;459,320;459,322;459,324;458,327;458,328;459,330;459,332;459,334;459,336;458,338;459,340;458,342;458,344;459,347;459,348;458,351;458,353;459,354;459,356;459,359;459,361;458,362;459,364;458,367;459,369;459,370;458,373;458,374;458,376;459,379;458,381;458,382;459,385;459,386;459,389;459,391;459,393;458,395;458,396;458,398;458,401;458,403;458,405;459,406;459,408;458,410;458,412;459,415;458,416;459,418;459,421;459,422;458,424;458,426;458,428;458,431;459,432;458,434;459,436;458,439;458,440;458,443;459,444;459,446;458,448;459,451;458,453;459,455;458,457;458,459;458,460;459,462;458,464;458,467;458,469;459,470;459,472;458,475;458,476;458,478;459,481;459,483;458,484;459,487;459,489;458,490;459,493;459,494;459,497;458,498;459,500;459,503;459,505;458,507;458,508;459,510
460,0;460,2;461,4;461,6;460,9;461,11;460,13;460,15;461,16;460,18;460,20;460,22;461,24;461,27;461,28;461,30;460,33;461,35;461,36;461,39;461,41;461,43;460,44;460,47;461,49;460,50;461,52;460,55;461,57;460,59;460,60;461,63;460,64;461,66;461,69;461,71;460,73;461,75;461,77;460,79;461,81;460,82;460,84;460,87;460,88;461,91;461,92;460,94;460,97;461,98;461,100;461,102;460,104;461,106;460,108;460,111;461,112;460,114;461,116;460,118;460,120;461,122;461,124;461,126;461,129;461,131;461,133;461,134;460,137;461,138;461,141;461,143;461,145;461,146;461,148;460,150;461,153;460,154;460,157;460,158;461,160;461,163;460,164;461,166;461,168;460,170;460,173;461,175;461,177;460,178;460,181;461,183;461,185;461,187;460,189;461,191;460,192;460,195;460,196;460,199;460,201;461,202;461,205;460,207;461,208;460,210;460,212;461,214;460,217;460,219;460,221;461,223;461,224;461,226;461,229;460,231;460,233;461,235;461,236;461,239;461,241;461,243;461,245;460,247;461,248;460,251;460,252;460,255;461,256;460,258;461,261;460,263;460,265;461,266;461,269;461,270;461,272;460,275;461,277;461,279;461,281;460,283;460,284;460,286;461,288;460,291;460,292;461,295;460,296;461,299;461,301;461,302;461,305;460,306;460,308;460,311;460,312;461,315;461,317;460,318;461,321;460,323;460,324;460,327;461,329;460,331;460,333;461,334;461,337;460,339;461,341;460,342;460,344;461,347;460,348;461,350;460,352;461,355;460,356;460,359;461,361;461,362;461,364;460,367;461,369;460,370;461,373;460,374;461,377;461,379;460,381;460,383;461,384;460,386;461,388;460,391;460,392;461,394;460,397;460,398;460,401;461,402;461,404;461,406;461,409;461,410;460,413;460,415;461,416;460,418;461,421;460,423;461,424;461,426;461,429;460,430;460,432;460,435;460,437;460,439;461,440;460,443;461,445;460,447;461,448;461,451;461,452;460,454;461,457;460,458;460,461;460,462;460,464;461,467;461,468;460,471;460,472;461,475;460,476;460,478;460,480;460,483;461,484;460,487;461,488;461,490;461,493;460,495;461,497;460,498;460,500;460,503;461,504;460,507;460,508;461,511
463,0;463,3;463,5;462,6;462,8;462,11;463,13;462,14;463,16;463,19;463,20;462,23;462,24;462,26;462,29;462,30;462,33;462,35;462,36;462,38;463,41;463,43;463,45;462,46;462,49;463,51;463,53;462,55;463,57;463,58;463,61;462,62;463,64;462,66;462,69;462,70;462,72;463,74;462,77;462,78;462,80;462,82;462,85;462,87;463,88;463,90;463,92;463,94;463,97;463,98;463,101;463,102;462,104;462,107;463,108;462,111;462,113;463,114;462,117;462,118;462,120;463,122;463,125;463,126;462,128;462,131;462,132;462,134;463,137;462,139;462,140;462,142;462,145;462,147;462,149;462,150;462,153;462,154;463,156;463,159;463,161;463,162;463,165;462,166;463,168;462,171;462,172;462,174;463,177;463,178;462,181;463,183;462,185;463,187;463,188;462,191;462,193;462,194;462,196;463,198;463,200;462,202;463,205;462,207;462,209;463,210;462,213;462,214;463,217;463,219;463,221;463,222;462,225;463,227;462,228;463,230;463,233;462,235;463,236;462,239;463,241;462,242;463,244;462,246;462,249;463,250;463,252;462,254;462,256;462,258;462,260;463,262;462,264;462,267;463,269;462,271;463,273;463,275;462,276;462,279;463,280;463,283;462,284;462,286;462,289;463,291;463,293;462,294;462,297;463,298;463,300;462,302;462,305;463,306;463,309;463,310;463,312;463,314;462,316;463,318;463,321;462,323;462,324;462,326;463,329;462,331;463,333;463,334;462,337;462,339;462,340;462,342;463,345;462,347;463,348;462,350;462,352;463,354;462,357;462,359;462,360;463,363;462,365;462,367;463,368;462,371;463,372;463,375;462,376;462,378;462,381;463,383;463,385;463,386;462,389;463,390;462,393;463,395;463,396;463,399;463,400;462,402;462,404;463,407;462,409;462,411;463,412;462,415;463,416;463,419;463,421;462,422;462,425;462,426;463,428;462,430;462,433;462,435;462,437;463,439;463,441;463,442;463,445;462,447;463,449;462,450;462,453;462,455;462,456;463,458;462,460;462,463;462,464;463,466;463,469;462,471;463,473;463,475;463,476;462,478;463,480;462,482;463,485;463,487;462,488;462,490;463,493;463,495;463,496;462,498;463,500;463,503;463,505;462,506;463,509;463,510
465,0;464,3;464,4;465,6;465,9;465,11;465,12;465,15;464,16;465,18;464,20;465,23;465,24;465,26;464,28;465,31;465,33;464,34;464,36;465,38;465,41;464,42;464,45;465,47;464,49;464,50;465,52;465,54;464,57;465,59;465,61;464,62;464,64;464,66;464,69;465,71;465,73;464,75;465,77;465,78;464,81;464,82;464,84;465,86;464,89;464,90;465,92;464,94;465,96;464,98;464,100;465,102;464,104;465,106;465,108;465,111;464,112;465,114;464,117;464,119;465,121;465,123;464,124;464,127;464,128;465,130;464,132;464,135;465,136;465,139;464,141;465,142;465,145;464,146;465,149;465,150;465,153;464,154;464,156;465,158;465,161;464,162;464,164;464,166;464,168;465,170;464,173;464,175;465,177;465,179;464,181;465,182;465,185;464,187;464,189;465,190;465,192;464,195;464,197;464,198;465,200;465,202;464,204;464,206;465,209;464,211;465,213;465,214;465,216;465,218;465,221;464,222;465,225;465,227;465,228;465,231;465,232;464,235;465,237;465,239;465,241;464,242;465,244;465,247;464,249;464,251;464,252;465,254;465,257;464,258;464,260;465,262;464,265;464,267;464,269;465,271;465,273;465,275;465,277;464,279;465,281;464,283;464,285;465,286;464,288;464,291;464,292;464,294;464,296;465,298;465,300;465,302;464,304;464,306;464,309;464,310;464,312;464,314;465,316;465,319;465,321;465,322;465,325;464,327;465,329;464,330;465,333;464,335;464,337;464,338;464,340;464,343;464,345;464,347;464,348;464,350;465,352;465,355;464,356;464,358;464,361;464,362;465,365;465,367;465,368;465,370;465,372;464,375;464,376;465,378;464,381;464,382;465,385;465,386;465,389;464,391;465,392;465,395;465,397;464,398;465,401;464,402;465,405;464,407;464,409;465,411;464,412;465,415;465,416;465,419;465,420;465,423;464,425;464,426;464,429;465,431;464,433;465,434;465,437;464,439;464,440;464,442;465,445;465,447;465,449;464,450;464,452;465,455;464,456;464,459;465,460;465,463;464,464;465,467;465,469;465,471;464,472;464,474;465,477;465,478;464,481;464,483;465,485;464,486;464,488;464,491;464,493;465,495;464,497;464,498;464,500;465,502;464,504;465,507;464,509;464,511
466,0;467,2;467,4;466,7;467,9;466,10;466,12;466,15;467,16;466,19;466,21;467,22;467,25;467,27;467,29;466,31;466,33;466,35;467,36;467,38;466,41;467,43;467,45;466,46;467,49;466,51;466,52;467,55;466,56;466,58;467,61;466,62;466,64;466,67;467,68;467,71;466,73;467,74;466,76;467,78;467,80;466,82;466,84;467,86;467,89;467,91;467,92;466,95;466,97;466,98;467,101;466,103;466,104;466,107;466,109;466,111;467,112;467,115;466,116;466,119;466,120;467,122;466,125;466,127;466,128;466,130;467,132;466,135;466,137;466,139;466,140;466,143;466,144;467,146;466,149;466,151;466,152;467,155;467,156;466,158;467,161;466,162;466,164;466,167;466,169;466,171;466,172;466,175;467,176;466,179;467,180;467,183;466,185;467,186;466,189;467,191;467,193;466,194;466,197;466,198;466,201;467,203;467,205;467,206;467,209;466,210;467,213;466,214;466,217;467,219;466,220;466,223;467,224;466,226;467,229;466,231;467,232;467,234;467,236;467,239;466,241;466,242;467,245;466,246;467,248;467,251;467,252;467,254;466,257;467,258;467,261;467,263;467,264;467,266;466,269;467,270;467,272;467,275;467,276;466,279;466,281;467,283;467,284;466,286;467,289;466,291;466,293;466,295;467,297;467,299;467,300;467,302;467,305;467,307;466,309;467,311;467,312;466,314;467,317;467,318;467,321;466,322;466,324;467,327;466,329;466,331;466,333;467,334;466,337;467,338;466,340;467,343;466,345;466,346;466,349;467,350;466,352;467,354;467,356;467,358;466,360;467,363;466,365;467,367;467,369;466,371;466,372;466,374;467,377;467,379;467,381;466,383;467,385;466,387;467,389;467,391;466,392;466,394;466,396;466,398;467,400;467,403;466,404;466,407;467,408;466,411;467,412;467,415;466,416;466,418;466,421;466,422;467,424;466,426;466,429;466,430;466,433;466,435;467,437;467,439;466,440;467,442;467,445;467,446;466,448;466,450;466,452;467,454;467,456;466,458;467,460;467,463;466,465;466,467;467,468;467,470;467,472;466,474;466,476;466,478;466,481;466,482;466,484;467,487;466,489;467,491;466,492;466,495;466,497;466,499;466,501;466,503;466,504;467,506;467,509;466,511
469,0;469,2;469,4;468,7;469,9;469,11;468,12;469,14;469,17;469,18;468,21;468,23;468,25;469,26;468,28;469,30;469,33;469,34;469,36;469,39;468,40;468,43;469,44;468,47;469,48;469,50;468,53;469,55;469,57;469,59;468,60;468,62;468,64;469,66;469,69;469,70;468,73;468,74;468,76;468,79;469,81;469,82;469,84;468,86;469,89;468,91;469,93;469,95;469,97;469,99;469,101;469,102;469,105;468,107;469,109;469,111;469,113;468,114;468,116;468,118;469,121;469,123;469,124;468,127;468,129;469,130;469,132;469,134;469,136;468,139;469,140;468,143;468,145;469,147;469,148;468,150;468,153;468,154;469,156;469,158;469,161;468,162;469,164;468,167;469,168;469,171;469,172;469,174;468,176;469,179;469,180;468,183;468,184;469,187;468,189;468,191;469,193;468,194;468,196;469,199;469,200;469,202;469,204;469,207;468,209;468,211;469,212;468,214;469,217;468,219;469,221;468,222;469,225;468,226;469,229;469,231;469,233;468,234;468,236;468,239;468,241;469,243;468,245;468,247;468,249;468,251;469,253;469,255;469,257;468,259;468,260;468,262;468,265;469,266;468,268;468,271;469,273;469,274;469,277;468,279;468,281;468,283;468,285;469,287;468,288;468,291;469,292;468,295;468,296;469,299;468,301;468,302;468,304;468,306;469,309;468,311;469,312;469,315;468,317;468,319;469,321;469,322;469,325;469,327;469,329;468,331;469,332;469,335;469,336;468,338;469,341;469,342;469,345;468,346;469,348;468,350;469,353;469,355;469,357;468,359;468,361;469,362;469,365;468,367;468,369;469,370;468,373;469,374;469,377;468,379;468,381;468,383;468,384;469,386;469,389;469,391;469,393;469,395;469,396;469,399;468,400;468,402;468,405;468,407;468,409;468,410;468,412;468,414;468,417;469,419;469,421;469,423;469,424;468,427;469,428;469,430;469,433;468,434;469,437;469,438;469,441;469,443;468,445;469,447;468,449;469,451;469,452;468,454;468,456;469,459;469,460;469,463;468,465;469,466;468,468;468,470;469,473;468,475;468,477;468,478;469,481;469,483;469,485;469,487;468,488;468,491;469,493;468,495;469,496;468,499;468,500;468,503;469,505;468,507;468,509;469,511
470,0;471,2;470,4;470,6;470,8;470,11;471,12;471,15;471,17;470,18;470,21;471,22;470,24;470,27;471,29;471,30;471,33;471,35;470,36;470,39;471,40;470,42;471,44;470,47;471,48;470,50;470,53;471,54;471,57;471,58;470,60;470,63;470,64;470,67;470,69;470,70;470,73;471,74;470,76;470,78;471,80;470,82;470,85;470,86;471,89;470,91;471,93;471,94;470,97;470,99;471,100;470,102;470,105;471,107;470,109;470,111;471,113;471,115;470,117;470,119;470,121;471,123;470,124;471,126;471,128;470,130;471,132;471,135;471,136;470,138;470,140;470,143;471,144;471,146;471,148;470,151;471,152;470,154;471,156;470,159;470,160;470,163;470,164;471,166;471,168;470,171;470,173;470,175;470,176;471,179;471,180;470,183;471,185;470,186;471,188;471,191;470,193;470,195;471,197;471,199;470,200;471,202;470,205;470,207;471,208;471,210;471,212;470,214;471,217;471,218;471,220;471,222;470,225;470,227;471,229;470,230;471,233;470,235;471,236;471,238;470,241;470,242;471,244;471,247;470,248;471,251;471,253;471,255;471,257;471,259;470,260;471,263;471,265;471,266;470,269;471,270;470,273;470,275;470,276;470,279;470,281;470,282;471,285;470,287;470,289;470,290;471,293;470,295;470,296;470,298;471,300;470,302;470,304;470,307;470,308;471,311;470,312;471,314;470,316;470,319;471,321;471,322;471,324;471,326;470,328;471,330;471,332;471,334;470,337;470,339;471,340;470,342;470,345;470,346;470,349;471,351;470,352;470,355;470,356;471,359;470,360;471,362;471,365;471,367;470,368;470,371;470,373;471,374;470,377;470,379;471,380;470,382;471,384;470,386;470,389;471,391;470,392;471,395;470,396;471,398;470,400;471,402;470,405;470,407;470,409;470,410;470,413;470,414;470,416;470,419;471,421;471,422;471,425;471,426;471,429;471,431;471,432;471,435;470,437;471,438;470,440;470,442;470,445;470,446;471,449;470,450;471,453;471,455;470,457;470,458;470,461;471,463;471,464;471,467;471,469;470,471;470,472;471,475;470,476;470,479;471,481;471,483;471,485;471,487;470,489;471,490;470,492;471,494;471,497;471,498;471,501;470,503;470,505;470,506;470,508;470,511
472,0;472,3;473,5;472,6;473,9;473,11;472,12;473,14;473,17;472,19;472,21;472,22;472,25;472,26;472,29;473,30;473,32;473,35;473,37;472,38;472,41;472,43;472,45;472,47;473,49;473,51;473,53;472,55;472,56;473,58;472,60;473,62;473,65;473,67;473,68;473,70;473,73;473,74;473,76;473,78;472,80;473,83;472,85;473,87;472,88;472,90;473,93;473,94;472,96;473,98;472,101;473,102;473,104;472,107;472,109;473,111;473,113;472,114;472,117;472,119;472,121;473,122;473,125;473,126;473,129;473,130;472,132;473,135;472,137;473,139;473,140;473,143;472,144;472,147;472,148;472,150;473,153;473,154;473,157;473,159;473,161;472,162;472,165;472,167;473,168;472,170;472,173;472,175;472,177;472,178;473,181;472,182;472,185;473,187;472,189;473,191;472,193;473,195;473,196;473,198;472,200;472,202;472,204;472,206;473,208;473,211;472,213;473,214;473,217;473,219;473,220;473,223;473,225;473,227;473,228;472,231;472,233;472,235;472,236;472,238;472,241;472,243;473,245;473,247;472,248;473,250;473,252;473,255;472,257;472,259;472,261;473,262;472,265;473,267;473,268;473,270;473,273;472,275;472,276;473,279;472,281;472,283;472,285;473,287;472,288;472,290;473,293;473,295;472,296;473,298;473,300;472,303;472,304;473,307;473,308;472,310;473,312;473,315;473,317;473,318;472,321;472,322;473,324;473,327;473,328;472,331;472,333;472,335;473,336;473,339;473,340;472,342;472,344;472,347;472,348;472,351;473,353;473,354;473,357;473,358;472,361;473,362;472,365;472,367;472,369;473,371;473,373;472,375;473,377;472,378;472,381;472,382;472,385;473,387;473,388;473,391;472,392;472,394;473,396;472,398;473,401;472,403;473,405;472,406;472,409;472,410;472,412;472,414;473,417;472,418;472,421;473,423;473,424;473,427;472,429;472,430;473,433;472,435;472,437;472,438;473,440;473,443;473,445;472,446;473,449;472,450;472,453;472,455;473,456;473,459;472,461;472,463;473,465;473,466;473,468;472,470;472,473;473,475;472,477;473,478;473,481;472,482;472,485;473,487;473,489;472,490;473,493;472,495;472,497;472,499;473,501;472,503;473,504;473,507;472,509;472,511
474,1;475,3;475,5;475,7;475,8;475,11;474,13;474,14;475,16;474,19;475,20;475,22;474,25;474,27;474,29;475,31;475,32;475,34;475,36;475,38;475,41;474,43;475,44;475,46;474,49;475,50;474,53;475,54;475,57;475,58;475,60;475,62;475,64;474,67;475,68;474,71;474,73;474,74;475,77;474,78;475,81;475,82;474,84;474,86;475,89;474,90;474,92;474,94;474,96;474,99;474,101;475,102;475,105;474,107;475,108;474,111;475,113;474,115;474,117;475,118;474,120;475,123;475,125;475,126;475,128;474,131;474,133;475,135;475,136;474,138;474,141;474,142;475,144;475,146;475,148;475,151;474,152;474,154;474,157;475,158;474,160;474,162;475,164;475,166;475,169;475,170;475,173;474,174;475,177;475,179;474,181;474,182;474,184;474,186;474,189;475,191;475,193;475,194;475,197;474,199;474,201;475,202;474,204;474,207;475,208;475,210;475,212;474,215;475,216;475,219;474,220;475,223;474,225;475,227;475,229;474,230;474,233;474,235;474,236;474,239;475,240;474,243;475,244;474,247;474,248;475,251;475,253;474,254;474,257;475,258;474,260;474,263;475,265;474,267;474,268;474,271;474,273;475,274;474,276;474,279;475,280;475,283;474,285;474,286;475,289;474,290;474,293;475,295;474,297;475,298;474,301;474,302;475,304;474,307;474,308;474,311;474,313;474,315;475,316;474,318;474,320;475,322;475,324;474,326;474,329;474,331;474,333;474,335;474,336;475,339;474,340;475,343;475,345;475,346;474,348;475,351;474,353;474,355;474,356;475,359;474,361;475,362;475,364;474,366;474,369;474,371;475,373;474,374;474,377;474,379;474,381;474,382;474,385;474,386;475,388;475,390;475,393;475,395;474,396;475,399;474,400;474,403;474,405;474,407;475,408;474,410;474,412;475,414;475,416;474,419;474,421;474,422;475,425;475,427;475,428;474,430;475,433;474,435;475,436;475,438;474,441;475,442;475,444;475,446;475,449;475,451;474,452;475,454;474,457;475,459;475,461;474,463;474,465;475,466;474,468;475,471;475,473;475,475;474,477;475,479;474,480;474,483;474,484;474,486;474,488;475,491;475,493;475,495;475,497;475,498;475,501;475,503;475,504;474,506;474,509;474,510
477,1;477,3;476,4;476,7;476,8;476,10;476,12;477,15;476,16;476,19;477,21;476,23;477,25;476,27;477,29;476,30;476,33;476,35;476,37;477,39;477,41;476,43;476,44;476,47;477,49;477,51;477,52;476,55;476,57;477,59;477,60;476,63;477,64;476,67;477,68;476,71;477,73;477,74;477,76;476,79;476,80;477,82;477,85;477,86;477,88;477,90;476,93;476,94;476,97;476,98;477,100;477,102;476,105;477,107;476,109;477,111;477,113;476,115;476,116;476,119;476,120;476,123;476,125;476,126;477,129;476,130;477,132;477,134;477,136;476,139;477,140;476,143;476,144;476,146;476,148;476,150;477,152;477,155;477,156;477,159;477,161;476,163;476,164;476,167;477,169;477,171;477,173;477,174;476,176;476,179;476,181;476,183;476,184;477,186;476,188;477,191;477,193;476,194;477,197;476,198;476,200;476,203;476,205;476,207;477,209;476,211;476,213;477,215;476,217;476,218;476,221;476,222;476,225;476,227;476,229;477,230;476,233;476,235;477,236;477,239;477,240;476,242;477,245;477,246;476,249;477,250;477,253;477,254;477,256;477,259;476,261;476,263;476,264;476,267;477,268;476,270;476,273;477,274;476,277;477,278;476,281;476,283;477,284;477,287;477,289;477,291;476,292;477,294;477,296;476,298;476,301;477,302;477,304;477,307;477,309;476,310;477,313;476,314;476,317;476,318;476,321;476,322;476,325;477,327;476,329;477,330;476,333;477,335;476,337;477,339;476,340;476,342;476,345;476,346;476,349;476,350;476,352;477,355;477,357;476,359;476,361;477,363;477,365;477,367;476,369;476,370;477,372;476,375;477,377;476,379;476,380;476,382;477,384;477,387;476,389;476,391;476,393;477,395;476,396;477,399;476,400;476,402;477,405;476,407;476,408;476,410;477,413;477,414;477,416;476,419;476,421;476,422;477,425;477,427;476,428;476,430;477,432;477,435;476,436;477,438;477,441;476,443;477,445;477,446;477,448;477,451;477,452;477,454;477,457;477,458;476,460;476,462;477,464;477,466;477,468;477,471;477,473;476,474;477,477;476,479;476,481;476,482;477,485;476,487;476,488;476,490;476,493;476,494;477,496;476,498;476,500;477,503;476,505;477,507;476,509;477,510
478,1;479,2;478,5;478,6;479,9;478,11;479,12;478,15;479,17;478,18;479,21;478,22;478,25;479,26;479,28;478,31;479,33;478,34;479,37;479,39;478,41;478,43;478,44;478,46;478,49;479,51;478,52;479,54;479,56;479,58;479,61;479,63;478,64;478,66;478,69;478,71;478,72;478,74;479,76;478,78;479,81;479,82;478,84;479,87;478,88;478,91;478,92;478,95;479,97;479,99;478,101;478,103;479,104;479,106;479,109;478,111;479,112;479,114;479,117;479,119;478,121;479,123;479,125;479,127;478,128;478,131;479,132;478,135;479,137;478,139;478,140;479,143;479,145;479,147;478,149;479,151;479,153;478,155;479,157;478,159;479,161;478,163;479,164;479,167;479,168;478,170;478,173;478,174;478,176;478,179;478,180;479,183;479,184;478,186;478,189;479,190;479,193;479,194;478,197;478,198;479,201;478,203;479,205;479,207;478,209;478,211;478,212;479,215;479,217;479,218;479,221;478,222;478,225;479,226;479,229;478,230;478,233;478,235;478,236;479,238;479,241;479,242;478,244;479,246;479,248;478,251;479,253;479,254;479,256;478,258;479,261;479,263;478,264;479,267;479,269;479,270;478,273;479,275;478,276;478,278;479,281;478,282;478,284;479,286;479,289;479,290;478,292;479,295;478,297;479,298;478,301;478,303;479,304;479,306;478,308;479,311;479,312;479,315;478,316;479,318;478,320;478,322;479,325;479,326;478,328;479,331;478,332;479,335;478,337;478,339;478,341;478,343;478,345;479,347;478,349;478,351;478,352;478,355;478,356;479,358;478,361;479,362;478,364;479,366;479,369;478,371;478,373;478,374;478,376;479,378;479,381;479,382;479,385;479,387;479,388;479,390;479,392;479,394;478,397;478,398;479,401;478,403;479,405;478,407;479,408;479,411;479,412;479,415;479,417;478,419;478,420;478,423;479,425;479,427;479,428;478,431;478,432;479,435;478,437;478,439;478,441;478,442;478,444;479,446;478,449;478,451;478,453;479,454;478,457;478,458;478,460;478,463;478,465;479,467;478,468;479,470;478,472;478,475;479,477;479,478;478,481;478,482;478,485;478,487;478,489;479,491;478,492;479,495;479,497;478,499;478,501;478,503;478,505;478,506;478,508;479,510
480,1;481,2;480,5;481,7;481,9;481,11;481,12;480,15;481,17;480,18;480,21;481,23;480,25;481,26;481,29;480,30;481,32;481,35;481,36;480,39;481,40;481,43;480,44;480,47;481,49;480,50;480,52;480,54;480,57;480,58;480,61;481,63;480,64;481,66;480,68;480,71;480,72;481,74;480,76;481,79;480,80;480,82;481,84;480,87;481,88;481,90;481,93;481,94;481,97;480,98;480,101;481,103;481,105;481,106;481,108;481,111;481,112;481,115;481,116;480,118;481,120;481,123;481,125;481,126;480,128;481,130;481,132;481,134;481,137;480,139;481,141;480,142;480,144;481,146;480,148;480,151;481,152;480,155;480,157;481,158;480,160;480,163;481,165;480,167;481,168;480,171;480,172;480,175;481,176;480,179;480,180;480,182;481,185;480,187;481,189;480,191;480,192;480,195;480,197;481,199;480,200;480,202;481,204;480,207;481,208;481,210;480,213;481,214;480,217;481,219;480,220;481,223;480,225;480,227;480,228;480,231;481,233;481,234;480,236;480,239;480,241;481,243;481,244;480,247;480,249;480,250;480,253;481,255;480,257;480,258;480,261;480,263;481,264;480,266;480,269;480,271;481,273;481,275;480,276;480,279;481,281;480,283;480,284;480,286;481,288;480,291;480,292;481,294;480,296;480,298;480,301;480,302;481,304;481,306;480,308;480,310;480,312;480,315;480,317;481,318;481,321;481,322;480,324;480,326;481,329;481,330;481,333;480,334;481,337;480,339;480,340;480,343;480,345;480,347;480,348;481,351;480,353;481,354;480,357;480,358;480,360;481,362;481,364;481,367;480,369;481,370;480,372;481,374;481,377;480,379;481,381;481,382;481,384;481,386;480,388;480,390;480,392;480,395;481,397;481,399;480,401;480,402;480,405;481,407;480,409;481,410;480,412;480,414;481,417;481,419;480,421;481,423;480,424;481,427;481,429;481,430;481,433;480,435;480,436;481,438;480,440;481,442;480,445;481,446;481,448;481,451;481,452;480,455;481,456;481,459;481,460;481,463;481,464;480,466;481,468;481,471;481,472;481,474;481,476;480,479;480,481;480,483;481,485;481,486;480,489;481,491;480,493;481,494;480,497;480,498;480,501;481,502;480,504;481,506;481,508;480,511
482,0;482,3;482,5;482,7;482,9;483,10;482,12;483,15;482,16;482,19;483,20;482,23;483,25;483,27;482,29;483,31;482,33;483,35;483,36;482,39;482,40;482,43;483,44;482,47;483,49;483,50;482,52;482,54;482,56;483,58;482,60;483,62;483,64;482,66;482,69;483,70;483,73;483,74;482,76;483,78;482,81;482,82;482,84;483,87;482,88;482,91;482,93;482,94;483,97;482,98;483,100;482,103;482,104;483,107;483,108;483,110;482,112;482,115;482,116;483,118;483,121;483,123;483,124;483,126;482,129;482,130;482,133;483,134;483,136;482,139;482,140;483,143;483,144;482,147;482,149;483,151;483,152;483,154;483,156;482,159;482,160;483,162;483,165;483,166;483,169;482,170;482,172;483,175;483,177;483,179;482,181;483,183;482,185;482,187;482,189;483,190;483,193;482,195;483,197;482,199;482,200;483,202;483,205;483,207;483,208;482,211;482,213;483,215;483,216;483,219;482,220;482,223;483,224;483,227;482,228;482,231;482,233;482,235;482,236;483,239;483,240;483,242;482,245;482,246;483,249;482,250;483,253;482,254;483,257;483,259;483,260;483,263;482,265;483,266;482,268;482,271;482,273;483,274;483,277;482,279;482,281;482,283;482,284;482,286;482,288;483,290;483,292;483,294;483,296;483,299;482,300;482,302;483,304;483,307;483,309;483,310;482,313;482,314;482,317;483,318;483,321;483,322;483,324;483,326;483,329;483,330;483,333;482,335;482,337;482,339;483,341;483,342;482,344;482,346;482,349;483,351;482,352;483,354;483,357;482,358;482,360;482,362;483,364;483,366;482,368;482,371;483,372;482,374;483,376;482,378;483,380;482,383;482,385;482,387;482,388;482,391;483,393;482,394;482,396;482,399;483,400;483,403;482,404;482,407;482,408;482,411;483,413;483,414;482,417;483,419;483,421;483,422;482,425;483,426;483,428;482,431;483,432;482,435;482,436;483,439;483,441;483,443;483,445;482,447;483,448;483,450;483,453;482,454;483,456;482,459;482,460;482,463;482,464;483,467;482,468;482,471;483,472;482,475;483,477;483,479;483,481;482,483;482,484;482,486;483,488;482,491;483,493;483,494;483,497;483,499;482,500;482,503;483,505;482,506;483,508;482,510
484,0;485,3;485,5;485,6;484,9;484,10;484,12;485,15;485,17;485,19;485,21;485,23;484,25;485,26;485,29;484,30;484,33;484,34;485,36;485,38;484,41;484,43;485,44;485,47;484,48;484,51;484,52;484,55;485,57;485,59;485,61;484,62;485,64;485,66;485,69;484,71;485,73;484,75;484,76;484,78;484,80;485,82;484,85;485,86;485,89;484,91;484,92;485,94;484,97;485,99;484,101;484,103;485,105;484,107;485,108;484,111;484,112;485,114;484,116;484,119;484,121;485,123;485,124;485,126;485,129;484,131;484,133;484,134;485,137;485,139;484,140;484,143;484,145;485,146;484,149;484,151;485,152;485,155;485,156;485,158;485,161;485,162;485,164;484,166;485,168;485,170;484,173;484,174;485,176;485,178;485,180;485,182;485,185;484,187;485,188;484,190;485,193;484,195;484,197;484,198;485,200;485,203;485,204;485,206;485,209;484,211;485,213;485,215;485,217;485,218;484,221;485,223;485,224;485,227;484,228;484,231;484,233;484,235;485,237;484,238;484,241;485,242;484,245;485,246;485,248;484,251;485,253;485,254;485,257;485,258;485,260;484,263;484,265;484,266;484,269;485,270;485,272;484,274;484,277;484,278;484,281;484,282;485,284;484,286;485,288;484,290;485,293;484,295;484,296;485,299;485,301;484,303;484,304;484,307;485,309;485,310;484,313;485,314;485,317;485,319;484,321;485,323;485,325;485,326;484,329;484,330;485,332;485,335;484,336;485,338;484,341;484,342;484,344;485,347;484,348;484,350;485,353;485,354;485,357;485,358;484,361;484,363;485,364;484,366;484,369;485,370;484,372;484,374;484,377;484,379;485,381;485,383;484,384;484,387;485,388;484,390;485,392;484,395;484,397;484,398;484,400;484,403;485,404;484,407;484,409;485,411;484,412;485,415;485,417;485,418;484,421;484,422;484,425;485,427;485,428;485,431;485,433;484,435;484,437;485,439;484,440;485,443;485,444;484,446;485,448;485,450;485,453;484,454;484,456;485,458;484,461;485,462;484,465;485,467;485,468;484,471;484,472;484,474;484,476;485,479;485,480;484,482;485,484;484,487;484,489;485,490;484,493;484,494;484,496;485,499;484,501;485,503;485,505;484,507;485,509;485,511
486,0;487,2;486,4;487,7;487,8;486,11;486,13;486,15;487,17;487,18;487,20;487,22;486,24;486,26;487,28;487,31;486,32;487,35;486,37;486,38;487,41;487,42;486,44;486,47;486,49;486,50;487,53;486,55;487,57;486,59;486,61;486,62;487,65;486,67;487,69;487,70;486,72;487,74;486,77;487,78;487,81;486,83;487,85;486,87;487,89;487,91;486,93;487,94;486,96;487,99;486,101;486,102;487,105;487,107;487,109;486,110;487,112;487,114;486,117;487,119;487,121;487,123;487,125;487,127;487,128;487,130;486,133;487,134;486,136;486,139;486,140;486,143;486,144;487,146;486,149;487,151;487,153;486,154;487,156;486,158;486,161;486,163;486,164;486,166;487,168;486,170;487,172;487,174;487,176;486,179;487,181;487,182;487,184;486,186;487,189;487,190;487,192;487,195;487,196;487,199;486,201;486,202;487,204;486,206;486,208;486,210;487,213;487,215;487,216;487,219;487,221;487,222;486,225;486,227;486,229;486,231;486,233;487,234;486,236;486,238;487,240;486,242;487,245;486,247;486,248;486,250;486,252;486,255;487,257;486,259;486,261;487,263;487,265;486,266;486,269;486,271;486,272;486,275;486,277;487,278;486,280;486,283;486,284;486,286;486,289;486,290;486,292;486,294;487,297;486,299;486,301;486,302;486,305;486,306;486,309;486,311;486,312;486,314;487,316;486,318;487,321;487,322;487,324;486,327;487,329;486,330;487,332;486,334;486,336;487,339;486,341;487,342;487,344;486,346;487,349;486,350;486,353;487,354;487,356;486,359;487,360;487,363;487,365;487,367;486,368;487,371;486,372;487,374;487,377;486,379;487,381;486,383;487,384;486,387;486,389;486,391;487,392;486,395;486,396;487,399;486,401;487,402;486,404;486,407;487,408;486,410;487,412;486,415;487,416;486,419;486,421;486,423;486,424;486,427;486,428;486,430;487,433;487,435;486,436;487,439;486,441;486,443;486,444;487,447;486,449;487,450;487,452;487,455;486,457;487,459;487,460;487,463;486,465;487,467;486,468;486,470;487,473;487,474;487,477;486,479;486,481;487,483;486,484;487,486;487,489;486,491;487,492;487,495;486,497;487,498;486,500;486,503;487,504;487,507;487,509;487,511
489,0;489,2;489,5;488,7;488,8;489,10;489,13;488,14;488,17;488,18;489,20;489,23;489,25;489,26;488,28;488,30;489,33;489,34;489,36;489,39;489,41;489,42;489,45;489,47;488,49;488,51;489,53;488,55;488,57;488,58;488,61;489,63;488,64;489,67;489,69;489,70;488,73;488,75;488,76;489,78;489,80;488,82;489,84;488,87;488,88;488,90;488,92;489,95;488,97;489,98;488,101;489,102;488,104;488,106;489,108;488,111;488,113;488,114;488,117;489,119;488,120;488,123;488,124;488,127;488,128;488,131;488,133;488,134;488,137;488,139;489,141;489,143;489,144;489,147;489,148;489,150;489,152;488,154;488,157;489,159;489,161;488,162;489,164;489,167;489,169;488,170;489,172;489,174;488,176;488,179;489,180;489,183;488,184;489,186;489,189;489,191;488,193;488,194;488,197;488,199;488,201;489,202;488,204;489,207;488,209;489,210;488,212;489,215;489,217;489,218;488,220;488,222;489,224;488,226;489,229;489,231;489,232;488,234;488,237;489,238;489,240;488,243;488,244;489,247;489,249;488,250;489,253;488,255;489,257;489,258;489,260;489,262;489,265;489,266;489,268;489,271;488,273;489,274;489,276;489,278;489,281;489,282;489,285;489,286;488,288;489,291;489,292;489,294;488,296;489,298;488,300;489,303;489,304;488,307;489,308;489,311;488,313;489,314;489,316;489,318;489,320;488,322;488,325;488,326;488,329;489,331;489,333;488,335;489,336;488,339;488,340;488,342;488,345;489,346;488,348;488,350;489,352;489,354;489,357;489,359;489,361;489,362;489,364;488,366;488,368;489,370;489,373;488,375;488,377;488,378;489,380;489,383;489,385;488,387;488,389;488,391;488,392;489,395;488,397;488,399;489,401;488,402;488,404;489,407;488,409;489,411;488,413;489,415;489,416;489,419;489,420;489,422;489,425;489,426;488,429;488,430;488,432;488,434;488,436;488,439;489,441;489,443;488,444;488,447;488,449;489,450;488,452;488,454;489,457;488,459;488,460;488,462;488,465;489,466;488,468;489,470;489,472;488,474;488,477;488,479;488,481;489,482;488,485;489,487;489,488;489,491;488,492;489,494;489,496;488,498;489,501;489,503;488,504;489,507;488,508;488,511
490,0;491,2;491,4;491,7;490,8;490,11;490,13;490,14;491,16;490,18;491,20;490,23;491,24;491,27;490,29;490,30;490,32;491,35;491,36;490,39;490,41;490,43;490,44;491,47;491,49;491,51;491,52;491,55;491,56;491,59;491,60;490,63;491,64;490,66;490,68;490,71;491,73;491,75;491,76;490,78;490,81;490,82;490,85;491,86;491,88;490,90;491,93;491,94;491,96;491,98;490,100;491,102;490,105;491,107;491,108;491,111;491,113;490,114;490,116;490,118;491,121;490,123;490,124;491,127;491,129;490,130;491,133;490,134;490,136;491,139;490,140;490,143;490,145;491,147;491,148;491,150;490,152;490,154;491,157;490,159;490,161;490,163;491,165;490,167;490,169;490,171;491,172;490,174;491,177;490,179;491,181;491,183;491,185;490,187;490,188;491,191;490,193;490,195;490,196;491,199;491,200;491,202;490,205;490,206;490,209;490,210;491,212;490,215;491,217;491,218;491,221;491,222;491,224;491,227;491,228;491,230;490,233;491,234;491,236;490,239;490,240;490,243;491,245;490,247;491,249;490,250;490,253;490,254;491,256;490,259;490,260;490,263;490,264;490,266;490,269;490,270;491,273;491,275;490,276;491,279;490,281;490,282;490,285;490,287;491,288;491,290;490,292;490,294;490,296;490,298;490,300;490,303;491,304;490,307;491,309;490,310;491,313;491,314;490,317;491,318;490,321;490,322;490,325;490,326;490,328;491,331;491,332;490,335;491,337;491,338;490,340;491,343;490,344;490,347;490,348;491,351;490,353;491,354;490,356;490,359;490,360;491,363;491,365;491,367;490,369;491,370;490,373;490,374;490,376;491,379;491,380;490,382;490,385;491,386;490,388;491,390;490,392;490,395;490,397;491,399;490,400;490,402;491,405;490,406;490,408;490,410;490,413;490,414;491,416;491,418;490,421;490,422;491,424;490,427;490,429;491,431;491,432;491,435;491,437;491,439;491,440;491,443;490,445;491,446;490,449;491,451;490,452;490,454;490,456;491,458;491,460;490,462;490,465;491,467;491,468;490,470;490,472;491,475;491,477;490,479;491,480;490,483;490,484;490,487;491,489;490,490;490,493;491,495;491,497;491,498;491,500;491,503;490,504;491,507;491,508;491,510
493,0;492,3;493,4;493,7;493,9;492,10;492,12;492,14;492,17;493,19;493,20;493,22;493,24;493,27;492,28;493,31;493,32;492,35;493,37;492,38;493,40;493,42;493,44;492,47;492,48;493,51;492,53;492,55;492,56;493,58;492,60;493,62;492,64;492,66;492,69;493,70;492,73;492,75;493,76;493,79;492,81;493,83;493,85;492,87;492,89;492,90;493,93;493,95;493,96;492,99;492,100;492,102;493,105;492,106;492,108;492,111;493,113;493,115;493,116;492,119;493,120;493,123;493,124;493,126;493,128;492,131;492,133;493,134;492,136;492,139;492,140;493,143;493,145;493,147;493,149;493,151;492,152;492,155;493,157;493,158;493,161;493,163;493,165;493,167;492,169;492,170;492,173;493,175;492,176;492,179;492,180;492,183;492,185;493,186;492,188;492,190;492,193;492,195;493,196;492,198;492,200;492,202;492,204;492,206;493,209;492,210;493,213;493,215;492,217;492,218;492,221;492,222;493,224;493,227;493,228;492,230;493,233;493,234;493,236;493,238;493,240;493,242;493,244;493,247;493,249;493,250;492,253;493,255;493,256;493,259;493,261;492,263;493,265;492,267;492,268;493,271;492,273;493,274;493,276;493,278;493,280;493,282;493,284;493,287;493,289;492,291;492,293;493,294;492,296;493,299;493,300;492,302;493,305;492,306;492,309;492,311;493,312;492,315;493,316;493,319;492,320;493,323;492,324;493,327;493,328;493,330;493,332;493,334;493,336;493,338;493,340;492,342;493,344;493,346;492,348;492,351;493,353;493,354;493,357;492,359;492,360;492,362;493,365;492,367;492,369;493,370;492,373;492,375;492,376;493,379;493,380;493,383;492,385;493,387;493,388;493,391;492,393;492,394;492,397;493,399;492,400;493,402;492,404;493,406;492,409;492,411;493,412;493,414;493,417;492,419;493,421;492,423;493,425;493,427;492,429;493,431;492,432;492,435;493,436;493,438;492,441;493,443;492,444;492,447;493,449;492,450;493,452;492,455;492,456;492,459;493,461;493,462;492,465;492,466;492,469;493,471;493,472;492,474;492,476;493,479;492,480;492,483;492,484;493,486;493,489;492,490;492,493;493,495;492,496;492,498;493,500;493,502;493,504;493,506;493,509;492,511
495,0;494,3;495,5;494,6;494,9;494,11;494,12;494,14;495,17;494,19;494,20;494,23;495,25;495,27;494,29;494,30;494,33;494,35;495,36;495,38;495,40;494,42;495,45;494,47;495,49;494,50;494,52;494,54;494,57;495,59;494,60;495,63;494,64;494,67;494,68;495,70;494,73;494,75;495,77;494,79;495,80;495,83;494,84;494,87;495,89;495,91;494,92;494,94;494,96;494,98;495,100;495,102;495,105;494,107;494,109;495,110;494,112;494,114;495,117;495,119;495,121;494,123;494,125;494,127;495,128;494,130;494,132;494,134;494,136;494,138;494,140;494,143;494,144;494,146;494,149;494,150;494,153;494,155;494,156;495,158;494,161;495,162;495,164;494,167;494,169;494,171;495,173;495,174;495,177;495,178;495,180;494,183;495,185;495,187;494,189;494,191;495,193;494,195;494,196;494,199;495,201;495,202;495,205;495,206;494,208;494,210;494,213;494,215;494,217;494,218;494,220;494,222;495,225;494,227;494,228;494,231;495,232;494,234;494,236;494,238;495,240;495,242;494,245;494,246;495,248;494,250;494,253;495,254;495,257;495,258;495,260;494,263;495,265;495,266;494,269;494,271;495,272;494,275;494,277;495,279;495,280;494,283;494,285;495,286;495,288;495,290;494,293;494,295;495,296;495,298;495,301;494,303;494,305;495,306;494,308;495,311;495,312;494,315;494,317;495,319;494,321;495,323;494,324;495,326;495,329;495,330;494,333;494,334;495,336;494,339;495,340;494,343;494,345;494,346;494,349;494,351;495,352;495,354;495,356;495,359;494,361;495,362;495,365;495,367;494,368;494,370;494,372;495,375;495,376;494,378;494,380;495,383;494,385;494,387;495,389;495,390;494,392;494,395;495,396;494,399;494,401;494,403;495,405;495,407;494,408;494,410;494,412;494,415;494,416;495,419;494,421;494,422;494,424;495,426;495,428;494,430;495,432;494,434;495,436;495,439;494,440;495,442;495,444;495,446;495,449;494,451;494,453;494,454;495,457;494,459;494,460;495,462;495,465;495,466;494,468;494,471;495,472;494,475;494,477;494,479;495,480;495,483;494,485;494,487;494,489;495,491;494,493;494,494;494,497;495,499;494,500;494,502;494,504;495,506;494,509;494,511
497,0;497,3;497,5;497,6;496,9;496,11;497,13;497,14;497,17;496,18;496,20;496,22;497,25;496,27;497,29;497,30;496,33;497,34;497,37;497,39;496,40;496,43;496,44;497,47;496,48;497,51;496,52;497,55;496,56;497,59;496,60;497,63;496,65;497,67;496,68;497,70;496,73;496,74;496,76;497,79;497,80;497,83;496,85;496,87;497,89;497,91;496,93;496,94;496,96;496,98;496,100;496,102;497,105;496,106;496,109;496,111;497,112;496,115;496,116;497,119;496,121;497,123;497,125;497,126;496,128;496,131;496,132;496,135;497,137;496,138;497,140;497,143;497,144;496,147;497,148;497,150;497,152;496,154;496,157;496,158;496,160;496,163;496,165;497,167;497,168;496,170;497,173;497,174;497,176;496,179;497,180;496,182;496,185;496,187;496,189;497,191;497,192;496,195;496,196;496,198;496,201;496,203;496,205;496,206;496,208;496,211;497,213;497,215;497,216;497,219;496,220;496,222;496,224;496,227;497,229;497,230;497,233;497,235;496,236;497,238;497,241;497,243;497,245;496,246;496,248;496,250;496,253;496,254;497,256;496,259;496,260;496,263;497,265;496,266;496,269;496,270;496,272;496,275;496,276;496,279;496,280;496,283;496,284;496,287;496,288;497,290;496,293;496,294;497,297;497,298;496,301;496,303;496,304;496,307;496,309;496,311;497,313;496,315;497,317;496,318;497,320;497,323;496,325;496,327;497,328;496,331;497,333;497,334;496,337;496,339;497,340;497,342;496,344;497,346;496,348;496,350;497,352;497,354;496,356;496,358;497,360;496,362;496,365;496,366;496,368;497,371;497,373;497,374;497,377;496,379;497,381;496,383;496,384;497,386;496,388;496,391;497,392;497,394;497,397;497,399;497,400;497,402;497,404;497,407;497,408;497,410;496,412;497,415;496,416;497,419;496,421;497,422;496,424;496,427;496,429;497,430;497,433;496,435;496,436;496,438;496,441;496,442;496,445;496,446;497,449;496,451;496,452;497,455;496,457;497,459;497,461;497,462;496,464;497,467;497,468;496,470;497,473;496,474;497,476;497,479;496,480;497,482;496,485;497,487;497,489;496,491;497,493;497,495;497,497;496,499;496,500;496,502;496,504;497,506;497,508;497,511
498,0;499,3;498,4;499,7;498,9;499,11;499,12;499,14;498,17;498,18;499,20;499,23;499,25;498,26;499,28;498,30;499,32;499,34;499,37;498,39;498,40;499,42;498,45;499,47;498,49;498,51;498,53;498,55;499,56;499,58;498,61;498,63;499,64;499,66;499,69;499,70;499,73;498,74;498,76;498,78;498,81;499,83;499,84;499,86;499,89;499,90;499,93;498,94;498,97;499,99;498,101;499,103;498,105;498,106;498,109;499,110;498,112;498,114;499,117;498,119;498,121;499,122;499,124;499,127;498,128;499,130;498,132;498,135;499,136;498,138;498,140;498,143;498,144;498,147;498,148;498,150;499,152;499,155;499,157;499,158;498,161;499,162;499,164;499,167;499,168;499,171;499,173;499,174;498,176;498,179;499,180;499,183;499,184;498,187;499,189;499,191;499,192;499,195;498,196;499,198;499,201;499,202;499,204;499,206;499,209;499,210;499,213;499,215;498,217;499,218;498,221;499,223;499,225;499,226;499,229;499,230;499,232;498,234;498,237;498,238;499,240;498,243;498,244;499,247;499,249;499,250;499,253;499,254;499,256;498,258;499,260;499,263;499,265;499,266;498,268;499,270;499,273;498,274;499,277;499,278;498,281;499,282;499,285;498,287;498,288;498,291;499,292;499,294;499,297;499,298;498,300;499,303;499,305;499,306;499,309;499,311;499,313;499,315;499,316;498,319;499,321;499,322;498,325;499,327;499,329;498,331;498,332;498,334;498,336;499,339;498,340;498,343;499,345;498,346;498,349;499,351;498,353;498,354;499,356;498,359;498,361;498,363;498,364;499,367;499,368;498,370;498,372;498,374;499,376;499,378;498,381;498,383;499,385;499,387;499,389;499,390;498,392;498,394;498,397;499,399;499,401;498,402;498,405;498,406;499,409;498,410;499,413;499,415;498,416;499,419;499,420;498,423;498,424;498,427;498,428;499,430;498,432;499,435;498,436;498,439;499,441;498,442;498,444;499,446;499,448;499,450;499,453;499,454;498,457;498,459;499,461;498,463;499,464;499,466;498,469;499,471;498,473;499,475;498,477;498,478;499,481;498,482;499,484;499,487;498,489;498,491;499,493;499,495;498,496;498,499;498,501;498,502;498,505;499,507;498,509;499,511
500,0;500,3;500,4;500,7;501,8;501,11;500,13;500,15;501,16;500,19;500,20;501,22;500,24;500,27;501,29;501,31;500,32;501,35;501,36;500,38;500,41;500,42;501,44;500,47;501,49;501,51;501,53;501,54;501,57;501,58;501,61;500,63;500,64;501,66;500,69;501,71;501,73;501,74;501,77;501,78;501,81;501,83;500,85;500,87;500,88;500,90;501,92;501,94;501,97;500,98;500,101;501,103;500,105;501,106;500,109;500,110;500,112;500,114;500,117;500,119;500,120;501,123;500,125;501,126;501,128;501,130;500,133;501,134;500,137;500,138;500,141;500,143;501,145;500,146;500,149;501,150;500,153;501,154;501,157;500,159;500,160;500,163;500,164;500,166;501,168;501,171;501,173;501,174;500,177;500,179;500,180;501,182;501,184;500,187;500,189;500,191;500,193;500,195;500,197;500,198;500,200;500,202;500,205;501,207;501,209;501,211;500,212;501,214;501,216;500,218;501,220;500,223;501,225;501,227;501,228;501,230;501,233;501,235;501,237;501,239;501,240;501,243;501,245;500,247;501,248;500,250;501,253;500,255;500,257;501,259;500,260;500,262;501,265;500,266;500,269;501,271;501,273;501,275;501,277;500,279;501,281;500,282;500,284;500,286;500,288;501,290;501,292;500,294;500,296;501,298;500,301;501,302;501,304;501,306;501,308;500,311;500,312;500,315;500,316;500,318;501,320;500,322;500,324;500,327;500,329;500,330;500,333;501,334;501,337;500,339;501,340;501,343;500,344;501,347;500,349;500,350;500,352;501,354;501,357;500,359;501,360;500,363;501,365;500,367;500,368;500,371;501,372;501,375;501,376;500,378;501,380;501,383;501,385;501,387;500,388;500,390;500,393;501,395;500,397;500,398;501,401;500,403;500,404;500,407;501,408;500,411;501,413;500,415;500,417;500,419;501,420;500,422;501,425;501,426;501,429;501,431;500,433;501,435;501,437;500,439;501,441;500,442;501,444;501,447;501,449;501,450;501,452;501,455;501,457;500,459;501,461;501,463;501,465;501,466;500,469;500,470;501,473;501,475;500,476;501,478;500,480;501,482;501,485;501,486;500,488;500,490;500,492;501,494;500,496;501,499;501,500;500,503;500,505;500,506;501,508;501,511
502,0;503,3;502,5;502,6;503,9;502,11;503,12;503,15;503,17;503,18;502,21;503,22;503,24;502,26;503,28;503,30;502,32;502,34;503,36;502,38;503,41;503,43;502,44;503,47;502,48;502,50;503,52;503,54;502,57;503,59;502,60;502,62;502,65;503,66;503,69;503,70;502,73;502,75;502,76;502,79;502,81;503,82;503,85;503,86;503,88;503,91;502,92;503,95;502,97;503,99;502,100;502,102;502,104;502,107;503,109;503,111;503,113;503,115;503,117;503,118;503,120;503,122;502,125;502,126;503,129;503,130;503,132;503,134;502,136;502,139;503,140;503,142;502,144;503,147;502,149;502,150;502,153;502,155;503,157;502,159;503,160;502,162;503,165;502,166;503,169;502,170;503,173;502,175;503,176;503,179;503,180;503,183;503,185;502,186;503,189;503,191;503,192;503,194;502,197;503,199;503,201;503,203;503,204;503,206;503,209;503,210;503,212;502,215;502,217;502,219;502,220;503,222;502,224;502,226;502,228;503,231;502,232;502,234;503,237;502,239;503,241;503,243;503,245;502,246;502,248;502,250;502,253;503,255;502,257;503,258;503,261;503,262;502,265;503,266;503,269;503,270;502,272;502,274;502,276;502,278;502,281;502,282;503,285;502,286;503,288;503,290;502,293;503,294;502,297;502,298;502,300;502,303;503,304;502,306;502,308;503,310;503,313;502,315;502,317;503,319;502,320;502,323;503,324;503,326;502,328;502,330;503,332;503,335;502,336;503,339;502,341;503,342;502,344;502,347;502,349;503,351;503,352;502,354;502,356;503,358;503,360;503,362;502,364;503,366;502,369;503,370;502,372;503,374;503,376;503,379;502,381;503,383;502,385;502,386;503,388;502,391;502,392;502,394;502,397;503,398;502,401;502,402;503,405;502,407;502,409;503,411;502,412;502,414;503,417;502,418;502,421;503,423;502,424;502,426;503,429;502,431;503,432;503,435;503,437;502,438;502,440;503,443;503,445;502,446;502,448;502,451;503,453;503,455;502,457;503,458;502,461;503,463;502,464;502,467;502,469;502,470;502,472;502,475;502,476;502,479;502,481;503,482;502,485;502,487;502,489;502,491;502,492;503,495;502,496;502,499;502,501;502,503;502,505;502,506;503,509;503,510
505,0;505,3;504,4;504,7;504,8;504,11;505,13;505,14;504,17;505,18;504,21;505,22;505,25;504,26;505,28;505,31;505,32;504,34;505,36;504,39;505,41;505,43;504,44;505,47;505,49;504,50;504,53;505,54;504,57;505,58;504,61;505,62;504,64;504,67;504,68;504,70;504,72;504,74;505,77;504,78;505,81;505,82;505,84;505,87;504,88;505,90;504,92;505,95;505,96;504,99;505,100;505,102;505,105;505,106;505,109;504,111;504,112;504,115;504,116;504,118;505,121;505,123;505,124;505,126;504,128;504,130;504,133;504,135;504,136;504,139;505,140;505,143;505,145;504,146;505,149;504,150;505,153;504,155;505,156;504,158;505,161;504,162;505,165;505,167;505,169;504,171;505,173;504,174;505,177;505,179;504,180;505,183;505,184;504,187;504,188;504,191;504,193;505,194;504,197;504,198;505,200;504,202;505,204;504,207;504,209;505,210;504,212;505,214;504,217;504,218;504,220;505,222;504,224;504,227;505,229;505,230;505,232;504,234;504,237;505,239;504,240;505,243;505,244;505,247;504,248;505,250;504,252;505,255;504,257;505,258;504,261;504,263;504,265;504,266;505,268;505,271;505,273;505,274;504,277;505,279;505,280;505,282;504,284;504,286;504,289;504,291;504,292;504,295;505,296;504,299;504,301;504,302;504,304;505,307;505,308;504,311;504,312;505,315;505,317;505,319;504,320;504,322;505,325;504,327;505,329;505,330;505,332;505,335;504,337;505,339;505,340;504,342;505,344;505,346;504,348;505,350;505,353;505,354;505,357;504,358;504,361;505,363;505,364;505,367;504,368;504,370;505,373;504,375;505,377;505,378;504,381;505,382;504,384;504,386;505,389;505,391;504,393;504,395;505,397;504,398;504,400;504,403;504,405;505,406;505,408;505,411;504,412;504,414;505,417;504,418;504,421;505,422;504,425;504,426;504,428;504,431;505,433;504,434;504,437;505,438;505,440;504,443;505,444;505,446;505,448;505,451;505,452;504,454;505,456;505,458;505,461;505,462;504,464;504,466;505,469;505,470;504,473;505,475;505,477;505,479;504,480;504,483;505,484;504,487;504,489;504,490;504,493;505,494;505,496;505,499;505,501;505,503;505,504;505,507;505,509;505,510
507,0;507,3;506,5;506,7;506,9;506,11;506,13;506,15;507,17;507,19;506,21;506,23;507,24;506,27;507,28;506,31;506,33;507,35;507,36;506,38;507,40;507,42;507,44;507,46;506,49;507,50;507,52;507,54;507,57;507,58;506,61;507,62;507,65;507,67;507,68;506,70;507,73;507,74;506,76;507,78;507,80;506,83;507,84;507,87;506,89;506,90;506,93;507,94;507,97;507,99;507,100;507,103;507,105;506,106;507,109;506,110;507,113;507,114;506,117;507,118;506,121;506,123;506,124;507,126;507,129;507,130;507,133;506,134;507,137;506,138;506,140;507,143;507,145;506,146;507,148;507,150;507,152;507,154;506,156;506,159;507,161;506,162;507,164;507,167;506,169;506,171;506,172;507,175;506,176;506,179;507,181;507,183;506,184;507,187;507,189;506,191;507,192;507,195;507,196;507,199;507,200;507,202;507,204;507,206;507,208;506,211;506,212;507,215;507,216;506,219;506,220;506,222;506,224;506,226;507,228;506,231;507,232;507,234;506,237;506,238;507,241;506,243;507,244;506,246;506,249;506,251;506,253;507,255;506,257;507,258;506,260;506,263;506,264;506,267;506,269;507,271;506,273;507,274;507,277;507,279;506,280;506,283;507,284;506,286;507,288;506,290;506,292;506,295;507,297;506,298;506,300;506,302;507,305;506,307;506,308;506,311;506,313;507,314;506,316;507,319;507,321;507,322;507,324;506,326;506,328;506,330;507,332;507,334;507,337;507,339;507,340;507,343;507,345;506,347;506,349;507,350;507,352;506,354;507,356;506,358;506,360;507,362;506,365;507,366;506,369;507,371;507,372;506,375;506,377;506,378;507,381;507,383;506,385;507,386;506,388;507,390;506,392;507,395;506,396;507,399;507,401;506,403;506,405;507,406;506,409;506,410;507,412;507,414;507,417;507,419;506,420;506,422;507,424;506,426;507,428;507,431;506,433;507,434;506,436;506,439;506,440;506,443;506,444;506,446;506,448;506,451;506,452;506,455;507,456;506,458;507,461;507,462;506,464;506,467;506,469;507,470;506,473;507,475;507,477;507,479;506,480;507,483;507,485;507,487;506,488;506,490;507,493;507,495;507,496;507,498;506,500;506,503;506,504;507,506;506,509;507,510
508,1;509,3;509,4;508,6;509,9;509,10;508,13;508,15;509,17;508,18;509,21;508,23;509,24;508,26;508,29;508,30;509,32;508,35;509,37;508,39;509,41;508,43;508,45;508,47;508,48;509,51;509,52;509,55;509,57;509,58;509,60;509,62;508,64;508,67;509,68;508,71;508,73;509,74;509,77;509,79;509,80;508,82;509,85;509,86;508,89;508,90;509,93;509,95;509,96;509,98;508,100;509,102;508,104;508,107;509,108;509,111;508,112;508,114;509,117;508,118;508,121;509,122;508,124;509,126;509,129;508,130;508,133;508,134;509,137;509,138;509,140;508,143;508,144;508,146;508,149;509,150;509,152;508,154;509,157;508,159;508,160;508,163;508,164;508,167;508,169;508,170;508,172;508,175;509,177;508,179;508,181;508,183;509,184;509,187;509,188;509,191;509,192;508,195;509,196;509,199;509,200;508,202;508,204;509,206;509,209;508,210;508,213;509,215;508,217;508,219;509,220;508,223;508,224;508,226;509,229;508,231;508,232;508,235;509,237;508,239;508,241;509,242;509,245;509,247;508,249;509,251;508,253;508,254;509,257;509,259;509,261;509,263;509,265;508,266;508,268;509,271;509,272;508,274;508,276;509,278;508,281;509,282;509,285;509,286;509,289;508,291;508,292;508,295;508,297;509,299;508,300;509,302;508,305;508,306;508,309;509,310;508,313;509,314;508,317;508,319;509,321;508,322;508,325;508,327;508,329;508,331;508,332;509,335;509,337;508,339;509,341;509,342;509,344;508,347;508,349;508,351;508,353;509,355;508,357;509,359;508,361;508,363;509,365;508,366;508,368;509,371;509,372;509,375;509,377;508,378;509,380;508,383;508,384;509,387;509,389;509,391;509,392;509,395;509,397;509,398;509,401;509,403;509,404;508,407;509,408;509,410;509,413;508,414;509,416;508,419;508,420;509,422;508,424;508,426;509,428;508,431;508,432;509,434;509,436;509,439;508,440;508,442;508,444;509,447;508,449;509,451;509,452;508,454;508,457;509,459;509,460;508,462;508,464;508,467;509,469;509,470;509,472;508,475;508,477;509,479;509,481;508,482;509,485;508,487;509,488;508,490;508,492;508,495;508,497;509,498;509,501;509,503;508,504;508,507;508,509;509,510
511,0;511,2;510,5;511,6;511,9;510,10;510,12;511,15;511,17;511,18;510,21;511,23;510,25;511,26;510,28;510,30;510,32;511,34;511,37;510,39;510,41;510,43;510,45;511,46;511,49;511,51;511,53;511,54;510,57;511,59;510,61;510,63;510,64;510,66;510,69;510,71;511,73;510,74;511,76;510,79;511,81;511,83;511,84;510,86;511,88;510,91;510,93;511,94;511,97;510,98;511,100;511,103;510,105;510,107;511,108;510,111;510,112;511,114;510,117;511,119;511,121;510,123;510,124;510,127;510,129;510,131;511,133;511,134;510,137;510,139;511,141;511,142;511,145;510,147;511,149;511,151;510,152;511,154;510,157;511,159;511,161;511,162;510,164;511,166;511,168;511,170;510,173;511,175;511,177;511,179;510,181;511,183;511,184;510,186;510,189;510,191;511,193;511,194;511,196;511,198;511,201;510,202;511,205;511,207;510,208;510,211;511,213;510,215;510,217;511,219;510,220;510,222;511,225;511,227;510,229;511,231;511,232;510,234;510,236;511,239;511,241;510,242;511,244;511,246;511,248;511,251;511,253;511,254;511,257;511,259;511,261;511,263;511,264;511,267;510,269;510,271;511,272;510,275;511,277;510,279;510,281;511,282;511,285;510,286;511,288;511,291;510,293;510,295;511,296;511,298;511,300;510,303;510,304;510,306;511,309;510,311;511,313;510,314;511,316;511,318;510,321;510,322;510,324;510,326;510,328;510,331;511,332;510,334;510,336;511,339;510,340;510,343;510,344;511,346;511,348;511,350;510,352;511,354;510,356;510,358;511,361;510,363;511,365;510,367;510,368;510,370;511,372;511,375;511,377;511,378;511,380;510,382;511,384;511,387;511,389;511,391;510,392;510,394;510,396;510,398;511,400;511,402;510,404;510,406;511,408;510,410;510,412;510,415;510,416;511,419;511,421;510,423;510,424;510,427;510,428;510,431;511,433;511,434;511,437;510,438;511,440;510,442;511,444;510,446;511,449;511,451;511,452;511,454;511,457;510,458;510,460;511,462;510,464;510,466;510,469;511,470;511,473;510,475;511,477;510,479;511,480;510,483;510,484;511,487;511,488;510,491;510,492;511,494;511,497;511,498;511,500;510,503;511,505;510,507;511,508;510,511
