0,1;1,2;1,5;0,6;0,8;1,10;1,12;1,15;1,17;1,19;1,20;0,23;1,24;1,27;1,29;0,31;1,32;0,34;0,36;0,39;0,41;0,42;1,45;0,47;1,49;1,50;0,53;0,54;0,56;0,59;1,60;1,62;0,64;1,66;1,68;0,70;0,73;0,74;1,76;1,79;0,80;1,82;0,85;1,86;1,89;1,91;0,92;1,94;1,97;0,98;0,101;1,102;1,104;1,106;0,109;1,111;1,112;1,115;1,117;0,119;0,121;0,123;0,124;0,126;1,128;0,131;1,132;0,135;1,136;1,139;0,140;1,142;0,145;1,146;1,148;1,151;0,153;1,155;0,156;0,158;0,161;0,163;0,165;1,166;0,168;1,171;0,172;1,174;0,177;1,178;1,181;1,182;0,185;0,187;1,189;1,191;1,193;0,195;1,196;0,199;1,200;1,202;1,204;0,207;0,208;0,211;0,212;1,215;1,217;0,219;1,220;0,222;0,224;0,226;1,228;1,231;1,233;0,235;1,237;1,238;0,241;1,242;0,245;1,246;1,248;0,251;0,253;0,254;1,256;1,258;0,261;1,262;1,264;1,266;0,268;1,271;1,272;0,275;1,276;1,279;0,281;0,282;0,284;0,287;0,288;1,291;1,292;0,295;1,297;1,298;0,301;1,303;1,305;0,307;1,309;1,311;0,313;1,315;1,316;1,318;0,321;0,322;0,325;0,327;0,328;0,330;0,333;0,335;1,336;0,339;1,340;0,342;0,345;1,346;1,349;1,351;0,352;0,355;0,357;1,358;1,361;1,363;0,365;1,366;1,369;0,370;0,372;0,374;1,376;0,378;1,380;0,382;1,385;1,386;1,389;1,390;0,393;1,395;1,397;0,399;0,400;0,403;1,404;1,406;0,409;0,410;0,413;0,414;1,417;1,418;0,420;1,422;1,425;0,426;1,429;1,430;1,432;1,435;1,436;1,439;0,440;0,442;1,444;0,446;0,448;0,451;1,453;1,455;0,456;0,459;0,461;0,463;1,464;0,467;0,468;0,471;0,473;0,474;0,477;1,479;0,481;0,482;0,485;0,486;1,489;1,491;1,492;1,494;1,496;0,499;0,501;0,502;0,505;1,506;1,509;1,511
2,0;2,2;3,4;3,7;2,9;2,10;2,13;2,14;3,17;3,19;3,21;3,23;2,25;2,27;2,28;3,30;3,32;3,34;3,36;3,38;2,40;2,43;2,44;2,46;3,48;2,51;3,52;3,55;2,56;2,59;2,60;2,63;2,65;2,67;2,68;2,71;2,72;2,74;3,76;2,79;2,81;3,83;3,84;3,86;3,89;3,91;2,93;3,94;3,97;2,99;2,100;2,102;3,105;3,107;3,109;3,111;3,113;3,115;3,117;3,118;3,120;2,123;3,125;3,127;3,128;3,130;3,132;2,134;2,137;3,138;3,141;3,143;2,144;2,146;3,148;3,150;2,152;3,155;2,156;2,159;3,161;3,162;2,164;3,166;3,169;3,170;3,172;2,175;2,176;2,179;2,181;3,183;2,185;2,187;2,188;3,191;2,193;3,194;3,196;3,198;3,201;3,202;2,205;3,206;2,209;3,210;3,212;2,215;3,216;3,219;2,220;3,222;2,225;3,226;3,228;3,230;3,232;3,234;3,236;2,238;3,241;3,242;3,245;3,247;2,248;3,250;3,253;2,255;3,256;2,258;2,261;2,262;2,264;3,267;3,269;3,271;3,273;2,275;3,277;3,279;2,280;2,283;2,284;2,287;2,288;2,290;3,293;3,294;2,296;2,299;2,301;3,302;2,304;3,306;2,308;3,310;2,313;2,314;3,317;3,318;3,320;3,322;3,324;3,327;3,328;3,331;2,332;2,335;3,337;3,338;3,341;2,343;3,344;3,347;2,349;2,351;2,353;2,354;3,356;3,359;3,360;3,363;3,364;2,367;2,368;2,371;2,373;3,375;3,377;2,378;2,381;3,383;3,384;2,386;3,389;2,391;3,392;2,395;3,396;3,399;3,401;3,402;2,404;2,406;3,408;2,411;2,413;2,415;2,417;3,419;2,420;2,422;3,424;3,427;2,429;2,431;2,433;3,434;3,436;3,439;3,440;2,442;3,445;3,447;3,448;3,450;3,453;3,454;2,457;3,458;2,461;2,463;2,465;2,467;3,469;2,471;2,472;3,474;3,477;3,478;2,481;3,483;3,484;3,486;2,489;2,491;2,493;3,494;2,497;2,499;3,500;3,503;3,504;3,507;3,508;2,511
4,1;4,3;5,4;4,7;5,9;5,10;5,12;5,14;5,16;4,18;5,20;4,23;5,25;4,27;4,28;5,31;5,32;4,35;5,36;4,38;4,40;4,43;4,44;4,47;4,49;5,51;4,52;5,55;5,57;5,59;5,60;4,62;5,65;5,66;5,69;5,71;5,73;4,75;4,77;5,78;5,81;4,83;5,84;4,87;5,88;5,91;5,92;4,95;4,96;5,98;4,100;4,103;4,104;5,106;5,109;4,111;5,112;4,115;4,116;4,118;5,121;4,122;5,124;4,126;4,129;4,131;4,133;4,134;5,137;5,139;4,141;5,143;5,144;5,146;5,149;5,151;4,153;4,154;5,157;4,158;4,160;5,162;5,165;4,167;4,168;4,170;4,173;5,175;5,177;4,178;5,181;5,183;5,184;5,186;4,188;5,190;5,192;5,195;4,196;5,198;4,200;4,202;5,205;5,206;4,209;5,210;4,213;4,214;5,216;4,219;5,220;4,223;4,225;5,226;4,229;5,231;5,232;4,234;5,236;4,238;5,240;4,242;4,244;5,247;5,249;5,250;4,253;5,255;5,256;5,259;5,260;4,262;4,264;5,267;5,269;5,271;5,272;4,274;4,276;4,278;4,281;5,282;4,285;4,287;4,288;5,290;4,292;4,294;4,296;4,299;4,301;5,302;4,305;5,307;5,309;5,310;5,312;5,315;5,317;4,318;4,321;4,322;4,324;4,327;5,328;5,330;5,333;4,335;5,336;5,339;4,340;5,343;5,345;5,346;4,349;4,350;4,352;5,354;5,357;4,358;4,360;5,362;5,364;4,367;5,369;4,371;5,373;4,374;5,376;5,379;4,380;5,383;4,385;5,387;5,389;5,391;4,392;5,394;5,396;5,399;4,400;5,403;4,404;4,406;4,409;4,410;5,412;4,414;5,417;4,419;4,420;4,423;4,425;4,426;4,429;4,430;5,432;4,435;4,437;5,438;4,441;4,442;4,445;5,447;5,448;5,450;5,452;5,454;5,456;5,459;5,460;4,463;5,464;5,467;4,468;5,470;4,472;5,474;4,477;5,478;5,481;4,482;4,485;5,487;5,489;4,490;5,492;4,495;4,496;4,499;4,501;4,503;4,505;5,507;4,508;5,510
7,0;7,3;6,4;7,6;6,9;7,11;7,13;6,14;6,17;6,18;6,21;7,22;6,24;7,26;7,29;7,30;6,32;6,34;6,36;6,38;6,41;6,43;7,45;7,46;7,48;6,51;7,53;6,55;7,57;7,59;6,60;6,63;7,64;6,66;6,68;7,70;6,72;6,75;6,77;6,79;6,80;6,82;7,84;6,86;7,89;7,90;7,93;6,94;6,97;7,98;6,100;7,103;6,104;7,106;7,108;6,111;7,112;7,115;7,116;6,118;6,121;7,122;7,124;7,126;7,129;7,130;6,132;6,135;6,136;6,139;6,141;7,143;6,144;6,146;6,148;6,150;6,153;7,155;7,156;6,159;6,161;6,162;6,165;7,166;6,168;7,171;7,172;7,175;6,177;7,179;6,181;7,183;7,185;6,187;6,188;6,190;7,193;6,194;7,197;6,198;6,201;6,203;6,204;6,206;6,208;6,211;6,213;7,215;7,216;6,218;6,220;6,223;7,224;6,227;7,229;6,230;6,232;6,234;7,236;7,239;6,241;7,243;7,245;6,247;7,249;7,251;6,253;6,255;7,256;7,258;7,260;7,262;6,265;6,267;7,268;7,270;6,273;6,275;6,276;6,278;6,281;6,283;6,284;7,286;7,288;7,291;7,293;6,294;6,296;6,299;7,301;6,303;6,304;6,306;7,308;7,310;6,312;6,314;7,317;7,318;6,320;6,323;7,325;7,326;6,328;6,331;7,332;7,334;6,336;7,338;7,340;6,342;7,345;7,347;7,349;6,350;7,353;7,355;6,356;7,358;6,360;7,363;6,365;6,366;7,368;6,371;7,373;7,375;6,377;6,379;6,381;6,382;6,385;7,387;6,389;6,390;7,392;6,395;7,397;7,399;6,400;7,403;6,405;6,406;6,408;6,411;7,413;6,415;7,417;6,419;7,420;6,422;7,425;6,426;6,429;6,430;7,433;7,434;6,436;6,438;6,440;6,443;7,445;6,447;7,449;7,450;7,452;6,455;6,457;7,458;6,460;7,463;7,465;6,466;7,468;6,471;6,472;7,475;6,476;7,479;6,481;6,482;7,485;7,486;7,489;7,490;6,492;6,495;6,496;7,498;6,500;7,503;7,504;6,507;6,508;7,511
9,0;8,3;8,4;8,6;8,9;9,11;8,13;9,15;9,17;9,19;9,20;8,23;8,25;9,26;8,28;9,30;9,33;9,35;8,36;9,39;8,41;9,42;8,44;8,46;9,48;9,51;9,52;8,54;9,57;9,58;9,60;9,63;8,64;8,66;9,68;8,70;9,73;8,75;8,77;8,78;8,81;9,83;8,85;8,87;9,89;8,91;9,93;9,95;9,96;9,99;9,100;9,103;8,104;8,107;8,108;8,111;9,112;8,115;8,117;8,118;9,120;8,122;9,125;8,126;8,129;8,131;9,133;9,135;9,137;8,138;8,140;8,142;8,144;8,146;8,148;9,150;9,152;8,155;8,157;8,159;9,160;9,162;9,164;8,167;8,168;8,171;8,173;8,175;8,177;9,179;8,180;8,183;9,185;8,186;9,188;9,190;8,193;9,195;9,197;9,198;9,201;9,202;9,205;9,207;9,208;9,211;9,212;9,214;8,217;9,218;9,220;8,222;9,225;9,227;8,228;8,230;9,233;9,235;9,237;8,239;8,241;8,242;9,245;8,247;8,249;9,250;8,253;9,255;8,257;8,258;9,260;8,262;9,265;8,267;8,268;9,271;8,273;9,274;8,276;8,278;8,281;9,282;9,284;8,286;8,289;8,290;8,292;8,295;9,297;9,298;8,300;8,302;8,304;9,306;8,308;9,311;9,312;9,314;8,317;8,318;8,320;9,322;8,324;9,326;8,328;9,331;8,332;8,335;9,336;9,338;9,340;9,343;9,344;9,347;9,349;9,351;8,353;9,355;9,356;9,359;9,361;8,362;9,365;8,367;8,369;9,371;9,373;9,374;9,377;9,378;8,380;8,382;9,385;8,386;9,389;9,391;8,392;8,394;8,397;9,398;9,400;9,403;9,405;8,407;9,409;8,410;9,412;9,414;8,416;9,419;9,421;8,423;9,425;8,427;9,429;8,430;8,432;8,435;9,436;9,439;9,440;9,443;8,444;9,447;9,449;9,451;9,453;8,454;8,456;9,459;8,461;9,463;9,465;9,466;8,468;8,470;9,472;9,475;8,476;8,479;9,481;9,483;9,484;8,487;8,489;9,491;9,493;9,494;9,497;8,498;8,500;8,502;8,504;8,506;8,508;8,510
11,1;11,2;11,4;10,7;11,8;11,10;11,13;11,14;10,17;10,18;10,20;10,22;10,24;10,27;11,29;10,30;11,32;11,34;10,37;10,38;10,41;10,43;11,45;11,47;11,49;11,51;10,52;11,55;10,56;10,58;10,61;10,63;10,64;11,66;11,69;11,70;10,73;11,75;10,76;10,78;10,80;11,83;11,84;10,86;10,89;10,90;10,93;11,94;10,96;10,99;11,100;11,103;10,105;11,107;10,108;11,110;11,112;11,115;10,117;10,118;11,121;11,123;10,125;10,127;11,129;10,131;10,132;10,134;10,137;10,138;10,141;11,142;11,145;11,147;10,148;11,151;11,153;11,155;10,157;11,159;11,160;10,162;11,164;11,166;10,168;11,170;10,173;11,174;10,176;10,178;10,181;10,183;11,184;11,186;10,189;11,190;11,193;10,195;11,196;11,198;11,200;11,203;11,204;11,206;11,209;11,210;11,213;11,215;11,216;10,219;11,220;10,222;10,225;10,227;11,229;11,230;10,232;11,234;11,237;11,238;11,240;10,243;10,245;10,246;11,249;11,251;10,252;11,254;11,257;10,259;11,261;11,263;10,264;10,266;11,269;11,271;11,273;10,275;11,277;10,278;10,280;11,283;11,284;11,286;10,289;10,291;11,293;11,295;11,296;11,298;11,300;11,303;10,304;11,306;11,308;10,310;11,312;10,314;10,316;10,318;10,321;10,323;11,325;11,326;11,328;11,330;11,332;11,335;10,336;10,338;10,341;10,342;10,344;11,346;11,348;11,350;11,353;10,354;11,357;10,359;10,360;11,363;11,364;11,366;10,368;11,371;11,373;11,374;10,377;11,379;11,380;11,383;10,385;11,386;10,388;11,390;11,392;10,394;11,396;10,398;10,400;11,403;10,405;11,407;10,409;11,410;10,412;11,414;11,417;11,418;11,420;10,423;11,425;11,427;11,428;10,431;11,433;10,435;11,436;11,439;10,441;11,442;10,445;10,446;11,448;11,451;10,452;10,454;11,456;11,459;10,461;11,462;10,464;10,466;10,469;10,470;10,472;11,475;11,476;10,479;11,480;11,482;11,485;11,487;11,489;11,490;11,492;11,495;11,497;10,498;10,501;10,503;10,504;11,506;10,508;11,510
12,0;13,2;13,5;12,7;13,8;12,11;12,12;12,14;12,16;12,18;12,20;13,23;13,25;13,26;13,28;12,30;13,32;13,34;12,36;12,39;12,41;13,43;13,45;13,46;12,48;12,51;13,53;12,54;13,57;12,58;12,60;12,63;13,64;12,66;13,68;13,71;12,72;12,74;12,76;13,79;13,81;13,82;13,85;13,87;13,88;13,91;12,92;12,95;13,97;13,98;13,100;13,103;13,104;13,107;12,109;12,111;12,113;12,115;13,117;13,119;12,121;13,123;12,125;13,127;13,128;12,130;12,132;12,134;12,136;12,138;12,141;13,143;13,144;12,147;13,148;12,151;13,152;13,154;13,157;12,158;13,160;12,162;12,164;13,167;12,169;13,170;13,172;12,175;13,177;12,179;13,181;12,183;12,184;13,187;13,189;13,190;12,192;12,195;12,197;12,198;13,200;13,202;12,204;13,207;12,208;12,210;12,213;13,215;13,217;13,218;12,220;12,222;13,224;13,227;12,228;12,230;13,233;12,235;12,237;13,238;13,240;13,242;12,244;12,246;13,248;12,250;13,253;12,254;13,257;12,258;13,260;12,263;13,264;12,267;13,268;12,271;13,273;12,274;13,276;12,279;12,280;13,282;13,285;12,287;13,289;13,290;12,292;12,295;13,297;12,299;13,300;12,302;13,304;13,306;13,309;12,311;12,312;13,315;12,316;13,318;12,321;12,322;12,324;12,327;13,328;12,331;13,333;12,334;12,337;13,339;12,341;12,342;13,345;12,347;13,349;12,350;12,352;13,354;13,356;12,358;13,361;12,362;12,364;12,366;12,368;12,371;13,372;13,374;12,377;12,379;13,380;12,383;13,385;12,386;12,389;13,391;13,392;12,395;12,397;12,398;13,401;13,403;12,405;13,406;13,409;13,411;12,413;12,415;13,417;13,419;12,420;13,422;12,425;13,426;12,428;13,430;13,433;13,434;13,436;13,438;13,441;12,442;13,444;13,447;12,449;12,451;13,453;13,454;12,457;12,459;13,461;13,463;13,464;13,466;13,468;12,470;13,472;13,475;12,476;12,479;12,481;12,483;12,484;12,487;13,489;12,490;13,492;13,495;12,496;12,498;12,501;12,502;13,504;12,506;13,508;12,511
14,1;14,3;14,4;15,6;14,9;14,11;15,13;14,14;15,17;15,19;15,21;15,23;14,25;15,27;14,28;14,30;15,32;14,34;14,37;14,39;14,40;15,43;15,44;14,46;15,49;14,51;14,53;14,55;15,57;14,59;15,60;14,62;14,64;14,66;14,69;15,70;15,73;14,75;14,76;15,78;14,81;14,83;15,85;15,87;14,88;15,90;14,93;14,94;15,97;15,98;15,100;14,102;14,104;14,106;14,109;15,111;15,112;15,114;15,116;15,119;14,121;14,122;14,124;15,127;14,129;14,130;15,133;14,135;15,137;15,139;14,140;14,143;14,144;14,147;14,149;15,150;15,152;15,154;15,156;14,158;14,161;14,162;14,164;15,167;15,169;15,170;15,173;14,174;14,177;14,179;15,181;14,182;14,184;15,186;15,189;14,191;14,192;15,195;15,196;14,199;15,201;14,203;14,205;15,206;15,208;15,211;14,212;14,215;15,216;15,218;15,220;14,223;14,225;15,226;14,229;14,231;14,232;14,234;15,237;15,238;14,240;15,243;14,245;15,247;15,248;14,251;14,253;15,254;15,257;14,259;15,260;15,262;15,264;15,266;14,269;14,271;14,273;15,275;14,276;15,279;15,280;14,283;15,284;14,287;15,288;15,291;15,292;14,294;14,297;15,299;15,301;14,302;14,305;14,307;14,308;15,310;15,313;15,315;15,316;15,318;14,321;15,322;14,325;15,326;15,329;15,330;15,333;14,335;15,336;14,339;15,341;15,342;14,345;14,347;15,348;15,351;14,353;15,354;14,356;15,358;14,361;14,362;15,365;14,367;14,368;15,371;15,373;15,374;15,377;15,378;14,380;15,382;15,385;14,386;14,388;15,391;15,392;15,394;15,397;14,398;14,401;15,403;15,404;14,407;14,409;15,410;15,413;15,414;15,417;15,419;14,420;15,423;15,425;14,426;15,428;15,430;14,432;15,434;14,436;15,439;14,440;14,442;14,445;15,446;15,448;15,451;15,452;14,455;15,456;14,458;14,460;15,463;15,465;15,466;14,469;15,470;14,472;14,475;14,476;15,478;14,480;15,482;15,485;14,486;14,489;14,491;15,493;15,495;15,496;14,498;14,501;14,503;15,505;14,506;14,509;15,511
16,1;16,2;17,4;16,7;17,8;17,10;17,13;16,14;16,17;16,18;17,20;16,23;16,24;17,27;17,28;17,31;17,32;16,34;17,37;16,38;17,41;16,42;16,44;16,47;16,48;17,50;17,52;17,55;17,56;17,59;16,61;16,62;16,64;16,66;16,68;16,70;16,73;16,74;16,76;17,79;17,80;16,83;17,84;16,87;16,89;16,91;17,93;16,94;17,97;16,98;16,100;16,103;17,104;17,107;16,109;16,110;16,112;16,114;16,116;17,118;17,121;16,123;17,125;17,126;17,129;16,130;16,133;16,135;17,136;17,139;16,141;17,143;16,145;17,146;17,149;17,150;17,152;17,154;17,157;16,159;16,161;17,163;16,164;16,167;16,169;16,170;17,172;16,174;17,177;16,179;17,180;16,182;17,185;17,187;16,189;16,191;17,193;17,194;16,196;16,199;16,200;16,202;16,204;16,207;16,209;16,210;16,213;17,215;17,216;16,219;17,221;17,223;16,224;16,226;16,229;16,231;16,232;16,235;17,237;17,239;16,241;17,242;17,244;17,247;17,249;17,251;17,253;17,254;17,257;17,259;16,261;16,263;16,264;17,266;16,268;16,270;17,272;16,274;16,276;17,279;17,281;17,283;16,285;17,287;16,289;17,290;16,292;16,294;16,297;16,298;16,300;17,303;17,305;16,306;17,309;17,311;17,312;16,314;16,316;16,319;17,320;17,323;16,325;16,327;16,328;16,330;17,333;16,335;16,337;17,338;16,341;17,343;17,344;17,347;17,348;16,350;17,352;16,354;16,356;16,358;17,360;16,363;17,364;16,367;17,369;17,370;17,373;16,375;17,376;17,379;17,381;17,382;16,385;16,386;16,389;17,391;17,393;17,394;17,397;16,398;17,400;16,403;16,404;17,407;16,408;17,411;17,412;16,415;17,417;16,419;17,421;16,422;16,425;17,426;17,429;16,431;16,433;16,435;17,436;16,438;16,440;17,443;16,445;16,446;17,449;17,450;17,452;17,454;16,456;17,458;16,461;16,462;16,464;16,466;16,468;16,470;16,473;17,474;17,477;16,478;17,480;17,482;17,484;16,487;17,489;16,491;16,492;17,495;17,496;16,498;16,500;17,502;17,505;16,507;16,508;16,510
18,1;18,3;18,5;19,6;18,9;19,10;18,13;19,14;19,16;19,18;18,20;19,23;18,25;18,27;18,29;19,31;18,33;19,35;19,37;18,39;19,41;19,43;19,45;18,46;18,48;19,50;18,52;19,55;19,57;18,59;19,61;19,63;19,65;18,67;18,69;18,71;18,73;18,74;19,76;19,78;19,80;19,82;19,85;18,87;18,89;18,90;18,93;19,94;18,97;19,99;18,101;18,102;18,105;19,107;18,108;18,111;18,113;19,114;19,116;19,118;19,121;19,123;18,124;18,126;18,129;18,131;19,133;19,135;19,136;18,139;19,141;18,142;19,144;18,146;18,148;19,151;19,152;19,155;18,156;18,159;19,161;19,163;18,165;19,167;19,168;18,171;18,172;18,174;18,176;19,178;18,180;19,183;18,184;18,186;18,188;19,190;19,193;18,194;19,197;19,199;19,201;18,202;19,205;19,207;19,209;18,210;18,213;19,214;18,217;18,219;18,220;19,222;18,225;19,226;18,228;18,231;19,233;18,234;19,237;19,239;19,240;19,243;19,244;18,247;19,249;18,251;18,253;18,254;19,257;19,259;18,261;19,262;18,264;18,266;19,268;18,271;19,273;18,274;18,277;18,279;19,281;18,282;19,285;18,287;19,288;18,290;18,292;19,295;19,296;18,299;18,300;18,303;18,304;18,307;19,308;18,310;18,313;18,314;19,316;18,319;19,321;18,322;19,325;18,326;18,329;18,330;18,332;18,335;19,336;18,339;18,341;19,342;19,345;19,347;18,348;18,350;18,352;18,354;19,356;19,358;19,360;19,362;18,364;19,366;19,368;18,370;18,373;18,374;18,377;19,379;19,381;19,382;18,385;19,386;19,388;19,390;18,393;19,395;18,397;19,398;19,401;18,402;19,404;19,406;18,409;18,411;19,413;19,415;19,416;19,419;18,420;18,423;18,425;19,427;18,428;19,431;19,432;18,435;19,437;18,439;19,440;18,442;19,444;19,446;19,448;19,450;18,452;19,455;19,456;19,458;18,461;19,462;18,464;18,467;19,468;18,470;19,473;18,475;18,477;18,478;19,480;19,483;19,485;19,486;19,488;18,490;18,492;19,494;18,496;19,498;18,501;18,503;18,504;19,507;19,509;19,511
21,1;21,3;21,5;21,6;21,9;21,10;20,13;20,14;21,16;21,18;21,20;21,23;21,25;20,26;21,28;20,31;20,33;21,34;20,37;21,39;21,41;20,42;21,44;20,46;20,48;20,50;20,52;21,55;20,57;21,59;21,61;20,63;20,64;21,67;21,69;21,70;20,73;20,75;20,76;21,79;21,81;20,83;21,85;20,87;20,89;20,90;20,92;20,95;20,97;20,98;21,100;20,103;20,104;20,106;20,108;21,111;20,113;20,115;20,117;21,119;20,120;20,122;20,125;20,127;21,128;20,131;20,133;21,135;21,137;21,139;20,140;21,142;20,144;20,147;21,148;20,151;20,152;21,154;20,157;21,159;21,161;20,162;20,165;20,167;21,168;20,170;21,173;21,175;20,176;20,178;20,180;21,182;21,185;20,186;21,189;20,191;21,193;21,195;21,196;21,198;20,201;21,202;21,204;20,207;21,209;21,211;20,212;21,215;21,217;20,218;20,221;20,223;20,224;20,226;21,229;21,231;21,232;21,234;21,236;20,238;20,240;20,243;20,245;21,247;21,249;21,251;21,253;21,255;21,257;20,258;20,260;21,263;20,264;20,266;21,268;20,271;20,273;21,275;21,276;20,279;21,280;20,282;21,285;21,287;20,289;20,291;20,293;20,294;20,297;21,299;21,301;20,302;21,304;21,307;20,309;21,310;21,313;20,314;21,317;20,318;20,320;20,322;20,325;21,326;20,329;20,331;20,332;21,334;20,336;21,338;21,340;21,342;21,345;20,347;21,348;20,350;21,353;20,354;20,357;21,359;20,360;21,362;21,364;21,367;20,369;21,370;20,373;21,374;20,377;20,378;20,381;21,382;20,384;21,386;20,388;21,391;21,393;20,395;20,397;20,399;20,400;20,402;21,404;21,407;21,409;21,410;21,413;20,415;20,417;20,419;21,421;20,422;21,425;21,426;20,429;21,431;21,433;20,434;21,437;20,439;21,441;21,442;21,445;20,447;20,449;20,451;20,453;20,455;21,457;21,459;20,460;21,463;20,464;21,467;21,469;21,470;21,473;21,475;21,477;21,478;21,480;21,483;21,485;21,486;20,488;21,491;20,492;21,495;20,497;20,498;21,501;20,502;21,504;21,506;21,508;20,511
23,0;23,3;22,4;23,7;23,8;22,11;22,12;23,14;23,17;23,19;22,21;22,23;23,25;22,27;22,29;22,30;23,33;22,34;23,37;23,39;23,40;22,43;23,45;23,46;23,48;23,51;23,52;22,55;22,56;22,59;23,61;23,63;23,64;23,66;22,68;23,71;22,72;22,74;22,76;22,78;22,81;23,83;23,84;22,87;23,89;23,90;23,92;22,95;22,97;22,98;22,100;22,103;23,104;22,106;23,109;23,110;22,113;22,115;23,117;22,119;23,120;22,122;22,125;23,126;22,128;23,131;22,133;23,135;22,136;22,139;23,141;23,142;23,144;22,146;22,148;23,150;23,153;22,154;23,156;22,158;22,161;23,162;23,165;23,167;23,168;23,170;22,172;23,175;22,177;23,179;22,181;23,182;22,184;23,186;22,188;23,190;22,193;22,194;23,196;23,198;23,200;22,203;23,204;22,206;23,209;23,210;22,212;22,214;22,216;23,219;23,220;23,223;23,224;22,226;23,228;23,230;22,232;22,235;22,236;23,239;23,240;23,242;22,244;22,247;23,248;23,251;23,253;23,255;23,256;23,259;23,261;22,263;23,265;22,267;23,268;22,270;23,272;22,275;23,277;22,278;22,280;22,282;22,285;23,287;22,288;22,291;23,293;22,295;22,297;22,299;23,300;23,303;22,305;22,306;23,308;22,310;23,313;23,315;22,317;22,319;22,321;23,322;23,324;22,326;22,328;23,330;23,333;22,334;22,337;22,338;22,340;23,343;23,344;23,346;23,349;23,351;22,352;22,355;23,357;23,359;22,360;22,363;22,364;22,366;23,369;23,371;22,373;23,375;22,376;22,379;23,381;23,382;23,385;22,386;22,388;22,390;23,392;23,395;23,396;22,398;22,400;22,402;23,405;22,406;23,408;22,411;22,412;23,415;23,417;23,419;22,421;23,423;22,424;23,427;23,429;22,431;22,432;22,434;22,437;22,438;22,441;22,442;23,444;22,447;22,449;22,451;22,452;23,454;22,456;23,458;23,460;22,463;22,465;22,466;23,468;23,470;22,472;23,475;22,477;22,479;23,481;22,483;23,484;23,487;22,488;23,491;22,492;22,494;22,496;23,498;23,501;22,502;22,505;22,506;23,509;23,511
24,0;24,3;25,5;25,6;25,8;24,11;24,12;24,14;24,16;25,18;25,21;24,23;25,25;24,27;24,28;24,31;25,33;25,34;24,37;25,39;24,41;24,42;24,44;24,47;24,48;25,50;25,53;24,54;25,57;25,59;24,61;24,62;25,65;24,67;24,69;24,71;24,72;24,74;24,76;25,78;25,81;24,83;25,84;24,87;25,89;24,91;24,93;24,94;24,96;24,98;25,101;25,102;24,104;25,106;24,109;24,110;25,113;25,115;25,116;24,119;25,121;25,123;24,125;24,127;25,129;25,130;24,133;25,134;25,136;25,139;24,141;25,142;24,145;25,147;24,148;24,151;24,152;24,154;24,157;25,158;24,160;25,163;25,165;25,166;25,168;24,170;24,173;24,175;25,177;25,178;25,180;24,183;25,185;25,186;24,189;25,190;25,193;24,195;25,197;24,199;25,201;25,203;24,204;25,206;25,208;25,210;24,212;24,214;25,216;24,218;24,221;24,222;24,224;24,226;24,229;24,230;25,232;25,234;24,236;25,238;25,241;24,243;24,244;24,247;24,248;24,251;25,252;25,255;25,256;25,258;24,260;24,262;25,265;25,266;25,269;25,271;24,272;24,274;24,277;25,279;24,281;24,282;24,284;25,286;25,289;25,290;25,292;25,295;24,296;24,299;24,300;24,303;25,304;25,307;24,309;25,311;25,312;24,315;24,317;24,318;24,321;24,322;25,325;25,327;24,328;24,330;25,333;24,334;25,337;24,338;24,340;24,343;24,344;24,346;25,348;25,350;24,352;25,355;24,357;25,358;24,361;24,362;25,365;25,366;25,368;24,371;24,372;24,374;24,376;24,379;25,380;24,382;25,384;25,387;24,388;25,391;24,393;25,395;25,396;24,398;24,400;25,403;24,405;25,407;24,409;24,411;25,413;24,415;24,416;25,419;25,421;24,423;25,425;24,427;24,429;24,431;24,433;25,434;25,436;24,438;24,440;25,443;25,444;24,446;24,448;25,450;24,453;25,455;24,456;24,459;25,461;25,463;25,464;25,466;24,468;25,471;25,472;25,475;24,476;25,478;25,481;25,482;25,484;25,486;24,489;24,491;25,492;25,494;25,496;25,499;25,500;25,502;25,505;25,506;24,509;24,511
26,0;26,2;27,5;26,7;26,8;27,11;27,13;27,15;26,17;27,19;26,21;27,23;27,25;27,26;26,28;27,30;27,33;26,35;27,36;26,38;26,41;26,43;27,44;26,46;27,49;26,51;27,52;26,55;27,56;27,58;27,60;27,62;27,65;27,67;26,69;27,70;26,72;26,74;27,76;27,78;27,81;27,83;27,84;26,86;27,89;26,91;27,93;27,94;26,97;26,98;26,100;26,103;27,104;26,106;27,108;26,110;27,113;26,115;26,117;26,118;26,120;26,123;27,125;26,126;26,129;26,131;26,132;26,135;26,137;26,139;27,141;26,142;27,145;26,146;26,149;27,151;26,152;26,155;26,156;27,158;26,160;26,163;27,165;26,167;27,169;27,170;27,172;26,175;27,176;26,178;26,180;27,182;27,184;27,187;26,189;27,190;26,193;26,195;27,197;27,198;27,200;27,203;26,204;26,207;26,209;27,210;27,213;27,215;27,217;26,219;26,220;27,222;26,225;27,227;27,229;26,231;27,232;27,235;26,237;26,239;26,240;27,243;26,245;27,247;27,248;26,251;26,252;27,254;26,256;26,258;27,260;26,263;27,265;26,267;26,269;27,271;26,272;27,274;27,277;27,278;27,281;27,282;26,285;26,286;27,288;26,290;27,293;27,294;26,297;27,298;27,300;26,302;26,305;27,307;27,309;27,310;27,313;27,315;27,316;26,318;27,321;27,322;27,324;27,327;26,328;26,331;26,333;27,335;27,336;27,338;27,340;26,343;27,345;27,346;26,348;27,350;26,352;26,355;27,357;27,358;26,361;26,363;26,364;26,367;27,369;26,371;26,373;27,374;27,376;27,378;27,380;26,382;27,384;26,386;26,389;27,391;26,393;27,394;26,397;27,398;26,400;26,403;27,405;27,407;26,409;26,411;27,412;26,415;27,417;27,418;26,421;26,423;27,425;26,426;26,429;27,430;26,432;26,435;27,436;27,438;27,441;27,442;26,445;27,446;26,449;27,450;27,453;26,455;26,457;26,459;26,461;27,462;27,464;27,466;26,468;27,471;27,473;27,475;27,476;26,478;26,480;27,483;26,484;27,486;26,489;26,491;26,493;27,494;27,496;27,498;26,500;27,502;26,504;26,507;27,508;27,511
29,1;29,3;28,5;29,7;29,8;29,11;29,13;28,15;28,17;29,18;29,20;28,22;29,24;29,26;29,29;28,31;28,32;28,34;29,36;28,38;29,40;28,43;29,45;29,46;28,49;28,50;28,52;29,54;29,56;29,59;29,61;29,63;28,65;28,66;28,69;29,70;28,72;28,75;29,77;29,78;28,81;28,83;29,84;28,86;28,89;28,90;29,92;29,94;28,96;29,98;29,100;29,102;28,105;29,107;29,108;29,110;29,113;28,114;29,117;28,118;28,120;29,122;29,125;29,127;28,128;29,130;29,132;28,134;29,137;29,138;29,140;28,142;29,145;29,146;29,149;28,150;29,152;29,155;29,156;29,159;29,160;28,163;29,165;29,167;28,168;29,170;28,172;28,174;28,176;29,179;28,180;29,183;28,184;29,186;28,188;28,190;28,193;28,195;29,197;28,198;28,201;28,202;29,205;29,206;29,208;28,211;28,212;29,215;28,216;28,219;28,221;28,223;28,224;29,226;28,228;29,231;29,232;29,235;28,237;29,238;29,240;28,242;28,244;28,247;29,248;29,250;29,252;28,255;28,257;29,258;28,261;28,262;28,265;28,267;28,268;29,271;28,273;29,275;29,277;28,279;28,280;28,282;29,285;29,286;28,289;29,291;29,292;29,295;28,297;28,299;28,301;29,303;29,305;29,306;28,309;29,310;29,312;29,314;28,317;28,319;29,320;29,322;29,324;28,327;29,329;28,330;28,333;28,334;28,337;28,338;29,340;29,342;28,344;29,346;29,348;28,351;29,352;29,354;29,357;28,359;28,361;29,362;29,364;28,366;28,368;29,371;29,372;28,374;28,377;28,379;29,381;28,382;29,385;29,386;29,388;28,391;29,393;28,395;29,396;29,398;28,400;28,403;29,404;29,407;29,408;29,410;29,413;29,414;28,416;28,419;29,421;29,422;29,424;29,426;29,429;29,430;29,433;29,435;28,437;29,438;28,441;28,442;29,445;29,447;29,448;28,450;28,453;29,454;29,456;29,459;29,460;28,463;29,465;28,466;28,469;28,471;28,472;29,475;29,476;28,479;29,480;28,483;29,485;29,486;28,488;29,491;28,493;28,495;28,497;28,499;29,500;29,502;28,505;28,507;29,509;28,510
31,0;30,2;30,4;30,6;30,8;31,11;30,12;30,14;31,16;31,19;31,20;31,22;31,25;30,26;31,29;30,31;30,32;31,34;30,37;30,38;31,40;30,42;30,44;31,47;30,48;30,50;30,53;30,54;31,57;30,58;31,60;31,62;30,65;30,66;31,69;31,71;30,73;30,75;31,77;31,78;30,81;31,82;30,84;30,87;31,89;30,90;31,93;31,95;31,97;30,98;31,100;30,102;31,105;30,107;30,109;30,111;31,113;31,115;30,117;31,118;30,120;31,122;31,124;31,126;30,129;30,130;30,133;31,134;30,137;30,138;30,140;30,143;31,144;30,146;30,149;30,151;30,152;31,154;30,156;31,158;30,160;30,162;30,164;31,166;31,168;30,170;31,172;31,174;31,176;30,179;31,180;30,182;31,184;31,186;30,188;30,191;30,192;30,195;31,197;30,198;30,200;30,202;30,205;31,206;31,209;30,210;30,213;31,214;31,216;31,219;30,220;30,222;30,225;30,227;30,229;31,231;30,232;31,234;30,236;31,239;30,241;30,243;30,245;31,246;31,248;30,251;31,253;31,254;31,256;31,259;30,260;30,263;30,264;31,267;31,268;30,271;30,272;30,275;30,277;30,278;31,280;30,283;31,285;30,286;30,289;30,291;31,292;31,294;30,297;30,298;31,301;31,302;31,305;31,306;31,308;30,311;31,313;31,315;31,316;31,319;31,321;30,323;30,325;31,326;30,328;30,330;30,332;31,335;31,337;30,339;31,340;31,343;31,344;30,347;31,349;30,350;30,352;30,355;30,356;30,358;31,360;30,362;31,365;30,367;31,368;31,371;30,373;30,374;31,376;31,379;30,381;31,382;30,385;30,387;30,389;31,390;31,392;31,395;31,397;30,398;31,400;31,402;31,404;30,406;30,408;31,410;30,412;30,415;31,417;31,418;30,421;31,423;30,425;31,426;30,429;30,431;31,432;31,434;30,436;30,439;30,440;31,442;30,445;30,446;31,449;31,451;30,453;31,454;30,456;31,458;31,460;31,462;31,465;30,467;30,468;30,471;31,473;30,474;31,477;30,479;31,480;31,482;30,485;30,487;31,489;31,490;30,492;30,495;30,496;30,499;30,500;31,502;30,504;31,507;30,509;30,510
32,1;32,2;32,4;32,6;33,9;32,11;32,13;32,15;32,16;32,18;32,20;33,22;32,24;33,27;33,28;32,31;32,32;33,34;33,37;33,39;33,41;33,42;32,45;32,46;32,48;33,50;33,52;32,54;33,56;33,59;33,60;33,63;33,65;32,66;32,69;33,71;32,73;32,74;33,76;32,78;32,81;32,82;33,84;32,86;33,88;33,91;33,93;32,94;33,97;32,99;32,100;33,103;33,104;32,106;32,109;32,111;32,113;33,114;32,117;32,118;33,121;32,123;32,125;32,127;32,129;33,131;32,132;33,135;33,136;33,139;33,141;33,143;32,145;33,147;32,149;33,151;33,153;33,154;32,156;33,159;32,161;33,163;32,165;32,166;33,168;32,170;32,172;32,174;33,177;32,179;33,180;33,183;32,184;33,187;33,188;33,190;33,193;32,194;33,197;33,199;32,200;33,202;32,205;33,207;33,209;33,211;32,212;33,214;33,216;32,218;33,221;33,223;33,224;33,226;32,228;33,230;32,232;32,235;32,236;32,239;32,240;32,242;32,244;33,246;33,249;32,251;33,252;32,254;33,256;33,259;32,261;33,263;33,264;32,266;33,268;32,271;32,272;33,275;33,276;32,279;33,280;32,282;32,284;33,286;33,288;33,290;32,293;33,294;33,297;33,299;33,301;32,302;32,305;33,306;32,308;33,311;33,313;33,315;33,317;33,319;32,320;32,322;32,324;33,327;33,328;33,331;33,332;33,335;33,336;32,338;32,340;32,343;33,344;33,347;33,349;32,351;32,352;32,354;33,357;32,358;32,360;33,363;33,365;32,366;33,369;32,370;32,372;33,375;33,376;33,379;33,381;33,382;33,384;32,386;32,389;33,390;32,392;33,395;32,396;32,399;32,401;32,403;33,404;33,407;33,408;33,411;33,413;33,415;32,417;33,419;33,421;32,422;33,424;33,426;33,428;33,430;33,432;32,435;32,436;33,438;32,441;33,442;32,445;33,446;33,448;33,451;32,453;32,455;33,457;33,458;33,460;32,462;32,465;33,466;32,469;32,471;32,472;32,475;33,476;32,479;32,481;32,482;32,485;33,487;32,488;32,491;32,492;32,494;32,496;33,499;32,500;33,502;33,504;33,506;32,509;33,510
34,1;35,2;34,5;34,7;35,9;34,10;34,13;35,14;34,16;35,18;34,20;35,23;34,25;34,26;34,28;35,30;35,32;34,35;34,37;34,39;35,40;35,42;34,44;35,47;35,48;35,51;35,52;34,54;34,56;35,58;35,61;35,63;35,64;34,67;34,68;34,71;34,72;35,74;34,77;35,78;34,81;34,83;35,84;34,87;35,89;35,91;34,92;34,95;34,97;35,98;34,101;35,103;35,104;35,106;35,109;35,111;34,112;34,115;34,116;35,118;34,121;35,123;35,125;34,127;35,128;34,131;34,132;35,134;35,137;34,139;35,141;34,143;35,145;34,147;34,148;34,151;35,152;34,154;34,156;34,158;34,161;35,163;34,165;35,167;34,168;35,171;34,172;35,174;35,176;35,178;34,181;35,183;35,184;35,187;34,188;35,190;35,192;35,195;34,196;34,199;35,201;35,202;34,205;34,206;35,209;34,210;35,212;35,214;35,216;34,218;34,220;35,222;35,225;35,227;35,228;34,231;35,232;34,235;35,236;34,239;35,240;35,242;35,245;34,247;34,249;35,250;34,253;35,254;34,256;34,258;34,261;34,263;34,265;34,267;35,268;34,271;35,272;35,275;34,276;34,278;34,281;34,282;34,285;35,286;34,289;34,290;34,293;34,294;35,296;35,298;34,300;34,303;35,305;34,306;34,308;34,310;35,312;35,315;34,316;34,319;35,321;35,323;34,325;34,326;35,328;35,330;35,333;34,334;34,336;35,339;34,340;35,343;34,345;35,347;35,348;35,351;34,353;35,355;34,356;34,359;35,361;34,363;34,364;35,366;34,368;34,370;35,373;35,375;35,376;35,379;35,381;35,383;35,385;34,386;34,388;34,390;35,393;35,394;35,397;34,398;35,401;35,402;35,405;34,407;34,408;35,410;35,413;35,414;34,416;35,418;34,421;34,423;34,425;35,427;34,428;34,430;34,432;34,434;35,436;35,439;35,440;35,442;34,444;35,447;35,449;35,451;34,452;34,454;35,457;34,458;35,460;35,462;34,464;34,466;34,469;34,471;34,472;35,475;35,477;35,479;35,481;35,483;34,484;34,487;34,489;35,490;35,492;35,495;35,496;35,499;35,500;34,503;34,505;35,506;34,509;34,511
37,0;37,3;36,4;37,6;36,9;36,10;36,12;36,15;37,16;36,19;36,20;36,22;37,24;37,27;36,28;36,30;36,33;36,35;36,37;36,38;36,40;37,42;36,45;36,47;37,49;37,51;36,52;36,54;37,56;36,58;37,60;36,62;37,65;36,66;36,68;36,70;37,72;37,75;36,77;36,78;37,81;36,82;36,85;37,86;37,89;36,90;37,92;36,95;36,96;37,98;37,100;36,102;36,104;36,106;37,108;37,110;36,112;36,115;36,117;37,118;36,121;37,123;36,124;36,127;37,129;37,130;36,132;37,135;37,137;37,138;37,140;36,142;36,145;37,146;36,149;36,150;37,153;36,154;37,157;36,158;36,160;37,163;37,164;37,166;36,168;36,170;36,172;37,175;36,177;36,178;37,181;36,182;36,185;37,186;37,189;37,191;36,193;37,195;36,197;36,199;36,201;37,203;36,205;37,206;37,209;36,210;37,212;37,214;36,216;37,218;36,220;36,222;37,224;36,227;37,228;36,230;37,233;37,235;36,236;36,238;36,240;37,243;37,244;36,247;37,248;37,251;36,253;36,254;37,257;36,259;37,260;36,263;36,265;36,267;36,269;37,270;37,273;36,275;36,277;36,278;36,281;37,282;36,284;36,287;37,288;37,291;37,293;37,294;37,296;36,298;36,301;37,303;37,304;36,307;36,308;36,310;36,313;37,314;36,316;37,319;37,320;36,323;36,325;36,327;37,328;36,330;36,332;37,334;37,337;37,339;36,340;36,342;36,345;37,347;37,348;36,351;37,352;37,354;37,357;37,359;36,360;37,362;37,365;37,367;37,368;36,370;37,373;37,375;36,376;37,379;37,380;36,383;36,385;36,386;37,388;36,391;37,392;37,394;37,397;36,398;36,401;36,403;36,405;36,407;37,409;36,411;37,413;37,415;36,416;37,419;37,420;36,422;37,425;37,426;36,429;36,430;36,432;36,435;37,437;36,438;37,441;36,442;36,444;36,447;37,448;36,451;37,452;37,454;36,456;37,458;37,461;37,462;36,464;37,467;37,469;37,471;36,473;36,475;36,476;36,478;37,481;37,482;36,485;36,487;37,489;36,490;36,493;37,495;36,497;37,498;36,500;36,503;37,504;36,507;36,508;36,510
38,0;38,2;38,4;38,6;39,8;38,10;39,13;38,14;39,17;38,19;39,21;39,23;38,24;39,27;39,29;38,30;38,33;38,34;38,37;38,39;39,41;38,42;39,44;39,47;39,48;39,50;39,52;38,54;39,57;39,58;39,60;38,62;38,65;39,66;39,69;38,71;38,73;39,75;38,76;38,79;38,80;38,83;39,85;39,86;38,88;38,90;38,92;39,94;38,97;38,99;39,100;39,103;38,104;38,106;39,108;38,110;39,113;38,114;38,116;39,118;39,120;39,123;38,124;39,126;38,129;39,130;39,133;39,134;39,137;39,139;38,141;38,142;38,144;39,147;38,149;38,151;38,153;39,155;39,156;39,159;39,160;39,163;38,164;39,166;38,169;38,171;39,173;38,174;39,177;38,178;39,180;38,183;38,184;39,186;38,189;39,191;38,193;39,195;39,196;39,199;39,200;39,202;38,205;38,207;38,208;39,210;38,213;38,215;39,216;39,219;39,220;38,222;39,225;39,227;39,228;39,230;38,232;39,235;39,237;38,239;38,241;38,243;39,244;38,246;39,249;39,251;38,252;39,255;38,257;39,258;38,261;39,262;38,265;38,266;38,269;38,270;38,272;39,274;38,276;38,278;39,280;38,282;38,284;39,287;39,289;39,290;38,292;39,295;38,297;39,298;39,301;38,303;38,305;38,307;39,309;39,311;38,312;39,315;38,316;38,319;38,321;39,323;39,324;39,327;38,329;39,331;39,332;39,334;38,336;39,339;39,340;39,343;38,344;39,346;38,349;38,351;39,353;39,354;38,356;38,359;39,361;39,362;38,364;38,367;38,369;38,371;39,373;38,375;38,376;38,378;39,380;39,382;39,385;39,387;38,388;38,391;39,392;38,395;39,396;38,399;38,401;38,402;38,404;38,407;39,408;38,410;38,413;39,415;38,417;39,419;38,420;39,422;38,424;39,426;39,429;38,430;39,433;38,435;39,437;38,438;38,440;38,443;38,444;39,447;38,449;39,451;38,453;38,455;39,457;38,459;38,460;39,462;38,465;38,467;38,469;39,470;39,473;39,474;39,477;38,479;39,481;39,483;38,485;38,486;38,489;39,490;39,492;38,494;39,496;39,499;38,500;39,502;38,504;39,506;38,508;39,510
40,0;41,3;41,5;41,6;41,8;41,10;40,12;40,15;41,16;41,18;41,20;40,23;40,25;41,26;40,28;41,31;40,33;41,35;40,37;41,39;40,40;40,42;40,44;41,46;41,48;40,51;41,52;41,55;40,56;40,59;41,61;40,63;40,64;40,66;40,68;40,70;40,73;40,75;41,76;41,79;40,81;40,83;41,84;41,87;41,89;40,90;41,93;41,95;40,96;40,99;41,101;41,103;41,104;40,106;41,109;41,110;40,113;41,115;40,117;40,119;41,120;41,123;40,125;40,127;41,128;40,130;40,132;41,135;41,136;41,138;41,141;40,143;40,145;41,147;41,149;40,151;41,152;40,155;41,156;41,159;40,161;40,163;40,164;41,166;41,169;41,170;41,172;40,175;41,176;40,179;40,181;40,182;41,185;41,186;41,189;41,191;40,193;41,194;41,196;41,198;41,200;41,202;41,204;40,206;40,208;40,211;40,213;41,214;40,217;41,219;41,220;40,223;40,225;41,227;41,228;40,230;40,233;41,234;40,237;40,239;41,240;40,243;41,244;40,246;41,248;40,250;40,253;41,255;41,256;40,259;41,261;41,262;40,265;40,267;40,269;41,270;41,272;40,275;41,277;41,279;40,281;41,283;41,284;40,287;41,289;40,290;41,293;40,294;40,297;40,299;41,300;41,303;40,305;41,307;40,308;40,310;41,313;41,315;41,317;40,319;41,320;40,323;41,325;41,326;40,329;41,331;40,332;41,335;41,336;41,339;41,340;41,342;41,344;41,347;40,348;40,351;40,352;40,355;40,356;41,358;40,361;41,362;40,364;40,367;41,369;40,370;40,373;41,374;41,376;40,379;40,380;40,382;40,384;41,387;40,389;40,390;41,392;41,395;40,396;40,399;40,401;40,403;41,404;40,407;40,409;40,411;41,413;41,415;40,416;40,418;40,420;40,423;40,424;40,426;41,429;40,431;40,433;40,435;40,437;40,439;41,441;40,443;41,445;40,447;40,449;41,450;40,453;41,454;40,456;41,458;40,460;41,463;40,464;41,467;41,468;40,470;40,473;40,475;40,477;40,478;40,480;41,483;41,485;40,486;40,488;41,490;40,493;40,495;41,497;40,499;40,501;41,503;40,504;40,507;40,509;40,511
42,1;43,2;43,5;42,6;42,8;42,11;43,12;42,14;43,16;43,19;42,20;43,23;43,25;42,26;43,28;43,30;42,33;43,35;43,37;42,39;42,41;42,42;42,45;43,46;42,49;43,51;43,52;42,55;42,56;43,58;42,60;43,63;42,65;43,66;42,69;42,70;42,73;43,74;42,76;43,78;42,80;42,82;43,85;42,87;43,88;42,90;42,93;42,94;43,96;43,99;42,100;43,103;42,104;42,106;43,109;43,111;43,113;43,115;43,116;42,118;42,121;42,122;43,124;42,127;42,128;43,131;42,133;43,134;43,137;42,139;42,140;43,143;42,145;42,146;42,149;43,150;42,152;42,154;43,156;43,158;42,161;42,163;43,165;43,166;42,168;43,171;42,172;42,175;43,177;43,178;43,181;42,182;42,185;42,186;43,188;42,191;43,193;43,195;42,196;42,199;42,200;43,203;43,204;43,207;43,209;43,210;42,212;43,214;43,216;42,218;43,221;43,222;42,224;43,227;42,228;42,231;43,232;43,235;43,236;43,239;42,241;42,242;43,244;42,246;42,248;43,250;42,253;43,255;43,257;43,258;43,261;42,263;43,265;43,266;42,268;42,270;42,273;43,275;43,277;42,278;42,280;42,283;42,285;42,287;43,288;43,291;42,292;42,294;43,297;42,299;42,300;42,302;42,304;43,307;42,308;42,311;42,313;43,314;43,316;43,319;42,321;43,323;43,325;43,327;42,329;43,330;43,332;42,335;42,336;43,339;42,340;43,343;42,345;42,347;42,349;42,351;42,353;43,354;43,356;42,359;42,361;43,362;43,364;43,366;42,369;43,371;43,373;43,374;42,376;43,379;43,380;43,382;42,385;42,387;42,388;43,390;43,393;43,395;43,396;42,398;43,401;42,403;42,404;43,407;43,409;43,411;43,412;43,415;43,416;42,418;43,421;43,423;43,424;42,427;42,429;42,430;42,433;42,434;43,436;42,439;42,441;42,443;43,445;42,446;42,449;43,450;42,452;43,454;43,456;43,458;42,461;42,462;42,464;42,466;43,468;43,470;42,472;43,475;42,477;43,479;43,481;42,483;43,485;43,487;43,489;42,490;43,493;42,494;42,496;42,499;42,500;42,502;42,505;42,506;43,509;42,510
45,1;45,2;44,4;44,6;44,9;45,11;44,13;45,15;44,16;45,19;45,21;45,22;44,24;44,27;45,29;45,30;44,32;45,35;45,37;44,38;45,40;45,43;45,45;44,46;45,49;45,51;45,52;45,54;45,56;44,59;45,61;44,62;44,65;45,67;45,69;44,70;44,72;45,75;44,77;44,78;45,80;44,83;45,85;44,87;45,89;44,90;45,92;44,94;44,97;45,98;45,100;45,102;45,105;45,107;44,108;45,110;45,112;45,114;45,116;44,119;44,121;45,123;45,124;44,127;44,129;44,131;44,133;44,135;44,137;45,138;44,141;45,143;44,145;45,147;44,149;44,151;45,153;45,154;45,156;44,159;45,160;44,163;44,165;44,166;45,169;44,171;45,173;45,174;45,176;45,179;45,180;45,182;44,184;45,186;45,188;45,190;45,193;45,194;45,196;44,198;45,200;44,202;44,204;45,207;44,209;45,210;44,212;45,215;45,217;44,219;45,220;44,223;44,225;44,226;45,228;45,231;45,232;45,235;44,237;44,239;44,240;44,243;44,245;45,247;44,249;45,250;45,252;45,255;45,256;45,259;44,261;45,263;44,264;44,267;45,268;45,270;44,273;44,274;44,276;44,278;44,280;45,283;44,284;45,286;45,288;44,290;44,293;44,294;45,297;45,299;45,301;44,302;45,304;45,306;44,308;45,311;44,312;44,314;44,316;44,319;45,321;45,323;45,325;45,327;45,328;44,330;45,332;45,334;44,336;45,339;44,341;44,343;45,344;44,346;45,348;44,351;45,352;44,355;44,356;45,358;45,361;44,363;45,364;44,366;44,369;44,370;44,372;45,375;44,377;44,379;44,380;44,383;44,384;45,386;45,388;44,390;44,393;45,395;44,396;44,398;45,401;45,403;44,405;44,407;45,409;45,411;45,412;44,414;45,416;44,419;44,420;45,422;44,425;44,426;44,428;45,431;45,432;44,435;45,437;44,439;44,441;45,443;45,444;45,446;45,448;45,451;45,453;45,455;45,456;45,458;45,461;44,463;45,464;45,466;45,469;45,470;45,472;44,475;45,476;44,479;44,480;44,482;44,485;44,487;45,489;45,491;45,492;44,495;45,496;44,499;45,501;45,502;44,505;44,506;44,509;44,511
47,1;47,3;47,4;46,6;46,8;47,10;47,12;47,15;46,17;46,18;46,21;46,23;47,24;47,26;46,28;47,30;46,33;47,35;46,37;46,39;46,40;47,43;47,45;46,47;47,49;47,50;46,52;47,55;47,56;47,58;47,60;47,62;47,64;47,67;47,68;47,71;47,72;46,75;46,77;46,78;46,80;47,82;47,84;47,86;46,89;47,90;47,92;47,94;47,96;46,98;47,101;46,103;47,105;47,107;47,109;46,111;47,113;46,114;46,116;47,118;46,120;47,123;46,124;46,126;47,128;46,131;47,133;47,134;46,137;46,139;46,140;47,143;47,145;46,146;46,149;46,151;46,153;46,155;46,156;47,158;46,160;46,162;46,164;47,166;47,168;46,170;47,173;46,174;47,177;47,178;47,180;47,183;46,184;46,187;46,188;47,190;46,193;47,195;46,197;46,199;47,201;46,203;46,205;46,206;47,209;47,210;46,212;46,215;46,217;47,218;46,220;47,223;46,225;46,227;46,229;46,230;46,233;47,235;47,236;46,239;46,241;46,242;47,244;46,246;46,248;47,251;46,253;46,254;47,257;46,258;46,261;46,262;47,264;46,266;47,269;47,270;46,272;46,275;46,277;47,278;46,280;46,282;47,284;47,287;47,289;47,291;46,292;47,295;46,296;46,298;47,301;47,303;46,304;47,307;46,309;46,311;46,312;47,315;46,316;46,318;47,320;47,323;47,324;47,326;46,328;47,330;46,333;47,334;47,336;46,339;46,341;46,342;47,345;47,347;46,349;47,351;46,352;46,354;47,356;47,359;47,361;46,363;47,365;47,366;46,368;47,371;46,372;47,375;46,377;46,378;46,381;47,382;47,385;47,386;46,389;46,391;46,393;46,394;47,396;47,398;47,400;46,403;46,404;46,406;46,408;46,410;46,412;47,414;46,416;47,418;47,420;47,423;47,424;46,427;47,428;46,431;46,433;46,435;46,436;46,439;47,441;47,442;46,444;47,447;47,449;46,450;47,453;46,455;47,457;46,458;46,461;47,463;46,464;47,467;47,469;46,470;47,472;47,474;46,476;47,478;47,480;46,483;47,485;46,487;46,489;47,490;47,493;47,495;46,496;46,498;46,500;46,502;46,505;47,506;46,509;46,510
48,1;49,2;49,5;49,6;48,8;49,10;48,12;49,14;49,16;49,18;48,20;48,23;49,25;49,26;48,28;49,30;48,33;48,35;48,36;48,39;49,40;48,42;48,45;49,47;48,48;48,50;48,53;49,54;49,56;49,58;49,61;48,62;48,65;48,66;48,69;48,70;49,73;49,74;48,76;48,78;48,81;49,83;49,84;48,86;49,88;49,90;49,92;49,95;49,97;48,99;49,100;48,103;49,105;48,107;49,108;49,111;48,113;48,115;48,116;49,118;49,120;49,122;49,124;49,127;48,129;48,131;49,133;49,135;49,137;48,139;49,140;48,142;48,144;49,146;48,148;48,151;49,153;49,154;49,156;48,158;48,161;48,163;49,165;49,167;48,168;48,170;49,172;48,174;49,177;49,178;48,180;49,182;48,184;49,187;49,189;49,190;48,192;49,195;48,196;48,198;49,201;49,202;48,204;49,206;49,208;48,210;48,213;48,215;49,217;49,219;48,220;48,223;48,224;49,227;48,229;48,231;49,232;48,234;48,237;49,239;49,240;48,243;49,244;49,246;49,248;49,250;49,253;49,254;48,257;48,258;48,260;48,263;48,264;49,267;48,268;48,271;48,273;49,274;48,277;48,278;48,280;48,282;48,285;49,286;49,288;48,291;49,292;48,295;48,297;48,299;48,300;49,302;49,305;48,306;49,309;49,311;48,313;49,315;48,316;48,319;48,321;49,322;49,324;48,327;48,328;49,330;48,333;49,335;49,337;48,339;49,341;49,343;49,345;49,347;48,348;49,350;49,352;48,355;49,357;48,358;48,360;49,363;49,365;48,366;49,368;49,371;49,372;49,375;48,376;49,379;48,381;48,383;48,384;49,387;48,388;48,390;49,392;48,395;48,396;48,399;49,401;49,402;48,405;49,406;49,408;48,411;48,413;49,415;48,417;48,419;48,420;48,423;49,425;49,426;49,429;49,431;48,432;49,435;49,437;49,439;49,440;48,443;48,444;48,447;49,449;49,451;48,452;49,454;48,457;49,458;48,460;49,463;49,465;49,466;49,469;49,471;49,473;48,474;49,476;49,478;48,480;49,483;48,485;49,486;48,488;48,491;49,493;48,495;48,496;48,498;48,501;48,502;48,504;48,507;48,508;48,510
51,1;50,2;51,4;51,7;51,8;51,11;50,13;51,14;51,17;51,18;50,20;51,22;50,25;50,27;50,29;50,30;50,33;50,35;51,36;51,38;50,41;50,43;50,44;50,46;50,48;51,51;51,52;50,54;51,56;50,58;50,61;50,62;51,65;50,66;50,68;50,70;51,72;51,75;51,76;50,78;50,81;50,83;50,84;51,86;51,88;51,90;51,92;51,95;51,96;50,98;50,101;50,102;51,104;50,107;51,109;51,111;50,112;50,115;51,116;51,118;50,121;50,122;50,125;51,126;50,128;50,131;50,133;50,135;50,137;50,139;50,140;51,143;51,144;51,146;50,148;50,150;51,153;50,155;50,156;51,158;51,161;50,163;51,164;50,167;50,169;51,170;50,173;50,174;50,177;51,179;51,181;50,182;51,184;50,187;50,189;50,190;51,193;51,194;51,197;50,199;50,201;50,203;50,204;51,207;51,209;50,210;50,212;51,215;50,216;51,218;51,221;50,222;50,224;50,227;51,228;51,230;51,233;50,234;51,236;50,239;51,240;50,242;51,244;50,246;50,248;50,250;50,253;51,255;51,257;51,259;51,260;51,262;51,265;50,266;51,269;51,271;51,273;50,274;51,277;50,278;50,281;51,283;50,285;50,286;50,288;50,290;51,293;50,294;51,296;50,299;50,300;50,302;50,304;51,307;51,309;51,311;50,313;51,314;50,316;50,319;50,321;51,323;50,324;51,327;51,329;50,330;51,333;50,335;50,337;51,338;50,341;51,343;50,345;51,347;50,348;50,351;51,353;50,355;50,357;50,359;51,360;50,363;51,365;50,367;50,368;50,371;51,372;50,375;51,377;51,378;51,381;50,383;51,384;51,386;50,389;50,391;51,392;50,394;50,397;50,398;50,400;50,402;51,405;51,406;50,408;50,410;51,412;51,414;50,416;50,419;50,420;50,423;51,425;50,427;51,428;51,431;51,432;50,434;50,437;50,438;50,440;51,443;51,445;50,447;50,449;51,450;50,453;51,455;51,456;50,459;51,461;50,462;51,465;50,467;50,469;50,471;50,472;51,475;50,476;51,479;50,480;51,483;50,485;51,486;51,488;51,491;50,492;50,494;51,496;51,499;50,500;51,502;51,504;51,506;51,509;50,511
53,0;53,3;52,5;52,6;53,8;52,11;52,13;53,14;53,17;52,18;52,21;52,22;53,24;52,26;53,29;53,31;52,33;52,35;52,36;52,38;53,40;53,43;53,44;53,47;52,49;52,51;53,53;53,55;52,57;53,59;53,61;53,62;53,65;52,66;52,68;53,71;53,73;52,75;53,77;52,78;53,80;52,82;52,85;53,87;53,89;52,91;52,92;52,94;52,97;53,98;53,101;53,102;52,104;53,106;52,108;52,111;52,113;53,114;52,116;53,118;52,121;52,122;52,124;52,127;52,129;52,130;53,133;52,135;53,137;52,139;52,140;53,142;52,144;52,146;52,148;52,150;52,152;53,155;52,156;52,158;53,160;53,163;53,164;53,166;52,169;52,171;53,173;53,174;52,176;52,178;53,180;53,183;52,185;52,186;53,189;52,191;53,193;52,195;52,197;53,199;53,201;53,202;52,204;52,207;52,208;53,211;52,212;53,214;52,216;53,219;53,221;52,223;53,225;53,226;53,229;53,231;53,233;52,235;53,236;52,239;53,240;53,242;52,244;53,247;52,248;52,250;52,252;52,254;52,256;52,258;53,260;53,263;53,265;52,267;52,268;52,270;52,273;52,274;53,276;52,279;52,281;52,283;53,284;53,287;52,289;52,291;52,293;53,295;52,296;52,298;53,301;53,303;52,305;53,307;53,308;52,311;52,313;52,314;53,316;52,319;52,321;53,323;53,325;52,326;52,328;52,330;53,332;53,335;52,337;53,339;52,341;52,343;52,345;53,347;52,348;52,350;53,352;53,354;52,356;53,358;52,360;53,363;52,365;53,366;52,368;52,371;52,373;52,375;52,376;52,379;53,381;52,383;53,384;52,387;52,389;52,390;52,392;53,394;53,396;52,398;53,400;52,402;53,404;53,407;53,409;53,410;53,413;53,414;52,417;52,419;53,420;52,422;53,425;53,426;53,429;52,430;52,432;52,435;53,437;53,439;53,441;52,443;52,445;53,447;53,449;52,451;53,453;52,455;53,457;52,459;53,461;52,462;52,465;53,467;52,468;53,470;52,473;52,475;53,477;52,478;52,481;53,483;53,484;53,486;53,488;53,490;53,493;53,495;53,496;53,498;52,500;53,503;53,504;53,507;52,509;53,510
55,0;54,2;54,5;55,7;55,9;55,11;55,13;54,14;54,16;54,18;55,20;55,22;54,24;55,26;55,29;55,30;54,33;54,34;55,37;55,39;54,40;54,42;54,44;54,47;54,48;55,51;54,52;55,54;54,57;55,59;55,60;54,62;54,65;55,67;54,69;54,71;55,73;55,75;54,77;54,79;55,81;54,82;55,85;54,87;54,89;54,90;55,93;54,95;55,97;55,98;55,101;55,103;54,104;54,106;54,108;54,110;55,113;55,115;54,117;55,118;54,121;54,122;55,125;54,126;55,128;55,131;55,133;54,134;54,136;54,139;54,140;54,142;54,145;55,146;54,148;55,150;55,153;54,155;54,157;54,158;55,161;55,162;55,165;54,167;55,168;54,171;55,173;55,175;55,177;55,178;54,181;54,182;54,185;54,187;55,189;55,191;55,192;55,195;54,196;54,199;55,200;55,203;54,204;54,207;54,208;54,210;55,213;54,214;55,216;55,219;55,221;55,223;55,224;54,226;54,228;55,231;54,232;55,235;55,236;55,238;55,241;55,242;54,245;55,247;55,248;55,250;55,253;54,254;55,257;55,258;55,260;55,263;55,265;55,267;54,268;54,271;54,272;54,274;55,277;55,278;55,281;55,282;54,285;55,286;55,288;55,291;55,293;54,294;54,297;54,298;54,300;54,303;54,305;54,306;55,309;55,311;55,313;54,314;54,317;55,319;55,321;54,322;54,324;55,327;54,328;55,330;55,333;54,334;54,337;54,339;55,341;54,343;54,344;55,347;55,348;54,351;54,353;55,354;55,357;54,359;55,361;54,363;54,365;55,367;54,368;54,371;54,373;55,375;54,377;55,378;55,381;54,383;55,385;55,387;55,389;54,391;55,393;55,394;54,396;55,398;55,401;54,403;55,404;55,406;54,409;54,411;54,412;54,415;55,416;54,418;54,420;55,423;54,424;54,427;54,429;54,430;55,432;55,434;54,437;54,438;54,441;54,443;55,444;55,447;55,449;55,450;54,452;55,454;55,456;54,459;54,461;55,462;55,464;55,466;54,468;55,470;54,472;54,474;54,476;55,479;55,480;54,483;54,485;54,487;54,488;55,491;55,493;54,494;55,496;55,498;55,500;55,502;55,505;54,507;55,508;54,511
56,1;56,2;57,4;57,7;56,8;57,10;56,12;56,15;57,17;56,19;56,20;57,23;56,25;57,27;56,28;56,30;57,32;57,34;57,36;56,39;57,41;56,43;56,44;56,46;57,48;56,51;57,52;56,54;56,56;56,59;56,61;56,62;57,65;56,67;56,68;56,70;57,73;56,74;56,77;57,78;57,81;57,83;57,85;57,86;56,89;56,91;56,93;56,94;57,96;57,99;56,100;56,102;56,105;57,107;56,109;56,110;56,113;56,114;56,117;57,118;56,121;56,123;57,125;57,126;57,128;56,130;56,133;57,135;56,136;56,139;56,141;57,143;56,145;56,146;56,149;57,151;57,152;57,155;57,156;57,159;57,160;56,163;57,165;56,166;56,169;57,170;57,173;56,175;56,176;57,178;57,181;57,182;57,184;56,186;56,189;56,191;57,192;56,194;56,197;56,199;57,200;57,203;57,204;57,206;56,208;56,210;57,213;56,214;57,216;57,219;56,220;56,222;56,225;56,227;56,228;56,230;57,232;56,234;56,236;57,238;57,241;57,242;57,245;56,246;57,248;56,250;56,252;57,254;56,257;57,259;56,261;57,263;57,264;57,267;57,269;56,271;57,272;56,275;57,277;56,278;56,281;56,283;57,285;56,287;56,288;57,290;56,293;57,295;57,296;57,298;57,301;56,302;56,304;56,306;56,309;56,311;57,313;57,314;56,317;57,319;57,321;56,323;57,325;56,327;57,329;56,331;57,333;56,335;57,336;56,339;56,341;57,342;57,345;57,347;57,348;56,351;57,353;56,354;57,357;56,358;57,360;56,363;57,364;57,366;57,368;57,371;57,373;57,375;56,376;57,378;56,380;56,382;57,385;56,386;57,389;57,391;56,393;56,394;56,396;56,399;56,401;56,402;56,405;57,406;57,409;56,410;56,413;57,415;57,417;57,418;57,420;57,423;56,424;56,427;56,429;56,430;57,433;56,435;56,436;56,439;57,440;56,442;57,444;56,446;57,449;57,451;57,452;57,455;56,457;57,458;57,461;57,462;57,465;56,467;57,469;57,471;57,473;57,474;57,476;57,478;56,481;57,483;57,484;57,487;57,489;56,491;56,492;56,494;56,497;56,499;56,500;56,503;56,505;56,506;56,508;57,511
58,1;59,2;58,4;58,6;59,8;58,11;59,12;58,15;59,16;59,19;59,20;58,23;58,24;59,26;59,29;58,30;59,33;58,35;59,37;59,39;59,40;59,42;59,45;59,46;58,49;58,50;58,52;59,54;59,56;58,59;58,61;59,63;59,64;59,66;58,69;58,71;58,73;58,75;59,77;58,79;58,80;58,83;58,84;58,86;58,88;58,90;59,92;59,94;59,97;58,98;58,100;58,102;58,104;58,107;58,108;59,111;59,113;58,115;58,117;59,119;58,120;58,122;59,124;58,126;58,129;58,130;59,133;58,134;58,137;58,139;58,141;59,143;58,144;58,146;59,148;59,151;58,153;59,154;59,157;58,158;59,160;59,162;59,164;58,166;59,168;59,171;59,173;58,175;59,176;59,178;59,181;59,183;59,184;58,187;59,188;59,191;58,193;59,194;58,197;58,198;59,200;59,202;59,204;58,206;58,209;58,211;58,212;59,214;59,217;59,219;58,221;58,222;59,225;58,226;58,229;59,230;58,232;58,235;58,237;59,238;59,240;59,242;58,245;58,246;59,249;59,251;58,252;58,254;58,257;58,259;59,260;58,263;58,264;59,266;58,268;59,271;58,273;58,275;58,277;59,279;59,280;58,283;59,285;58,287;58,289;58,290;59,292;59,294;58,297;59,299;58,301;59,303;58,304;58,306;59,308;58,311;58,313;59,315;58,316;58,319;58,320;59,323;58,324;59,327;58,328;59,331;58,333;59,335;58,336;58,339;59,340;58,342;58,344;58,347;58,348;59,350;58,352;58,354;58,357;59,358;59,360;59,362;58,364;59,366;58,368;58,371;59,372;58,374;58,377;58,378;59,381;59,382;58,384;59,386;58,388;59,390;59,392;59,394;59,396;58,398;59,401;58,403;58,404;58,407;58,408;59,411;58,412;59,415;59,416;58,419;58,420;58,422;58,424;58,426;58,428;59,430;58,433;59,435;58,437;59,439;58,441;58,443;59,444;58,447;59,449;58,451;58,452;58,455;58,456;59,458;59,461;58,462;59,464;59,466;58,469;58,470;59,473;59,475;58,477;59,479;58,481;58,483;58,485;59,486;58,488;58,490;58,493;59,495;59,497;59,498;59,501;59,502;58,505;59,506;58,509;59,511
60,0;61,3;60,4;61,6;60,9;61,10;61,12;60,14;61,17;61,18;61,21;61,23;60,25;61,27;60,28;60,30;61,33;61,35;61,37;60,39;60,40;60,42;60,44;60,46;61,49;61,50;60,53;60,54;61,56;60,59;60,61;61,62;60,65;60,67;61,68;60,70;61,72;61,74;60,77;61,79;61,81;61,82;61,84;60,86;61,89;60,91;60,93;60,94;61,96;60,99;60,100;61,102;60,104;60,106;60,108;61,110;61,112;61,115;61,116;61,119;61,120;61,123;61,125;60,126;61,129;61,130;60,133;60,134;60,137;60,138;60,140;60,143;60,144;60,147;60,148;60,150;61,153;60,154;60,156;60,159;61,160;60,162;60,165;61,167;60,168;61,171;60,173;60,175;60,176;60,179;61,180;61,182;61,184;61,187;61,189;61,191;60,192;61,194;60,197;61,198;61,200;60,202;61,205;61,206;61,209;60,210;60,213;61,215;60,216;60,219;61,221;61,222;61,225;60,227;60,229;60,231;60,232;60,234;60,236;61,239;61,240;61,243;61,245;60,247;60,248;60,250;60,253;61,255;60,257;61,259;60,260;61,263;61,265;61,267;61,268;60,271;60,273;61,275;61,277;61,279;61,281;60,282;61,285;61,286;60,288;61,290;61,292;60,295;61,296;61,298;60,301;60,302;61,304;60,306;60,308;60,311;60,312;60,315;60,317;61,318;61,321;61,322;61,324;60,326;60,328;61,331;61,333;60,334;60,336;60,339;61,341;60,342;60,344;61,346;61,348;60,351;60,353;60,354;60,356;61,358;60,360;61,362;60,365;60,366;61,368;60,371;61,373;61,375;61,376;60,378;61,380;61,382;60,384;61,386;60,388;61,391;60,392;60,394;61,396;60,398;61,401;60,403;61,405;60,406;61,409;61,410;60,413;60,414;60,417;61,419;61,420;60,423;61,425;61,427;60,429;60,430;60,433;61,435;61,436;61,439;60,440;60,443;60,444;60,446;60,448;61,451;61,453;60,455;61,457;60,459;60,460;60,462;60,464;60,466;60,468;61,470;61,472;61,475;61,477;60,478;60,481;61,482;60,484;61,486;61,488;61,490;61,493;61,495;61,497;61,499;61,501;60,503;61,505;61,507;61,508;60,510
62,0;62,2;62,4;63,7;62,9;63,11;63,13;62,14;62,17;62,18;63,20;62,22;63,24;62,26;63,29;63,31;63,33;63,35;62,37;62,39;63,40;62,43;62,45;62,47;62,48;63,50;63,53;63,54;62,57;63,59;63,61;63,63;62,64;63,66;62,69;62,71;63,73;63,75;63,76;62,79;63,81;63,83;62,84;62,87;62,89;63,90;62,92;62,94;62,97;62,98;63,100;62,103;63,104;63,107;63,108;63,110;62,112;63,114;63,116;63,118;63,121;63,122;62,124;62,126;62,128;63,130;62,133;63,134;62,136;62,139;63,140;63,142;62,144;62,147;63,148;62,150;63,153;62,154;63,157;62,159;62,161;62,162;62,164;62,166;63,168;62,170;63,172;62,174;63,176;62,178;63,180;63,183;62,184;62,187;63,189;63,190;62,192;63,194;63,197;62,199;62,200;63,203;63,204;63,206;63,208;62,210;62,213;63,215;63,216;63,219;62,220;63,223;63,225;62,226;63,229;62,230;63,233;62,234;63,237;63,239;63,240;63,242;62,245;63,247;62,248;63,251;62,253;63,254;62,257;63,259;63,260;62,262;63,265;63,266;63,268;63,270;62,272;62,274;63,276;62,279;62,280;63,283;62,285;62,286;62,288;62,291;62,292;62,295;62,296;62,298;63,301;62,303;63,305;62,307;62,309;63,311;63,313;62,315;62,316;62,318;63,321;63,322;62,324;62,326;63,329;63,330;62,333;62,335;63,337;63,338;62,340;62,343;62,345;62,346;63,348;62,351;63,353;63,354;62,356;62,359;62,361;62,362;63,365;62,366;62,369;63,370;63,372;63,374;62,377;62,378;62,380;62,382;62,385;62,386;63,389;63,390;63,392;63,394;62,397;63,399;63,400;62,403;62,404;63,406;63,408;62,410;62,412;63,414;62,416;63,418;62,420;62,422;62,424;62,426;62,429;62,431;63,433;62,434;62,437;62,438;62,441;63,442;62,445;63,447;62,449;63,450;62,452;62,455;62,457;62,458;63,460;63,462;63,465;63,467;63,468;62,471;62,473;63,475;62,477;63,478;62,481;62,482;63,485;63,487;63,488;63,491;62,493;62,494;63,496;63,498;63,501;63,503;63,505;63,506;62,508;62,511
64,0;64,2;64,5;65,6;64,9;65,10;64,12;65,14;65,16;65,19;64,21;65,22;65,25;64,27;65,28;64,30;65,32;64,35;65,37;64,39;64,41;65,42;65,45;64,46;65,49;65,50;64,52;64,54;65,56;65,59;65,61;64,62;64,64;65,66;65,69;64,70;65,72;65,75;64,76;65,79;65,81;64,83;64,85;65,86;64,88;64,91;65,93;64,94;65,97;64,99;64,101;64,102;65,104;64,106;65,109;64,111;65,112;64,115;65,117;65,118;64,120;65,122;65,125;64,126;64,128;64,130;64,133;64,135;64,136;65,138;65,141;64,142;64,144;65,146;65,149;65,150;65,152;64,154;64,157;65,158;64,160;65,162;65,165;65,166;64,169;64,170;64,173;64,175;65,177;65,179;64,181;64,183;65,184;65,187;65,188;65,190;64,192;65,195;65,196;65,199;64,200;64,202;64,204;65,206;65,208;65,211;64,213;65,214;64,217;65,218;65,221;65,223;64,224;64,226;64,228;65,231;64,233;64,234;64,236;64,239;64,241;64,242;65,244;64,246;64,249;64,251;65,253;65,255;64,256;65,258;64,260;65,263;64,265;64,267;64,268;65,270;64,273;64,274;64,276;65,279;65,281;65,283;64,285;65,286;65,289;65,290;64,293;65,294;65,297;64,298;64,300;64,303;64,304;64,307;65,308;64,311;64,313;65,315;64,316;64,319;64,320;64,322;64,324;65,327;65,328;64,331;64,333;64,335;64,336;64,338;64,341;65,343;64,345;64,346;65,348;65,350;65,352;64,355;64,356;64,358;65,361;65,363;64,365;65,366;64,368;65,371;65,373;65,374;64,376;64,378;65,381;64,383;64,385;65,386;64,389;65,390;64,392;65,395;65,396;64,399;65,401;65,403;65,404;65,407;64,409;65,410;65,413;64,415;64,416;65,418;65,420;65,422;64,425;65,427;64,429;65,430;64,433;65,435;64,437;64,438;65,441;65,443;64,444;65,446;65,449;65,451;65,453;64,454;65,457;65,458;65,460;64,463;65,464;65,467;65,468;64,471;64,472;65,475;64,477;64,479;65,480;65,482;65,484;64,487;64,488;64,490;64,493;64,495;64,496;64,498;64,501;64,502;64,505;64,506;64,509;65,510
66,1;66,2;66,5;66,6;67,9;67,11;67,12;66,14;66,16;66,19;67,20;67,23;67,24;67,26;67,28;67,30;67,33;66,35;67,37;67,39;66,41;66,43;66,45;66,47;66,48;66,51;66,53;67,54;66,56;67,58;66,60;66,63;67,64;66,67;66,69;67,70;67,73;67,75;66,77;67,78;66,80;67,82;67,85;67,87;67,89;66,90;66,92;66,94;67,96;66,99;66,100;67,102;67,105;66,107;66,108;66,111;67,112;67,114;66,117;66,119;66,121;67,122;67,124;66,126;66,128;66,130;66,133;66,134;67,137;66,139;66,140;66,143;67,145;66,147;66,149;66,150;67,152;67,155;66,156;67,158;67,161;67,162;67,164;67,167;67,168;67,170;66,173;67,174;66,176;66,178;67,181;67,183;67,184;66,186;66,189;67,191;66,193;66,194;67,197;67,199;67,201;66,203;67,205;67,206;67,208;66,210;66,212;66,214;66,216;67,219;67,220;66,223;67,225;67,227;67,229;66,231;66,233;67,235;66,236;66,238;67,240;67,243;67,245;67,247;67,248;67,251;66,252;66,255;66,257;67,259;67,261;66,263;66,264;67,266;67,269;67,270;66,273;67,274;66,276;66,279;66,280;67,283;66,285;67,287;67,289;67,290;67,293;67,294;66,296;67,298;66,300;67,303;67,304;67,306;67,308;67,311;67,312;67,314;67,316;66,319;67,320;66,322;66,325;66,326;66,329;66,330;67,332;67,335;67,337;67,339;67,341;67,342;67,344;66,347;66,349;67,350;67,352;67,355;66,356;67,359;66,360;67,362;67,365;67,366;66,368;67,371;66,373;66,375;66,377;67,379;66,380;67,382;66,385;67,386;67,389;66,391;67,393;67,394;66,396;66,398;67,400;67,402;66,404;66,406;66,408;66,411;66,412;67,415;66,417;66,419;67,420;66,422;66,424;66,427;66,428;67,431;67,432;66,434;66,436;66,439;67,441;66,443;67,445;67,447;67,448;67,451;67,453;67,454;66,457;66,459;66,460;66,462;66,465;67,466;67,469;67,471;66,473;67,474;67,476;67,479;67,481;66,483;66,485;66,486;67,489;66,491;66,493;66,495;67,496;66,499;67,501;66,502;67,504;66,506;67,508;67,511
69,0;68,2;68,5;68,6;68,9;69,11;69,12;69,14;69,17;69,19;69,20;68,23;69,24;69,26;69,29;69,31;68,32;69,35;69,36;69,38;68,41;69,43;68,45;69,47;68,48;69,51;68,52;68,55;69,56;69,59;68,60;68,63;69,65;69,67;69,69;69,71;69,73;68,75;69,77;68,79;69,80;69,82;68,85;68,86;68,88;68,90;68,92;69,94;69,96;68,99;68,101;68,103;68,104;69,107;69,109;69,111;69,113;69,115;69,117;68,118;68,121;68,122;68,125;68,126;68,129;69,130;68,132;69,134;68,137;68,138;68,140;68,143;69,145;69,147;69,149;68,151;68,152;69,155;69,157;69,159;69,161;69,163;69,165;69,166;68,169;68,170;68,173;69,174;68,176;68,179;68,180;69,183;69,184;69,186;68,189;69,191;68,192;68,195;69,196;68,199;69,200;69,202;69,205;69,207;68,208;68,210;68,212;69,215;69,217;68,219;68,220;69,223;69,225;68,227;69,229;68,231;68,232;68,234;69,236;68,238;68,240;69,242;68,245;69,247;69,249;69,251;68,252;68,254;68,257;69,259;68,261;69,263;69,265;68,266;69,269;68,270;69,273;69,274;69,277;68,279;69,281;68,282;69,284;68,286;68,289;68,291;69,292;69,294;69,297;69,298;69,300;69,303;68,304;69,306;68,308;69,311;69,313;68,314;69,317;69,319;69,321;68,323;69,324;69,326;69,329;68,330;69,332;69,335;69,336;69,339;68,340;69,342;68,345;68,346;69,349;69,351;68,352;68,355;69,357;69,358;68,361;68,363;68,365;69,367;68,368;68,370;68,373;69,374;68,377;68,379;69,381;68,383;68,384;69,386;68,388;68,391;69,392;69,395;68,397;69,399;69,400;68,402;68,404;69,406;69,409;69,410;68,412;68,414;68,417;68,418;69,421;68,422;69,424;68,427;68,429;68,430;69,432;69,435;68,437;68,438;68,440;68,442;68,445;68,446;69,449;69,451;68,453;68,454;69,457;69,459;68,460;69,463;68,464;69,466;69,469;69,470;69,472;68,474;68,477;68,478;68,481;69,482;69,484;68,487;69,488;69,491;69,493;69,495;69,496;69,499;69,500;69,503;68,504;69,507;69,509;68,510
70,0;71,3;70,5;70,7;71,9;70,10;70,13;71,14;71,16;70,18;70,21;70,23;71,25;71,26;71,29;71,30;70,33;71,35;70,36;70,38;70,41;70,42;70,44;70,47;70,48;71,50;71,53;70,54;70,56;70,58;70,60;71,62;70,65;71,66;70,69;70,71;70,72;71,74;70,77;71,79;71,81;71,83;70,85;70,87;70,88;71,90;71,93;71,95;71,97;71,98;71,101;70,103;71,104;70,106;71,109;70,111;71,112;71,114;71,117;70,118;70,121;70,122;71,124;70,127;70,128;70,130;70,133;70,134;70,137;71,139;70,141;70,143;70,145;70,146;71,149;71,150;71,153;70,155;71,157;71,158;71,161;70,162;70,164;71,167;70,169;70,171;71,173;70,174;71,176;70,179;71,180;70,182;70,185;70,187;71,188;71,191;71,192;71,194;70,197;71,198;71,200;70,202;71,205;70,207;71,209;71,210;70,213;70,215;70,217;71,219;70,221;70,222;70,225;71,226;70,228;71,230;71,233;70,235;70,236;71,238;71,241;70,242;71,245;70,246;70,248;70,250;71,252;71,254;70,256;70,259;70,260;71,262;71,265;71,267;70,269;70,271;70,272;71,274;71,276;70,278;70,280;70,283;70,284;70,287;70,288;70,290;70,293;71,294;70,297;71,298;70,300;71,303;70,305;70,306;70,309;71,311;71,313;71,314;71,316;71,319;71,320;70,323;70,325;70,327;71,329;71,331;70,333;70,335;70,336;71,338;71,340;71,343;71,344;71,347;71,349;70,350;70,353;70,355;70,356;70,358;70,360;70,363;71,364;71,366;71,369;71,371;70,373;70,375;70,376;70,378;70,381;71,383;71,384;71,386;71,389;70,391;70,392;70,395;70,396;71,399;70,400;71,403;70,404;70,406;71,409;71,410;70,412;70,415;71,416;70,419;71,421;70,422;71,424;70,427;71,429;70,430;70,432;71,434;71,436;71,438;70,440;71,442;70,445;71,447;70,449;71,451;71,453;70,454;70,456;70,459;71,460;71,463;70,465;70,466;70,468;70,470;70,473;70,474;70,476;70,479;71,481;71,483;71,485;70,486;71,488;70,490;70,493;71,495;71,496;70,498;70,501;71,502;71,505;71,507;70,509;71,510
73,0;72,3;73,4;73,6;73,8;73,11;72,13;73,15;72,16;73,19;73,20;72,22;72,25;73,26;72,29;72,30;72,32;73,34;72,36;72,39;72,41;73,43;73,45;73,47;72,49;72,50;73,52;72,54;73,57;73,59;73,60;72,63;72,64;73,66;72,68;73,70;72,72;73,74;72,77;73,79;73,81;72,83;73,84;73,87;73,89;73,90;73,92;73,95;72,96;73,99;73,100;72,102;73,105;72,107;72,109;73,110;73,112;72,115;72,116;73,119;72,121;72,122;73,124;73,127;73,128;73,131;73,132;72,134;72,136;72,139;73,141;72,142;72,144;73,146;73,148;72,151;73,152;73,154;72,157;73,159;72,161;72,162;73,164;73,167;72,168;73,171;72,173;72,175;72,176;73,179;73,181;72,182;73,185;72,186;73,189;72,191;73,193;72,195;72,196;73,199;72,201;73,202;72,205;73,207;73,209;73,211;72,212;72,214;73,216;72,218;72,221;72,223;73,224;73,226;72,229;73,231;73,232;73,235;73,236;73,238;72,241;72,242;72,245;73,246;72,248;73,251;73,253;73,255;73,257;72,258;72,260;72,263;72,265;73,267;73,269;72,271;73,272;73,275;73,277;72,278;73,281;72,282;72,285;73,286;73,288;73,290;73,292;72,295;73,297;73,298;73,300;72,302;73,305;73,306;73,309;73,310;72,312;72,315;72,317;73,319;73,321;72,323;72,325;72,326;73,329;73,331;72,333;72,334;72,337;72,339;73,340;72,342;73,345;73,346;72,348;72,351;73,352;72,355;73,356;72,359;72,360;73,362;73,365;72,366;73,369;72,370;72,372;72,374;73,377;73,379;72,381;73,382;73,385;73,386;73,388;72,390;72,392;73,394;72,397;73,398;73,401;73,402;72,405;72,407;72,409;73,411;72,413;72,414;73,417;72,418;73,420;72,422;72,424;72,427;72,429;73,430;73,432;73,435;72,437;73,438;72,440;73,442;73,445;72,446;72,449;72,450;72,453;72,455;73,456;72,458;72,460;73,462;72,465;72,466;73,468;72,470;72,473;73,474;72,476;73,478;73,481;73,482;72,485;73,487;73,488;73,491;73,493;72,495;73,496;72,498;72,501;72,503;72,504;72,507;72,509;72,511
74,1;74,3;74,5;75,7;74,9;75,11;75,13;74,15;74,17;74,19;74,20;75,23;74,25;74,26;75,28;74,30;74,32;75,35;74,37;74,38;74,40;74,42;74,45;74,47;74,48;74,50;75,53;74,54;75,56;75,58;74,60;74,62;74,64;74,67;74,69;74,71;75,72;75,74;74,76;75,79;74,80;75,82;75,85;74,86;74,89;74,90;74,92;75,95;75,96;75,99;74,100;74,103;75,104;75,106;74,109;75,111;75,113;75,114;75,117;75,119;74,121;74,123;74,125;75,127;74,129;74,130;75,133;75,135;74,137;74,139;75,140;75,143;74,145;74,146;74,149;74,151;74,153;75,154;74,156;75,159;75,161;74,162;75,165;74,167;74,168;74,171;75,172;75,175;75,177;75,179;74,181;74,183;75,185;75,187;74,188;74,191;75,192;74,195;74,197;74,198;74,201;75,202;75,205;74,207;74,208;74,211;75,213;74,214;74,216;75,219;74,220;74,222;75,225;74,227;74,228;75,230;75,233;74,235;74,236;74,239;75,241;74,242;75,245;74,247;75,248;75,251;75,252;75,255;74,256;74,259;74,260;75,262;74,265;75,267;74,269;74,270;74,272;75,275;74,276;75,279;74,281;75,283;74,284;74,286;74,289;74,290;75,293;75,294;75,297;75,299;74,301;75,302;75,304;74,307;75,309;75,311;74,312;75,314;75,317;75,318;74,320;75,322;75,325;75,326;74,329;74,331;75,333;75,334;75,337;74,339;74,341;74,343;74,344;75,347;74,348;74,351;75,353;74,354;75,356;75,358;75,361;74,363;75,365;75,366;74,368;75,370;74,373;74,374;75,377;74,379;75,380;75,382;75,385;75,386;75,388;75,391;74,392;74,394;75,397;75,399;75,401;74,402;74,404;75,406;74,408;74,411;74,413;75,415;75,417;74,419;74,420;75,422;74,424;75,426;74,428;74,430;75,432;75,434;75,436;74,439;74,441;75,442;74,444;74,446;75,449;74,450;74,453;74,454;74,456;75,458;74,461;75,462;75,464;74,467;75,468;74,471;75,472;74,474;75,477;75,478;75,481;74,482;75,485;74,487;74,489;74,490;74,493;74,495;74,496;74,499;74,501;74,503;75,505;74,506;74,508;75,511
76,1;77,3;77,5;77,6;76,8;77,11;76,12;77,14;76,16;77,19;76,21;77,23;77,24;76,27;76,28;77,31;77,33;76,34;77,37;77,38;76,40;76,43;76,45;76,47;76,48;76,50;77,52;77,54;77,57;77,59;76,61;77,62;76,64;77,66;77,68;77,71;77,72;77,75;76,76;77,79;76,80;77,82;76,85;76,87;77,89;77,91;76,93;77,94;76,96;77,98;77,100;77,103;76,105;76,106;76,108;76,110;76,113;76,115;76,116;76,119;77,121;77,123;77,125;77,127;76,129;77,131;76,133;76,135;76,137;77,138;77,140;76,142;77,144;76,146;76,149;77,151;76,153;76,155;77,157;77,158;76,160;77,163;77,165;76,167;76,168;77,171;76,172;76,175;77,176;77,178;77,181;77,182;77,184;77,186;77,188;77,191;76,192;76,195;76,196;76,198;76,201;77,203;76,204;77,207;76,208;77,210;76,213;77,214;77,216;77,218;77,221;76,222;76,225;77,226;76,228;76,230;77,232;77,235;77,236;77,239;76,240;77,243;76,245;77,247;76,248;76,251;77,252;76,254;77,256;77,258;77,261;76,262;76,265;77,267;76,268;76,270;77,272;76,274;77,276;76,278;76,281;76,283;76,284;77,286;76,289;77,290;76,293;76,295;76,297;76,299;77,300;76,302;77,305;77,307;77,309;76,310;76,312;76,315;77,317;76,318;77,321;76,323;76,324;77,326;77,328;76,331;76,332;76,335;77,336;76,338;77,340;77,342;76,345;77,346;76,348;76,351;76,352;76,354;76,356;77,358;76,360;76,363;77,364;76,367;76,368;77,371;77,373;76,375;76,377;76,379;76,381;76,383;77,384;76,386;77,388;77,391;76,393;76,395;76,396;76,399;77,401;76,403;77,405;76,407;76,409;76,410;77,412;76,415;77,416;77,418;76,421;76,422;77,424;76,427;76,428;76,430;76,433;77,434;77,437;77,439;77,441;76,442;76,445;76,447;76,449;76,451;77,452;77,454;76,456;77,458;76,461;76,462;76,465;77,467;76,468;76,471;76,473;76,475;76,477;77,478;77,481;77,483;76,485;77,487;77,488;76,490;76,493;77,494;77,496;77,498;76,501;77,502;77,505;77,507;76,508;76,510
79,1;78,3;78,4;79,6;78,8;79,10;79,13;79,14;78,16;79,19;78,21;78,23;78,24;79,27;79,28;78,31;79,32;78,35;79,36;79,38;78,40;78,43;79,45;78,46;78,49;78,50;79,53;79,54;78,57;79,59;78,60;78,63;79,64;78,67;79,68;79,71;78,73;79,75;79,77;79,78;78,80;78,83;78,85;78,87;78,89;79,90;79,93;79,94;78,97;78,99;78,100;79,103;78,105;79,107;79,109;79,110;78,112;79,114;78,116;79,119;79,121;79,123;78,125;79,127;79,128;79,131;79,132;78,135;78,136;79,138;79,140;79,143;79,145;78,146;79,148;79,151;79,152;79,155;78,156;79,159;79,161;78,163;79,164;79,167;79,168;79,170;79,172;78,175;78,176;79,179;79,180;79,182;79,185;78,186;78,188;79,190;79,193;78,195;78,197;78,199;79,201;79,203;78,204;78,207;78,208;79,210;78,213;79,215;79,217;78,219;78,221;79,222;79,225;78,227;79,229;78,230;78,232;78,235;79,237;79,239;78,241;78,243;78,245;79,247;79,249;78,250;78,252;79,254;78,257;79,259;78,260;79,263;79,265;79,267;78,269;78,270;78,272;79,274;78,277;79,278;78,280;79,283;79,285;79,286;79,289;78,291;78,292;79,294;79,296;79,298;78,300;79,303;78,304;79,307;78,308;79,311;79,312;78,315;79,317;78,319;78,321;79,322;78,324;79,327;78,329;79,330;78,333;78,335;78,337;78,339;79,340;78,343;78,344;78,346;79,349;79,351;78,352;78,354;79,357;78,359;79,361;78,363;79,365;78,367;79,368;78,370;78,372;79,375;78,376;79,379;78,380;78,382;79,384;79,386;78,388;78,391;78,392;79,395;79,397;78,398;78,401;79,402;78,404;78,407;79,409;79,411;78,412;79,415;79,416;79,418;78,420;78,423;79,425;79,427;79,429;79,430;79,433;78,435;79,436;79,439;78,441;79,442;78,444;79,447;78,449;78,450;78,453;79,455;79,457;79,459;79,461;78,462;78,464;78,467;79,469;79,471;78,473;79,474;79,477;78,478;79,480;79,483;78,485;78,486;79,489;78,490;78,492;79,495;78,496;78,498;78,500;79,502;78,505;78,507;79,509;79,510
81,1;81,2;81,4;80,7;81,9;81,11;80,13;81,15;80,16;81,19;80,20;81,22;81,24;81,26;81,28;81,30;81,33;81,35;80,37;81,38;81,40;80,42;81,44;80,47;80,49;81,51;80,52;81,54;80,56;81,59;80,60;81,63;81,64;81,66;81,68;80,71;80,73;81,74;81,77;80,78;81,80;81,83;81,85;81,86;81,89;81,90;81,92;81,94;80,97;80,98;81,100;80,103;80,104;80,106;81,108;80,110;81,113;80,115;81,116;80,118;80,120;80,123;80,124;80,127;80,128;81,131;80,132;80,134;81,137;81,139;80,141;81,143;81,144;80,146;81,149;81,150;80,152;80,155;81,156;81,158;81,161;80,163;80,165;81,166;81,168;81,171;81,172;81,174;80,176;80,178;81,181;81,182;80,184;81,186;81,189;81,191;80,193;80,194;81,197;80,199;80,201;80,202;80,204;81,206;80,208;80,211;80,212;80,215;80,216;81,218;81,220;80,223;80,224;81,227;80,228;80,230;81,233;80,235;81,237;80,239;80,240;81,242;80,245;80,247;80,248;81,251;81,253;81,254;81,257;80,259;81,261;81,263;80,265;81,266;81,269;81,270;81,273;80,275;81,276;81,279;81,281;81,282;80,285;80,286;80,289;81,291;80,293;81,294;81,296;81,298;80,300;80,303;81,305;80,307;80,308;80,310;81,313;81,315;81,316;80,319;81,320;80,323;80,324;80,327;80,329;80,330;81,332;81,335;80,337;80,338;81,341;81,343;81,344;80,346;81,349;81,350;81,353;81,355;81,356;81,359;81,361;80,363;80,364;81,366;80,368;81,371;80,373;80,375;81,376;80,379;81,380;81,382;81,385;80,387;81,388;81,391;81,393;80,394;81,397;81,399;81,400;81,403;80,404;81,407;81,409;81,411;80,413;81,415;81,417;81,418;81,421;81,422;80,425;80,427;81,428;80,431;81,433;81,434;80,436;81,438;80,440;80,443;80,444;81,447;80,449;80,451;80,452;81,455;81,457;80,459;80,460;80,462;80,464;81,467;80,469;81,470;80,473;80,475;80,476;80,479;80,481;81,483;81,485;81,487;80,488;81,491;80,492;81,494;81,496;81,499;81,500;81,502;81,504;80,506;81,508;81,510
82,1;83,2;82,4;82,6;83,8;83,10;82,13;82,15;82,17;82,18;83,21;82,22;83,25;82,27;83,29;82,31;83,33;83,35;83,37;82,38;82,41;83,42;83,45;82,46;82,48;82,51;82,52;83,54;83,56;82,59;83,61;83,63;83,64;82,66;82,68;82,70;82,72;83,74;83,77;83,79;82,80;82,82;83,84;82,87;82,88;83,90;82,93;83,95;83,96;82,99;83,100;82,102;82,105;82,106;83,109;82,110;82,113;82,115;82,117;82,119;83,120;83,122;82,125;82,127;82,129;83,130;83,132;83,135;83,136;83,139;82,140;82,142;82,145;83,146;82,149;83,151;82,153;82,154;82,157;82,158;83,161;83,162;83,164;83,166;83,168;83,171;83,173;82,174;83,177;82,179;83,181;83,182;83,185;82,186;82,188;82,190;82,192;82,195;83,196;83,199;83,200;83,202;82,205;83,206;82,209;82,210;83,213;82,215;83,216;83,218;82,220;83,222;82,225;83,226;83,229;83,230;83,232;83,235;83,236;82,238;82,241;83,242;83,245;83,247;82,248;82,250;83,253;82,255;82,257;82,258;83,260;83,262;82,264;82,266;83,269;82,271;83,273;82,275;82,276;83,279;82,280;82,283;82,285;83,287;83,288;83,291;83,292;82,294;83,297;83,298;83,300;83,303;83,305;82,306;83,309;83,311;82,312;82,315;83,317;82,318;82,321;83,323;83,324;82,326;83,329;83,330;83,333;82,334;83,336;83,339;82,340;83,343;83,344;83,346;82,349;82,351;83,352;83,354;83,357;82,359;83,360;83,363;83,365;82,366;82,368;82,371;83,373;83,375;83,376;83,378;83,381;83,382;83,384;82,386;83,388;83,390;83,392;83,395;82,397;83,399;82,401;82,403;83,404;83,407;82,409;83,410;83,413;82,414;82,416;83,419;83,421;83,423;83,424;82,426;82,428;83,430;83,433;82,435;83,437;82,439;82,441;82,442;82,445;82,446;82,449;83,451;82,452;82,455;83,456;82,458;83,460;83,462;82,465;83,467;82,468;83,470;82,473;83,475;82,477;82,479;83,480;83,483;82,485;83,487;82,488;82,491;83,493;83,495;83,497;82,498;83,501;83,503;82,505;82,507;82,509;83,511
85,0;84,3;85,5;85,6;85,9;85,11;84,13;84,14;85,16;84,19;84,20;85,23;84,25;85,27;84,28;85,30;85,33;85,35;85,36;84,39;84,40;85,43;84,45;85,47;84,49;85,51;84,52;84,54;85,56;84,59;85,61;84,62;85,64;84,66;84,68;85,71;84,73;85,75;85,77;84,79;84,81;84,83;84,85;85,87;85,89;84,91;85,93;84,95;84,96;84,98;85,100;85,103;84,105;85,106;85,109;84,111;85,112;84,114;84,116;85,119;84,120;85,122;84,125;85,127;84,129;84,131;85,133;85,134;85,137;85,139;85,140;84,142;84,144;85,146;84,149;85,151;84,153;85,155;84,156;85,158;84,161;84,162;85,165;85,166;85,169;85,170;85,172;85,175;85,177;84,178;85,181;84,183;84,184;85,187;85,188;84,191;84,193;84,194;84,197;84,199;84,201;84,203;84,204;85,207;85,209;85,211;84,213;85,215;84,217;85,219;84,220;84,222;85,225;84,227;85,229;84,230;84,233;84,234;84,236;84,239;84,240;84,242;85,245;85,246;85,249;85,251;84,253;84,254;84,257;84,258;85,260;84,263;84,265;84,267;85,268;85,270;84,272;85,275;84,276;85,279;84,280;85,283;84,285;85,286;84,288;84,290;85,293;84,294;84,297;85,299;85,300;84,303;85,305;84,307;85,309;84,310;85,313;85,314;85,317;85,318;84,320;84,322;84,325;85,326;84,329;84,330;84,332;85,335;85,337;84,338;84,341;85,343;84,345;84,346;84,349;85,350;84,353;85,355;85,356;85,358;84,360;85,363;85,364;85,366;85,369;84,370;84,373;85,375;85,376;84,378;84,380;85,383;84,384;85,387;85,388;84,391;85,393;85,394;85,397;84,399;85,401;85,402;84,404;84,407;84,408;84,411;85,413;85,414;85,417;85,418;85,421;85,422;84,424;85,427;85,429;84,431;84,433;85,435;84,437;85,438;85,441;85,443;84,445;84,446;85,448;84,450;85,452;85,454;85,456;85,459;85,461;84,463;84,464;85,466;84,468;84,470;84,473;84,475;84,477;85,479;85,481;85,482;85,484;84,486;84,488;84,491;84,492;85,495;84,497;85,498;84,500;84,503;84,504;85,507;85,508;85,510
87,1;87,3;86,5;86,6;86,8;87,11;86,12;86,14;86,17;86,18;86,20;87,23;87,25;87,26;86,28;87,31;87,32;86,35;86,36;86,39;86,40;87,42;86,44;86,46;86,48;87,51;86,53;87,54;86,57;87,58;87,61;86,63;87,64;86,66;86,68;87,70;87,73;87,74;86,77;86,79;86,81;86,83;87,84;86,87;86,89;86,91;86,93;86,94;86,96;87,99;86,100;87,102;86,104;86,106;87,109;87,111;87,113;86,115;86,116;87,118;86,120;87,123;87,124;86,126;87,129;86,131;86,132;86,135;86,136;86,138;87,141;86,142;86,145;87,146;87,149;87,151;87,152;87,155;87,157;86,159;87,160;86,163;87,165;86,167;87,168;86,171;87,173;86,174;87,177;87,179;87,180;87,183;86,184;86,186;86,188;87,191;87,193;87,195;86,196;87,199;87,201;86,202;86,204;87,207;86,208;87,210;86,213;87,214;87,217;87,219;87,220;87,222;87,225;87,226;87,229;87,230;86,232;86,235;86,236;87,238;87,241;86,242;87,244;86,246;86,248;86,251;86,252;86,255;86,257;87,259;87,261;87,262;86,264;86,267;86,268;86,271;87,273;87,275;86,276;86,279;86,281;87,282;86,284;87,286;86,288;86,291;86,292;87,295;86,297;86,298;86,301;87,303;87,305;86,306;86,309;86,311;87,312;87,315;86,317;86,318;86,321;87,322;87,325;87,327;86,329;86,331;87,333;86,334;86,336;86,338;87,340;86,343;87,345;86,347;87,349;87,351;87,353;86,354;87,356;87,359;86,361;86,363;86,365;87,367;86,369;87,370;86,373;87,374;87,376;87,379;86,381;86,383;86,385;87,387;87,388;86,391;87,393;86,395;87,397;87,399;86,401;87,403;87,405;86,406;86,409;86,411;86,413;86,415;86,416;87,419;86,421;86,422;87,425;87,426;87,429;86,431;86,432;86,434;87,437;86,439;86,440;86,442;87,445;86,447;86,448;86,450;87,453;86,455;86,456;86,458;87,460;86,462;87,465;86,467;86,469;87,471;86,472;86,474;86,477;87,478;87,481;87,482;86,484;86,487;87,489;87,490;86,493;87,495;87,497;86,499;86,501;86,502;87,504;86,507;87,509;87,511
88,1;88,2;89,4;88,7;89,9;88,10;89,13;88,14;88,16;89,19;88,21;89,22;89,24;89,26;89,28;89,30;89,33;89,34;89,36;88,38;89,40;88,42;89,44;89,47;89,48;89,51;88,53;89,54;88,56;89,58;88,61;88,63;89,65;89,67;89,68;89,71;88,73;88,74;89,77;88,79;89,81;88,83;89,84;88,86;88,88;88,91;89,92;88,94;88,96;89,99;88,100;88,102;89,105;89,106;88,108;89,111;89,112;89,114;88,117;88,118;89,121;88,122;88,124;89,126;88,128;89,130;89,132;88,134;88,136;88,139;89,140;88,143;88,145;89,147;88,149;88,151;89,152;88,155;88,156;89,159;88,160;89,163;89,165;89,166;89,168;88,170;89,173;88,174;89,177;89,179;89,180;88,183;88,185;88,187;88,189;88,191;89,192;88,194;89,196;89,198;89,201;88,202;89,204;89,207;89,209;89,211;89,213;89,214;88,217;89,219;89,221;89,222;89,225;89,226;89,228;89,230;89,232;89,234;89,236;89,239;88,241;89,243;88,245;88,246;88,248;89,250;88,252;88,255;88,256;88,258;89,261;89,263;88,264;88,267;88,268;89,270;88,272;89,275;89,277;88,279;88,280;89,283;89,284;88,287;89,289;89,290;88,292;89,294;89,296;89,299;88,301;88,302;89,305;89,306;88,308;89,311;88,313;88,314;89,317;88,319;88,321;89,322;88,324;88,326;88,328;88,330;89,333;88,334;89,336;88,338;88,340;89,342;88,344;88,346;89,348;89,350;88,352;88,355;88,357;88,359;88,360;88,362;89,364;88,367;88,368;88,370;88,372;89,375;88,377;88,378;88,380;88,382;89,384;88,386;89,389;89,391;89,392;88,395;88,397;89,399;89,401;88,403;89,405;88,406;88,409;89,410;89,412;88,415;88,416;88,419;88,421;88,422;88,424;88,426;88,429;88,430;88,433;89,435;88,437;88,438;88,441;88,443;89,444;89,446;88,448;89,450;89,453;88,454;89,457;88,458;88,460;89,463;88,464;89,467;88,469;88,470;88,473;89,474;89,477;89,479;89,481;88,482;88,485;88,487;88,488;89,491;88,493;89,495;88,496;88,499;89,500;88,503;89,505;88,507;89,508;89,511
90,1;90,2;90,5;90,6;91,8;91,10;91,12;91,14;90,16;91,19;90,21;90,22;91,25;91,27;91,29;91,31;91,33;91,35;90,36;90,38;90,40;91,43;90,44;90,46;91,49;91,50;91,53;90,54;91,56;91,58;90,60;90,63;90,65;91,67;91,68;91,71;90,72;90,75;91,77;91,78;91,80;90,83;90,84;91,86;90,88;91,90;90,93;91,94;91,97;91,98;90,101;90,103;91,105;90,106;91,109;91,111;91,113;91,114;90,116;90,118;90,121;91,123;90,125;91,127;90,128;91,130;91,132;91,134;90,137;91,139;91,140;90,143;91,145;90,147;90,149;90,150;90,152;91,154;91,156;90,158;91,160;90,163;91,165;91,166;91,169;90,171;90,172;90,175;91,177;90,178;90,180;91,182;90,184;91,186;90,189;91,191;90,193;90,195;90,196;90,198;90,201;90,202;90,205;90,207;90,208;90,210;90,213;90,214;90,217;90,219;90,221;90,222;90,225;90,226;90,228;90,230;90,233;90,234;90,237;90,238;90,240;90,242;90,244;91,246;90,248;91,250;90,252;90,255;91,257;90,259;90,261;90,262;91,264;90,267;90,269;90,271;91,273;91,275;91,277;91,279;90,281;90,283;91,285;91,287;91,289;91,291;90,292;91,294;91,297;91,298;91,300;91,302;90,305;91,307;91,308;90,311;90,313;90,315;91,316;90,318;90,320;91,322;91,324;91,327;91,329;91,330;91,332;91,334;90,336;91,339;90,340;91,342;91,344;91,347;91,348;91,350;91,352;90,354;91,357;90,359;91,361;90,363;91,365;91,366;90,368;91,371;91,373;91,374;90,377;91,379;91,380;90,383;90,385;91,386;90,388;91,391;91,392;91,394;90,397;91,398;91,400;90,403;90,405;90,406;91,409;91,410;90,413;91,414;91,416;90,419;91,421;91,422;91,425;90,427;90,429;91,431;91,433;90,434;91,436;90,438;91,440;90,442;90,445;90,447;90,449;91,450;91,452;90,455;91,457;90,458;90,461;90,462;91,464;90,466;91,468;91,470;90,472;91,474;90,476;90,479;90,480;90,483;90,484;91,486;90,488;90,490;91,493;91,494;90,497;91,499;91,501;90,502;91,504;90,506;90,508;90,510
92,1;92,3;92,4;92,7;93,8;93,11;93,12;92,15;92,16;92,19;93,21;93,22;93,25;92,26;93,28;92,30;93,33;92,34;92,37;92,38;93,40;92,43;92,44;92,46;93,48;92,51;93,52;93,55;93,56;92,59;92,61;93,63;92,65;92,67;93,68;93,71;92,73;93,75;92,77;92,78;92,81;93,83;92,85;92,87;92,89;92,91;93,93;93,95;92,96;93,99;93,100;93,102;92,104;92,106;92,109;93,110;92,113;92,115;92,117;92,119;93,120;92,122;92,124;93,126;92,128;92,130;92,133;92,135;93,137;92,138;92,140;93,143;93,144;93,146;93,149;93,150;92,153;92,155;92,156;93,158;92,160;93,162;93,165;92,167;93,169;93,171;92,172;92,174;93,177;93,178;93,180;93,182;92,184;93,187;93,189;92,190;93,193;93,195;92,196;93,199;92,201;92,202;93,205;93,206;92,208;93,211;92,212;93,215;92,216;93,219;93,221;92,222;92,225;92,226;93,228;92,231;92,232;92,234;93,237;92,239;92,240;93,243;93,244;92,246;92,249;92,250;92,253;93,254;92,256;93,259;92,260;92,262;93,265;93,266;92,268;92,270;92,272;93,275;93,277;92,278;93,280;93,282;93,285;93,286;93,289;92,291;92,292;93,295;93,296;92,299;92,301;93,302;92,305;92,307;93,308;93,311;92,312;93,315;92,316;93,318;93,321;93,323;92,325;92,327;92,328;92,330;92,333;92,334;92,337;93,338;92,340;93,342;93,345;93,347;92,349;92,351;92,353;93,355;92,357;92,358;92,361;93,363;93,365;93,367;93,369;92,371;93,373;92,374;93,376;92,378;92,381;92,383;93,384;92,386;93,388;92,390;93,393;93,394;93,396;92,399;93,401;93,402;92,404;93,407;92,409;92,411;92,412;93,414;93,416;93,419;93,421;93,422;92,424;92,427;93,428;92,431;93,432;93,434;92,437;93,438;92,441;92,443;92,444;93,446;92,449;92,450;93,452;93,454;93,456;92,458;92,460;93,462;92,464;93,466;93,469;93,470;93,472;92,474;92,476;92,478;93,481;92,483;93,484;93,487;92,488;92,491;93,493;93,494;93,497;92,499;92,500;92,503;92,505;92,506;93,509;92,511
94,1;94,2;94,5;95,7;94,8;94,10;94,12;95,15;94,16;94,18;94,21;95,23;94,25;95,27;94,28;95,31;94,33;95,35;94,36;94,38;94,40;94,42;95,44;95,47;95,49;94,50;94,52;95,55;94,56;95,59;95,61;95,63;94,64;95,66;94,69;95,71;94,72;95,75;95,76;95,79;94,81;94,83;94,84;94,87;94,89;95,91;94,93;94,94;95,97;95,99;94,100;95,102;94,105;94,106;94,108;95,110;94,112;94,115;94,116;95,119;95,120;95,122;94,125;94,127;95,129;95,130;94,132;95,135;94,137;94,139;95,140;95,143;94,144;94,146;95,149;95,151;95,153;95,154;94,157;94,159;94,161;95,163;94,165;95,167;95,168;95,170;95,173;94,174;94,177;95,178;95,181;94,183;94,184;95,187;94,188;95,190;95,192;95,194;95,196;95,198;95,201;94,202;95,204;95,207;95,209;95,211;95,212;95,215;95,216;94,218;95,220;95,222;95,224;95,227;95,228;95,230;95,233;94,235;95,236;94,238;94,241;95,243;94,244;94,247;95,248;95,250;94,252;94,255;94,257;95,259;94,261;95,263;94,264;95,267;95,269;94,271;95,273;94,275;95,277;94,279;94,280;95,283;95,284;94,286;95,289;94,291;95,293;94,294;95,296;95,298;94,300;95,303;94,304;94,306;95,309;95,311;94,313;94,314;94,316;95,318;94,321;95,322;94,325;94,326;94,329;94,331;94,332;94,334;95,337;94,339;95,341;94,342;95,345;94,346;95,348;95,351;94,352;95,354;94,356;95,358;94,361;94,363;95,365;95,366;95,368;95,371;94,372;94,375;94,377;95,379;95,381;94,382;94,385;94,387;95,389;94,390;94,392;95,395;94,397;94,398;95,401;95,402;95,404;95,406;95,409;95,411;94,412;95,415;95,416;94,418;95,420;94,423;94,424;95,426;95,428;94,431;95,432;95,435;95,436;95,439;94,440;95,443;94,444;95,446;94,449;95,451;95,453;94,455;95,456;94,459;94,460;95,463;94,465;95,466;94,469;95,471;94,472;94,475;95,476;94,479;95,480;94,483;94,484;95,487;95,488;94,491;95,493;95,495;95,496;95,498;94,501;94,503;95,505;95,507;95,509;94,510
96,1;97,3;96,4;97,6;97,9;96,10;97,13;97,14;97,16;96,19;96,21;96,23;96,24;96,27;96,29;96,30;96,32;97,34;97,36;96,39;97,40;97,42;97,44;96,47;96,48;97,51;96,53;96,55;96,57;96,59;97,61;97,63;97,65;96,67;97,68;96,70;97,73;97,75;97,77;96,78;96,81;97,83;96,85;97,87;97,88;97,91;96,92;97,95;97,96;96,98;97,100;96,102;96,105;96,106;97,109;96,111;96,112;97,114;97,116;96,119;97,121;96,123;97,125;97,126;97,129;97,131;96,133;97,134;96,136;96,138;97,140;97,143;97,144;96,147;97,148;97,151;96,152;96,154;97,157;96,158;96,160;97,163;96,164;96,166;96,168;97,171;97,172;97,174;96,177;96,179;96,180;97,182;96,185;97,186;96,189;96,191;96,193;96,195;96,196;96,199;96,201;96,203;96,205;96,207;96,209;96,210;96,213;96,215;96,216;96,219;96,220;96,222;96,224;96,227;96,228;96,231;97,232;97,235;96,237;96,239;97,241;96,242;97,244;97,246;96,249;97,250;96,252;97,255;97,256;96,258;96,261;97,263;96,265;97,266;96,269;96,270;97,273;96,274;97,277;97,279;97,281;96,283;97,285;96,286;97,288;96,291;97,292;97,295;97,297;96,299;96,300;96,302;96,305;97,307;96,309;96,310;97,312;96,315;96,317;96,319;96,320;96,322;97,325;96,327;96,329;96,330;96,332;97,334;97,336;96,339;96,340;96,342;96,344;97,346;96,349;97,350;96,353;96,354;97,357;97,358;96,361;97,363;96,365;96,366;96,368;96,371;96,373;96,374;97,376;97,379;97,380;96,383;96,384;97,387;96,388;97,390;97,392;96,395;96,396;96,399;97,400;97,402;97,405;96,406;96,409;96,410;97,413;97,414;97,417;97,419;96,420;97,423;97,424;96,427;97,429;96,431;97,433;96,434;97,436;96,438;97,440;97,443;97,445;97,446;96,449;97,451;97,453;96,454;97,457;97,459;97,460;97,463;96,464;96,467;97,468;97,471;96,472;97,475;97,477;97,479;96,481;96,482;96,484;96,487;96,488;97,491;97,492;96,494;97,497;96,498;96,500;97,502;97,505;97,507;96,509;97,511
98,0;98,2;99,4;98,6;99,9;98,10;98,13;99,14;98,17;98,19;99,20;99,23;98,25;98,26;99,29;98,30;99,32;99,35;98,37;98,39;99,41;98,43;98,44;99,46;99,49;98,51;99,53;98,54;98,57;98,59;99,61;99,62;98,65;98,66;98,68;98,70;99,73;98,74;98,77;98,79;99,81;98,82;98,85;98,86;98,89;98,91;99,92;98,95;98,96;98,98;99,100;98,103;98,104;99,107;99,109;98,111;99,112;98,114;99,117;99,118;98,121;98,122;99,124;99,126;98,128;98,131;98,133;98,134;99,136;98,139;99,141;98,143;98,144;98,146;98,148;98,151;99,152;99,154;99,156;98,159;98,161;98,162;99,164;99,166;98,169;98,171;98,172;98,175;99,176;99,179;99,181;99,182;99,185;99,187;98,189;98,191;98,192;98,195;98,196;98,198;98,201;98,203;99,204;99,207;99,208;99,211;98,213;98,214;98,216;99,219;98,220;99,223;99,224;98,226;98,228;99,230;99,232;98,234;98,236;98,239;98,241;98,243;98,245;98,247;98,248;99,250;98,253;98,254;98,256;98,258;99,260;98,263;98,264;98,266;98,268;99,270;99,272;99,275;98,277;98,278;99,281;98,282;98,285;98,286;99,289;98,290;98,293;99,294;98,296;99,298;98,301;99,302;98,304;99,306;99,308;98,311;99,313;98,314;99,317;98,318;99,321;99,322;99,324;98,326;99,329;99,330;99,333;99,335;98,337;99,339;98,340;98,343;98,344;98,347;98,349;99,351;98,352;98,355;99,356;98,358;99,360;98,363;98,364;98,367;99,368;98,370;98,373;98,374;98,376;99,379;99,381;98,382;98,385;99,387;98,389;99,391;98,392;98,394;98,397;99,398;99,401;98,403;99,405;98,406;98,409;99,410;98,413;99,414;99,416;98,419;98,420;99,423;99,425;99,426;98,429;98,431;98,432;98,435;99,436;99,438;99,441;98,443;99,444;99,447;98,449;99,450;98,452;98,454;98,457;99,458;98,461;99,463;98,464;99,467;98,468;99,470;98,472;98,475;99,477;99,479;98,481;99,483;98,485;99,487;99,489;98,490;99,492;98,494;98,497;98,499;99,500;98,502;99,504;99,507;99,508;98,511
100,0;100,3;101,4;101,6;101,8;100,10;101,12;100,14;100,16;101,18;101,21;101,23;101,24;101,27;100,29;101,30;100,33;100,34;101,36;101,38;100,40;101,42;101,45;100,47;101,49;101,50;100,52;100,55;101,56;100,59;101,60;100,63;101,65;101,67;101,68;100,71;100,73;101,75;100,77;100,79;101,81;100,82;101,84;100,87;101,88;101,90;100,92;101,94;100,97;101,98;101,100;100,103;100,105;100,106;101,109;100,111;100,113;100,114;101,117;101,118;101,121;100,122;101,124;101,127;101,128;101,130;101,132;101,134;100,137;100,138;100,141;101,143;101,145;101,146;101,148;101,151;101,152;101,155;100,156;101,158;100,161;100,163;100,164;100,167;100,168;100,171;101,173;100,175;100,177;100,179;100,181;100,183;100,185;101,187;100,188;100,191;101,193;101,195;101,196;101,198;101,200;100,202;100,205;101,207;101,209;101,210;101,213;101,214;101,217;101,219;101,220;100,223;101,225;100,226;101,229;100,231;101,233;101,234;101,237;101,238;101,241;101,242;101,244;101,247;101,249;100,250;100,252;100,254;100,256;101,258;100,260;101,262;101,265;100,267;101,269;100,270;101,272;100,275;100,276;100,279;101,281;100,282;101,285;100,287;101,289;101,291;100,292;101,295;100,297;100,298;101,300;100,303;101,304;101,307;101,308;101,311;101,313;101,315;100,316;100,319;100,321;100,323;100,325;100,326;100,328;101,330;101,333;101,335;100,336;100,338;101,341;101,342;101,344;101,347;100,349;101,351;101,353;101,355;100,356;101,359;101,361;100,362;101,364;101,366;101,368;101,370;101,372;100,375;101,377;101,378;101,381;100,382;100,384;100,387;100,389;101,390;100,392;101,395;100,397;100,399;100,400;101,402;100,404;101,407;100,408;100,411;100,412;101,415;100,416;101,419;100,421;101,423;101,425;100,426;101,429;100,431;100,433;101,434;101,436;101,438;101,440;101,442;101,445;100,446;101,449;100,451;101,453;100,455;101,457;101,459;100,460;101,463;100,465;100,467;101,469;100,471;100,472;101,475;100,476;101,479;100,480;100,483;101,485;100,487;101,488;100,491;101,492;101,495;100,496;100,498;100,500;101,503;100,504;100,506;101,509;100,511
102,0;102,3;103,5;102,7;103,8;103,10;103,12;102,15;103,16;102,18;103,21;102,22;102,24;102,27;103,28;103,30;103,32;102,34;103,37;103,39;103,40;102,43;103,44;103,47;102,49;103,51;102,53;103,55;103,56;102,59;102,61;103,63;102,64;103,66;102,69;102,71;103,73;103,75;103,77;103,78;102,80;102,83;102,85;102,87;102,89;102,91;103,92;102,94;103,97;102,99;103,100;102,103;102,105;102,107;102,108;102,111;103,112;102,114;102,117;103,118;102,120;102,123;103,124;102,127;103,129;103,130;103,133;103,134;102,137;103,138;103,141;103,143;103,144;102,147;103,149;103,151;103,153;102,155;103,157;102,158;103,160;102,163;102,165;103,167;102,168;103,171;103,173;103,174;103,176;102,178;103,180;103,183;102,184;103,186;102,189;102,191;102,192;102,194;102,197;102,198;102,200;102,202;102,205;102,207;102,209;103,211;102,213;102,214;103,217;103,219;102,220;103,223;102,225;103,226;102,229;102,230;102,233;102,234;102,237;102,239;102,240;102,242;103,244;102,246;103,248;103,250;102,253;103,254;102,256;103,259;103,261;102,263;103,264;102,266;103,269;102,271;102,273;102,274;103,276;102,279;102,281;103,283;102,285;103,286;102,289;103,290;102,293;102,295;102,296;102,299;103,301;103,303;103,304;102,307;102,309;103,310;102,313;103,314;102,316;102,318;103,321;102,322;103,325;102,326;103,328;102,331;102,333;102,334;103,336;103,339;103,341;103,343;102,344;102,346;102,348;103,351;102,353;102,355;103,356;103,359;103,361;102,362;103,364;103,367;102,369;103,370;102,372;103,374;103,377;102,379;102,380;102,383;103,384;102,386;102,388;102,390;102,393;103,394;103,397;103,398;102,401;103,402;103,404;103,407;103,409;102,411;102,413;103,414;102,417;103,418;103,420;102,423;103,424;103,426;103,428;103,430;103,433;102,435;103,437;103,439;103,440;103,442;102,444;103,447;103,448;103,451;102,452;102,455;102,456;102,459;103,461;103,463;103,465;102,467;103,469;103,471;102,473;102,475;102,476;102,479;102,480;103,483;102,484;103,487;102,489;103,491;102,492;102,495;102,497;102,498;102,500;103,502;102,505;102,506;102,508;103,510
105,0;104,2;105,5;105,6;104,8;105,10;105,13;105,14;104,16;105,19;105,21;104,23;104,25;104,26;105,28;104,31;104,33;104,34;104,36;104,39;104,40;105,43;105,44;104,47;105,49;104,50;104,53;105,55;104,57;104,59;104,61;105,63;105,65;105,66;105,69;105,71;105,72;104,75;105,76;105,78;105,80;104,83;104,84;104,86;105,89;104,90;105,92;104,94;105,96;104,99;105,100;105,103;104,104;104,106;104,108;105,111;105,112;104,114;105,116;104,119;104,120;104,122;105,125;105,127;104,128;105,131;104,133;104,134;105,137;105,138;105,141;105,143;104,144;105,146;104,149;104,151;104,152;105,154;104,157;104,158;105,160;105,163;105,165;105,166;105,169;104,171;105,173;104,175;104,176;104,178;104,180;104,183;104,184;105,186;104,189;104,190;104,192;104,195;104,196;104,198;104,201;104,202;105,204;105,207;104,209;105,210;104,212;105,215;104,216;104,219;104,220;105,223;105,225;105,227;104,228;105,230;104,233;105,234;104,237;105,238;104,241;104,243;104,244;104,246;105,248;105,251;104,253;105,255;104,257;105,258;105,261;105,263;104,264;104,267;105,268;104,271;104,272;105,275;104,277;105,278;104,281;104,282;104,285;104,286;104,288;104,290;105,293;105,294;105,297;105,298;105,301;105,303;105,304;105,306;104,308;105,311;104,312;104,315;105,317;105,319;105,321;104,322;105,325;105,327;105,328;104,331;105,332;104,334;104,337;104,339;105,340;104,343;105,345;104,346;105,348;105,350;105,352;105,354;104,356;104,358;105,361;105,362;104,364;105,366;105,369;105,370;104,372;104,375;105,377;105,379;105,381;104,383;104,384;105,386;104,389;104,390;105,393;105,394;104,396;105,399;104,401;104,403;105,405;104,406;105,409;105,410;104,413;105,415;104,417;105,418;104,420;105,423;105,424;104,427;105,429;104,431;104,433;104,435;105,437;105,439;104,441;104,442;105,444;104,447;105,449;104,450;105,452;104,454;105,457;104,458;104,461;105,462;104,464;104,467;104,468;104,470;105,473;104,475;104,476;105,478;105,480;104,483;105,484;105,486;105,489;105,491;105,492;105,494;105,497;104,499;104,500;104,502;105,504;105,507;104,509;105,510
106,0;107,3;107,4;107,7;106,9;106,11;106,12;107,14;106,17;107,19;106,20;106,23;106,25;106,26;106,29;107,30;106,33;107,35;107,37;107,39;107,40;106,42;106,45;107,47;107,49;106,51;106,53;106,54;106,56;107,58;106,60;107,63;107,65;106,67;106,68;107,71;107,72;106,75;106,76;107,79;106,81;107,83;107,85;107,87;106,88;106,90;106,93;107,94;106,97;107,98;107,101;107,102;106,104;107,106;107,109;107,110;106,112;106,114;107,117;107,119;106,120;106,123;107,124;107,126;107,128;106,130;106,133;106,135;106,136;107,138;107,141;106,142;106,145;106,146;107,149;106,150;106,152;107,155;107,157;106,159;106,160;107,163;107,165;106,167;106,169;106,171;107,172;106,175;107,177;106,178;106,181;107,182;107,185;107,186;107,188;107,191;107,193;107,195;106,197;107,199;107,200;107,202;107,204;107,206;107,209;106,210;106,213;107,215;106,217;107,218;106,221;107,222;107,224;107,227;107,229;107,230;106,232;106,234;107,236;107,239;107,241;107,243;107,244;107,247;107,248;107,250;107,253;107,254;106,257;107,258;107,260;107,263;106,264;107,266;107,269;107,270;107,272;107,274;107,276;106,279;107,281;107,282;106,285;106,286;107,289;107,290;106,292;107,294;107,296;107,299;107,300;106,302;107,304;106,307;107,309;107,311;106,312;106,315;107,317;107,319;107,321;106,323;106,325;107,326;106,329;107,330;107,333;106,334;106,336;107,338;106,340;106,342;107,344;107,347;106,348;106,350;107,353;107,355;107,357;107,359;107,360;106,362;107,364;107,367;106,369;106,370;107,372;107,375;107,376;106,379;107,380;106,382;107,384;106,387;107,388;107,391;107,392;107,394;106,397;106,399;107,401;107,403;107,405;107,406;106,408;106,411;106,413;107,415;107,416;107,418;107,420;107,422;107,424;106,426;106,429;106,430;106,433;106,435;106,436;106,439;107,440;107,442;107,445;106,447;107,448;106,450;107,453;106,454;106,457;106,458;106,461;107,462;107,465;106,466;106,468;106,471;107,473;107,475;107,476;106,478;106,481;107,483;106,484;106,487;106,488;106,490;106,492;106,494;106,496;107,498;106,501;106,503;106,505;106,506;107,509;107,511
109,1;108,2;108,5;109,7;108,8;109,11;108,13;109,14;108,17;108,19;108,20;109,22;108,25;108,27;108,29;108,30;108,33;109,35;109,37;109,39;109,40;108,42;108,45;108,47;108,48;109,51;108,53;109,55;108,57;108,59;108,60;108,62;108,64;109,66;108,68;109,70;108,72;109,75;108,77;108,79;109,81;108,83;108,84;108,86;108,89;109,90;109,93;108,95;108,97;108,99;109,101;108,103;108,104;108,106;109,108;109,110;108,113;108,114;108,117;108,118;108,121;108,123;108,124;108,127;108,128;108,131;109,133;108,135;108,137;108,138;108,141;108,143;108,145;108,147;108,148;109,150;108,152;108,155;108,157;109,159;108,160;108,162;109,165;108,166;109,169;108,170;109,173;109,175;108,176;109,179;108,180;109,182;109,184;109,186;108,188;109,191;108,193;108,195;108,196;108,198;108,201;108,203;108,204;108,206;108,209;108,210;108,213;108,215;108,216;108,219;108,221;109,223;108,225;108,226;108,229;108,231;108,233;108,235;108,236;108,238;109,241;108,243;108,245;108,247;108,249;108,250;108,253;108,255;108,257;108,258;109,260;108,262;108,264;108,266;108,269;109,271;109,272;109,274;108,277;109,278;108,280;108,283;108,285;108,286;109,288;109,291;109,292;108,295;109,296;109,298;108,300;108,303;109,305;108,306;108,309;109,311;108,313;108,314;109,317;109,319;109,321;108,323;108,325;109,327;108,328;108,331;108,332;109,335;109,336;109,339;108,341;108,343;109,344;108,347;108,348;108,350;109,352;108,354;109,357;109,358;108,361;109,363;108,365;109,367;108,369;109,370;108,373;109,375;109,377;109,379;109,381;108,382;109,384;109,386;108,388;108,390;108,392;108,395;109,397;109,398;108,401;109,402;109,404;109,407;108,409;108,410;108,412;108,415;108,417;108,419;108,421;109,422;109,424;108,427;108,429;109,430;109,433;109,434;108,437;108,438;108,440;108,443;109,445;109,446;109,449;108,451;109,453;108,454;109,456;108,459;109,461;108,463;109,465;109,466;109,468;108,470;109,473;108,475;109,477;109,478;108,481;109,483;108,484;109,486;108,488;108,490;109,493;108,494;109,496;108,499;108,501;109,503;109,504;109,507;109,509;109,510
111,1;111,3;111,5;110,6;111,8;110,11;110,13;110,14;110,17;111,19;111,21;110,22;110,24;110,27;110,29;111,30;111,33;110,34;110,37;110,38;110,40;110,42;111,44;110,47;110,49;110,51;111,53;110,55;110,56;110,58;110,60;111,63;111,65;111,67;111,68;111,70;111,72;110,75;110,76;110,79;111,80;111,82;111,84;110,87;111,88;110,91;111,93;110,94;111,96;110,99;111,101;111,102;111,104;110,106;110,108;110,111;110,112;110,115;111,117;111,118;111,120;111,123;111,124;110,126;110,128;111,131;111,132;111,135;110,137;110,138;110,141;111,142;111,145;111,147;111,148;111,150;111,153;111,154;111,156;110,159;110,160;111,163;110,165;111,166;111,169;110,171;111,172;111,175;111,177;111,179;110,180;111,182;111,184;110,187;111,189;110,190;111,193;110,195;111,197;110,198;110,200;111,203;110,204;111,206;110,208;110,211;111,213;111,215;110,216;111,219;111,220;110,222;110,225;110,226;111,228;111,231;111,233;110,235;110,237;111,238;111,241;110,243;110,244;111,246;111,248;111,250;111,252;110,255;111,256;110,259;111,260;110,263;111,265;111,266;111,269;110,271;111,273;110,274;110,277;110,279;110,281;110,282;110,284;110,286;111,288;110,290;110,292;111,295;111,296;111,298;110,300;111,303;110,305;110,307;110,308;110,310;111,312;110,314;111,316;111,319;110,321;111,323;111,324;110,327;110,329;111,331;111,333;111,334;111,336;111,338;111,341;111,343;110,345;110,346;111,349;111,350;110,352;110,354;110,356;111,359;111,360;110,362;110,365;110,367;110,368;111,371;110,373;110,375;110,376;110,379;110,380;110,382;110,385;110,387;110,389;111,391;111,392;110,394;111,396;111,399;110,400;110,403;110,405;111,407;110,409;111,411;110,412;110,414;111,417;110,419;110,421;110,422;111,424;110,426;111,428;110,431;111,432;110,435;110,436;110,438;110,441;111,442;111,444;111,446;111,448;110,451;110,452;111,454;110,456;110,458;111,461;110,462;111,464;111,467;111,468;110,470;110,472;111,475;110,477;110,479;111,480;110,482;111,485;111,486;110,488;111,490;110,492;110,495;111,497;111,499;111,500;111,503;111,505;110,506;111,508;111,510
112,0;112,3;112,4;113,7;113,9;112,10;113,12;113,15;113,16;112,18;112,21;112,22;113,24;112,26;112,29;113,31;113,32;112,35;112,37;113,38;113,40;112,43;112,45;113,46;112,48;113,50;113,52;112,54;113,56;113,59;112,61;113,63;113,64;113,67;113,69;112,71;112,73;113,74;113,76;112,79;113,80;112,83;112,84;112,87;112,88;113,90;112,93;113,94;113,96;112,98;113,100;113,102;113,104;112,107;113,109;113,110;113,112;113,114;113,116;112,119;113,121;112,123;112,125;113,126;113,129;113,131;112,133;113,135;113,136;112,138;112,141;113,142;112,145;113,146;112,149;113,151;113,152;113,154;113,156;112,159;112,160;113,163;112,164;113,166;112,169;112,171;113,173;112,174;112,177;113,179;112,181;113,183;112,184;112,187;113,188;113,190;112,193;113,194;112,197;112,199;112,200;113,203;112,204;113,206;112,209;113,211;112,213;112,215;112,216;112,219;112,221;113,223;113,225;112,227;113,229;112,230;113,233;112,235;113,237;112,238;113,241;113,243;112,245;113,247;113,249;113,250;112,253;112,255;113,256;113,259;112,260;113,263;113,265;112,267;113,268;112,270;113,273;113,275;112,277;113,279;113,281;112,282;113,285;112,287;112,288;112,290;112,292;112,295;113,297;112,299;113,300;112,303;113,305;113,306;112,309;113,311;112,313;113,314;112,317;113,318;112,321;113,323;112,325;112,327;113,328;113,331;113,332;113,335;112,336;112,338;113,341;113,343;113,345;112,346;113,349;112,350;113,352;112,355;113,357;112,359;113,361;113,363;113,365;113,367;113,368;112,371;112,372;113,374;113,376;113,379;113,380;113,382;113,384;112,386;112,388;113,390;113,392;113,395;113,396;112,399;113,400;112,402;113,404;112,406;113,409;113,410;112,413;112,415;112,417;113,418;112,421;112,422;113,425;112,427;113,429;113,430;112,432;113,434;113,436;113,438;112,440;113,442;112,444;113,447;113,449;113,450;112,453;112,454;112,457;113,459;113,460;112,462;112,465;113,467;112,469;113,471;113,472;112,474;112,476;112,479;113,480;112,482;112,485;113,487;112,488;112,491;112,492;113,495;113,497;113,498;113,500;113,502;112,504;113,506;112,508;113,510
114,1;115,3;115,4;115,7;114,8;115,11;115,12;114,14;114,17;115,18;115,21;114,23;115,25;114,27;115,28;114,30;114,32;114,35;114,36;115,38;115,41;114,43;115,44;115,47;115,48;114,50;114,52;114,55;115,56;115,58;115,61;115,62;114,64;114,67;114,69;114,70;115,73;114,74;115,77;115,78;115,81;115,82;115,84;114,87;115,88;115,91;115,92;114,94;115,97;114,98;114,101;115,102;114,105;114,106;114,109;114,110;114,112;114,115;115,117;115,118;114,121;114,122;115,124;115,126;115,128;114,130;114,132;115,135;114,137;115,138;114,140;115,143;114,144;114,147;114,148;115,151;114,152;115,155;114,157;114,159;115,160;114,162;115,165;115,166;114,169;114,170;115,173;114,175;114,176;114,179;115,181;115,183;114,185;114,187;115,188;115,190;114,192;115,195;115,196;114,199;114,200;115,203;115,205;114,207;115,209;115,211;115,213;115,214;114,216;114,219;115,220;115,222;114,224;114,227;114,229;114,231;115,232;114,234;114,237;114,239;114,240;114,242;115,244;115,247;115,248;114,250;114,252;115,254;115,256;114,259;114,261;114,263;114,265;114,266;114,268;115,270;114,273;115,275;115,277;114,279;114,281;115,283;114,285;115,286;114,288;114,290;114,292;115,294;114,296;114,299;115,300;115,302;114,304;115,306;115,308;114,311;115,312;114,315;115,317;114,319;115,321;115,322;114,325;115,326;114,329;115,330;114,332;114,334;114,337;114,339;115,340;114,342;115,344;114,346;114,348;114,350;115,353;114,355;114,356;114,359;115,360;115,363;115,364;115,366;114,369;114,371;115,372;115,374;115,377;114,378;115,381;115,383;114,384;114,386;114,388;115,391;114,393;114,395;115,397;114,399;114,401;115,403;115,405;115,406;114,409;115,410;114,412;115,415;115,417;115,418;114,421;114,423;115,424;114,426;115,429;115,430;115,433;115,435;114,436;115,439;114,441;115,442;114,445;115,446;114,448;114,450;115,452;115,454;114,456;115,459;115,460;115,462;114,465;115,466;115,468;115,471;114,472;114,475;115,476;114,478;114,481;114,483;114,485;114,486;115,489;114,491;114,492;114,495;115,496;114,498;115,500;115,502;114,504;115,506;114,508;115,511
117,0;117,2;116,4;116,6;117,8;116,11;117,12;117,15;117,16;117,18;117,20;117,22;116,25;116,27;116,28;116,30;116,32;117,34;117,36;117,39;117,41;116,43;117,45;117,47;117,48;117,50;117,52;116,54;117,57;117,58;117,61;116,63;116,65;116,66;116,69;116,71;116,72;117,75;116,77;117,78;117,80;117,83;116,85;116,86;117,88;116,90;117,92;116,94;116,96;117,99;117,100;117,102;116,104;117,106;116,109;116,110;116,112;117,115;116,116;117,119;116,121;117,122;116,124;117,127;117,128;117,131;116,133;116,134;116,136;117,139;117,141;117,142;116,145;116,147;116,149;117,150;117,153;116,155;117,156;117,158;116,161;116,163;116,165;117,166;117,169;117,170;116,172;116,175;117,176;117,178;117,180;117,182;117,185;117,187;117,189;117,191;117,193;117,195;117,197;116,198;117,201;117,202;116,204;117,207;116,208;117,211;117,212;117,214;117,217;117,218;116,221;117,223;117,225;117,226;117,229;116,230;117,233;117,234;117,236;117,238;116,241;116,243;117,244;117,247;116,249;116,250;116,252;117,254;117,257;116,258;117,261;116,262;117,265;116,267;117,268;117,270;117,272;117,275;116,277;117,278;117,281;117,282;117,284;116,287;117,288;116,290;117,292;116,294;116,296;117,298;117,301;117,303;116,304;117,306;116,308;117,311;116,312;117,315;116,316;117,318;116,320;117,323;116,325;116,326;117,328;116,331;116,332;116,334;117,337;117,339;117,340;117,343;116,344;117,346;116,348;116,351;117,352;116,354;117,356;117,359;117,361;117,362;116,364;116,366;116,369;117,371;117,372;116,374;117,376;116,378;116,380;116,382;116,384;117,387;117,389;117,390;117,393;117,394;117,396;116,399;116,400;117,402;116,404;117,406;116,409;117,411;117,413;117,415;116,416;117,418;117,420;116,423;116,425;116,426;117,429;116,431;116,432;116,434;117,436;116,439;117,441;117,442;116,445;116,446;117,449;117,450;116,452;117,455;116,457;116,458;117,460;117,463;117,465;117,466;117,468;116,471;117,473;117,474;116,477;116,478;117,480;116,482;116,485;116,486;117,489;116,491;116,492;117,495;117,496;116,498;116,501;117,503;117,505;117,507;117,508;116,511
119,0;119,3;118,5;118,6;119,8;119,10;118,12;118,15;119,16;119,19;119,20;119,23;119,25;118,27;118,29;118,31;118,33;119,35;119,36;119,38;119,40;119,42;118,45;119,46;118,48;118,50;119,53;118,54;119,56;119,58;118,60;118,63;118,65;118,67;118,68;118,71;119,73;119,75;118,77;119,78;118,80;119,82;118,84;118,86;118,88;118,91;119,92;119,95;118,97;119,99;118,101;118,102;118,105;119,107;119,108;118,110;118,113;118,115;118,117;119,119;119,121;119,122;119,125;119,126;118,128;119,130;119,132;118,134;118,137;118,138;119,141;118,142;119,144;118,147;118,149;118,151;119,152;118,154;118,157;119,159;119,160;119,162;118,165;118,167;118,168;119,171;118,172;118,175;118,176;119,178;118,180;119,183;119,184;119,187;119,189;118,191;118,192;118,194;118,197;119,199;119,200;119,203;118,204;119,206;119,208;119,210;119,212;119,215;118,216;118,219;119,220;118,223;119,225;118,227;119,228;118,230;119,233;118,234;118,236;119,238;119,240;119,242;119,244;119,247;119,249;119,250;119,253;119,254;118,257;118,258;119,260;118,262;119,264;118,266;118,269;119,271;119,272;119,275;118,277;119,279;118,280;118,282;118,284;119,287;118,289;119,290;119,293;118,294;119,297;119,298;118,300;118,302;119,304;118,307;119,309;118,310;118,313;119,315;118,317;118,318;118,321;118,322;118,324;118,327;119,328;118,331;118,332;119,335;119,337;118,339;119,341;119,343;118,344;119,346;119,348;118,350;118,353;118,354;118,356;118,358;119,361;118,363;119,365;118,366;118,368;118,370;118,372;119,375;119,377;118,378;118,381;118,383;119,384;119,387;119,389;119,390;119,392;118,395;118,396;118,398;118,401;119,403;119,404;118,406;119,408;119,411;118,413;118,415;119,417;119,418;118,421;118,423;119,425;119,426;118,429;118,431;119,433;119,435;118,437;119,438;118,440;118,442;119,444;118,446;119,449;119,451;118,452;119,455;119,457;118,459;118,460;118,463;119,465;119,467;119,468;119,471;118,472;118,475;119,476;119,478;119,480;119,482;118,484;119,487;118,488;118,491;118,492;118,494;119,497;119,499;118,500;119,503;118,504;119,506;118,508;118,511
121,1;121,2;121,5;120,7;121,9;121,10;121,13;120,14;120,17;121,19;121,20;120,22;120,24;120,26;121,29;121,31;121,32;121,35;120,37;120,39;121,40;120,42;120,45;121,46;121,48;121,50;120,52;121,54;120,56;120,59;120,61;120,63;120,64;120,66;120,69;121,70;121,72;120,74;120,77;121,79;121,80;121,83;120,85;121,87;121,88;120,91;120,93;120,95;120,96;120,98;120,100;120,102;120,105;120,106;120,108;121,110;120,113;120,114;120,116;120,119;121,121;120,122;121,125;121,126;120,128;120,130;121,133;120,135;120,137;121,139;121,140;121,142;120,145;120,147;120,149;120,151;120,153;121,154;121,157;120,159;121,160;121,162;121,165;121,167;120,168;120,170;120,172;121,175;120,176;120,179;120,181;121,183;121,184;121,187;120,189;120,191;120,192;121,195;121,196;121,199;120,200;120,202;121,204;120,206;120,209;120,210;120,212;121,214;121,216;120,218;121,220;121,223;121,225;121,226;121,229;121,231;120,232;121,234;121,237;120,238;121,241;120,243;121,244;120,246;120,248;121,250;121,252;121,255;120,257;121,258;121,261;120,262;121,265;120,267;120,269;121,271;121,273;121,274;121,276;121,279;120,281;120,282;120,284;120,286;120,289;120,290;121,292;121,294;121,296;120,298;121,300;121,303;121,305;121,306;121,309;120,311;121,313;120,315;120,316;121,318;121,321;120,322;120,324;121,327;121,329;121,331;120,333;120,335;121,336;121,338;120,341;120,342;121,344;121,347;121,348;120,351;121,353;121,354;120,357;121,359;120,361;120,362;120,364;120,366;121,369;121,370;120,372;121,374;120,377;120,378;121,380;120,383;121,385;121,387;121,389;120,390;121,393;121,394;120,396;120,398;120,400;121,403;120,404;121,406;120,409;121,410;120,413;120,414;121,416;121,419;121,420;121,423;120,424;121,426;121,429;121,431;121,432;121,434;121,436;121,439;121,440;121,443;121,444;121,447;121,449;121,451;120,452;121,454;121,457;120,459;120,460;120,462;121,464;121,466;121,468;121,471;121,472;121,475;120,476;120,479;121,480;120,482;121,485;121,487;121,489;120,490;121,493;120,495;121,497;121,499;120,500;121,503;120,505;120,506;120,508;121,510
123,1;122,3;123,5;122,7;122,9;123,10;123,12;122,14;123,16;123,18;122,21;122,23;123,24;123,27;122,28;123,31;122,33;123,34;122,37;123,38;123,41;122,42;123,44;122,46;123,48;122,51;123,52;122,55;122,57;122,59;123,61;122,63;122,65;122,66;122,68;123,71;123,72;122,75;122,77;122,78;123,81;122,83;123,85;122,87;122,89;122,91;123,93;123,95;122,97;122,98;122,100;123,102;122,105;122,106;123,109;122,111;122,112;123,115;122,117;122,118;122,120;123,123;123,124;123,126;123,128;123,130;123,132;123,135;123,136;123,138;122,141;123,142;122,145;122,146;122,149;122,150;123,153;122,155;122,157;123,158;123,161;123,162;123,165;123,166;123,168;123,170;123,172;122,175;123,177;123,178;122,181;123,182;123,184;123,186;122,189;123,191;123,192;122,195;122,197;122,199;122,200;122,203;123,205;123,207;123,208;122,210;123,213;122,215;122,217;123,218;122,220;122,223;122,224;123,226;123,228;123,231;122,232;122,234;123,236;123,239;122,241;123,243;123,244;123,247;122,249;123,250;123,252;123,254;122,256;123,258;123,260;122,263;123,265;123,267;122,269;123,271;122,273;122,274;122,276;123,278;123,280;123,282;122,284;122,286;122,288;123,291;123,293;123,294;122,296;122,298;123,300;122,302;122,304;123,306;123,308;122,311;122,312;122,314;122,316;123,319;122,321;122,323;123,325;123,326;122,328;122,330;123,333;123,335;123,336;122,339;122,341;123,343;123,344;123,346;123,349;123,351;123,352;123,354;122,357;123,358;123,361;123,363;123,365;123,366;123,369;123,371;122,372;122,375;123,377;122,379;123,381;122,383;122,385;122,386;122,389;123,391;122,392;123,395;123,396;122,398;123,400;123,403;122,404;122,407;122,408;123,410;123,412;123,415;122,416;122,418;123,420;123,422;123,424;123,427;122,428;123,431;123,433;122,434;123,437;123,438;122,440;123,443;123,444;122,446;122,449;122,451;122,452;122,454;123,456;123,459;123,460;123,463;122,464;123,466;123,468;123,471;122,472;123,475;122,476;123,479;123,480;122,483;123,485;123,487;122,489;122,490;123,492;123,494;123,497;122,499;123,501;122,503;122,504;123,506;123,509;123,511
124,1;124,3;124,5;125,7;125,8;124,10;124,12;125,14;125,17;124,19;125,21;124,22;124,25;124,27;124,28;125,30;124,32;124,34;124,37;125,39;125,41;124,42;124,44;124,46;124,49;124,51;125,53;124,54;124,57;124,59;124,61;124,63;124,64;124,66;125,68;124,70;124,73;125,75;125,76;124,78;125,81;124,83;124,85;124,86;124,88;124,91;125,92;124,94;124,97;124,98;124,100;125,103;125,104;124,107;124,108;124,111;125,113;125,115;125,117;124,118;124,120;125,122;125,125;124,127;124,129;125,130;124,133;124,135;125,136;124,138;124,141;125,142;124,144;125,147;125,149;125,151;125,152;125,155;125,157;124,158;125,160;124,162;124,165;124,167;125,169;125,170;125,172;125,175;125,177;124,179;124,181;125,183;125,185;124,186;125,188;124,191;124,193;124,194;124,197;125,198;125,201;124,202;125,204;124,206;124,209;124,210;124,212;124,214;125,216;124,219;124,220;124,223;125,224;125,227;125,229;125,230;125,232;125,235;124,236;125,238;124,241;124,243;125,245;125,246;125,249;124,251;124,252;124,254;124,257;125,258;125,261;124,262;124,264;125,266;125,268;125,270;125,272;125,274;124,276;125,278;125,281;124,283;125,285;125,287;124,288;125,291;125,293;124,294;124,297;124,299;124,300;124,302;125,305;124,307;124,309;125,310;124,313;124,315;124,317;125,319;124,321;124,323;125,324;124,326;124,329;125,331;125,333;124,334;125,337;125,338;125,340;125,343;125,344;124,346;125,348;124,351;125,353;125,355;124,356;124,358;125,360;125,363;124,365;125,366;125,368;124,370;125,372;125,374;125,377;125,379;124,381;125,382;125,384;125,387;125,388;125,390;125,392;124,395;125,396;125,399;124,401;124,403;124,404;124,406;125,409;125,411;124,413;124,415;125,417;125,419;124,420;125,422;124,425;125,426;125,429;124,431;124,432;125,434;125,437;125,439;124,441;124,443;124,445;125,446;125,449;125,451;125,453;125,454;125,457;124,458;124,460;124,462;125,465;124,467;124,468;124,470;124,472;124,475;125,476;124,478;124,480;124,483;124,484;124,487;125,488;125,491;125,493;125,494;125,496;124,499;125,501;124,502;125,504;125,507;124,508;125,511
127,1;126,2;126,5;126,7;126,8;126,10;127,13;126,15;127,17;127,19;127,21;127,23;126,25;127,27;126,28;127,31;127,33;126,34;126,37;126,39;126,41;126,42;126,44;127,47;127,49;126,50;127,52;126,54;127,56;126,59;126,61;126,62;126,65;126,66;126,69;126,70;127,72;127,74;127,77;126,78;126,80;127,83;127,84;127,86;126,88;126,90;127,93;126,95;127,97;126,98;127,101;126,102;126,105;127,106;127,108;127,111;127,112;127,114;126,117;126,119;127,121;126,122;126,124;127,127;127,129;126,131;127,133;126,134;126,136;127,139;126,140;126,142;126,145;126,147;127,148;126,151;126,152;126,154;126,156;127,159;127,161;126,162;127,164;126,167;127,169;126,171;126,172;126,175;126,177;127,178;126,181;126,183;127,184;126,186;126,189;127,190;127,192;127,195;126,196;126,198;126,200;127,202;126,205;126,207;127,209;127,211;126,212;126,215;126,216;126,218;127,221;126,222;126,224;126,226;127,229;127,231;127,232;127,234;126,236;127,239;126,241;127,243;127,244;127,246;127,249;127,251;126,253;127,254;126,257;127,259;126,261;126,262;126,265;126,266;126,269;127,270;127,272;126,275;127,277;126,279;127,281;126,283;126,285;127,286;127,289;127,290;127,293;127,295;127,296;126,299;126,300;127,303;126,304;126,306;127,308;126,310;126,313;127,314;127,317;127,318;127,320;127,323;127,325;127,327;126,329;127,331;126,333;126,334;126,337;127,339;126,341;126,342;126,344;126,347;126,348;127,351;127,352;127,355;126,356;126,359;126,360;127,363;126,365;127,366;126,368;127,371;127,373;126,374;127,376;126,378;126,381;126,382;127,384;127,386;126,388;127,391;126,393;126,395;127,397;126,398;126,400;127,403;127,405;126,406;126,408;127,410;126,413;127,414;127,417;127,419;126,421;126,423;126,425;126,427;126,428;126,430;127,433;126,434;126,436;127,438;126,440;126,442;127,444;127,447;127,448;127,450;126,452;126,454;126,457;126,459;127,461;126,462;127,465;126,467;127,469;127,471;127,473;127,475;126,477;127,479;126,481;127,482;127,485;127,486;126,488;126,490;127,493;127,495;126,496;126,498;126,501;127,503;126,505;127,506;126,508;127,510
128,0;128,2;129,4;128,6;129,9;129,11;128,12;129,14;129,17;129,19;129,20;129,22;128,25;128,27;129,28;129,31;129,33;128,35;128,36;129,39;129,40;129,43;129,45;129,47;129,48;129,50;128,52;128,54;129,56;129,59;128,60;128,63;129,64;128,67;128,69;129,70;129,72;129,74;128,77;129,78;129,81;128,83;129,84;129,87;129,88;129,90;129,92;128,94;128,97;128,98;129,100;129,102;129,105;128,107;128,109;128,110;129,112;128,115;129,117;128,119;128,121;128,122;128,124;129,126;128,129;129,130;129,133;129,134;128,136;129,139;129,141;128,143;128,145;129,146;129,149;128,150;128,153;129,154;128,157;129,158;129,160;128,162;129,164;128,166;129,168;129,171;129,172;128,175;129,177;129,179;128,181;128,183;129,185;129,186;129,189;129,190;129,193;129,195;128,196;128,199;129,201;128,203;129,204;128,206;129,208;128,211;128,213;129,214;129,216;129,219;128,220;129,222;128,224;128,226;129,228;128,231;129,232;129,235;128,237;128,238;128,241;128,242;129,245;129,247;129,248;128,250;128,253;128,255;128,257;128,258;129,261;129,262;128,265;129,266;129,269;129,270;128,272;129,274;128,277;129,279;128,281;128,282;129,285;129,287;129,288;128,291;128,293;128,295;128,297;128,299;129,300;128,302;128,304;129,306;129,309;128,311;128,313;129,315;128,316;128,318;129,321;129,323;128,324;128,327;128,329;129,330;128,332;128,334;129,336;128,339;129,340;128,342;129,344;129,347;129,349;128,350;129,353;129,354;129,356;129,358;128,360;128,363;129,364;129,367;129,368;129,371;128,373;129,375;129,376;128,379;129,380;128,383;129,385;128,387;129,389;128,391;129,393;129,395;129,396;129,398;129,401;129,402;129,405;129,406;129,409;128,410;128,412;129,415;128,416;128,418;128,420;128,423;128,424;129,426;128,428;129,430;128,433;128,435;128,436;129,439;128,440;129,442;129,445;129,446;129,449;128,451;128,452;129,454;128,457;128,458;129,460;129,462;129,465;128,467;129,468;128,471;128,472;128,474;128,477;128,478;129,481;128,483;129,484;129,486;128,489;128,491;128,492;128,495;129,496;129,498;128,501;129,503;129,505;128,506;128,509;128,511
131,0;130,2;131,5;131,7;131,9;131,11;130,13;131,15;131,16;131,18;130,20;130,23;130,24;130,27;130,29;130,30;130,33;131,35;131,37;131,39;131,41;130,43;131,45;130,47;131,48;131,50;130,52;131,54;131,56;130,58;130,61;130,63;131,64;131,66;130,69;130,71;131,72;131,75;131,77;130,78;131,81;131,82;131,84;130,87;130,89;130,91;131,93;130,94;130,97;131,99;131,101;131,102;131,104;131,107;131,108;130,111;130,113;130,115;131,117;131,119;131,120;131,123;131,124;131,127;131,128;131,131;130,133;131,135;130,137;131,138;130,140;131,142;131,145;130,146;130,149;131,151;130,153;131,155;131,157;130,158;130,161;131,163;131,165;130,166;130,169;130,171;130,172;131,174;130,177;131,178;130,181;130,183;130,184;131,187;130,189;131,190;130,192;130,195;130,196;130,198;130,200;131,202;130,205;130,207;130,208;130,211;131,212;130,215;131,217;130,219;130,221;131,223;131,224;130,227;131,228;131,230;131,232;130,235;131,236;131,238;131,241;131,242;131,245;130,247;130,248;130,251;131,252;131,255;131,257;131,259;131,260;131,262;130,264;131,266;131,269;130,271;131,273;130,274;130,276;131,278;130,280;130,283;131,284;131,287;131,288;130,291;131,293;131,294;131,297;131,298;131,301;131,302;131,304;130,306;131,309;130,311;130,312;131,314;131,316;130,318;131,321;131,323;131,324;131,327;130,328;131,330;131,333;131,334;130,337;131,339;130,340;130,343;131,345;130,347;131,348;131,351;130,353;131,354;130,356;130,358;131,360;131,363;130,365;130,367;131,368;130,371;130,372;131,375;131,376;130,378;130,381;131,383;130,384;131,387;131,389;131,391;130,392;130,395;130,396;131,398;130,401;130,402;131,405;130,406;130,409;130,410;130,412;130,414;130,417;131,419;130,420;131,423;130,424;131,427;131,429;130,431;131,433;131,435;131,437;130,439;131,440;130,442;130,444;131,446;131,449;130,450;131,452;130,455;131,456;130,458;130,460;130,462;131,464;130,467;131,469;131,470;131,473;130,475;130,477;130,479;131,481;131,483;131,484;130,487;131,488;130,490;131,492;131,495;131,497;130,499;130,500;130,503;131,504;131,507;130,508;130,510
133,1;133,2;132,5;133,7;132,9;133,10;133,12;133,15;133,17;133,19;132,21;133,23;132,24;133,26;132,29;133,30;132,33;133,34;132,36;132,39;133,40;133,43;133,45;133,47;132,48;132,50;132,52;133,54;133,56;133,59;133,61;133,63;132,64;133,66;132,69;133,71;132,72;132,74;133,76;132,79;133,81;132,83;133,84;132,87;132,88;132,90;133,92;132,94;132,97;132,99;133,100;132,102;133,105;133,106;133,109;132,110;132,113;132,115;132,117;132,119;133,120;133,123;133,124;133,127;132,128;132,131;133,132;132,135;132,137;133,138;132,141;133,142;133,144;132,146;133,148;133,151;133,152;132,154;133,157;133,159;132,160;133,162;132,164;133,167;133,168;133,171;133,173;133,175;133,176;132,179;132,180;133,182;132,184;133,186;133,188;132,191;132,192;132,194;133,196;133,198;133,201;133,202;132,205;133,206;132,208;132,211;132,212;133,215;132,216;133,218;133,221;132,223;132,224;133,227;133,228;133,231;133,232;132,235;132,236;133,238;133,240;133,242;133,244;133,247;132,248;132,250;132,252;132,255;132,256;133,259;133,261;133,262;133,264;132,267;132,268;132,271;132,273;133,275;133,276;132,279;133,281;132,283;133,284;132,286;132,289;132,290;133,293;133,295;132,297;133,299;133,300;132,302;132,305;133,307;133,308;132,310;133,313;132,314;133,316;132,319;133,320;132,322;132,325;133,327;133,328;133,330;132,333;133,334;133,336;133,338;132,341;133,342;133,344;132,347;132,348;133,351;133,352;133,355;133,356;133,359;133,360;133,362;133,364;132,366;133,368;132,370;133,373;132,374;133,377;133,378;133,381;133,383;133,385;133,387;132,389;133,391;133,393;132,394;133,396;132,399;132,401;132,402;133,405;132,406;133,409;133,410;133,412;133,415;132,417;132,418;133,420;133,422;132,425;133,427;133,428;132,431;133,433;132,435;132,437;133,439;133,440;132,442;132,445;132,446;132,448;133,450;133,453;132,454;132,456;133,459;132,460;132,462;133,464;132,466;133,468;133,471;132,472;133,474;133,476;133,478;133,480;132,482;132,484;132,486;132,489;133,490;133,493;132,495;133,497;132,499;133,500;132,503;133,505;132,506;132,508;132,511
134,1;134,3;134,4;135,6;135,9;135,10;135,13;135,14;134,17;134,19;134,21;135,22;134,24;135,27;135,28;135,30;135,32;135,35;134,37;135,38;135,40;134,42;135,44;135,46;135,48;135,50;135,53;135,55;134,56;135,58;135,60;135,62;135,65;134,66;135,68;135,70;135,73;135,75;135,76;134,79;134,81;135,82;135,85;134,87;135,88;135,91;134,93;134,94;135,97;134,99;135,100;135,102;134,104;134,106;135,108;134,111;135,113;135,115;134,117;134,118;134,120;135,122;134,124;134,127;134,129;134,131;135,132;135,134;134,137;135,138;135,140;134,143;135,145;134,146;134,148;134,150;135,153;134,154;135,157;134,159;134,161;135,162;134,165;134,166;134,169;134,170;135,173;135,175;134,177;135,178;134,180;135,183;135,185;135,187;135,189;134,191;135,192;134,195;134,197;134,199;135,200;135,203;134,205;134,207;135,208;134,210;134,213;135,214;135,217;135,218;135,220;135,223;134,224;134,227;135,228;134,230;135,232;134,234;135,237;134,238;134,241;135,243;135,244;135,247;135,248;134,251;134,253;134,254;135,257;135,258;135,261;134,263;135,264;135,267;134,269;134,271;134,272;134,274;135,277;134,278;134,281;134,283;135,285;135,287;135,289;134,291;135,292;134,294;134,297;135,298;134,300;135,303;134,304;135,307;135,308;135,311;135,312;134,314;135,317;134,319;135,321;134,322;135,324;134,327;135,329;134,330;134,332;134,334;135,337;134,338;134,341;134,342;134,344;135,347;134,348;134,350;135,353;135,354;135,357;135,358;135,361;135,362;135,364;135,366;134,369;135,370;135,372;135,375;134,377;135,378;135,380;134,382;135,384;134,387;134,388;135,391;135,392;134,394;134,396;134,398;135,401;135,402;135,404;135,407;134,409;134,410;134,413;135,415;135,417;134,418;134,421;135,422;135,424;135,426;135,428;134,430;134,433;135,434;135,436;134,438;134,440;135,442;134,445;135,447;135,449;134,450;135,453;135,454;134,457;134,458;134,461;135,462;134,464;135,466;134,469;134,470;135,472;134,475;134,476;134,479;135,480;134,482;135,484;134,486;134,489;135,490;135,493;135,494;134,497;134,499;135,500;135,502;134,504;135,506;134,509;134,511
137,0;136,2;136,5;136,7;136,9;137,11;137,13;136,14;137,16;136,18;137,20;137,22;136,25;136,26;137,28;137,31;136,32;137,34;136,36;137,38;136,41;137,42;137,45;137,46;137,48;136,50;136,53;137,54;137,57;137,59;137,61;137,63;137,65;137,66;137,68;137,70;136,73;137,75;136,77;137,79;136,81;136,82;137,85;137,86;137,88;137,90;136,93;136,95;137,97;137,98;136,101;137,103;136,104;136,107;137,109;136,110;136,112;137,114;137,117;137,119;137,120;136,123;137,125;136,126;137,129;136,130;136,132;136,134;136,137;136,138;136,140;136,143;136,145;136,146;137,149;137,150;136,152;137,155;137,156;136,159;136,160;136,162;137,165;137,167;136,168;136,171;136,173;137,175;137,176;137,179;137,181;137,183;136,185;136,186;136,189;136,191;137,192;137,195;137,196;136,198;137,201;136,203;137,205;136,206;137,209;137,211;137,213;137,214;137,217;136,218;136,221;137,222;136,224;137,227;137,229;137,231;137,232;136,234;136,236;137,239;137,240;136,242;137,245;136,246;137,248;137,250;137,252;137,254;136,256;136,259;136,260;136,262;137,265;136,267;136,269;137,270;136,273;136,274;137,276;136,279;136,280;137,282;137,285;136,287;137,289;136,290;137,292;137,294;136,297;137,299;137,300;137,303;137,305;136,307;137,309;136,310;137,313;137,315;137,317;137,319;136,320;136,322;137,325;137,326;137,329;136,330;136,332;136,334;137,336;137,339;136,341;137,343;136,344;137,347;137,349;136,351;137,353;137,354;136,356;136,359;136,360;136,363;136,364;137,366;136,368;137,370;136,373;137,374;136,377;137,379;137,381;137,383;137,384;136,387;137,389;137,391;137,393;137,395;137,396;136,399;136,401;137,402;136,404;137,407;136,409;137,410;136,412;137,414;137,416;136,419;136,420;137,423;136,425;137,426;137,428;136,431;136,433;136,435;136,437;137,438;136,440;136,442;136,445;136,447;137,449;137,451;136,452;136,455;136,457;137,458;136,460;137,463;136,465;137,467;136,469;136,470;136,473;137,475;137,476;136,479;137,481;137,482;137,484;136,486;137,488;136,491;137,493;137,495;137,497;136,499;136,501;136,503;136,504;136,506;137,509;136,511
138,0;138,3;139,4;138,7;139,9;139,11;139,13;139,14;139,16;138,18;139,21;138,22;139,25;139,26;138,29;138,30;139,33;138,34;138,37;138,38;138,40;138,43;138,44;139,47;138,48;138,51;139,53;138,54;139,56;138,58;139,60;139,63;138,65;139,67;138,68;138,70;138,72;138,75;138,76;138,78;139,80;139,82;139,85;139,87;138,88;138,90;139,93;138,94;138,96;139,98;139,100;139,102;139,105;138,106;139,108;139,110;139,112;139,114;138,117;138,119;139,121;138,123;139,125;138,127;139,128;138,130;139,133;138,134;138,136;139,139;139,140;139,143;138,145;139,147;138,149;139,150;138,152;138,155;138,156;138,158;138,161;139,163;139,165;138,166;138,169;139,171;139,172;138,175;139,176;138,179;139,180;138,183;139,184;138,186;138,189;138,190;138,193;138,194;138,196;139,199;138,200;139,202;138,204;139,206;139,209;139,210;138,213;138,214;139,217;138,218;139,221;139,222;139,225;139,227;139,229;138,230;139,232;138,235;138,236;139,238;138,241;139,242;138,245;138,247;139,248;138,251;138,253;139,255;138,257;139,259;139,261;139,262;138,264;139,266;138,268;139,271;139,273;139,274;138,276;138,279;139,281;138,282;138,284;139,286;139,288;139,290;138,293;139,294;138,296;139,299;139,300;138,302;138,305;139,307;139,308;138,310;139,312;138,314;138,317;138,318;139,320;139,323;139,324;139,326;138,328;139,330;139,333;138,334;139,336;139,339;138,341;138,343;139,344;139,347;138,348;138,351;138,352;139,355;138,357;139,358;139,360;138,363;138,364;138,366;139,368;138,370;139,373;139,375;138,377;138,379;138,380;139,382;139,384;138,386;138,389;138,391;138,393;139,394;139,397;139,399;139,401;139,403;139,404;138,406;138,409;138,410;138,412;138,414;138,417;138,419;139,421;139,423;138,425;138,426;139,428;138,430;139,432;139,434;139,437;138,438;138,441;139,442;138,445;139,447;138,449;138,451;138,452;139,454;139,457;139,458;139,461;138,463;139,465;139,466;139,468;138,470;139,472;139,475;138,476;138,479;139,481;139,483;138,484;138,487;138,488;139,491;139,493;139,494;139,497;138,498;138,501;138,502;139,504;138,506;138,509;138,511
140,1;140,2;140,4;140,7;141,9;140,11;141,13;141,15;141,17;140,18;141,21;141,23;141,25;141,26;140,29;140,31;141,33;141,35;140,36;140,39;140,40;140,43;141,44;141,47;140,48;140,51;140,53;140,54;140,56;140,59;140,61;141,63;140,64;141,67;141,69;141,71;140,73;140,74;140,77;141,78;141,80;141,82;140,84;140,86;141,89;140,90;140,93;140,95;140,96;141,98;141,100;140,102;140,104;141,107;141,108;141,111;141,112;140,114;140,117;141,118;141,120;140,122;141,125;141,126;141,128;141,130;140,133;141,134;141,136;140,139;140,140;141,142;141,144;141,146;141,148;140,151;140,153;141,155;140,156;141,158;140,161;141,163;140,165;141,166;140,169;141,171;141,173;140,175;141,176;140,178;141,180;141,183;141,185;140,186;140,188;140,190;141,193;140,195;140,197;141,198;140,200;140,203;141,204;140,207;141,208;140,210;140,212;141,215;140,217;140,219;141,220;140,223;140,224;140,226;140,228;141,230;140,233;141,234;140,237;141,239;140,241;141,243;141,245;140,246;140,249;141,251;141,253;140,254;140,256;140,259;141,261;140,262;140,264;141,267;141,268;140,271;141,273;140,275;140,276;141,279;140,280;140,282;140,284;140,287;140,288;140,291;141,293;141,294;140,297;140,298;141,301;140,303;140,305;141,306;141,309;140,310;141,312;141,314;141,316;140,319;140,321;141,323;140,325;141,326;141,328;141,331;141,332;141,335;140,336;141,339;141,340;141,343;141,345;140,346;141,348;140,350;140,353;140,354;140,356;140,359;140,361;140,363;141,365;141,367;140,369;141,370;140,372;141,374;140,376;140,379;140,381;141,383;140,384;140,387;141,388;140,391;141,392;141,394;140,396;140,398;141,401;140,402;140,405;140,407;140,408;140,410;140,413;140,414;140,417;140,418;141,420;140,423;140,424;140,426;140,429;140,431;140,432;140,434;141,436;141,439;140,441;141,443;140,445;141,446;141,449;140,451;141,453;141,455;141,457;140,458;141,461;140,463;140,464;140,467;141,469;141,470;141,472;141,474;141,476;141,478;141,481;141,482;140,484;140,486;141,489;141,491;140,492;140,495;140,497;141,499;140,500;141,503;140,504;140,507;140,508;141,510
142,0;143,3;143,4;142,6;143,9;142,11;142,13;142,14;143,17;142,19;142,20;142,22;142,25;142,27;142,28;143,30;142,32;142,35;143,36;143,39;142,41;142,43;142,45;142,47;142,48;143,51;143,52;143,55;142,57;142,58;142,60;142,63;143,64;142,67;143,68;142,71;143,72;143,74;143,77;142,78;142,81;142,83;142,84;142,87;142,88;142,91;143,92;143,94;143,96;143,98;142,100;142,103;143,104;143,106;142,108;142,111;142,112;142,115;143,116;142,119;143,120;143,122;143,124;142,127;143,129;143,131;142,132;143,134;142,137;143,138;142,140;142,142;142,144;142,147;142,148;142,150;142,153;142,154;143,157;143,158;143,161;142,163;143,164;142,166;143,169;143,171;142,172;143,174;142,176;143,178;143,180;142,183;142,185;142,186;142,189;142,190;143,192;142,194;142,197;143,198;142,200;142,203;143,205;143,206;143,208;143,211;143,213;143,215;142,216;143,219;142,220;143,223;142,225;142,227;142,228;142,231;143,233;143,235;143,237;143,238;143,240;143,243;142,244;143,246;142,248;142,250;143,253;143,254;143,257;143,258;143,261;143,263;143,265;143,266;143,269;142,270;142,273;142,275;143,277;143,278;143,280;142,283;142,284;142,287;142,289;143,290;142,292;143,294;143,296;143,298;142,301;143,303;143,304;143,307;142,308;142,310;143,312;142,315;142,317;142,318;142,320;143,322;142,324;142,326;142,328;142,330;142,333;143,335;143,337;142,338;142,341;143,343;143,344;143,346;142,349;143,351;142,352;142,354;142,356;142,359;142,360;142,362;143,364;142,366;142,369;143,370;142,373;143,375;143,377;143,379;142,381;143,383;143,384;143,386;142,388;142,390;142,393;143,395;142,397;143,398;143,400;143,403;142,404;142,407;142,409;143,411;143,413;143,414;142,417;142,418;142,421;142,422;142,425;142,426;143,428;142,431;142,433;143,435;143,437;142,439;142,441;143,443;142,444;143,446;142,449;142,451;143,452;143,455;142,456;142,459;143,460;143,462;143,464;142,466;143,469;142,470;142,473;143,475;143,476;142,478;143,481;143,482;143,484;143,486;143,489;142,491;142,493;143,495;142,497;143,498;143,500;142,502;142,505;142,506;142,508;142,511
144,1;145,2;144,5;145,6;145,8;144,10;144,12;145,15;144,17;145,19;144,20;145,22;144,25;145,27;145,28;144,30;145,33;144,34;145,37;144,39;145,41;144,42;145,45;145,46;145,49;144,51;144,53;145,54;145,57;144,59;145,61;145,63;144,64;145,66;145,68;145,71;145,73;144,75;144,77;144,79;145,81;144,82;144,85;144,87;145,88;145,91;145,93;144,95;144,97;145,99;144,100;145,103;144,104;145,106;145,109;145,111;145,112;145,114;145,116;145,119;144,120;145,122;144,124;144,127;145,128;144,130;144,133;145,135;144,136;145,139;144,140;144,143;145,145;144,146;144,149;144,150;144,153;145,155;144,157;144,158;144,160;145,162;144,164;144,166;144,169;145,171;145,172;144,174;144,177;144,178;144,180;145,182;145,185;145,187;144,189;144,191;145,193;144,194;145,196;145,199;144,200;144,202;145,204;144,207;145,209;145,211;144,213;144,215;145,216;145,219;145,220;145,222;145,224;145,226;144,228;144,230;145,232;144,234;145,236;145,239;144,241;145,243;144,245;145,246;144,249;145,251;144,253;144,254;145,256;145,259;145,260;144,263;145,264;145,267;145,268;145,271;144,272;144,275;144,277;144,278;145,281;144,282;145,285;144,287;145,288;145,291;145,292;144,295;144,297;144,298;145,301;145,303;144,304;144,306;144,309;145,311;144,312;145,314;145,317;145,319;145,320;145,323;145,324;145,326;144,329;145,330;145,333;144,335;144,337;145,338;145,341;145,343;145,344;144,346;145,349;144,350;145,352;145,354;144,356;145,359;144,361;145,363;144,364;145,367;144,368;145,370;144,372;144,375;145,377;144,378;145,380;145,382;144,385;144,386;144,388;145,390;144,392;144,395;145,397;145,399;145,400;145,402;145,404;145,407;145,408;144,411;145,412;144,415;145,416;145,418;144,421;145,423;144,425;145,426;144,429;145,431;145,432;145,434;145,437;144,439;144,441;145,443;145,445;144,446;145,448;145,451;145,453;144,455;145,456;144,458;144,460;145,462;145,464;144,466;145,468;144,471;145,473;145,474;145,476;144,479;144,481;144,482;145,484;144,487;145,489;145,490;145,492;144,495;144,497;145,498;145,500;144,503;144,504;145,506;144,509;144,510
147,0;146,3;146,4;146,6;146,9;146,10;147,12;147,15;147,17;146,18;146,21;146,22;147,25;147,26;146,29;146,30;147,32;147,35;146,36;146,38;147,40;147,42;146,45;146,46;146,49;146,51;146,52;146,55;147,56;147,58;147,61;146,63;146,65;146,66;146,68;146,70;146,73;147,75;147,77;146,79;147,81;147,83;146,84;147,86;147,88;146,90;147,93;147,94;147,96;147,98;146,101;147,103;147,105;147,106;147,109;146,111;147,112;147,114;147,117;147,118;147,120;147,122;147,125;147,127;146,128;147,130;146,132;147,135;147,136;147,139;146,141;146,143;147,144;147,146;146,148;147,150;147,153;147,155;146,156;146,159;147,160;147,163;147,165;147,166;147,169;146,170;146,173;146,175;147,176;146,179;147,180;147,183;146,185;147,186;147,189;146,190;146,193;146,195;147,196;147,198;146,201;146,203;146,204;146,206;147,208;147,210;147,213;147,215;146,216;147,219;146,220;147,223;147,225;146,227;146,228;147,230;147,232;146,235;147,236;147,238;146,240;146,242;146,244;146,247;147,248;147,251;146,253;146,254;147,256;147,258;147,261;147,262;147,265;147,267;147,268;146,271;146,272;147,274;147,276;147,278;147,281;146,282;147,285;147,287;147,289;146,290;147,293;147,294;147,297;147,299;147,301;147,303;146,305;147,307;147,309;146,310;147,313;146,315;147,317;146,319;147,320;146,323;146,325;147,326;147,329;146,331;147,332;146,334;146,336;147,339;146,341;146,342;146,345;146,347;146,349;147,350;146,352;146,355;146,356;147,358;146,360;146,363;147,364;146,367;147,369;147,370;147,372;146,375;146,376;146,378;146,381;147,383;147,385;147,386;146,389;146,390;146,392;146,394;146,397;147,399;146,401;146,402;147,404;147,406;147,409;146,411;146,413;147,415;147,417;146,418;147,421;147,423;147,424;147,427;146,428;146,431;147,432;146,434;146,437;146,439;146,440;147,443;146,444;147,447;146,448;146,451;147,453;147,455;147,456;147,459;147,460;147,462;146,465;147,467;146,469;147,470;147,472;146,475;146,477;147,478;146,480;147,482;147,484;147,487;147,488;147,491;146,492;146,495;146,497;146,498;146,501;147,502;146,504;147,506;146,508;147,510
148,0;148,2;148,5;149,7;148,8;148,11;149,12;149,14;148,17;148,18;148,20;148,22;148,24;148,27;149,28;149,30;148,33;149,34;148,37;148,38;149,40;148,42;149,45;149,46;149,48;148,50;149,52;148,55;148,57;148,59;148,61;149,63;149,64;148,66;148,68;148,71;149,73;149,74;149,77;148,78;149,80;149,82;149,85;148,87;149,89;148,91;148,93;148,95;149,96;149,98;149,100;148,102;148,105;149,106;148,109;148,110;148,112;149,115;149,116;149,118;149,120;149,123;149,125;148,127;149,128;149,131;149,133;148,135;148,137;149,139;149,140;148,142;149,144;149,147;149,149;148,150;148,153;148,154;149,157;148,159;149,160;149,162;148,165;148,166;149,169;148,170;149,172;149,174;149,177;148,178;149,180;149,183;148,184;149,186;149,188;148,190;148,193;149,194;148,197;148,199;149,200;149,203;149,204;149,207;148,208;148,210;148,213;149,214;148,217;148,218;148,221;149,222;148,224;148,226;148,229;148,231;149,232;148,234;148,236;149,238;148,241;148,242;148,244;149,247;149,248;148,250;149,252;148,255;148,256;148,258;148,260;149,262;148,265;148,266;148,268;148,271;149,272;149,275;149,277;149,279;148,281;149,282;148,285;149,287;148,289;149,290;149,293;148,295;148,297;148,298;149,301;148,303;149,305;149,307;149,309;148,310;149,312;148,314;149,316;149,318;149,320;148,322;149,324;149,326;148,328;149,331;148,333;149,334;149,337;149,339;149,341;149,342;148,345;149,347;148,349;148,350;149,352;148,354;149,356;148,359;149,360;149,363;148,364;148,367;148,368;149,370;149,373;149,375;148,376;148,378;148,380;149,383;149,385;149,386;148,388;149,390;148,392;149,394;149,396;148,398;149,401;148,403;149,404;148,407;148,408;149,411;149,412;148,414;149,417;148,419;148,420;148,422;149,425;148,427;149,428;148,430;149,432;149,434;148,437;149,439;148,441;149,443;148,445;148,446;149,449;149,451;148,453;148,454;149,457;148,458;149,460;149,462;148,465;149,467;148,469;148,471;149,473;148,475;148,477;148,479;148,480;148,483;149,484;149,487;148,489;149,491;148,492;148,495;148,496;149,498;149,500;148,503;149,504;148,507;148,508;148,510
151,1;151,2;150,4;150,7;150,9;151,11;150,12;150,14;150,16;150,19;150,21;150,23;151,24;151,27;150,29;150,30;151,32;150,35;150,36;150,38;150,40;150,42;151,44;150,47;151,49;150,50;150,52;150,54;150,57;150,58;150,61;151,63;150,64;151,66;151,69;151,71;151,73;151,75;150,77;150,79;150,80;151,82;151,85;151,87;151,89;150,90;150,92;151,95;150,96;150,98;151,101;151,103;151,105;151,106;150,109;151,111;150,113;150,115;151,117;151,118;150,120;151,122;150,124;150,126;150,128;151,130;151,133;150,135;150,137;150,138;151,140;151,143;150,144;150,146;150,149;151,150;150,153;151,154;150,157;151,159;150,160;151,162;150,165;150,166;150,169;151,170;150,173;150,174;150,177;150,179;150,181;151,183;151,184;151,187;150,188;151,190;150,192;150,194;151,196;151,198;150,201;150,203;151,205;151,206;151,209;151,210;151,212;151,214;150,216;150,219;151,221;150,223;151,225;150,227;150,229;150,230;151,233;150,235;150,237;150,238;151,241;150,242;151,244;151,247;150,249;151,250;150,252;151,255;150,257;151,258;150,260;150,262;150,264;151,267;151,268;151,270;151,272;151,275;151,276;150,279;150,281;151,283;151,284;151,286;150,289;150,291;150,292;151,294;151,297;150,299;150,301;151,302;151,305;151,306;150,309;151,311;150,312;150,315;151,316;151,318;151,320;150,323;150,324;150,326;150,329;150,331;150,332;151,334;151,337;151,338;151,341;150,342;150,345;151,346;150,349;151,350;150,352;150,355;150,357;151,359;151,360;151,363;150,365;151,366;150,368;150,371;150,372;150,375;151,377;151,379;150,380;150,382;150,385;151,387;151,389;151,391;150,393;150,395;150,397;151,399;151,400;150,402;151,404;150,406;151,409;150,410;150,412;151,414;150,417;151,418;151,421;150,422;150,425;151,426;151,428;150,430;151,432;151,435;150,437;151,438;150,441;150,443;151,445;150,447;151,448;151,450;151,452;150,454;150,456;150,459;150,460;151,463;150,464;151,467;150,469;150,470;150,473;150,474;151,477;151,479;151,481;150,483;151,484;151,486;151,488;150,491;150,493;150,495;150,497;150,498;151,501;150,502;151,504;150,506;150,508;151,511
152,0;153,3;152,4;153,6;153,9;153,11;152,13;152,15;152,17;153,19;153,20;153,23;152,25;152,27;152,29;153,31;153,32;152,34;152,37;152,39;152,41;153,43;152,44;152,47;153,49;152,50;153,52;153,54;152,57;152,59;153,61;153,63;153,65;153,66;153,69;152,71;153,73;153,74;153,76;152,78;153,81;152,83;153,84;153,86;152,89;153,91;152,93;153,94;153,96;153,99;152,101;153,103;152,105;152,107;152,108;152,111;152,112;153,114;153,116;153,119;152,120;152,123;152,125;152,126;152,129;153,131;153,132;152,134;153,137;152,139;152,140;152,142;152,145;153,147;153,148;152,151;152,152;153,155;152,157;153,159;152,161;152,163;153,165;152,166;153,168;152,171;153,172;153,174;152,176;152,179;153,180;153,183;153,185;152,187;153,189;153,191;153,193;153,194;153,196;152,199;153,201;153,202;152,204;153,207;152,209;153,210;152,212;153,214;153,216;152,219;152,220;152,223;152,224;153,226;152,229;152,231;152,233;152,235;153,236;152,238;153,240;152,242;152,244;152,247;153,248;153,250;153,252;153,254;153,256;152,259;152,261;153,263;153,264;153,266;153,268;152,270;152,273;153,275;152,276;152,279;152,281;153,282;152,285;153,286;153,289;152,291;152,293;153,295;152,296;152,299;153,300;153,303;153,305;152,307;152,309;153,311;153,313;153,314;152,317;153,318;153,321;152,322;153,324;152,327;152,328;152,331;153,332;153,334;152,336;152,338;152,341;153,342;152,344;153,346;153,349;152,350;153,353;153,355;152,356;153,358;153,361;152,363;153,365;153,366;152,368;153,371;153,373;152,375;152,377;152,378;152,381;153,382;152,384;153,387;152,388;152,390;153,392;153,395;153,397;153,398;153,401;152,403;153,404;153,407;153,408;153,411;153,413;152,415;153,417;153,418;152,421;152,422;153,424;153,427;153,429;152,430;152,433;153,434;152,437;153,438;153,441;152,442;152,445;153,446;152,448;153,450;153,452;152,455;152,457;153,458;152,460;152,462;152,465;152,466;153,469;152,470;152,473;152,475;152,477;153,478;153,481;153,483;152,484;152,487;152,489;153,491;152,492;153,495;153,496;152,498;153,500;153,502;153,505;152,507;153,508;153,511
155,0;154,3;155,5;155,7;154,9;155,10;155,12;154,15;154,17;154,19;154,21;154,22;154,25;155,27;154,29;154,30;154,32;154,35;154,36;154,38;155,40;154,42;155,44;154,47;154,49;155,51;154,52;155,54;154,56;154,59;155,61;155,63;155,65;155,66;155,69;155,70;155,73;155,74;155,76;155,79;154,80;154,83;154,85;155,87;154,89;154,90;154,92;155,95;155,97;155,98;155,101;155,102;154,104;155,106;155,109;155,110;154,112;154,114;154,117;155,119;154,121;155,122;155,125;154,126;154,129;154,130;155,132;155,134;155,137;154,138;155,141;154,143;155,145;154,146;155,149;155,150;154,152;155,155;155,156;155,159;155,161;155,163;155,164;155,166;154,169;155,171;154,173;155,174;155,176;154,179;154,181;155,183;155,184;154,186;154,189;154,191;155,193;154,194;154,197;155,198;155,200;154,203;155,204;154,207;155,208;154,211;154,213;155,215;155,216;154,218;154,220;155,222;155,224;154,226;154,228;155,231;154,232;154,235;154,237;154,239;154,240;155,242;154,244;154,246;154,249;155,250;155,253;155,254;154,256;155,258;154,261;154,263;155,264;155,267;154,269;155,270;155,272;155,274;154,277;155,279;155,280;155,282;154,284;155,286;154,288;155,291;154,292;154,295;155,296;155,298;155,301;155,303;155,305;155,306;154,308;155,311;154,313;155,314;154,317;155,319;155,321;155,322;155,324;155,327;154,329;155,330;155,333;154,334;155,337;154,338;154,340;155,342;155,344;154,346;155,348;155,350;155,353;154,354;154,357;154,359;154,360;154,363;155,365;155,366;154,369;155,370;155,372;154,375;154,377;154,378;154,381;155,382;155,384;155,387;154,389;155,391;155,392;155,394;155,397;154,399;154,401;155,402;154,405;154,407;154,409;155,410;154,412;154,415;155,416;154,419;154,421;155,423;154,425;154,427;154,428;155,430;155,432;154,434;155,436;155,438;155,440;155,442;155,445;155,447;154,448;154,451;155,452;154,455;155,456;155,458;154,461;154,463;155,464;155,467;155,469;154,471;155,473;154,474;154,477;155,478;154,481;154,483;155,484;155,486;154,488;155,491;155,493;154,494;154,497;154,499;154,501;154,502;155,505;154,506;154,509;155,510
157,1;156,3;156,5;156,7;157,9;156,11;156,12;156,15;156,17;156,18;157,20;156,22;156,24;157,26;156,29;157,31;157,33;157,35;156,37;157,38;157,40;156,43;156,44;156,47;157,49;157,51;157,52;156,54;157,56;156,59;156,61;157,62;156,64;157,67;157,68;156,70;156,73;156,75;157,76;157,79;156,80;157,83;157,85;156,87;157,89;156,90;157,92;156,94;156,97;156,98;157,100;157,102;156,105;157,106;156,109;156,111;157,113;156,114;156,117;156,118;157,121;157,122;157,125;156,126;156,128;157,131;157,132;156,134;156,137;156,139;156,140;157,143;156,144;156,147;156,149;156,150;157,153;157,154;156,156;157,158;157,161;156,162;157,164;157,166;156,169;156,171;156,173;157,174;157,176;157,178;156,181;157,182;157,184;156,186;156,188;157,190;157,192;156,195;156,197;156,198;156,201;157,203;157,205;157,207;157,208;156,211;157,213;156,214;156,217;157,218;157,221;157,223;157,224;156,226;157,228;156,231;156,232;156,235;156,236;156,239;156,241;156,243;156,244;156,247;156,249;157,251;157,252;156,254;156,256;156,259;157,261;156,262;157,264;157,267;157,269;156,271;157,273;157,275;156,277;157,279;156,281;156,282;157,285;157,286;157,288;157,290;157,292;156,295;157,296;157,298;157,301;157,303;156,304;156,307;157,309;156,311;156,312;156,315;156,317;156,318;156,321;156,323;156,324;156,326;157,328;156,331;156,333;156,335;156,336;157,339;156,340;156,342;157,345;157,346;156,348;156,351;157,352;156,355;157,356;157,358;157,360;156,362;156,365;156,366;157,368;156,370;157,372;156,375;157,377;156,378;156,381;157,382;157,385;156,387;157,389;156,391;157,393;156,395;157,397;157,398;157,401;157,403;156,405;156,406;157,408;156,411;156,412;156,415;156,416;157,418;157,420;156,423;157,425;157,426;157,428;156,430;156,433;157,435;157,437;157,438;156,441;157,442;156,444;156,446;157,449;156,450;156,453;156,455;157,457;156,458;156,461;156,463;157,465;157,466;157,469;157,471;157,472;156,475;157,476;156,478;157,480;156,482;157,484;156,487;156,488;157,491;157,493;156,494;156,497;157,499;157,500;157,503;157,504;156,507;156,508;157,510
159,0;159,3;159,5;159,7;158,9;158,10;159,13;159,14;158,17;159,19;159,21;158,22;159,24;159,27;158,29;159,31;159,32;158,35;159,36;159,38;159,40;159,42;159,44;159,47;159,48;159,51;159,53;158,54;158,57;158,59;159,61;158,63;158,65;158,66;158,69;158,70;159,72;158,74;159,76;158,79;158,80;159,82;158,85;159,86;159,89;159,91;158,92;159,94;159,97;158,99;159,100;159,102;159,104;159,107;159,109;159,110;158,112;158,114;159,117;158,119;158,121;159,123;158,125;158,127;158,129;159,131;159,133;159,135;159,136;159,139;159,141;159,143;159,145;158,146;159,149;159,151;159,152;159,155;159,156;159,158;158,160;158,162;158,165;159,166;159,169;159,171;158,173;158,174;159,177;159,178;159,181;158,183;159,184;158,187;159,188;159,191;159,192;158,195;159,196;158,198;159,201;159,202;159,204;159,206;158,208;159,210;159,213;158,214;159,217;158,218;158,220;159,222;159,225;159,227;158,229;158,230;159,233;158,235;159,236;158,239;159,240;159,242;159,245;158,246;159,248;159,250;158,252;159,255;159,256;158,258;159,260;158,262;158,264;158,266;158,268;159,270;158,273;158,274;158,276;159,278;159,280;159,282;158,284;159,287;159,288;158,290;159,292;159,294;158,296;159,298;159,300;159,302;158,305;158,307;158,309;158,311;159,313;159,314;158,316;158,319;159,320;158,322;158,325;159,327;158,328;158,331;159,332;158,335;158,337;158,339;159,340;158,343;158,345;158,346;159,348;158,351;158,353;159,354;158,357;158,358;158,360;158,363;159,365;159,367;158,369;159,371;158,372;159,375;159,376;159,379;159,381;159,383;159,384;158,386;158,388;158,390;158,392;159,395;158,397;159,399;159,400;159,402;158,404;158,406;158,409;158,411;159,413;158,414;159,416;159,418;158,421;158,423;159,425;158,426;159,429;158,430;158,432;158,434;158,437;159,439;158,440;158,442;158,444;159,446;158,448;158,451;159,453;159,454;159,457;159,459;159,460;158,463;159,464;159,466;159,468;158,470;159,473;159,474;159,476;158,478;159,480;159,482;159,484;158,486;159,488;158,490;158,493;159,495;158,496;158,498;158,501;158,502;159,505;158,507;159,508;159,511
161,0;161,3;161,5;160,6;161,8;161,10;161,12;161,14;160,16;160,18;160,21;160,23;161,24;160,27;161,28;160,31;160,33;161,34;161,36;161,39;160,40;161,43;161,45;161,47;160,49;161,51;160,53;161,54;160,57;161,59;160,60;161,63;160,65;160,66;160,68;160,71;161,72;161,74;161,76;161,79;161,81;160,82;161,85;160,87;161,88;160,91;160,93;161,95;161,96;160,98;160,100;161,103;161,105;161,107;161,108;161,110;160,113;160,114;160,116;160,118;160,121;160,122;160,124;161,127;160,128;161,131;161,132;160,135;160,136;160,139;160,140;160,143;161,144;161,147;161,149;160,151;161,153;160,155;161,156;161,158;161,160;161,162;160,165;161,166;161,168;161,170;160,172;161,175;161,176;160,179;160,181;161,182;160,185;161,187;161,188;160,190;161,192;160,194;160,197;160,198;160,201;161,203;160,205;160,206;161,208;161,210;160,212;161,215;161,216;161,219;161,221;161,222;161,224;160,226;160,228;160,230;160,232;161,235;161,237;160,239;160,241;161,242;161,244;161,247;160,249;160,251;160,252;160,254;161,256;160,259;160,261;161,263;160,265;161,267;161,269;161,270;161,272;161,275;160,277;161,278;161,280;161,283;161,285;160,286;161,289;160,290;161,292;161,295;161,296;160,299;161,300;161,302;161,305;160,307;160,308;161,310;161,313;160,314;161,317;161,318;161,321;161,322;161,324;161,327;160,329;161,331;160,332;161,335;161,337;161,338;161,341;160,342;160,344;160,346;160,348;161,350;160,352;161,354;160,356;161,358;161,361;160,363;161,365;160,367;160,368;160,371;161,373;161,375;160,377;161,379;160,381;161,382;160,384;161,387;160,389;160,391;160,392;160,395;161,397;160,399;161,401;161,402;160,404;161,407;160,409;161,410;161,412;160,414;160,416;160,419;161,421;160,422;161,424;160,427;161,429;161,431;160,432;161,435;161,437;161,438;161,441;160,443;160,445;161,447;160,449;160,450;160,453;161,454;161,457;160,459;161,460;161,463;161,465;160,467;160,468;161,471;160,473;161,474;160,476;160,479;160,480;160,482;160,484;161,486;161,489;161,490;161,493;160,494;161,497;160,499;161,501;161,502;160,504;161,506;161,509;161,510
162,0;162,3;162,4;163,7;163,9;163,10;162,13;163,14;163,16;162,18;163,21;162,23;162,24;163,27;162,29;163,31;162,32;163,35;163,37;163,38;162,41;162,43;162,44;163,47;163,48;163,50;163,53;162,55;163,56;163,58;162,61;162,62;162,65;163,67;162,68;163,70;163,73;162,74;163,77;162,78;163,80;162,82;162,84;162,86;162,88;163,91;163,92;163,95;162,96;163,99;162,101;162,103;163,105;163,106;163,108;162,111;162,112;162,114;162,117;162,118;162,121;163,122;163,125;163,126;162,129;163,130;163,132;162,134;163,136;162,139;163,141;163,142;163,145;163,146;163,149;163,151;163,152;162,154;163,157;163,159;162,160;163,163;162,164;162,167;162,168;162,170;162,173;163,175;163,177;163,179;162,181;162,183;163,185;162,186;162,188;163,191;162,193;162,195;163,196;162,198;162,201;163,203;163,205;163,207;163,209;162,210;163,213;162,215;163,217;162,219;163,220;162,223;163,225;162,226;163,229;162,230;162,233;162,235;163,237;162,239;162,240;162,243;162,245;163,246;163,249;162,251;163,253;162,254;163,256;163,259;163,260;163,262;163,265;163,266;163,268;163,271;162,272;163,275;162,276;162,278;163,280;163,283;162,284;163,286;163,289;162,290;163,293;163,294;163,296;163,298;163,301;162,302;162,304;163,307;162,308;162,311;163,313;163,315;163,317;162,318;162,320;163,323;162,324;163,327;163,329;162,330;163,332;163,334;163,337;162,338;163,340;163,342;162,345;163,347;162,349;163,350;162,352;162,354;163,357;163,359;163,361;162,363;163,364;163,366;163,368;163,371;162,372;163,375;163,377;162,378;162,381;163,382;162,384;163,386;163,388;162,390;163,393;163,394;163,397;163,398;162,400;163,402;163,405;162,407;162,408;162,410;162,413;163,415;163,417;162,418;163,421;162,422;163,424;162,426;162,429;163,431;163,432;162,435;163,437;162,438;163,440;162,442;163,444;163,446;163,449;163,451;163,453;162,455;162,457;163,458;162,461;163,463;163,464;163,466;163,468;162,471;162,472;163,475;163,477;162,479;162,480;163,482;162,484;163,486;163,489;163,490;163,493;162,494;162,497;162,499;163,500;162,502;162,505;162,507;162,508;162,510
164,0;164,2;164,5;165,6;164,9;165,10;165,13;164,15;165,17;165,18;164,21;164,23;165,24;164,26;165,28;165,31;164,32;165,34;165,36;165,38;165,40;165,43;165,44;165,47;165,48;164,50;165,53;165,54;164,57;164,59;165,61;164,63;164,65;165,66;165,69;165,71;164,72;164,75;165,76;165,79;165,81;164,83;164,85;164,87;164,89;165,91;164,93;165,94;165,97;164,98;165,101;165,102;164,104;164,107;164,108;165,111;165,113;165,115;164,116;164,118;165,121;165,123;164,124;164,126;165,128;164,131;165,132;164,134;164,136;165,139;165,141;164,143;165,145;164,146;164,148;164,151;165,152;164,155;164,156;165,159;164,161;165,162;165,165;165,166;165,169;164,170;165,173;165,175;165,177;164,178;164,181;164,183;165,185;164,186;164,188;165,191;164,192;164,195;164,197;165,198;165,201;164,203;164,205;165,206;164,209;164,211;165,213;164,215;165,216;164,218;165,221;164,223;165,224;165,226;165,228;165,231;165,233;165,234;165,237;165,239;165,241;165,242;165,245;164,247;164,248;165,251;164,252;165,254;165,256;165,259;164,261;165,263;164,265;165,266;165,269;164,270;164,273;165,274;165,276;164,278;164,280;165,283;165,285;165,287;164,289;164,291;165,292;165,294;165,297;164,299;165,300;164,303;165,305;164,307;164,309;164,310;165,312;165,315;165,316;164,318;164,321;165,322;164,324;165,327;164,328;164,331;164,333;164,334;165,337;165,339;165,341;164,342;165,344;165,346;165,348;164,350;164,352;164,355;164,356;165,359;165,361;165,363;164,364;164,367;165,368;164,370;164,372;164,374;165,376;164,379;164,381;164,382;164,385;164,387;164,389;164,391;164,393;164,395;164,397;164,398;164,400;164,402;165,404;164,407;165,409;165,410;165,412;165,414;165,417;165,419;164,420;164,422;164,425;165,427;164,428;165,431;164,432;164,434;164,436;164,439;164,440;165,442;164,444;165,447;165,449;164,451;165,453;164,455;164,457;164,458;164,460;165,462;164,465;164,466;165,468;165,471;164,472;164,474;164,477;164,479;165,480;164,483;165,484;164,486;165,489;164,491;165,493;165,495;165,496;164,498;165,500;165,503;165,504;165,506;164,509;165,510
167,0;167,2;167,5;167,7;167,8;167,10;167,12;166,15;167,16;167,19;167,21;167,23;166,25;166,27;166,29;167,31;167,33;167,35;166,37;167,38;167,41;166,43;167,44;166,47;166,49;167,51;167,52;166,55;167,56;167,59;167,61;167,63;167,65;167,66;166,69;166,70;166,72;167,75;166,76;167,79;167,81;167,83;167,84;167,87;167,89;167,90;167,92;166,94;166,97;167,99;167,101;166,102;166,104;167,107;167,109;166,111;166,113;167,115;166,116;167,119;166,121;166,122;167,124;166,127;167,129;166,130;166,132;167,134;167,136;167,138;166,140;167,142;167,145;166,146;167,148;166,150;167,152;166,155;166,157;166,159;167,160;167,162;167,165;167,167;167,168;167,171;167,173;167,174;166,176;167,178;167,180;167,182;167,185;166,186;166,188;166,190;167,193;167,195;167,197;167,199;166,201;167,202;166,205;166,206;166,208;166,210;166,212;167,214;166,216;167,218;167,220;167,223;167,224;167,227;167,228;167,231;166,232;166,234;166,236;167,239;166,240;167,242;166,245;166,246;167,248;167,251;167,252;167,254;166,257;166,258;166,261;167,263;167,264;167,266;167,269;166,271;166,272;166,274;167,277;166,278;167,280;166,283;166,285;166,287;166,289;167,290;167,292;167,294;167,297;167,299;166,301;166,302;166,304;166,307;167,308;167,311;166,312;167,315;166,316;167,319;166,320;167,323;167,325;166,326;166,329;166,331;166,333;166,334;166,336;167,339;166,341;167,342;166,344;167,347;167,348;167,351;167,353;167,354;166,356;167,359;167,361;167,363;167,365;167,366;166,368;167,371;167,372;166,374;166,377;167,378;167,380;167,382;166,385;166,386;166,388;167,390;166,393;166,394;167,396;166,399;167,401;167,402;166,404;166,406;166,408;167,410;167,412;166,415;166,417;167,418;166,421;166,422;166,425;166,426;166,428;166,430;166,432;167,434;166,436;167,439;167,440;166,442;167,444;167,447;166,449;167,451;166,452;167,454;167,457;167,458;166,461;166,462;166,464;167,467;166,468;167,470;166,472;166,475;167,477;167,478;167,481;167,482;167,485;166,486;167,489;166,490;166,493;166,495;166,496;166,499;166,500;166,503;166,504;167,506;166,508;166,510
169,0;169,2;169,4;169,6;169,9;169,10;169,12;169,14;168,17;168,19;169,20;169,22;168,24;168,26;169,28;169,31;168,32;169,35;169,36;168,38;168,41;169,43;168,45;168,46;169,49;169,50;168,53;169,55;168,57;168,59;169,61;169,62;169,65;169,66;168,69;168,70;169,73;169,74;168,76;169,79;169,80;168,82;169,84;169,87;168,89;168,90;169,92;168,94;169,97;168,98;168,100;169,102;168,104;169,106;168,109;169,110;168,113;168,114;169,116;168,119;169,121;168,123;168,125;169,127;169,129;168,131;168,133;169,134;168,136;169,138;168,140;168,143;168,144;169,147;168,148;169,151;169,153;168,154;168,157;168,158;168,160;168,162;168,165;169,167;168,169;169,171;168,172;168,175;168,176;169,178;169,181;169,183;169,184;168,187;169,189;169,191;168,193;168,195;168,196;169,198;168,201;169,202;168,205;169,206;168,208;168,210;168,212;168,214;168,216;169,219;169,220;168,223;168,224;169,226;168,229;169,230;169,233;168,235;169,237;169,238;168,240;168,242;168,244;168,247;168,248;168,251;168,252;169,254;169,256;168,259;168,260;168,262;168,265;168,267;169,269;168,270;169,273;169,275;169,277;168,278;169,280;169,283;169,284;168,286;169,289;169,290;168,293;168,294;169,297;168,298;168,301;169,303;168,305;169,306;169,308;168,310;169,313;169,314;169,317;169,319;168,320;168,322;169,325;168,327;169,328;168,331;169,332;169,335;169,336;168,339;169,341;169,342;169,345;169,346;168,349;168,350;169,353;169,354;168,356;168,358;168,361;168,363;168,365;169,366;168,368;169,370;169,372;169,374;169,377;168,378;168,381;168,383;169,385;168,386;169,388;168,391;169,393;168,395;169,396;168,399;168,400;169,402;168,405;168,407;169,409;169,411;169,413;168,414;169,416;168,418;168,421;169,422;169,424;169,427;169,429;168,430;169,432;168,435;168,437;169,438;168,441;168,443;169,445;169,446;169,449;169,450;169,452;169,454;168,456;168,459;168,461;168,463;169,464;169,467;169,468;169,471;168,473;169,475;168,476;169,479;168,481;169,482;168,484;169,486;168,488;168,491;169,492;169,494;169,496;168,498;168,500;169,503;168,505;169,506;168,508;168,510
171,0;170,2;170,4;170,7;171,9;170,10;170,13;170,15;170,16;170,18;170,21;171,23;170,25;171,26;171,28;171,31;170,33;171,34;171,36;171,39;170,40;171,42;170,44;170,46;170,49;170,51;170,53;171,54;171,56;171,59;171,61;170,63;171,65;171,66;170,69;171,70;170,73;171,74;171,76;171,78;171,80;171,83;171,85;170,87;170,88;170,91;170,93;171,95;171,96;170,98;170,100;170,103;170,105;171,107;170,108;170,110;171,113;171,115;171,117;171,118;171,120;171,122;171,125;171,127;170,129;171,130;170,132;170,134;171,137;171,138;171,141;170,143;170,145;171,147;170,148;171,151;171,152;170,154;171,156;170,158;171,160;170,162;170,165;171,166;170,168;171,170;170,172;171,174;171,176;171,179;171,181;170,183;170,185;171,186;170,189;170,191;171,193;170,194;171,196;171,199;171,200;171,202;171,204;171,207;171,209;171,211;170,213;171,214;170,216;170,219;170,221;171,223;171,224;171,226;170,228;171,231;170,233;170,235;170,237;170,239;170,241;170,243;170,244;170,246;170,248;170,251;170,253;171,255;170,256;171,259;170,260;171,263;171,264;171,267;170,269;171,271;170,273;171,275;171,276;170,278;171,280;170,283;171,285;171,286;171,288;170,291;170,293;170,295;170,296;170,299;171,300;170,302;170,304;171,306;170,309;170,310;171,313;171,315;171,317;171,319;170,321;171,323;170,324;171,326;170,329;170,330;170,333;170,335;171,337;171,338;170,340;170,343;171,344;171,347;171,349;171,351;170,353;171,355;171,356;170,358;170,361;170,362;170,365;170,367;171,369;170,371;170,373;170,374;170,376;170,379;170,380;171,382;171,385;171,386;171,388;171,391;171,393;171,395;170,397;170,398;170,400;170,403;170,404;170,407;170,409;170,410;171,413;171,414;170,417;171,418;171,421;171,423;170,424;170,426;170,429;170,430;170,433;170,435;171,437;170,438;170,441;171,443;170,444;170,447;170,448;170,451;170,452;170,454;170,457;171,459;170,460;171,463;170,464;170,466;171,468;170,470;171,473;171,475;171,476;171,478;170,481;170,483;170,485;170,486;171,488;171,490;171,492;170,495;171,497;170,499;170,500;170,503;170,505;171,506;171,508;170,510
173,0;172,3;173,5;173,7;173,9;172,11;173,13;173,14;173,17;173,19;173,20;173,23;173,25;173,27;173,29;173,30;172,32;172,35;173,36;173,39;172,41;173,43;172,44;172,46;172,48;173,51;172,52;172,54;173,57;172,58;173,61;173,63;172,65;172,67;172,69;172,71;172,73;173,75;172,77;172,78;172,81;172,82;173,84;172,87;173,88;173,90;172,93;173,95;172,96;173,98;173,100;172,103;172,105;173,107;172,108;173,110;172,113;173,115;172,117;172,118;172,120;172,122;172,124;173,126;173,128;172,130;172,132;173,134;172,137;172,138;172,140;172,142;173,145;173,146;172,149;172,151;173,152;172,154;173,156;173,159;172,161;173,163;172,164;172,167;172,168;172,171;173,173;173,174;173,176;172,179;172,180;173,182;173,184;172,186;172,189;173,190;172,193;172,195;173,197;173,199;173,201;172,203;172,204;172,207;172,209;173,211;173,213;172,215;172,216;173,219;172,220;173,223;173,224;173,226;173,228;173,231;172,232;172,234;172,236;173,239;173,241;172,243;172,245;172,246;173,248;172,251;173,252;172,255;172,256;172,259;172,260;173,262;172,264;172,267;172,269;172,270;172,273;173,274;172,276;172,279;172,280;173,283;173,284;173,286;172,288;172,291;172,292;172,295;172,297;172,298;173,300;172,303;173,304;172,307;173,308;173,311;173,312;172,314;172,316;172,319;173,321;172,322;172,325;172,326;172,329;172,331;173,332;172,335;172,336;172,338;173,340;172,342;173,345;172,347;173,349;173,350;173,353;173,354;173,356;172,359;172,360;172,362;173,365;172,366;172,369;172,370;172,372;173,374;172,376;173,378;172,380;172,382;173,385;173,386;173,388;172,390;172,393;172,394;172,396;173,399;172,401;173,403;172,405;172,406;173,408;172,411;173,412;173,414;173,417;173,419;172,420;172,423;172,425;173,427;173,429;173,431;173,432;173,434;172,437;172,438;173,440;172,443;173,445;172,447;173,448;172,451;172,452;173,455;172,457;172,459;172,460;172,462;172,464;172,466;173,468;172,470;172,472;173,475;173,477;173,479;172,481;172,482;172,484;173,487;173,489;172,491;173,493;173,495;173,497;173,498;173,501;172,503;172,504;173,507;172,508;173,510
175,1;174,2;175,5;174,7;175,8;174,10;174,13;174,15;174,16;174,19;175,21;175,22;174,24;174,27;175,29;175,30;175,33;174,35;174,36;174,39;175,40;174,43;175,45;174,46;174,48;174,50;174,53;174,54;174,56;174,59;174,61;175,63;174,65;174,66;175,69;175,71;174,72;174,74;174,76;174,78;175,81;175,82;174,85;175,86;175,89;175,91;175,92;174,94;174,96;174,99;174,100;175,102;175,105;174,107;175,109;175,111;175,113;175,115;175,117;175,118;174,121;174,122;175,125;174,127;175,129;175,130;175,133;174,135;175,137;174,139;174,140;175,143;175,144;175,146;174,148;174,151;175,153;175,154;175,156;174,159;175,161;174,162;174,164;175,167;175,169;175,171;175,173;175,175;174,177;174,179;175,180;174,183;175,185;174,187;175,189;174,191;174,193;175,194;175,197;174,199;174,201;175,202;174,204;175,207;175,208;175,210;175,212;175,215;175,217;174,219;174,220;174,222;175,224;175,226;175,228;175,230;175,232;174,235;174,236;174,239;174,240;175,243;174,244;174,247;175,249;175,250;174,253;174,255;175,256;174,259;175,260;174,262;174,265;175,267;174,269;175,271;174,272;175,274;174,277;175,279;175,281;174,283;174,284;175,287;174,288;174,291;175,292;175,294;174,297;175,299;174,300;175,303;175,304;174,307;175,308;175,311;175,313;174,314;175,316;174,319;174,320;174,322;174,324;174,326;174,329;174,330;175,332;175,334;175,336;175,339;174,341;175,342;174,344;175,347;174,348;174,351;175,353;175,354;175,357;174,358;175,360;175,362;174,364;175,366;174,369;175,371;175,372;175,374;174,377;175,378;175,381;175,382;174,384;175,386;174,389;175,391;175,393;175,394;175,396;175,399;175,401;174,402;174,405;175,406;174,408;175,410;175,413;175,414;175,417;174,418;174,420;175,422;175,424;174,426;174,428;175,430;175,432;175,435;175,436;175,438;174,441;175,443;174,445;174,447;174,448;174,450;174,453;174,455;174,456;175,459;174,460;174,463;174,465;175,467;174,468;175,471;174,472;174,475;174,476;175,478;175,481;174,482;175,484;175,486;175,488;175,490;175,492;174,495;175,497;175,498;174,501;174,502;175,505;174,506;175,508;175,510
177,1;177,2;177,5;177,7;176,9;176,10;177,13;177,14;176,17;177,19;177,20;176,22;177,24;176,27;176,28;177,31;176,33;176,34;177,36;176,39;177,41;176,42;177,45;177,46;177,49;176,51;176,53;177,55;177,56;177,59;177,61;176,63;177,65;176,66;177,68;176,71;177,72;176,75;176,77;177,78;176,80;176,82;176,85;176,87;176,89;176,91;176,92;177,95;176,97;176,98;176,101;177,102;176,105;176,106;177,109;177,111;177,113;177,114;176,116;177,119;177,120;177,123;176,125;177,127;176,128;176,130;177,132;177,135;176,136;177,139;176,141;177,143;176,144;177,146;177,149;177,150;176,152;177,154;176,156;177,158;177,161;176,162;177,164;177,167;177,168;176,170;176,173;176,174;176,176;177,178;177,181;176,182;176,184;177,186;176,189;176,190;177,192;177,194;176,196;177,199;177,201;177,202;176,204;176,206;177,209;177,211;176,212;177,214;177,217;176,219;177,220;176,222;176,224;177,226;177,229;177,230;177,233;177,235;177,237;177,239;176,240;176,243;177,244;177,246;176,249;177,251;176,253;177,255;176,257;176,259;176,261;177,263;176,264;176,267;176,269;176,270;176,273;176,274;176,277;177,279;177,280;176,283;176,285;176,287;177,289;177,291;177,292;176,294;177,297;177,298;177,300;176,302;177,304;176,307;177,308;176,311;176,312;176,315;176,317;176,318;177,321;177,322;176,324;177,326;176,328;177,330;177,332;177,335;177,337;176,338;177,340;177,343;177,344;176,346;176,349;177,351;177,353;177,354;177,357;176,358;176,360;177,362;177,364;177,367;176,369;177,371;176,373;176,374;177,377;177,379;176,381;177,382;176,384;177,387;176,389;176,390;176,392;176,394;177,397;177,398;177,401;176,403;177,405;177,407;176,409;176,411;177,412;176,415;177,416;177,419;177,421;176,423;176,424;176,427;176,428;177,430;177,433;177,435;176,436;177,438;177,441;176,442;176,445;176,446;176,449;177,450;176,453;176,454;177,456;177,458;177,460;176,463;176,464;177,466;176,469;177,471;177,472;177,474;176,476;177,479;177,480;176,482;177,485;177,486;176,488;176,491;176,493;177,495;176,497;177,498;176,501;177,503;177,504;177,507;177,508;177,510
178,0;179,2;178,4;179,7;178,8;178,11;178,12;178,15;178,16;179,18;178,20;178,22;178,25;179,27;179,28;178,31;178,32;178,35;179,37;178,38;178,40;178,42;178,45;179,46;179,48;179,50;178,52;178,55;178,57;178,59;178,60;178,63;178,64;179,67;178,69;179,71;178,72;178,75;178,77;178,78;179,81;179,82;179,84;178,86;178,89;179,90;178,93;179,94;179,96;178,98;179,100;179,102;178,105;179,107;179,109;179,110;178,112;179,114;178,117;178,119;179,121;178,123;178,124;179,126;178,128;179,131;178,132;179,135;178,137;178,138;178,141;178,143;178,145;178,146;178,148;179,151;179,152;179,155;178,157;178,159;178,161;178,163;178,164;178,166;179,168;178,170;179,173;178,175;179,176;179,178;179,181;178,183;179,184;179,187;179,188;178,190;179,193;178,195;179,197;178,198;178,200;178,203;178,205;179,206;178,209;178,210;178,212;178,214;179,217;179,219;179,220;179,222;178,225;179,226;179,228;179,230;179,232;178,235;178,236;179,239;178,241;179,243;178,244;178,247;178,249;179,250;178,253;179,255;179,256;178,259;178,260;178,262;179,265;178,266;178,269;179,270;179,272;179,274;179,277;179,278;179,280;178,282;178,284;178,286;178,288;178,291;179,293;178,294;179,296;178,298;179,301;178,302;178,305;179,307;178,308;179,311;179,312;179,314;178,316;179,318;179,321;178,322;178,324;178,326;179,328;178,331;178,333;179,334;178,336;178,339;178,340;179,343;178,345;179,346;178,349;179,351;179,353;178,354;179,356;178,358;178,360;179,362;178,364;179,367;178,369;178,371;178,372;179,374;179,377;178,379;179,380;179,382;179,385;179,387;179,389;178,390;178,392;178,394;179,397;178,399;179,400;178,402;179,404;178,406;179,408;179,411;178,413;178,415;178,416;178,419;178,421;178,422;178,424;178,426;179,429;179,431;179,432;178,434;179,436;179,439;179,441;179,442;179,445;179,447;179,448;178,450;179,453;178,455;178,457;178,459;178,460;178,463;178,465;178,467;179,469;179,471;179,472;179,474;178,477;179,479;179,481;179,482;179,485;178,486;179,489;178,490;179,492;178,495;179,496;178,498;178,500;178,503;178,505;179,507;178,509;179,510
180,0;180,2;181,5;181,7;181,8;180,10;180,12;180,15;180,17;181,18;180,20;180,23;180,25;181,27;181,28;180,31;180,33;181,34;181,36;181,38;181,40;181,43;181,44;180,46;181,49;181,50;180,52;181,54;180,57;181,59;180,61;181,62;181,65;180,66;181,68;181,70;180,72;181,75;180,76;181,79;181,81;180,83;181,84;181,86;180,88;180,91;180,92;180,95;181,96;180,98;180,100;181,103;180,104;181,107;180,109;180,111;181,112;181,115;180,116;180,119;181,121;180,122;180,124;180,127;181,129;181,130;181,133;181,135;181,136;180,139;181,141;180,143;180,145;180,146;180,149;180,151;181,153;181,154;180,157;181,158;180,160;181,163;181,165;180,167;180,169;181,171;181,173;180,174;181,176;180,178;181,180;181,183;180,185;180,187;181,189;180,191;180,193;180,195;180,197;180,199;180,201;180,202;181,204;181,206;180,209;181,210;180,213;180,215;181,216;181,218;181,221;180,222;180,225;181,226;180,229;181,230;181,232;180,235;181,236;181,239;181,241;180,243;180,244;180,246;181,249;180,251;180,252;180,254;180,256;180,259;181,261;180,262;181,264;181,267;180,268;181,270;180,273;180,274;180,276;181,279;181,281;181,282;181,285;181,287;180,288;180,291;181,293;181,294;180,296;181,299;181,301;181,302;180,305;181,306;181,308;181,311;180,312;180,314;180,316;180,318;180,320;181,322;181,324;180,326;181,329;180,331;181,333;180,334;180,336;180,338;180,341;180,343;181,345;180,347;180,348;180,350;180,353;181,355;180,357;181,358;180,360;180,362;181,365;181,366;180,368;180,371;180,372;180,374;180,377;180,379;181,380;180,382;181,384;180,387;180,388;181,391;180,393;180,394;181,396;181,399;181,401;180,403;181,404;180,407;181,409;181,410;180,413;181,415;181,416;180,418;180,421;181,422;180,425;181,427;180,428;181,430;181,432;180,435;181,437;181,439;181,441;180,442;181,444;181,447;181,449;181,450;181,453;180,455;181,457;180,459;181,460;181,463;180,465;180,467;181,469;181,470;180,472;180,474;181,476;181,479;180,480;181,482;181,484;181,487;181,488;181,491;181,493;180,495;181,497;180,499;180,500;181,502;181,505;180,506;180,508;181,511
182,1;183,3;182,4;183,7;182,9;183,11;182,12;183,14;183,17;182,19;182,21;182,22;182,25;182,26;183,29;182,31;182,32;183,34;182,37;182,38;183,41;182,43;182,45;182,47;182,48;183,51;183,53;183,55;182,56;183,58;183,61;182,63;183,65;182,66;182,68;182,71;182,72;183,75;182,76;182,79;182,80;183,83;183,85;183,87;182,89;182,91;183,92;182,94;183,96;183,99;182,100;183,102;183,105;182,106;183,108;183,111;182,113;182,115;182,116;183,118;182,120;183,123;183,125;183,127;182,128;183,130;182,132;183,135;183,136;182,138;182,141;182,143;182,145;182,147;182,148;183,150;183,152;182,154;182,157;182,158;182,161;182,163;182,164;183,166;183,169;182,171;183,172;183,175;182,177;182,178;183,181;183,182;183,185;183,187;183,188;183,191;183,193;183,195;182,197;183,198;183,201;182,202;182,205;182,207;183,209;183,211;182,213;183,214;183,217;182,219;182,220;183,222;183,225;182,227;182,228;183,231;183,232;183,235;182,236;182,238;182,241;183,242;183,244;182,247;182,249;182,251;182,252;182,255;182,257;183,258;182,260;182,262;182,264;182,267;183,269;182,271;183,273;182,274;183,277;182,278;183,281;183,283;182,285;182,286;183,288;183,291;183,292;182,294;183,297;182,299;182,301;182,303;182,305;183,306;182,309;182,310;183,312;182,315;183,317;182,319;182,321;183,322;183,324;183,327;183,328;183,331;183,332;182,334;183,336;183,338;182,340;182,342;183,345;182,346;182,348;183,351;183,353;182,354;182,356;182,358;182,360;183,363;183,364;183,367;182,369;183,371;183,373;182,374;183,377;182,378;182,381;183,382;183,385;182,386;182,388;183,391;183,393;182,394;183,397;183,399;182,400;182,402;182,405;183,406;182,408;182,410;182,412;183,414;183,417;182,419;183,420;183,422;183,425;182,426;183,429;183,430;183,433;182,434;183,436;183,438;183,440;183,442;183,444;182,447;183,448;183,451;183,452;182,454;182,457;182,459;182,460;182,463;182,464;183,467;182,469;183,471;182,473;183,475;183,476;183,478;182,481;183,483;183,485;183,486;182,488;183,490;182,493;182,494;182,496;183,499;182,501;183,503;183,504;183,507;182,508;182,511
185,0;185,3;185,4;185,7;185,8;185,11;185,13;184,15;185,17;184,19;185,20;185,23;185,24;184,26;184,29;184,30;184,33;185,34;185,37;184,38;184,41;185,43;185,44;185,47;184,48;185,51;185,53;184,54;185,57;184,59;184,61;184,63;184,65;184,66;185,68;184,70;185,72;184,75;185,76;185,78;185,81;185,82;185,85;184,86;184,89;185,91;185,93;184,94;185,96;184,99;184,100;184,103;185,105;185,107;185,108;184,110;184,112;184,115;184,117;185,118;185,121;184,122;184,124;185,127;184,128;185,131;185,133;184,135;184,136;185,138;185,141;184,142;184,145;185,146;185,148;185,151;184,153;184,154;184,157;184,159;184,161;184,163;185,165;184,167;184,168;185,170;185,172;185,175;184,177;185,179;184,181;184,182;185,185;184,187;185,188;185,190;185,193;184,194;185,197;185,198;184,200;184,202;184,204;184,207;184,208;184,210;184,213;184,214;184,216;184,219;185,221;185,223;184,225;184,226;185,229;184,230;185,233;184,235;184,237;185,239;185,240;185,242;184,245;184,247;184,249;185,251;184,252;185,254;185,256;185,258;185,261;185,263;185,264;184,267;184,269;185,270;184,273;184,275;184,276;185,279;184,280;184,282;184,284;184,286;185,289;185,291;184,292;185,295;184,296;184,298;184,301;184,303;185,305;184,307;185,309;184,311;184,312;184,315;184,317;184,319;185,321;185,322;185,324;185,327;184,329;185,331;185,333;185,335;184,336;185,339;185,341;185,342;184,344;184,346;185,348;185,350;185,353;184,354;184,357;184,358;185,360;184,363;184,364;185,367;184,368;185,371;184,373;184,374;185,377;184,379;185,380;185,382;185,385;184,386;184,388;184,391;185,393;184,394;185,397;185,398;185,400;184,402;184,405;184,406;185,409;185,410;184,412;184,415;184,417;185,419;185,420;185,423;185,425;184,426;185,429;185,430;185,433;184,434;185,436;184,438;185,441;184,443;185,444;185,447;185,449;184,451;185,452;184,455;185,457;184,459;185,460;185,462;184,465;185,466;184,468;185,471;185,472;184,475;185,477;184,479;184,481;184,482;184,484;185,486;184,488;185,490;185,493;185,494;185,496;185,498;185,501;184,502;184,505;185,506;184,509;184,510
187,1;186,3;186,4;186,6;186,8;186,10;186,13;187,15;186,16;187,18;187,21;187,23;186,24;186,26;186,28;186,31;187,32;186,35;187,37;186,38;187,41;187,43;186,45;186,47;187,49;186,50;186,53;186,55;187,57;187,58;186,61;186,63;187,65;186,66;186,69;187,71;186,73;187,74;187,76;186,79;187,80;186,83;186,84;186,87;187,89;186,90;186,93;186,94;186,96;186,99;186,100;187,102;187,104;186,107;187,109;186,110;187,113;187,115;187,116;186,119;186,120;187,123;187,124;186,126;186,128;186,131;186,132;186,134;186,136;186,138;186,141;186,143;187,144;186,147;186,148;187,150;186,153;186,155;186,156;186,158;186,160;187,162;187,165;187,166;186,168;186,171;186,173;187,174;187,177;187,179;187,181;186,183;187,184;186,186;187,189;186,191;186,193;187,194;186,197;186,199;187,201;187,203;186,204;186,207;187,208;187,211;186,213;187,214;187,216;186,219;187,220;187,223;186,225;186,226;186,229;187,231;186,232;187,234;186,237;186,238;186,240;187,242;186,244;186,247;187,249;187,250;186,252;186,255;186,256;187,259;187,261;187,262;186,264;187,266;187,268;187,270;186,273;187,274;187,277;186,279;187,281;186,282;187,285;186,287;187,288;186,290;186,292;187,294;187,296;186,299;186,301;186,303;187,304;187,307;186,308;186,310;186,312;187,315;186,316;186,318;186,321;186,323;186,324;187,326;186,329;187,330;187,333;187,335;187,336;187,338;186,340;187,343;187,345;186,347;187,348;187,350;186,352;186,355;187,357;186,358;187,360;186,362;187,365;187,366;187,369;186,371;186,373;187,375;186,376;187,378;187,380;186,382;187,384;187,387;186,389;187,391;186,393;186,395;187,396;186,399;186,401;186,402;186,404;186,407;186,409;186,410;186,413;186,415;186,416;187,418;187,420;186,422;186,424;186,426;187,428;186,431;187,432;187,434;187,437;186,438;186,440;187,443;186,445;186,446;187,448;187,450;186,453;187,455;186,457;187,459;187,461;187,463;186,464;187,466;187,468;187,470;186,472;186,475;187,476;186,479;187,480;186,483;186,484;186,487;187,489;187,490;186,492;186,495;187,497;187,498;187,501;186,503;186,504;187,507;186,509;187,511
189,0;188,3;188,4;188,7;188,8;188,11;188,13;188,15;189,16;189,18;189,21;189,23;189,24;189,26;188,29;189,31;189,32;189,34;189,37;189,39;189,40;188,42;188,45;189,47;189,48;189,51;189,52;188,54;188,57;188,58;189,60;188,63;188,65;188,66;188,69;188,71;189,72;188,74;189,76;188,79;188,80;188,83;188,84;188,86;188,88;188,90;188,93;188,94;189,97;188,99;189,101;189,102;189,104;188,107;188,108;188,110;189,113;188,114;189,116;189,119;189,120;189,122;189,124;189,126;189,128;188,130;188,133;189,134;188,137;188,139;188,140;189,143;188,144;189,147;188,148;188,150;189,152;188,154;188,156;189,159;188,161;189,162;188,165;189,167;188,168;188,171;189,172;188,175;189,177;189,179;188,181;188,183;189,184;188,187;189,188;188,191;188,193;189,194;188,197;188,198;188,200;189,202;189,204;189,206;189,208;188,211;188,212;188,215;188,216;188,218;188,220;188,223;188,225;189,227;188,228;188,231;188,232;188,234;189,236;188,238;189,241;189,242;189,245;188,247;188,248;189,250;188,253;188,254;188,257;188,259;188,260;189,262;189,264;189,266;188,269;188,271;188,272;189,275;189,276;189,278;188,281;189,283;188,285;189,286;189,288;189,290;188,292;189,294;189,297;188,299;189,301;188,303;188,305;189,306;189,309;189,311;188,313;189,315;189,317;189,319;189,320;188,322;188,325;188,326;188,329;189,330;189,332;189,334;189,336;188,339;189,341;188,342;188,344;188,346;189,348;189,350;188,352;189,354;188,357;188,358;188,361;188,362;188,365;188,366;189,368;189,370;189,372;189,374;188,376;188,379;189,380;189,382;188,384;188,387;188,389;188,391;189,393;188,394;188,396;189,398;188,400;188,403;189,405;188,406;189,408;188,411;188,413;188,415;189,417;189,419;189,420;188,423;188,424;188,426;188,428;189,431;189,432;189,435;189,437;189,438;189,441;189,443;188,444;188,447;188,449;188,451;188,453;188,454;188,456;188,459;189,461;188,462;189,464;189,466;188,469;189,471;188,473;189,474;188,476;188,479;188,480;189,483;189,484;189,486;188,489;189,490;188,493;189,494;188,496;189,499;189,501;188,503;189,505;188,506;189,508;188,510
190,1;191,2;190,5;191,6;191,8;190,10;191,12;190,15;190,16;191,18;191,21;190,22;191,25;190,27;191,29;191,30;190,33;191,34;191,37;191,39;191,41;191,42;191,44;191,46;191,49;191,50;190,53;190,54;191,56;191,59;190,61;191,63;190,65;191,66;190,69;190,70;191,72;190,74;190,76;190,79;190,81;191,83;190,84;191,86;190,89;190,90;191,93;191,94;190,96;191,99;191,101;190,103;191,105;190,107;191,108;191,111;190,112;191,115;190,117;190,119;190,120;190,122;191,124;190,126;190,128;191,131;190,132;190,135;191,136;191,138;191,141;191,142;190,145;190,147;190,148;191,151;191,152;190,155;190,157;191,159;191,160;190,163;190,165;191,166;190,168;191,170;190,173;191,175;190,177;191,178;191,181;191,182;190,185;190,186;191,188;191,191;191,192;190,195;191,197;191,198;191,200;190,202;191,204;191,207;191,209;191,211;191,213;191,214;190,216;190,219;191,221;191,223;190,225;191,227;190,229;191,231;191,232;191,235;190,237;190,239;190,241;190,242;190,244;190,246;191,248;191,251;190,252;191,255;191,256;190,259;191,260;190,262;191,265;190,266;191,269;190,271;191,272;191,274;191,277;190,278;191,281;190,283;191,285;190,287;190,289;190,291;191,293;190,294;190,296;190,298;191,300;190,302;191,305;191,306;191,308;191,311;191,312;190,315;191,316;190,318;190,321;190,322;190,324;191,327;191,329;190,331;190,333;190,335;190,336;190,339;190,340;191,343;190,345;191,346;190,348;190,350;191,353;190,355;190,357;190,359;191,361;191,362;190,365;191,367;190,369;191,370;191,373;191,375;191,376;191,379;190,381;190,383;190,384;191,386;190,389;190,390;191,393;190,395;190,397;191,398;191,401;190,402;191,404;190,407;190,409;190,411;191,413;190,415;190,416;191,418;191,420;190,423;191,425;190,427;190,428;191,430;191,433;191,435;190,437;191,438;191,441;191,442;190,444;191,447;191,448;191,451;191,452;190,455;190,457;190,458;190,461;190,463;191,464;190,467;191,469;190,471;190,472;190,475;191,477;191,479;191,481;191,483;191,485;191,486;191,489;191,491;191,492;190,494;191,496;190,498;190,500;191,503;191,505;190,506;190,509;190,511
193,0;192,3;193,5;192,7;193,8;192,10;192,12;192,15;192,16;192,18;193,20;193,22;192,24;192,27;192,29;193,31;193,32;193,35;192,37;192,39;192,40;193,43;192,44;192,46;192,48;193,50;192,52;192,54;192,57;193,58;193,61;192,63;193,65;193,66;193,68;192,71;193,73;193,74;193,77;192,79;192,81;193,83;193,85;192,86;193,89;192,91;193,92;193,94;193,96;193,98;192,101;192,102;193,105;192,106;192,108;193,110;192,112;193,114;193,116;193,119;192,120;192,123;192,125;193,126;193,129;192,131;193,132;193,135;192,137;192,139;193,141;193,143;193,145;193,146;192,148;193,151;193,152;193,155;193,157;192,158;192,160;193,163;192,164;192,167;193,168;192,170;192,173;192,175;192,177;193,178;192,181;192,182;193,185;193,186;193,189;192,190;193,192;193,194;192,196;192,199;192,201;193,202;192,204;193,207;193,209;192,210;193,212;192,214;192,216;193,218;193,220;193,223;192,224;193,227;192,229;192,231;192,233;192,234;193,237;192,238;192,240;192,243;193,245;192,247;192,249;192,251;192,253;192,254;193,256;193,258;192,260;192,262;193,265;193,266;192,268;193,271;192,273;192,274;192,277;193,279;192,280;193,282;193,284;193,286;192,289;193,290;192,292;192,294;192,296;192,298;193,301;192,302;193,304;193,307;193,309;193,310;192,313;193,314;193,316;192,319;192,320;192,323;192,325;193,326;192,328;193,330;193,333;193,335;193,337;193,338;193,340;192,343;192,345;193,347;192,349;193,351;192,353;192,354;192,357;192,358;193,361;193,363;193,365;192,366;193,369;192,370;192,372;193,374;192,376;193,379;193,381;192,383;192,385;193,387;193,388;193,390;193,393;193,394;192,396;193,398;193,401;193,403;192,404;192,407;193,409;193,410;193,412;193,415;193,416;192,418;192,420;192,423;192,425;192,427;192,429;192,431;193,433;193,434;193,437;193,438;192,441;193,442;193,445;193,447;193,449;193,450;193,452;192,454;192,456;193,458;193,461;193,462;193,465;193,467;192,468;193,471;193,472;193,474;193,477;193,479;193,481;192,482;193,484;193,486;193,488;192,490;192,493;193,495;192,497;193,498;193,501;193,503;192,505;192,506;193,509;192,510
195,1;194,2;194,4;194,6;194,8;194,11;195,12;194,15;195,16;194,19;195,21;195,22;195,25;195,26;195,29;195,31;194,32;195,35;194,36;194,39;195,41;194,42;195,44;194,47;194,49;195,50;195,53;195,54;195,57;195,59;194,61;194,63;195,65;194,67;194,69;194,70;194,73;194,74;194,76;194,78;194,80;195,82;195,84;195,86;194,88;194,90;194,92;194,94;195,96;195,99;195,101;194,102;194,104;194,106;195,109;195,111;195,113;195,114;194,116;195,119;194,120;194,123;195,124;195,126;194,128;195,131;195,133;194,134;194,137;195,138;194,140;195,143;194,145;194,146;195,149;195,150;194,153;194,154;195,157;194,159;194,161;195,163;195,164;195,166;195,169;195,170;194,173;194,174;194,177;195,178;194,181;194,183;195,184;194,187;194,189;194,191;194,192;195,195;194,196;194,198;194,201;194,203;194,205;194,207;195,208;195,210;195,212;194,215;195,217;194,218;194,220;195,222;195,224;194,227;194,228;194,231;194,232;195,234;194,237;195,239;195,241;194,242;195,244;195,246;195,248;194,250;195,253;195,255;194,257;194,259;195,260;194,262;195,264;195,267;195,269;195,270;195,273;195,274;194,276;194,279;194,281;194,283;195,284;194,286;195,288;194,290;194,293;194,295;194,297;195,298;194,301;194,303;194,305;195,307;195,309;194,311;195,313;194,315;195,316;194,318;195,321;194,323;194,325;194,327;194,328;194,331;195,332;195,335;195,336;194,339;194,341;195,343;194,344;195,347;195,349;194,350;194,352;194,354;194,357;195,359;194,361;194,363;194,365;194,367;195,369;194,371;194,372;194,374;195,376;195,378;195,380;195,382;195,384;195,387;195,389;194,390;194,393;194,394;194,397;195,399;194,400;194,403;195,405;195,406;194,409;194,411;194,412;195,414;194,417;195,418;194,421;194,423;194,424;195,427;194,429;195,431;195,433;195,435;194,437;195,438;195,441;194,443;194,445;195,446;194,448;194,450;194,453;195,455;195,456;194,458;194,461;194,463;194,464;194,466;195,469;195,471;194,473;195,474;194,477;195,479;194,480;194,483;195,485;195,486;195,488;195,490;194,492;194,495;194,497;195,498;194,501;195,502;195,504;195,507;195,509;194,511
196,0;196,3;197,5;197,7;197,8;197,10;197,12;196,14;197,16;197,19;197,21;197,22;196,25;196,26;197,29;196,30;197,33;196,35;196,37;197,38;197,41;196,43;196,44;197,46;196,49;197,50;197,53;196,54;196,56;197,59;196,61;197,62;196,65;196,66;196,68;196,70;197,73;196,74;196,77;197,79;196,80;197,82;197,85;197,87;196,89;197,90;196,93;196,95;197,96;196,99;197,100;197,102;197,105;197,106;197,108;196,111;196,112;196,114;197,116;196,118;196,120;196,123;196,124;197,127;197,128;197,130;196,133;196,134;197,136;196,138;197,141;196,142;196,144;197,147;197,149;196,150;196,152;196,154;196,156;196,159;196,160;196,163;197,164;196,166;196,168;197,170;196,172;197,174;196,177;197,179;197,181;197,183;196,185;197,187;197,188;196,190;196,193;196,195;196,196;197,199;196,201;197,203;196,205;196,206;196,209;196,210;197,213;197,214;196,217;197,219;197,221;197,222;197,225;196,227;197,229;196,231;197,233;197,235;197,237;196,238;196,241;197,243;196,245;196,247;197,248;197,251;197,253;197,255;196,256;196,259;196,260;197,263;197,264;197,266;196,268;197,270;197,272;196,275;196,277;196,278;197,281;196,283;196,284;196,286;196,288;196,290;196,293;197,294;197,296;196,298;196,300;196,303;196,305;197,307;196,309;197,311;197,312;197,314;197,317;197,319;197,320;196,322;197,324;196,327;196,328;196,330;196,332;196,334;197,336;197,338;197,340;196,343;197,344;197,347;196,348;197,351;196,353;197,354;196,356;196,359;197,360;197,363;197,364;196,366;197,369;196,370;197,373;197,375;197,376;196,379;196,381;196,382;197,385;196,387;197,389;196,391;197,392;197,394;197,397;197,398;197,401;196,403;196,404;196,407;197,409;196,411;196,412;196,414;197,417;197,418;196,421;197,422;196,425;197,426;196,428;196,430;196,432;196,435;197,437;196,439;197,441;197,442;197,445;197,447;196,448;196,450;196,453;196,455;197,457;196,458;197,460;197,462;197,465;196,466;196,469;196,470;197,473;196,475;196,477;196,479;196,481;197,483;196,484;196,487;197,489;197,490;197,492;197,494;197,496;197,498;196,500;196,502;197,505;196,506;196,509;197,511
199,0;199,3;198,4;199,6;199,8;199,10;198,12;199,14;198,16;198,18;198,21;199,22;198,25;199,27;199,29;199,31;199,33;199,34;198,36;198,39;198,40;198,42;199,45;199,47;198,48;198,50;199,52;199,54;199,57;198,59;198,61;198,63;198,65;198,66;199,68;199,70;198,73;198,74;199,76;199,79;199,80;198,83;198,85;198,87;198,89;198,90;198,93;199,94;199,96;199,98;199,101;198,102;198,104;199,106;199,109;199,110;198,113;198,115;199,117;199,118;199,120;198,122;198,125;199,127;198,128;198,130;199,133;199,135;199,136;198,139;199,141;199,142;198,144;199,146;199,148;198,150;198,152;199,154;199,157;199,158;198,160;199,163;198,165;198,166;199,168;199,171;198,172;199,175;198,177;199,179;199,181;198,183;198,185;198,187;199,188;198,190;199,192;198,194;198,197;198,198;198,201;199,202;198,205;199,207;198,209;199,211;199,213;199,215;199,217;199,219;199,221;198,222;199,225;198,227;198,228;199,231;198,232;198,234;199,237;198,239;199,241;198,242;199,244;199,246;199,248;199,250;198,253;199,255;198,256;199,258;199,260;198,262;198,265;199,267;199,269;198,270;199,272;199,275;198,277;198,278;199,281;198,283;199,284;198,286;199,289;199,291;199,293;199,295;199,296;198,299;198,301;199,303;198,305;199,306;198,309;198,311;199,312;199,314;199,316;198,318;199,321;198,322;198,325;199,326;199,328;199,331;199,332;198,334;199,337;199,338;199,341;198,342;198,344;199,346;198,348;199,350;199,353;198,355;198,356;198,359;199,360;199,363;199,364;199,366;198,368;199,371;199,372;199,375;199,377;199,378;199,381;199,382;199,384;198,387;198,388;199,391;198,392;199,394;199,397;198,398;199,400;198,402;199,405;198,406;198,409;198,411;199,413;198,415;199,416;198,419;199,420;199,423;199,425;198,426;199,429;199,431;199,432;198,434;199,436;198,438;199,440;198,443;198,444;199,446;199,448;199,451;198,452;198,454;198,456;199,459;199,461;199,463;199,464;198,466;199,469;199,471;198,472;199,474;198,477;198,479;198,481;198,483;198,485;198,487;198,488;198,491;199,493;198,495;198,496;199,498;198,500;198,503;199,505;199,506;199,508;199,511
200,0;200,2;201,4;200,6;200,8;200,11;201,13;201,15;201,16;201,19;201,21;201,22;201,25;200,27;201,29;200,31;200,33;200,35;200,37;200,38;201,41;200,42;200,45;200,47;201,48;200,51;200,52;201,55;201,56;201,59;200,61;200,62;200,64;200,66;200,68;200,70;201,72;200,74;201,77;201,78;200,81;200,82;200,84;200,86;200,89;201,91;200,92;201,95;200,96;201,98;200,100;201,102;200,105;200,107;200,108;201,110;201,113;200,115;200,117;200,118;201,121;200,123;200,125;200,126;200,129;201,130;201,132;200,135;201,136;200,139;200,141;201,143;200,145;200,147;201,149;200,150;200,153;201,155;200,157;200,159;200,160;200,162;201,165;200,166;201,169;201,170;200,172;200,175;200,177;200,178;201,181;200,182;201,184;200,187;201,188;200,190;200,193;200,195;201,196;200,199;201,201;201,203;201,205;200,206;201,209;201,210;201,212;201,214;201,216;200,218;201,220;201,223;201,225;200,227;201,229;201,231;201,232;200,234;201,237;200,239;200,240;201,242;200,245;200,246;201,249;201,251;201,253;201,254;200,257;201,259;201,260;200,262;200,265;200,266;201,268;201,270;201,272;200,274;200,276;200,278;200,280;200,282;200,285;201,286;200,289;200,291;201,293;201,295;201,297;201,299;201,300;201,303;200,305;200,306;200,309;200,310;200,313;201,314;201,317;201,318;200,320;200,323;201,325;200,327;200,329;201,330;200,333;201,335;201,336;200,339;200,340;201,342;201,345;200,347;201,348;200,351;201,353;201,355;201,356;200,358;201,361;200,362;201,365;201,367;201,369;200,371;201,372;201,374;200,376;200,379;200,381;200,383;201,385;201,386;201,388;200,390;201,392;200,394;201,397;200,398;200,401;201,403;200,405;200,406;200,408;201,410;201,413;200,414;201,416;201,418;200,420;201,423;201,424;200,427;201,428;200,431;200,433;201,434;200,436;201,439;200,441;201,443;200,445;201,447;200,448;201,451;200,452;201,455;201,456;201,459;201,461;200,463;200,464;200,466;201,469;201,471;200,473;201,474;201,476;201,479;201,480;200,483;201,484;200,487;201,489;201,490;201,493;201,495;201,497;200,499;201,500;201,503;201,504;200,507;201,508;201,510
203,0;202,2;203,5;203,7;202,8;202,11;202,13;203,14;202,16;203,19;203,20;203,23;203,24;203,27;203,28;202,30;202,32;202,34;202,36;203,38;203,40;203,42;203,45;202,47;202,48;202,50;202,52;202,54;203,57;202,58;203,61;202,63;203,64;203,66;203,68;202,70;202,73;203,74;202,76;202,78;202,80;203,82;203,84;202,86;202,89;203,90;203,93;203,94;203,96;202,99;203,101;202,103;202,105;202,106;202,109;202,110;202,113;202,114;203,117;203,118;202,121;202,122;203,124;203,127;202,129;203,131;203,132;202,135;202,137;202,139;202,141;202,142;203,144;202,146;203,149;202,151;203,152;202,155;202,156;203,159;203,161;202,163;203,164;203,166;203,168;203,171;203,172;203,175;203,177;203,179;202,180;202,182;202,185;203,187;203,188;203,190;203,193;202,195;202,196;202,198;203,201;203,202;202,204;203,206;203,209;203,211;203,212;202,214;202,216;202,219;203,221;203,222;203,225;203,226;202,228;202,231;203,233;202,234;203,236;203,238;202,241;202,242;203,244;202,247;202,248;203,251;203,253;202,255;202,256;202,259;202,260;203,262;203,265;203,267;202,269;202,270;203,273;203,274;203,276;202,279;203,280;202,282;202,284;203,287;203,288;203,290;203,293;203,295;202,297;202,299;203,300;203,302;202,305;203,306;203,309;203,310;202,313;202,315;203,317;203,318;202,321;202,323;202,324;203,326;202,329;203,330;203,333;202,335;202,336;203,339;202,341;202,342;203,345;202,346;203,349;203,350;202,352;202,355;202,357;203,359;203,361;203,362;203,364;203,367;203,368;203,370;202,373;202,374;202,377;203,378;202,381;203,382;202,384;202,386;202,389;203,390;203,393;203,395;203,396;203,399;202,401;202,403;203,405;203,407;203,409;203,410;202,412;203,415;203,416;203,418;203,421;203,423;202,424;202,427;203,428;202,431;203,432;203,435;203,437;202,438;202,440;202,442;203,444;203,446;202,449;203,451;203,452;202,454;202,456;203,458;203,461;202,463;203,464;203,467;202,469;202,471;202,472;202,474;203,476;202,478;203,481;203,482;203,484;203,487;203,489;202,491;202,492;202,494;203,496;202,498;202,500;203,502;202,504;203,506;203,508;202,510
205,0;205,2;205,4;205,7;204,9;204,10;204,12;204,14;205,17;205,19;204,21;205,23;205,24;205,26;205,28;205,31;205,33;204,35;204,37;204,38;205,40;205,42;205,44;205,47;205,49;204,50;205,53;205,54;204,56;205,59;204,61;205,63;204,65;205,67;204,68;204,71;204,73;205,75;205,76;205,78;205,80;205,83;204,84;204,86;205,89;204,91;205,93;205,94;204,97;205,98;205,100;204,102;204,104;205,107;204,109;205,111;205,113;205,114;204,116;204,118;205,121;204,122;204,125;204,126;204,129;204,130;205,132;204,135;205,137;204,138;204,141;204,142;204,145;205,147;205,149;204,150;205,153;205,154;204,156;205,158;205,160;204,162;205,164;204,166;205,169;204,171;204,172;204,174;205,176;205,178;204,180;204,183;204,184;205,186;205,188;205,191;204,193;205,194;204,196;205,198;205,200;205,202;204,204;205,207;205,208;205,210;204,212;205,214;204,216;204,219;204,221;204,222;204,224;205,226;205,228;205,230;205,232;204,235;205,237;204,238;205,241;205,243;205,244;205,247;205,249;205,250;204,253;205,255;204,257;204,259;204,260;205,262;205,265;205,267;204,268;205,271;204,273;204,274;204,277;204,278;205,280;204,283;205,285;205,287;204,289;204,290;205,293;205,294;205,296;204,299;204,301;204,303;204,304;204,307;205,309;205,310;204,312;205,315;204,317;205,319;204,321;205,322;204,325;204,326;205,328;204,331;205,332;204,334;205,336;204,339;204,340;204,343;204,344;205,347;204,348;205,351;204,352;204,354;205,357;204,359;204,361;205,362;204,365;204,366;205,368;204,370;205,372;204,375;204,377;204,378;205,381;205,382;204,384;205,386;205,389;204,391;204,392;205,394;205,396;204,399;205,401;205,403;205,404;204,407;204,409;205,410;204,413;205,414;205,417;205,419;205,420;205,423;205,424;205,426;205,429;205,431;205,432;205,434;204,436;205,438;205,440;204,442;205,444;205,446;204,448;205,450;205,452;204,454;204,457;205,458;205,460;204,463;204,464;204,466;204,468;204,470;205,473;204,475;205,477;204,479;205,481;204,483;205,485;204,486;205,489;205,490;205,492;205,495;204,496;205,499;204,500;205,502;205,505;205,506;204,509;205,511
207,0;206,2;207,4;206,6;207,8;207,10;206,12;206,14;206,17;206,19;207,20;206,22;206,24;207,26;207,29;206,31;206,33;206,34;206,37;207,39;206,41;207,42;207,44;207,46;207,49;207,50;206,52;207,54;206,56;206,58;206,61;206,63;206,65;206,66;206,68;207,71;207,73;207,74;207,76;207,78;206,80;207,83;206,84;207,86;207,88;206,90;206,93;207,95;206,97;207,98;207,101;207,102;207,104;206,107;206,108;206,111;207,112;206,115;206,116;206,118;207,121;207,122;207,124;206,127;207,128;207,130;206,133;206,134;206,136;207,138;207,140;207,142;206,145;206,147;207,149;207,151;207,153;207,155;207,156;207,158;206,160;207,163;207,165;207,167;206,169;207,171;206,173;207,174;206,177;207,179;206,181;206,183;207,184;207,186;207,188;206,191;207,193;207,194;207,196;206,199;206,200;206,202;207,204;207,206;207,208;206,210;206,212;206,215;207,217;206,218;206,220;207,223;207,225;206,227;206,228;207,230;207,233;206,234;206,236;206,238;207,240;207,242;206,245;206,246;206,249;207,250;207,253;207,254;206,256;206,258;207,260;206,262;207,264;207,266;206,269;206,271;206,272;206,274;206,276;206,279;207,280;207,283;207,285;207,286;206,289;206,290;206,292;207,294;206,296;207,298;207,301;207,302;206,305;207,307;206,308;206,311;207,313;206,315;206,317;206,318;207,320;206,323;206,325;207,327;207,328;206,330;207,332;207,335;207,336;206,338;207,340;206,342;206,344;206,347;206,348;207,350;207,353;207,354;206,357;207,358;206,360;207,363;206,364;206,367;207,368;207,371;207,372;207,375;207,376;207,379;206,381;206,382;206,385;207,386;207,388;207,391;206,393;206,394;206,397;207,399;207,401;206,403;207,404;207,406;207,408;207,411;207,413;206,415;207,417;207,418;207,420;207,422;207,425;206,427;206,429;207,430;207,432;207,435;206,436;206,438;206,440;207,442;207,444;206,447;206,448;206,450;207,452;207,454;206,457;206,459;206,461;206,462;207,464;207,466;207,469;206,471;206,473;207,474;207,476;206,479;206,480;207,482;207,484;206,486;206,489;207,490;207,492;207,494;206,497;207,498;206,501;207,502;207,505;207,507;206,509;207,511
208,0;209,2;208,4;208,7;208,8;209,11;208,13;208,15;209,17;208,19;209,21;209,22;208,24;208,27;208,28;209,31;209,32;209,35;209,36;208,39;209,40;208,43;208,44;208,47;208,48;208,50;208,52;209,55;208,57;208,59;208,61;209,63;209,65;209,67;208,68;208,71;209,72;209,74;209,77;209,78;209,80;209,83;209,85;208,86;208,89;209,91;209,93;208,94;208,97;209,98;209,100;208,103;208,104;208,106;209,109;208,111;208,112;208,114;208,116;209,118;208,120;209,123;209,125;208,126;209,128;209,130;209,132;208,135;209,137;208,138;209,141;209,143;208,145;209,146;209,148;209,151;208,152;209,154;208,157;208,158;208,160;209,163;208,164;209,167;209,168;208,170;208,173;208,174;208,177;209,178;208,181;208,182;209,184;209,187;209,188;209,191;208,192;208,194;209,197;209,198;208,201;209,203;209,205;208,207;208,209;208,210;209,212;208,214;209,217;209,218;209,220;208,223;209,224;208,226;208,229;208,231;209,232;209,234;208,237;209,239;209,241;209,242;209,244;209,246;208,249;209,250;209,252;209,254;209,256;209,259;208,260;208,262;208,264;208,266;208,269;209,271;209,273;208,275;208,277;208,279;209,281;209,282;209,284;209,287;208,288;208,290;209,293;209,294;209,297;209,298;209,300;209,302;209,305;208,306;209,309;208,310;209,313;209,315;208,316;209,319;208,320;208,322;209,324;209,326;208,328;208,330;209,333;208,334;208,337;208,339;208,340;208,342;208,344;209,346;208,348;209,350;208,352;208,355;209,357;209,358;208,361;209,363;208,364;209,367;208,368;209,371;208,373;208,374;208,377;209,379;209,380;208,382;208,384;209,386;208,389;208,391;208,393;209,394;209,397;209,399;208,401;208,402;208,404;209,407;208,408;208,411;209,413;208,415;209,417;208,418;208,420;208,423;209,425;208,426;208,429;208,431;209,433;209,434;209,437;208,438;208,440;208,443;209,445;208,446;209,448;209,451;209,453;209,455;208,456;209,459;208,460;209,462;209,464;208,467;209,469;209,471;209,473;208,474;209,476;209,478;209,481;208,482;208,485;208,486;208,488;208,490;209,493;209,495;208,496;208,498;209,500;209,503;208,504;208,506;209,509;208,511
211,1;210,3;210,4;210,6;211,9;211,10;210,12;211,15;211,17;210,18;210,21;211,22;211,24;211,27;210,28;210,31;210,33;211,34;210,36;211,39;210,40;210,43;211,44;211,46;211,49;211,51;210,52;210,54;210,56;210,58;211,61;211,63;211,65;211,66;211,68;210,71;211,73;210,74;210,77;210,78;211,81;211,82;211,85;211,87;210,88;211,90;210,93;211,94;210,97;211,98;210,101;211,102;211,105;210,107;211,108;210,111;210,113;210,115;210,116;210,118;210,121;210,123;210,124;210,126;211,128;210,131;211,133;210,135;211,136;210,138;211,141;211,142;210,145;210,147;211,148;211,151;210,152;211,155;211,157;210,158;210,160;211,162;210,165;210,167;211,168;210,171;211,173;210,175;211,177;211,179;210,181;211,182;210,184;210,186;210,188;210,191;210,193;210,194;211,197;211,199;211,200;210,203;211,205;211,206;211,209;210,210;210,213;211,214;211,217;210,219;210,220;211,222;211,225;210,226;211,228;210,231;211,233;211,235;211,236;211,239;211,240;210,242;211,244;210,247;211,249;210,250;211,252;211,254;211,256;211,259;210,260;211,263;210,265;210,266;211,268;210,271;211,273;210,274;210,276;211,279;211,281;211,282;210,285;211,286;210,289;210,291;210,293;211,295;211,297;210,298;211,300;210,302;210,305;211,306;211,308;211,311;211,313;211,315;210,317;211,318;210,321;210,322;210,325;211,326;210,329;211,331;211,333;210,335;211,337;211,339;211,341;210,342;211,344;210,346;210,349;210,351;211,352;211,355;211,357;211,358;210,361;211,362;210,364;210,366;210,368;210,371;211,373;210,374;210,377;210,379;210,381;211,383;211,384;210,386;211,388;210,391;210,393;210,394;210,397;210,399;210,400;211,402;210,404;210,406;211,408;211,411;211,412;210,415;211,416;211,419;211,420;211,423;210,425;211,426;210,429;211,431;211,433;211,434;211,436;211,438;211,441;211,443;210,445;210,446;211,448;211,451;211,452;210,455;211,456;210,459;210,460;210,463;211,464;210,466;210,468;210,471;210,473;210,474;210,477;211,479;211,481;210,482;210,485;210,486;211,488;211,490;210,492;210,494;211,496;211,498;211,501;210,503;210,505;211,506;210,509;210,510
213,0;213,3;212,5;213,6;213,8;212,11;213,13;213,15;212,17;212,19;213,20;213,22;213,24;212,26;213,28;212,30;213,33;212,35;212,37;212,39;212,40;213,43;213,45;212,47;213,49;213,50;213,52;213,54;212,57;213,59;212,60;213,63;213,65;213,67;212,68;212,70;212,72;212,75;212,76;213,78;212,80;212,82;213,85;212,86;212,88;213,91;212,93;213,94;212,96;212,98;213,101;213,102;213,104;212,106;212,109;213,110;213,112;212,115;213,117;212,119;213,120;212,123;213,124;213,126;213,128;212,131;212,133;212,134;212,136;213,138;213,140;212,142;213,145;213,146;212,149;213,150;212,153;212,154;213,157;212,158;213,160;213,163;213,164;213,166;212,168;213,171;213,173;213,175;213,177;212,179;213,181;212,183;213,184;213,187;213,189;212,190;212,192;212,194;213,196;213,199;212,201;213,202;212,205;213,207;213,209;212,211;212,212;213,215;213,216;213,218;213,220;213,223;212,225;212,227;212,228;212,231;213,232;213,234;212,236;212,239;212,240;213,243;212,244;213,247;213,248;213,251;213,252;213,254;213,256;213,259;212,261;212,262;212,264;213,267;213,268;213,270;213,272;213,275;213,277;212,279;213,281;212,282;212,284;213,286;212,289;213,290;212,292;212,295;212,297;213,298;212,301;212,302;213,304;213,307;213,309;212,310;212,313;212,314;213,317;212,318;212,320;212,322;213,325;212,327;212,329;212,331;213,333;212,334;212,337;212,338;213,340;212,342;212,345;213,346;212,349;213,351;213,353;213,354;212,357;212,359;212,361;212,363;213,364;212,366;213,369;212,370;212,373;213,374;212,377;212,379;212,380;213,383;212,385;212,386;213,389;213,391;212,393;212,394;212,396;212,399;212,401;212,403;213,404;213,406;212,409;212,411;212,413;213,414;213,417;213,418;213,421;212,422;212,424;212,427;213,428;213,430;212,432;213,434;213,437;213,439;212,441;213,442;213,445;212,447;212,449;212,450;212,453;212,455;212,456;213,458;213,460;213,462;213,464;213,466;212,469;213,471;213,473;212,474;212,476;213,478;213,481;213,483;213,484;213,487;213,488;213,491;213,492;212,495;213,496;212,499;213,500;213,502;213,505;213,507;212,508;213,511
215,0;214,2;214,5;215,7;215,8;215,10;215,12;214,14;214,16;214,18;214,21;214,22;215,24;214,26;215,29;215,30;215,33;214,34;214,37;214,39;214,40;215,43;214,44;214,47;214,49;214,51;214,53;214,55;214,56;215,59;215,61;215,63;214,65;214,66;215,68;215,70;214,72;215,74;215,77;215,79;215,81;214,82;215,85;215,86;215,89;215,91;214,93;214,94;214,97;214,98;214,101;214,102;214,104;214,106;215,109;214,110;215,113;215,114;214,116;214,119;215,121;214,122;215,125;215,126;214,128;215,130;215,132;215,134;214,136;215,139;215,140;214,142;215,145;214,146;215,148;215,150;215,152;214,154;215,156;214,159;214,160;215,162;214,164;214,166;215,169;215,170;215,173;215,175;214,176;215,178;214,180;214,183;215,184;215,186;215,188;214,190;215,192;214,195;214,197;214,199;214,200;215,202;215,205;215,206;214,209;215,211;215,213;215,215;214,216;214,219;214,220;214,223;214,224;215,227;214,228;214,231;214,232;215,234;215,237;215,239;214,241;214,242;214,245;215,247;215,248;215,251;215,252;214,254;215,257;215,259;215,260;215,263;215,264;215,266;215,268;215,271;215,272;214,275;214,277;214,278;214,280;215,282;214,285;214,286;215,289;215,290;215,293;214,295;215,296;214,299;215,301;215,302;215,305;214,306;214,309;215,310;214,313;214,315;215,317;214,318;215,321;215,322;214,324;214,327;214,329;215,330;214,332;215,334;215,336;214,338;214,340;214,343;215,345;215,347;214,348;215,350;215,352;215,355;214,356;215,358;214,360;214,362;215,364;215,367;215,369;215,370;215,373;215,375;214,377;214,379;215,380;214,382;214,385;214,386;214,389;214,391;214,393;215,395;215,397;215,399;214,401;215,402;215,404;214,406;214,409;214,410;215,412;215,415;215,417;215,419;215,421;215,423;215,424;214,426;215,429;215,430;215,433;214,435;214,436;214,438;215,440;215,443;214,445;214,446;215,449;214,450;214,452;214,454;215,456;214,458;215,461;215,462;215,464;215,467;214,469;215,470;215,473;215,474;214,476;214,479;214,480;215,483;214,484;214,486;215,488;214,491;214,493;215,494;215,496;214,498;215,500;214,503;215,504;215,507;215,508;214,511
217,1;216,3;216,5;216,7;217,9;217,11;217,13;216,15;216,17;217,19;216,21;216,23;217,25;217,26;217,29;216,31;216,32;216,35;216,37;217,38;217,40;216,43;216,45;217,47;216,49;216,50;216,53;216,54;217,57;217,59;216,60;216,63;217,65;216,67;217,68;216,70;217,72;217,75;216,77;217,78;217,80;217,82;217,84;217,86;216,88;216,91;217,92;217,94;216,97;216,99;217,101;217,102;216,104;216,106;216,109;216,111;217,112;216,114;217,117;216,119;217,121;216,123;217,124;216,126;217,128;216,131;217,132;216,134;217,137;217,139;216,141;216,142;216,144;216,146;216,149;216,151;216,153;217,155;217,156;217,159;217,161;216,163;216,165;216,166;217,169;216,170;216,173;216,175;217,176;216,178;216,180;217,183;217,184;217,186;216,189;217,190;217,193;217,194;217,197;217,199;216,201;216,202;217,205;216,206;217,208;217,210;217,213;216,214;217,216;216,218;216,220;217,222;216,225;216,227;216,229;217,230;216,232;216,235;216,237;216,239;216,241;217,243;217,245;216,247;217,248;217,251;217,252;217,254;216,256;216,259;217,260;217,263;216,265;216,266;217,269;216,270;216,272;216,274;217,277;216,279;217,281;216,282;217,284;217,286;217,289;216,291;217,293;217,294;217,296;217,299;217,301;217,302;216,305;216,307;217,309;217,311;216,313;217,315;217,316;217,318;216,320;216,322;217,325;217,326;217,329;216,331;216,333;216,334;217,336;217,338;216,341;216,342;216,344;217,347;217,349;217,351;216,353;216,355;217,356;216,359;217,360;216,363;217,365;217,367;216,369;216,371;216,372;217,375;216,377;216,378;217,381;216,383;216,385;217,386;216,388;217,391;217,392;217,395;216,397;216,399;216,400;216,402;216,405;217,406;216,409;216,411;216,412;216,414;217,416;216,419;217,420;216,422;217,425;216,427;217,429;217,430;217,432;217,435;217,437;216,438;217,441;217,442;216,445;216,447;217,449;217,451;216,452;216,454;216,456;216,459;216,461;216,462;216,464;217,467;216,468;216,470;216,472;217,474;216,476;217,479;217,481;216,483;217,485;216,486;216,488;217,491;217,492;216,495;217,496;216,499;216,500;217,503;216,504;217,506;217,508;216,510
219,1;218,2;219,4;219,6;219,9;218,11;219,13;218,15;218,17;218,19;219,21;218,23;218,25;219,26;219,29;218,31;218,32;218,35;218,36;219,38;219,41;219,42;218,45;219,47;218,48;219,50;219,52;219,55;219,57;218,59;218,61;219,63;218,65;219,66;218,68;218,71;218,73;218,74;218,77;218,79;219,80;219,82;218,84;219,87;219,88;218,91;218,93;219,94;219,96;219,98;219,101;218,103;218,105;218,106;218,109;218,111;219,112;218,115;219,117;219,118;218,121;219,123;219,125;219,127;218,129;219,131;219,133;219,134;219,137;219,139;219,140;219,143;218,144;219,146;219,149;219,151;218,153;218,155;219,156;218,159;219,161;218,163;218,165;218,166;218,169;219,170;218,172;219,175;218,176;218,179;219,181;219,182;219,184;219,186;218,189;219,191;219,193;219,194;218,197;218,198;218,200;218,203;218,205;218,206;219,208;218,210;219,213;219,214;219,216;219,219;218,221;218,222;219,225;218,226;218,228;218,231;218,233;219,234;218,236;219,238;219,241;219,242;218,245;219,247;218,248;218,250;218,253;218,255;219,256;219,258;218,260;218,262;218,264;219,266;218,268;218,270;219,273;219,274;218,276;219,279;219,280;218,283;218,285;218,287;218,289;219,290;218,292;219,294;219,297;219,298;219,301;219,302;219,305;218,307;218,308;219,310;219,312;218,314;218,316;218,318;218,321;218,323;218,325;219,327;219,328;219,330;218,332;219,335;218,336;219,338;219,340;218,342;219,344;219,346;219,349;219,351;219,353;219,354;218,357;219,359;218,361;218,363;218,365;218,366;218,369;219,370;218,373;219,375;219,376;218,379;219,380;218,382;218,385;218,386;218,388;218,391;219,392;218,395;218,397;218,399;218,400;219,402;218,405;219,407;218,409;219,410;219,412;219,414;219,417;219,419;219,421;218,422;219,424;218,427;218,429;218,431;219,432;218,434;218,437;218,439;218,440;219,442;219,444;219,447;218,448;218,450;218,452;219,455;218,457;219,459;219,460;219,462;219,465;218,466;218,469;219,470;218,472;218,475;218,476;219,479;218,480;218,483;218,484;219,486;219,488;218,490;218,493;219,494;218,496;218,499;218,500;219,503;218,505;219,507;218,508;219,511
221,0;220,2;220,4;220,6;221,9;221,10;221,13;220,15;220,16;221,18;221,20;220,23;221,25;220,27;221,29;220,30;221,33;221,34;220,37;221,39;221,41;220,42;220,45;220,47;220,48;221,50;220,52;221,55;220,56;220,58;221,61;221,63;220,65;220,66;220,68;221,71;221,73;220,75;221,77;221,79;221,80;220,83;221,85;221,86;221,88;220,90;221,93;221,94;220,97;221,98;221,101;221,102;220,105;220,106;221,109;220,111;221,112;221,115;221,117;221,119;220,121;221,122;220,125;221,126;220,128;221,130;220,133;220,135;220,137;221,139;221,140;220,142;221,145;221,147;220,148;221,150;220,153;221,155;220,157;221,158;220,161;221,163;220,164;220,166;221,169;221,171;221,173;221,175;220,176;220,178;220,181;221,182;220,185;221,186;220,189;221,190;220,193;220,195;221,196;221,198;221,200;220,202;221,205;221,207;220,209;220,211;220,212;221,214;220,217;220,219;220,221;220,222;220,224;220,227;221,229;220,230;220,233;220,234;220,236;220,238;220,240;220,243;220,245;220,247;220,248;221,250;221,253;220,254;220,256;221,259;221,260;220,263;221,265;221,266;221,268;221,270;221,272;220,274;220,276;220,278;220,280;220,283;221,285;221,286;220,289;221,291;220,292;221,294;221,297;221,298;220,300;221,303;221,305;220,306;220,309;221,311;221,312;221,314;220,316;221,318;221,321;220,323;220,324;221,327;221,329;220,330;220,332;220,334;220,336;221,339;221,340;221,343;220,344;220,346;220,348;220,351;220,352;221,354;220,356;220,358;221,360;221,362;220,365;221,366;221,369;220,370;220,372;220,375;221,376;220,378;221,381;220,382;221,385;221,387;220,388;220,391;221,393;220,394;220,397;220,399;221,400;221,402;221,404;220,406;221,409;220,411;221,413;221,414;221,416;221,418;221,420;220,422;220,424;221,427;220,428;220,430;220,432;220,434;220,437;220,439;220,441;221,443;220,444;220,446;221,449;220,450;220,452;220,454;221,456;220,459;220,461;220,462;220,465;221,467;221,469;221,470;221,473;220,475;221,477;220,478;221,480;220,483;220,484;220,486;220,489;220,490;220,492;221,495;220,497;220,498;220,501;221,502;221,505;221,507;221,508;220,511
223,0;223,2;223,4;222,6;223,8;222,11;222,13;223,15;223,17;223,18;223,21;222,22;223,25;223,27;223,28;223,31;222,32;223,34;222,36;223,39;222,40;222,43;223,45;223,47;223,49;222,50;223,53;223,54;222,57;222,58;222,61;223,62;223,65;223,66;223,68;222,71;223,73;222,75;223,77;222,79;223,80;223,82;223,85;222,87;222,88;223,91;223,93;222,94;222,96;223,98;222,101;222,103;223,105;223,106;222,109;223,111;222,112;222,115;223,116;222,119;223,121;223,122;222,124;222,127;222,129;223,130;223,132;222,134;223,137;222,139;223,141;223,143;222,145;223,147;223,149;223,151;222,153;223,154;223,157;223,158;222,160;223,162;222,164;222,167;223,168;222,171;223,172;222,174;223,176;222,178;222,181;223,183;223,184;223,187;222,189;222,190;222,192;223,195;222,196;223,199;223,201;223,202;222,205;222,206;223,209;222,211;223,213;222,214;223,216;223,219;223,220;222,222;222,225;222,227;223,228;223,230;223,233;222,235;223,236;223,238;223,241;223,243;222,245;223,247;222,248;222,251;222,253;222,254;222,256;223,258;223,261;222,262;223,264;223,267;223,269;222,270;223,272;222,275;222,277;222,278;222,280;222,283;222,284;222,287;223,288;223,291;222,293;222,295;223,297;223,298;222,301;223,302;222,304;222,306;222,309;222,311;223,313;223,314;223,316;223,319;223,320;223,323;222,325;223,326;222,328;222,331;222,332;222,335;223,337;223,338;223,341;223,343;222,344;222,347;222,349;223,350;222,352;223,355;222,357;223,358;223,360;223,363;222,364;223,367;222,368;222,370;223,372;222,374;222,376;223,379;223,380;222,383;222,384;223,386;223,389;223,390;222,393;223,394;222,397;222,399;223,401;222,402;222,404;222,407;222,408;223,410;222,412;223,414;223,416;222,419;222,420;222,422;223,425;222,426;223,429;223,431;223,433;222,434;223,437;223,439;222,440;222,443;223,445;222,447;223,448;223,450;222,452;223,455;223,457;223,459;222,461;223,462;223,465;223,466;223,468;223,471;222,473;223,474;223,476;223,478;223,481;222,482;223,484;223,487;223,489;222,491;223,492;223,495;222,497;223,499;222,501;223,503;223,504;223,506;223,508;223,510
224,1;224,2;225,5;225,7;224,8;225,11;224,12;224,14;225,16;224,18;224,20;224,22;224,24;224,26;224,29;225,31;225,32;224,34;225,36;225,38;225,41;225,43;224,45;225,47;225,49;225,50;225,52;225,54;224,56;225,59;224,61;225,62;225,64;225,66;224,68;225,70;224,72;224,74;224,76;224,79;224,81;224,82;225,85;224,86;225,89;224,91;224,93;224,94;224,97;224,99;224,100;224,102;224,105;224,106;224,108;224,111;225,112;224,115;224,117;224,118;225,121;224,122;224,124;224,126;225,129;225,131;224,132;225,134;225,137;224,139;224,141;225,142;225,145;224,146;225,148;225,151;225,152;225,154;224,156;225,158;224,160;224,163;224,165;224,167;225,169;225,171;224,172;225,175;225,176;225,178;224,181;225,183;224,184;225,186;224,188;224,190;224,192;225,195;224,197;225,198;225,201;225,202;224,204;224,206;225,209;225,210;225,212;225,214;225,216;225,218;224,220;225,223;225,225;224,226;224,228;224,231;224,232;225,234;225,237;225,239;225,241;224,243;224,244;225,247;224,249;225,251;224,253;224,254;224,257;225,258;225,260;224,263;225,265;225,267;224,268;225,270;224,273;225,274;224,276;225,278;224,281;225,283;225,285;224,286;224,288;225,291;225,293;224,295;224,296;224,298;225,301;224,303;224,305;225,306;225,309;224,311;225,312;224,314;225,316;225,318;224,321;224,323;225,325;224,327;225,329;224,331;224,332;224,335;225,337;224,338;225,341;224,343;224,344;224,347;224,348;224,350;224,353;224,355;225,356;224,358;225,360;224,362;225,364;225,367;225,369;224,370;225,372;224,375;225,377;224,378;224,381;225,383;225,385;225,386;224,388;224,391;224,392;224,395;224,396;224,399;224,400;225,403;225,405;225,407;225,408;224,411;224,413;225,415;225,417;224,419;225,421;225,422;225,424;224,427;224,428;224,431;224,433;225,434;225,437;225,439;225,440;225,443;225,445;224,447;224,449;224,450;224,452;224,454;225,456;224,458;224,461;225,462;224,465;225,466;225,469;224,470;225,473;224,474;224,477;225,479;225,480;225,483;224,485;224,487;224,488;225,491;224,492;225,494;224,497;225,498;224,501;225,503;225,505;224,507;224,509;224,511
227,0;227,2;227,4;226,6;227,9;226,11;227,13;227,14;226,16;227,19;226,21;226,23;227,25;227,26;226,28;227,30;226,32;226,35;227,37;227,39;227,41;226,42;226,45;227,47;226,49;226,51;226,52;226,55;226,56;226,58;226,61;227,63;226,65;226,66;227,69;226,70;226,73;226,74;226,76;227,78;226,80;227,83;227,85;227,87;226,88;227,90;227,92;226,94;226,97;226,99;227,101;226,102;227,105;226,107;227,109;226,110;226,113;226,115;226,117;227,119;226,121;227,122;227,124;226,127;226,129;226,131;227,132;227,134;227,136;226,139;227,141;227,143;226,144;227,146;226,148;226,150;227,152;227,155;226,157;226,159;226,160;227,163;226,165;227,167;226,168;226,171;227,172;227,174;226,176;227,179;226,180;227,183;227,185;227,186;226,188;226,191;226,193;227,195;226,196;227,198;226,200;227,203;226,204;226,207;227,208;226,210;227,213;226,215;227,217;227,219;226,221;227,222;227,224;226,227;226,229;226,231;226,232;226,234;227,236;226,238;226,241;227,243;227,244;226,246;227,248;227,251;227,252;227,254;226,257;227,259;227,260;226,263;226,264;227,267;226,268;227,271;226,272;227,274;226,276;227,278;226,280;226,282;226,285;227,286;227,288;226,290;227,293;227,294;227,296;227,299;226,300;226,303;227,305;226,307;226,308;227,311;227,312;226,315;227,316;226,319;227,320;227,322;227,324;226,326;226,328;227,330;226,333;227,334;227,337;226,338;226,340;227,342;227,345;226,347;226,348;226,350;226,353;227,355;227,356;226,358;227,361;227,363;227,364;227,366;227,368;226,370;227,373;227,374;227,377;227,379;226,380;227,382;227,384;227,386;226,388;226,390;227,393;227,395;226,396;226,398;227,400;227,402;226,404;226,406;226,408;226,410;226,413;226,414;226,417;227,419;227,421;226,423;226,425;227,427;227,429;226,430;226,432;227,434;226,437;227,439;227,441;227,442;226,445;226,447;226,449;227,451;226,452;227,454;226,456;226,459;227,461;227,463;227,465;227,467;226,468;226,470;226,472;226,474;227,476;227,478;227,481;226,482;227,485;226,486;226,489;226,491;226,492;226,494;227,496;227,498;226,500;226,503;226,505;226,507;227,509;226,511
229,0;228,3;228,5;228,6;229,8;228,10;229,12;228,15;229,16;229,18;228,21;228,22;229,25;229,27;228,28;228,30;228,32;229,35;229,36;229,39;229,40;228,42;228,45;229,46;229,48;229,50;228,52;228,54;229,56;228,58;229,60;228,63;228,65;228,66;228,68;228,71;228,72;228,75;229,76;228,78;228,81;228,82;228,85;229,86;228,89;228,90;228,93;228,94;229,97;228,98;228,101;228,102;229,104;229,106;228,109;228,110;229,112;229,115;229,117;229,118;228,121;229,122;229,124;228,126;229,128;228,131;229,132;228,134;228,136;228,139;229,140;228,142;228,145;229,146;228,148;229,150;229,152;228,154;229,157;228,158;229,161;228,162;229,164;229,167;229,169;229,170;229,173;229,174;229,177;228,179;229,181;229,183;228,185;228,186;228,189;229,190;228,193;229,195;228,196;228,198;229,200;229,203;228,204;228,207;228,208;228,211;228,212;229,214;229,217;228,219;228,221;229,223;229,224;229,227;228,229;228,231;229,232;228,234;228,236;228,238;228,241;229,242;229,245;229,247;229,248;229,251;228,253;229,254;228,256;228,259;228,261;228,262;228,265;228,266;228,268;229,270;229,272;229,274;229,276;229,278;228,280;229,283;229,284;228,286;228,288;229,291;228,292;228,294;228,297;229,298;229,300;228,303;228,304;228,306;228,309;229,310;228,313;229,314;229,316;228,318;229,320;229,322;228,324;228,327;229,328;229,331;229,332;229,334;228,337;228,338;228,341;229,343;229,344;229,346;229,348;229,350;228,353;228,354;228,356;228,359;228,361;229,362;229,364;228,367;228,369;228,370;228,372;228,374;228,377;228,378;229,381;229,382;228,385;229,386;228,389;228,390;228,393;229,394;228,397;228,398;228,400;229,402;228,405;229,407;228,408;229,411;229,413;229,415;228,417;229,418;229,421;229,423;228,425;228,427;228,428;228,431;229,432;229,434;228,437;228,439;228,440;229,443;228,445;229,447;228,449;228,450;228,452;228,454;229,457;229,458;229,461;229,463;228,465;228,466;228,469;228,470;228,473;229,474;229,477;228,478;228,480;229,483;229,484;228,487;229,488;228,491;228,492;228,495;229,497;228,498;228,500;229,503;229,505;228,506;229,508;228,510
231,1;230,3;230,4;230,7;230,8;231,10;230,13;230,15;230,17;231,18;230,21;231,22;231,24;230,26;230,28;231,30;230,32;230,35;231,36;231,38;231,40;230,42;230,44;230,46;231,48;231,51;231,52;230,54;230,57;230,59;230,61;231,63;230,65;231,66;231,68;231,70;230,73;231,74;231,76;230,79;230,80;231,82;231,85;231,86;231,89;230,91;231,92;230,94;230,97;230,98;231,100;231,102;230,105;231,106;231,108;231,110;230,112;231,114;230,116;230,119;230,120;230,122;231,124;231,127;230,128;231,130;230,132;231,135;230,136;230,138;230,141;230,143;231,145;230,146;230,149;231,151;231,153;231,154;230,157;230,158;230,161;230,163;231,164;230,166;231,169;230,171;230,173;231,174;230,177;230,178;230,180;231,183;230,185;230,186;231,188;231,191;230,193;231,194;231,197;230,198;230,200;231,202;231,205;231,206;231,208;230,211;231,212;230,215;231,216;230,218;230,221;231,223;230,225;230,226;231,229;231,230;230,232;231,234;231,236;230,238;230,240;230,243;230,245;231,247;231,249;231,251;231,253;231,255;231,257;230,258;231,261;231,263;230,265;231,267;231,268;230,271;230,272;230,274;230,277;230,278;231,280;231,282;231,285;231,287;231,289;230,290;231,292;230,295;231,296;230,298;230,300;231,302;230,305;231,307;230,308;230,311;231,312;230,314;230,316;230,319;230,321;230,322;230,324;230,326;231,329;231,330;231,332;230,335;231,337;231,339;230,340;231,343;231,345;231,347;230,349;231,350;231,353;231,354;231,356;231,359;230,360;230,362;231,364;230,367;231,369;231,371;231,373;230,375;231,376;230,379;230,380;231,382;231,384;230,387;231,389;230,390;230,392;231,394;231,396;230,398;231,400;231,402;231,404;231,407;231,409;230,411;230,412;231,414;230,417;230,419;230,420;231,422;231,424;231,427;230,429;231,431;230,433;231,435;231,437;230,439;230,441;231,442;230,445;231,447;231,448;230,450;231,452;231,454;230,456;230,458;231,461;231,463;230,464;231,467;230,469;230,470;231,472;230,475;231,476;230,479;231,480;230,482;231,485;230,487;231,488;231,491;230,493;231,494;230,496;231,498;230,500;230,502;231,505;230,506;230,509;231,511
232,0;233,2;232,4;233,7;232,9;232,10;232,13;233,15;232,17;232,18;232,21;232,23;233,24;233,27;233,28;233,30;233,32;233,34;233,37;232,38;233,40;233,42;233,44;232,47;233,48;232,51;232,52;232,55;232,56;232,58;233,61;232,63;232,65;232,66;232,68;232,70;233,72;233,75;233,76;232,78;232,80;233,83;233,84;232,86;232,89;233,90;233,92;232,94;232,97;232,99;233,100;232,102;232,104;232,106;233,108;232,110;232,112;233,115;232,117;232,118;233,120;233,122;233,124;233,127;232,129;232,131;232,133;232,134;232,136;232,139;232,141;232,143;232,145;232,147;232,149;233,150;233,153;232,154;232,157;233,158;233,160;233,162;232,164;233,167;232,169;232,170;233,173;232,174;233,177;233,179;233,181;233,182;232,185;232,186;233,188;233,191;232,193;233,195;233,196;233,198;233,200;233,202;232,205;232,206;233,208;232,210;233,212;233,214;232,216;232,218;232,220;233,223;232,225;233,226;232,228;232,231;232,233;233,234;232,236;232,238;232,240;233,242;232,244;232,246;232,249;232,250;232,252;233,254;232,257;233,258;232,260;232,263;232,265;233,266;233,268;232,270;232,272;233,274;233,277;233,278;232,280;233,282;233,284;232,286;232,289;232,290;233,293;233,295;232,296;232,298;233,300;232,302;232,305;233,306;232,308;232,311;232,312;233,314;233,317;233,319;233,320;233,323;232,324;233,326;232,328;232,330;233,332;233,335;233,336;233,339;232,341;233,343;233,344;232,347;232,349;233,351;232,352;233,354;233,356;233,359;232,361;232,363;232,365;233,366;232,368;233,370;232,373;232,375;233,376;232,378;233,380;232,383;232,385;233,386;232,389;233,390;232,392;233,395;233,396;232,399;233,401;233,402;232,404;232,406;232,409;233,411;232,412;233,414;232,416;232,419;233,420;232,422;233,424;232,426;233,429;232,431;233,433;232,434;232,437;232,438;233,440;232,443;233,444;233,446;232,449;233,451;233,453;232,454;233,456;233,458;233,460;232,462;232,464;233,466;232,469;233,470;233,472;233,475;233,476;233,478;232,481;233,483;232,484;233,486;232,488;232,490;233,492;233,495;233,497;232,499;232,501;232,503;233,504;232,506;233,509;232,511
234,0;235,3;234,4;235,6;235,9;234,10;234,13;235,15;235,17;234,18;234,21;235,23;235,24;235,27;234,29;235,30;234,33;235,34;234,37;234,39;234,40;234,43;235,44;235,46;234,48;234,50;234,52;235,54;234,57;235,59;235,61;235,62;235,65;235,66;235,68;234,71;235,72;234,75;234,76;235,79;234,80;235,82;235,84;234,87;235,89;234,91;235,92;235,94;234,96;234,99;235,101;235,102;235,104;235,106;234,109;235,111;234,112;235,115;234,117;234,118;234,121;234,123;234,124;235,127;234,128;234,130;234,132;234,134;235,136;234,138;235,140;235,143;235,144;234,147;235,149;234,151;235,153;235,154;234,156;234,158;234,160;234,163;234,164;235,167;235,168;235,171;234,172;235,175;235,176;234,179;235,181;235,183;234,184;235,187;234,189;234,191;235,193;235,194;235,196;235,198;234,201;235,203;235,204;235,206;234,209;234,210;234,212;235,215;234,216;235,219;234,221;234,223;235,225;234,226;235,228;234,231;234,232;235,235;234,236;235,239;235,240;234,242;234,244;234,246;234,249;235,250;235,252;234,254;235,256;235,259;234,260;235,263;235,264;234,267;235,269;235,271;234,272;234,274;234,277;234,278;235,281;235,283;234,284;234,287;234,288;234,290;234,293;235,295;234,297;235,298;235,301;235,303;235,304;235,307;234,308;234,310;235,313;235,314;234,316;235,319;234,321;235,323;234,324;234,326;235,328;235,330;234,333;235,335;235,337;235,339;235,341;234,342;234,344;234,346;234,348;235,351;234,352;235,355;235,357;234,358;235,360;234,362;234,364;234,366;235,368;235,371;234,373;234,375;235,376;235,378;235,381;234,383;235,384;235,386;234,388;234,391;234,393;235,395;235,396;235,399;234,400;234,403;234,405;235,407;235,409;235,411;235,412;235,415;234,417;234,418;234,420;234,422;234,424;234,427;235,428;234,431;234,432;235,435;235,436;235,438;234,440;234,442;235,445;235,447;234,448;234,450;234,453;235,454;234,457;235,458;235,461;234,463;235,465;235,467;235,468;234,471;234,472;234,474;235,476;234,479;235,480;235,482;234,484;235,487;235,489;235,491;235,492;234,494;235,496;235,498;234,501;235,503;235,505;234,507;234,508;235,510
236,0;236,3;237,5;237,6;237,8;237,11;236,12;237,14;237,17;237,19;236,21;236,22;237,25;237,26;236,29;236,31;236,32;237,35;236,37;236,38;236,41;236,42;236,45;236,46;237,48;236,50;236,53;236,55;237,56;236,59;237,60;236,62;236,65;237,66;237,68;236,71;236,73;236,74;236,77;236,78;236,81;236,82;236,84;236,86;237,89;237,90;237,93;236,94;237,96;236,98;236,101;236,103;237,105;236,107;236,108;236,110;236,112;236,115;236,117;236,119;237,120;236,122;236,124;237,127;236,128;237,130;236,132;236,135;236,136;237,138;237,140;236,143;237,144;236,147;237,148;236,151;236,152;237,155;237,156;237,158;236,160;237,163;237,165;237,166;237,168;237,170;236,173;236,174;237,176;237,178;237,181;237,183;237,184;237,186;237,189;237,190;237,193;236,194;237,196;237,198;237,201;237,203;236,205;236,206;236,209;237,210;237,212;237,214;237,216;237,219;236,220;237,223;237,224;237,226;237,228;236,231;236,232;236,234;237,237;236,238;237,240;237,243;236,245;236,247;237,249;236,250;237,252;237,254;236,256;237,258;237,261;236,262;237,265;237,267;237,268;237,271;237,272;237,275;236,277;236,279;237,280;237,283;236,285;237,286;237,288;237,291;236,292;237,295;236,297;236,298;237,301;237,303;236,305;236,307;236,308;236,310;237,312;237,314;236,316;236,318;236,320;236,322;236,324;236,327;236,329;236,330;237,333;237,334;236,337;237,339;237,341;236,343;237,344;236,347;236,349;237,350;237,352;237,355;237,357;237,359;236,361;236,363;236,365;236,366;237,369;237,370;237,372;236,375;237,377;237,379;237,381;236,383;237,384;237,387;237,388;236,390;236,393;236,395;237,397;237,399;237,400;237,403;237,405;236,406;237,409;237,410;236,412;237,415;236,417;237,418;236,421;236,423;236,424;237,427;236,429;237,431;236,433;236,435;237,437;237,438;237,440;237,442;237,444;237,446;236,449;237,451;236,452;236,455;237,457;237,459;237,460;237,463;236,465;236,466;237,468;237,471;237,472;236,475;237,476;237,479;237,480;236,483;236,485;237,487;237,489;236,490;236,492;237,494;236,496;236,499;236,500;236,503;237,505;237,506;236,509;237,511
238,0;239,3;239,5;239,7;238,8;239,10;239,12;239,15;238,17;238,18;239,21;239,23;238,24;238,26;238,29;239,30;239,33;239,35;238,37;239,38;239,41;238,43;238,44;238,47;239,48;238,51;238,53;238,55;238,57;239,59;238,61;239,63;238,64;238,66;238,68;239,71;238,72;239,75;239,76;239,79;238,81;239,82;238,84;239,86;238,88;238,90;239,93;238,95;239,96;238,99;238,101;238,102;238,104;238,107;238,108;239,111;239,112;239,114;238,116;238,119;239,120;239,123;239,124;238,126;239,129;239,130;239,133;238,134;238,137;238,139;238,141;238,142;238,144;238,146;239,148;239,150;238,153;239,154;238,156;238,158;238,161;238,163;239,164;238,166;239,168;238,171;239,172;238,175;239,177;238,178;239,181;238,182;239,185;238,187;238,189;239,191;239,193;239,194;239,196;238,198;239,200;238,202;238,204;239,207;238,209;238,211;238,213;239,215;238,216;238,219;239,221;239,223;239,224;238,226;239,228;238,231;239,233;238,235;238,237;238,238;239,240;238,242;239,244;239,247;239,248;238,251;238,252;238,254;239,256;238,258;238,261;238,263;239,264;238,266;239,269;238,271;238,273;238,275;238,277;239,278;239,280;239,282;238,285;239,287;239,289;239,291;239,293;238,295;238,296;238,299;239,300;239,303;239,304;238,307;239,308;239,310;239,313;238,315;238,317;239,319;239,320;239,322;238,324;238,326;238,328;238,330;239,332;239,335;239,336;239,338;238,341;238,343;239,344;239,346;238,349;239,351;239,353;238,355;238,356;239,358;238,361;239,362;238,365;238,366;239,369;238,370;238,372;239,374;239,377;238,378;238,381;239,382;239,384;238,386;239,388;239,390;238,393;238,395;238,397;239,399;238,401;239,403;238,405;238,406;239,408;238,411;238,413;238,414;239,417;239,418;239,421;238,422;238,425;238,427;238,428;238,431;238,432;238,434;239,437;238,438;238,440;238,442;238,444;238,447;238,448;238,451;238,452;238,454;238,457;238,459;239,461;239,462;238,464;239,467;239,468;239,471;239,473;238,475;239,476;238,479;239,481;238,482;238,484;238,487;238,488;238,491;238,492;239,494;239,496;238,499;238,501;239,503;239,504;239,506;239,508;238,511
240,0;241,2;241,5;240,7;240,9;241,10;241,13;240,15;241,16;240,19;241,21;240,23;241,24;241,27;240,29;241,30;240,32;241,35;240,37;241,39;241,41;241,43;241,45;241,47;241,48;241,51;241,52;240,54;241,56;240,59;240,61;241,63;240,65;240,66;240,69;241,70;241,73;241,74;241,76;241,79;241,80;240,83;240,85;240,87;241,88;241,91;240,93;240,95;240,97;241,98;240,101;241,103;240,104;240,107;241,109;241,111;240,112;240,115;241,116;241,118;241,121;241,122;241,124;241,127;241,129;241,130;241,132;240,135;240,137;241,139;240,140;240,143;241,145;241,147;241,148;240,150;240,152;240,155;240,156;240,158;240,161;241,163;240,164;240,167;241,169;240,171;240,172;241,175;241,177;240,178;240,180;240,183;241,184;240,187;241,188;241,190;240,193;240,194;240,196;240,198;241,200;240,202;240,205;240,206;241,208;240,211;241,213;241,214;241,216;241,218;241,220;241,223;241,225;241,226;240,229;240,231;240,232;240,234;240,236;241,239;241,241;241,242;240,245;241,246;241,249;241,250;241,252;241,254;241,257;241,259;241,260;240,262;241,264;240,267;240,269;241,270;240,272;241,274;240,277;240,279;241,280;241,283;240,284;240,287;241,288;241,290;241,293;240,295;240,297;241,298;240,301;241,302;240,305;240,306;240,309;240,311;240,313;241,315;240,316;241,319;240,321;240,322;240,324;241,326;241,329;241,331;241,333;240,334;241,336;240,338;241,340;241,343;241,345;240,346;241,349;240,351;241,353;240,355;240,356;240,358;240,361;240,363;241,364;241,367;240,368;240,370;240,373;240,374;241,376;241,379;240,381;240,382;241,384;241,387;240,388;240,390;241,393;241,394;240,396;241,398;240,401;241,403;240,404;241,407;240,408;241,411;240,413;240,414;240,416;240,418;241,421;241,422;241,424;240,427;240,428;240,431;241,433;241,435;240,436;241,438;240,440;241,443;241,444;241,446;240,449;241,450;240,452;241,455;240,457;240,458;240,460;240,462;240,465;241,467;240,468;240,470;240,473;240,474;240,477;240,478;241,480;241,483;240,484;241,487;240,488;240,491;240,493;241,495;240,496;241,499;241,500;241,502;240,505;241,506;240,509;240,510
242,1;243,3;243,4;243,7;242,8;243,11;243,13;243,14;242,17;242,18;243,20;242,22;242,24;242,26;243,28;242,30;243,33;242,34;243,37;243,39;243,40;243,42;243,44;242,47;242,48;243,50;242,52;242,54;243,57;242,59;243,61;243,63;243,64;242,67;242,68;242,71;243,73;242,75;242,76;242,78;242,80;242,82;243,84;242,87;242,89;242,90;242,92;242,95;242,97;243,99;243,101;242,102;243,104;242,106;242,109;243,110;243,113;243,115;243,116;242,119;242,121;243,123;242,125;243,126;242,128;242,130;242,132;243,134;242,136;242,138;243,141;243,143;242,145;243,146;243,149;242,151;243,153;243,155;242,157;243,159;242,161;242,162;242,165;243,167;243,168;242,171;242,172;243,175;242,176;242,179;243,181;243,182;243,185;243,187;243,188;243,190;243,192;243,194;242,196;243,199;242,201;243,202;242,205;243,207;242,209;242,210;243,212;243,214;242,216;243,219;242,221;243,223;243,225;243,226;242,228;243,230;243,233;243,235;242,237;243,239;242,240;243,242;243,245;242,247;242,248;243,251;242,252;242,255;242,257;243,259;243,261;242,262;243,265;243,266;242,269;242,270;243,272;243,274;243,276;242,278;242,281;242,282;243,285;243,286;242,289;243,291;242,292;243,294;243,296;242,298;243,300;243,303;243,304;242,306;243,308;243,311;242,312;243,314;243,316;242,318;242,321;243,323;243,324;243,326;243,329;242,330;243,333;243,334;243,337;242,338;242,340;242,343;242,345;242,347;243,348;242,351;242,352;242,354;243,357;243,358;242,361;242,362;243,365;242,367;242,369;242,371;242,373;243,375;243,376;242,378;242,381;243,383;243,385;243,386;243,388;242,391;242,393;243,395;242,396;242,399;243,401;242,403;242,404;243,406;243,409;242,410;242,413;242,414;243,416;242,418;243,421;242,423;242,424;243,426;243,429;242,430;243,433;242,434;242,437;242,438;243,441;242,442;243,445;242,447;243,449;243,450;242,452;243,455;243,457;243,459;242,461;243,463;242,464;243,467;243,469;243,470;242,473;242,474;243,477;243,479;243,480;242,483;243,484;242,486;243,488;242,491;242,492;242,494;242,497;243,498;243,500;243,503;242,504;242,506;243,508;243,511
244,0;244,2;244,4;244,6;244,9;244,10;245,12;245,14;245,16;245,19;244,21;244,22;245,25;244,27;245,29;244,30;244,32;244,35;245,37;244,39;245,41;245,43;244,44;245,47;245,49;244,51;244,53;244,55;244,56;245,58;244,60;244,63;245,65;244,66;245,68;244,71;244,72;245,74;245,77;244,78;244,81;244,83;245,85;244,87;244,89;244,91;244,92;244,94;244,97;245,99;244,100;245,102;244,105;244,107;244,108;245,111;245,113;244,114;244,116;244,119;245,121;245,122;245,125;245,127;244,129;244,131;244,132;245,134;245,136;245,138;244,141;244,142;244,144;244,146;244,149;245,151;245,152;245,155;245,156;244,159;245,161;244,163;245,164;244,166;245,168;245,170;245,173;244,174;245,177;245,178;245,180;245,183;245,184;245,186;244,188;245,191;245,193;245,194;245,196;245,198;245,200;244,202;245,204;245,206;244,209;244,211;244,212;244,214;244,216;245,218;245,220;244,223;244,224;245,227;244,229;245,230;245,233;245,235;244,236;244,238;244,240;244,243;245,245;245,246;244,248;245,250;245,253;245,254;244,257;244,259;245,261;244,262;245,265;245,267;245,268;245,270;244,273;245,275;245,276;245,278;245,281;245,283;245,285;245,286;244,289;245,290;245,293;244,294;245,297;244,299;244,300;245,302;245,305;245,306;245,309;245,310;245,313;245,315;245,316;244,318;244,321;244,323;245,325;244,327;244,329;244,331;245,333;244,334;244,336;244,338;244,341;244,342;245,345;244,346;245,348;244,350;245,352;244,355;245,356;244,359;245,361;244,362;244,364;245,367;245,369;244,370;244,372;245,374;245,376;245,379;244,381;245,382;244,385;244,387;245,388;245,390;244,393;245,394;244,396;244,398;244,400;245,402;245,404;245,406;244,408;244,411;244,412;245,414;244,416;244,419;244,421;245,423;245,424;245,426;245,428;244,430;245,433;244,434;244,437;245,438;245,441;245,442;245,444;245,447;245,449;244,450;244,452;245,455;245,456;244,458;244,460;244,463;245,464;244,467;244,469;244,471;245,473;244,474;244,477;244,478;245,481;244,482;244,484;244,486;244,489;245,491;244,493;244,494;244,497;244,499;245,500;244,503;245,505;244,507;244,508;244,510
247,0;246,2;246,4;247,7;246,9;247,11;246,13;247,15;246,16;246,18;247,21;247,23;246,25;246,26;247,28;246,31;246,33;246,34;246,36;247,39;247,41;247,43;246,44;246,46;246,48;246,50;247,52;246,55;246,56;246,59;247,61;246,62;246,64;246,66;247,68;247,70;247,72;247,75;246,77;247,78;246,80;246,82;246,84;247,86;246,89;247,91;247,92;246,95;247,96;247,99;246,101;246,102;247,105;247,106;246,108;246,110;246,113;246,114;247,116;246,118;247,120;247,123;246,124;246,126;247,128;247,131;247,133;246,135;247,136;246,138;247,141;247,143;246,144;247,147;247,148;246,151;246,153;247,155;247,156;247,158;247,160;246,163;246,164;247,166;246,168;246,171;246,172;246,175;247,176;246,178;246,181;247,182;246,184;246,187;247,189;247,190;247,192;247,195;246,197;246,198;247,200;247,203;247,204;247,206;246,209;246,210;247,212;247,214;246,217;247,219;246,221;246,223;246,224;247,227;247,228;247,231;247,232;247,234;247,236;246,238;246,240;246,242;246,245;246,246;247,249;246,251;246,252;246,255;246,256;247,258;247,261;247,262;247,264;247,267;247,269;246,271;246,273;246,275;247,276;247,278;247,281;246,283;247,284;246,286;247,289;247,290;247,293;247,294;247,297;247,299;246,300;246,302;246,305;246,306;247,309;247,310;247,313;247,315;247,316;247,319;247,320;247,323;247,324;246,327;246,328;247,330;247,333;246,334;247,336;246,338;247,341;247,343;246,344;247,346;246,348;247,351;247,353;246,354;247,356;247,358;247,361;246,363;246,364;247,367;247,368;247,370;247,372;247,374;247,377;247,378;246,380;247,383;246,384;246,386;247,389;246,390;246,392;247,395;246,396;246,399;246,401;247,402;246,405;247,407;246,409;247,410;246,412;247,414;247,417;246,419;246,420;246,422;247,425;246,427;247,428;247,431;246,433;246,435;246,437;247,439;247,440;246,443;246,445;246,447;247,449;247,450;246,453;247,454;247,456;247,459;246,460;247,462;246,464;247,467;247,469;246,471;247,473;246,474;247,476;246,478;246,480;246,482;247,484;246,486;246,489;247,491;247,492;247,495;246,496;246,499;247,500;247,502;247,505;246,506;247,508;246,511
249,1;249,2;249,5;249,7;249,9;248,10;248,13;249,14;249,17;249,19;248,20;248,23;249,24;249,27;248,28;248,30;248,32;249,34;249,37;248,39;248,40;249,42;248,45;248,47;248,48;249,50;248,52;249,54;249,56;248,59;248,61;248,62;249,65;249,66;249,68;248,71;248,73;249,75;249,76;248,79;249,81;248,82;249,84;249,86;249,89;249,90;249,93;248,95;249,97;248,99;248,100;249,103;248,105;248,106;249,108;249,111;248,112;248,114;248,117;249,118;249,120;249,122;248,124;249,126;248,128;248,130;249,132;249,135;248,137;249,139;248,140;249,142;249,145;249,146;248,148;249,151;248,152;249,155;249,156;248,158;249,160;249,162;249,165;248,166;249,169;249,170;249,173;249,175;249,176;249,178;248,181;249,182;248,184;249,187;249,189;248,191;248,193;249,195;248,197;248,198;248,200;248,202;249,204;248,206;249,209;248,211;248,212;248,214;249,216;248,218;249,221;249,223;249,224;248,226;248,228;249,230;249,232;248,234;248,237;249,238;249,241;248,243;249,244;248,246;248,249;249,250;248,252;248,254;248,257;248,258;249,260;248,262;249,264;248,266;248,269;248,271;248,272;248,275;249,277;249,278;248,281;249,282;249,284;249,286;248,289;248,290;248,292;248,295;249,296;249,298;248,301;249,303;248,305;248,307;248,309;249,310;248,313;248,314;248,316;248,319;249,321;248,323;248,324;248,327;249,329;249,330;248,333;249,335;248,336;249,339;248,341;249,342;249,344;248,346;248,349;249,351;249,352;248,354;249,357;249,359;249,361;249,363;248,365;248,367;249,368;249,370;248,372;248,375;248,377;249,379;248,380;249,382;248,384;248,387;249,389;249,390;249,392;249,394;249,397;249,398;249,400;249,402;249,404;248,406;248,409;248,411;249,412;249,415;249,416;248,418;249,421;248,422;249,425;248,427;248,428;248,431;249,433;248,434;248,437;249,438;248,440;248,443;248,445;248,447;249,448;248,450;249,452;248,454;249,456;249,459;249,461;249,463;248,464;248,466;249,469;249,471;249,472;248,475;249,476;249,478;249,481;249,482;249,485;248,487;248,489;249,491;249,492;249,495;249,497;249,499;249,500;249,502;249,505;249,506;249,509;249,511
250,0;251,3;250,5;251,7;250,9;250,11;251,12;251,15;251,17;251,19;251,21;251,23;251,25;250,27;251,28;250,30;251,33;251,35;251,36;251,38;251,41;250,42;250,44;250,46;250,49;250,50;250,52;251,55;251,56;250,58;250,61;251,62;250,65;250,66;250,68;251,70;250,72;250,75;251,76;251,79;250,81;250,82;250,84;250,87;250,88;250,90;250,92;250,95;250,96;250,99;251,100;251,102;251,104;250,106;250,109;251,111;251,112;251,114;250,117;251,119;251,120;251,123;250,124;250,126;251,129;251,131;251,132;251,135;251,136;251,138;251,141;251,142;250,145;251,146;251,148;250,151;251,153;250,155;251,157;251,159;251,161;251,162;250,164;250,167;250,169;251,171;250,172;250,174;251,176;250,179;251,181;250,183;250,185;250,186;251,189;251,190;251,193;251,195;251,197;251,199;250,201;251,203;251,204;251,206;250,208;251,211;250,213;251,214;250,216;251,218;250,220;251,223;250,225;251,226;251,228;250,231;251,232;251,234;251,236;251,238;251,240;251,242;251,244;251,246;250,248;251,251;250,252;251,254;251,257;250,258;251,260;250,263;250,265;250,267;251,268;251,271;250,272;251,274;250,276;251,278;250,281;250,282;251,284;251,287;251,289;251,291;250,293;251,294;251,296;251,298;250,301;250,303;251,305;250,307;251,309;251,310;251,313;251,315;250,316;250,318;250,320;250,322;251,325;251,326;251,329;251,331;250,332;251,335;250,336;250,338;250,341;250,342;251,344;251,347;251,348;250,350;251,352;250,355;250,357;251,358;250,361;251,363;251,365;251,367;250,369;250,371;250,373;250,375;251,377;251,379;251,380;251,383;250,385;250,386;250,388;250,390;251,392;250,394;251,397;250,399;251,400;250,402;250,404;250,407;250,409;251,410;250,413;250,415;251,417;250,418;250,421;250,422;251,425;251,427;251,429;251,430;251,432;250,435;250,436;250,439;250,440;251,443;250,445;251,447;251,449;251,451;251,453;250,454;251,457;251,458;251,460;250,463;250,464;251,467;250,468;251,470;251,473;250,475;250,476;250,478;250,481;250,483;250,484;251,487;250,489;251,491;250,493;250,494;250,496;251,499;250,501;251,502;251,505;250,506;250,509;251,510
252,1;253,2;252,4;252,7;252,9;252,10;252,12;252,14;252,17;252,18;252,21;252,23;253,24;253,27;253,28;252,30;252,32;252,34;252,37;253,39;252,41;252,42;252,44;252,47;253,49;253,50;252,52;253,55;253,57;252,59;252,61;252,62;252,65;252,66;253,68;252,71;252,73;253,75;253,77;252,79;253,80;252,82;252,85;253,87;253,88;252,91;252,93;252,94;253,97;252,98;252,100;252,102;253,105;252,106;252,108;253,110;253,112;252,115;252,117;252,119;253,120;252,122;252,124;253,126;252,129;253,131;252,133;253,135;252,136;253,139;253,140;253,142;253,145;252,146;253,148;253,150;253,153;252,154;252,157;252,159;253,160;252,162;253,165;252,167;253,168;253,171;253,173;253,174;253,177;253,178;253,180;253,182;253,185;252,186;253,188;252,191;253,192;253,195;252,197;252,199;253,201;253,203;253,205;252,206;253,208;253,210;252,212;252,215;252,217;252,218;253,221;252,222;253,224;253,227;252,229;252,231;252,232;253,235;253,236;253,238;252,240;253,243;252,244;253,247;253,248;253,251;252,253;252,255;253,257;253,259;253,261;253,262;252,265;252,266;252,269;252,270;252,272;253,274;253,276;253,278;252,281;252,282;253,285;252,287;252,288;252,291;253,292;253,294;252,296;253,299;252,300;253,302;253,304;253,307;252,308;253,311;252,312;253,315;252,316;253,318;252,321;252,323;252,325;253,327;252,328;253,330;252,332;253,334;253,336;253,338;252,341;252,343;253,344;252,346;253,348;253,351;252,353;252,355;252,357;252,358;253,360;252,363;252,365;252,366;253,369;252,371;252,372;252,374;252,377;253,378;253,381;252,383;252,384;253,386;253,388;252,390;253,392;253,394;253,396;253,398;253,400;253,403;252,404;252,406;253,409;252,411;252,412;252,415;253,416;252,418;252,421;252,422;252,424;253,427;253,428;252,430;253,432;252,434;253,437;252,438;253,440;252,443;252,444;253,446;253,448;252,451;252,453;252,454;253,456;253,458;252,460;252,462;252,464;252,466;253,468;252,471;253,473;252,475;253,476;253,478;253,480;253,483;252,485;252,487;253,489;252,490;253,492;253,494;253,497;253,498;252,501;253,503;252,505;252,506;253,508;253,510
255,1;254,2;255,4;254,6;254,9;254,11;255,13;254,14;255,16;255,19;255,21;254,22;255,25;255,27;254,29;254,31;254,32;254,35;254,37;254,39;254,41;255,43;254,44;255,47;255,48;254,50;255,52;255,55;255,56;254,59;255,61;255,63;255,65;254,66;254,68;255,70;255,73;254,75;254,76;254,79;255,80;255,83;255,85;254,87;255,88;254,91;255,92;254,95;255,97;255,98;255,101;255,102;255,105;254,106;254,109;254,111;254,112;254,115;255,116;254,119;255,120;254,122;254,125;254,126;254,129;254,131;255,133;254,135;255,137;254,139;254,140;255,142;255,144;255,146;254,148;254,151;254,153;254,155;255,156;255,158;255,161;255,162;255,165;255,166;255,169;254,171;254,173;254,175;254,176;254,179;255,181;255,183;254,184;255,186;255,189;255,191;254,193;254,195;255,196;254,198;254,200;254,203;255,205;255,207;255,209;255,210;255,213;255,214;255,217;255,219;254,220;255,223;255,224;255,226;255,229;255,231;254,233;255,234;255,237;254,238;254,240;254,243;255,244;254,247;254,248;255,251;255,252;255,255;255,256;255,259;255,260;254,262;254,264;254,266;255,269;254,271;255,272;254,275;255,277;255,278;254,281;254,282;254,284;255,286;254,288;255,290;254,292;254,294;255,297;254,299;254,301;255,303;255,305;254,307;254,308;254,310;254,313;255,315;254,317;254,318;254,321;254,323;255,325;255,327;255,329;255,330;254,332;255,335;254,336;255,339;254,340;254,342;254,345;255,347;255,348;255,351;254,352;254,355;255,357;255,358;254,360;255,363;254,364;254,367;255,369;255,371;254,373;255,375;254,376;254,379;254,380;255,383;254,384;255,386;254,389;254,390;254,393;254,395;255,397;255,398;255,400;254,402;255,404;255,406;254,408;255,410;255,412;254,415;255,416;254,419;255,420;254,423;255,424;255,427;254,428;255,431;254,432;254,435;254,437;254,439;255,440;254,443;254,445;255,446;254,448;255,450;254,453;255,455;254,457;255,459;255,460;255,463;254,464;254,466;254,468;254,470;255,472;255,474;254,476;254,478;254,480;254,482;254,484;255,486;254,489;254,490;254,492;255,495;255,496;255,498;255,501;255,502;254,504;255,507;255,509;255,510
256,1;257,3;256,4;256,6;256,9;257,11;256,13;256,14;257,17;257,19;257,20;256,22;256,25;257,26;257,28;257,31;257,32;257,35;256,37;257,39;257,41;257,42;257,45;257,47;257,48;256,50;257,53;256,55;257,57;257,58;256,61;257,63;256,65;256,66;257,68;256,71;257,73;256,75;256,76;256,79;257,81;257,82;256,84;256,87;256,88;256,90;257,93;256,95;256,97;256,98;256,101;256,103;257,105;257,106;257,109;257,111;256,112;257,115;257,117;257,119;257,121;257,122;257,124;256,127;256,128;257,130;257,132;257,135;256,136;256,138;257,140;257,142;256,144;257,146;257,148;256,150;257,153;257,154;256,157;256,159;256,161;256,162;257,164;257,166;257,169;256,171;257,172;257,174;257,176;256,179;256,180;257,182;257,185;256,187;256,188;256,191;257,192;257,194;257,197;257,198;256,200;257,203;256,204;257,207;256,209;257,210;257,212;256,215;256,217;256,218;256,220;257,222;257,225;256,226;256,229;256,230;256,233;257,234;257,237;256,238;256,241;257,243;256,244;257,246;256,249;256,251;257,253;257,255;257,257;257,259;256,260;257,262;256,265;257,267;256,269;256,271;257,272;256,274;256,276;256,279;257,280;257,282;257,284;256,286;256,288;257,291;257,292;257,294;257,297;257,299;257,301;256,302;256,305;257,307;256,308;256,310;257,313;257,315;257,316;257,318;256,320;257,323;257,325;257,327;257,328;256,330;257,333;257,334;257,336;256,339;256,341;256,343;257,345;257,346;257,348;256,350;257,353;257,355;256,356;257,358;256,361;256,362;257,365;256,367;257,368;256,370;256,372;256,374;256,376;256,379;257,381;256,382;257,384;256,387;256,388;257,390;257,393;257,394;256,397;256,398;257,401;257,402;257,405;256,407;257,409;257,411;257,412;257,415;257,417;257,418;257,421;256,423;256,424;256,426;256,428;256,431;256,433;256,434;257,437;256,438;256,441;257,443;256,445;257,447;256,448;257,451;256,453;257,454;256,457;257,458;256,460;257,463;256,464;256,467;256,468;256,470;257,472;256,475;256,477;256,478;256,481;256,483;257,484;256,487;257,488;257,490;256,493;256,495;256,497;257,498;257,501;257,503;256,504;256,507;257,508;257,510
258,1;258,3;259,4;259,6;258,8;259,10;258,12;258,14;258,16;259,19;258,20;259,23;259,24;258,27;258,28;259,30;259,32;259,35;259,37;259,38;259,41;259,43;259,45;259,46;259,49;258,50;259,53;259,55;259,57;258,59;258,61;258,62;259,65;259,66;259,68;259,71;259,73;258,75;259,77;259,78;258,80;259,82;258,85;259,86;258,88;259,90;259,93;258,94;259,97;258,99;259,101;259,102;258,104;259,106;258,109;259,110;258,113;258,115;259,116;259,118;259,120;259,123;259,124;259,126;259,129;258,131;258,133;258,134;258,137;258,138;259,140;258,143;259,144;258,147;259,148;259,151;259,152;258,154;259,157;259,159;258,160;258,163;258,164;258,166;259,168;258,170;259,173;259,174;259,177;258,178;258,181;258,182;258,185;258,187;258,188;259,191;259,192;259,195;258,197;258,199;258,200;258,203;259,204;258,207;258,208;258,210;258,213;259,214;259,216;259,218;258,221;258,222;259,224;258,226;259,228;259,230;259,233;259,234;258,237;258,238;258,241;259,242;258,245;259,246;259,248;258,250;259,253;258,254;259,257;258,259;258,261;258,263;258,264;259,267;259,269;259,271;259,273;259,275;258,277;258,279;258,281;258,282;259,284;258,286;259,289;259,291;258,292;259,295;258,297;258,298;259,300;259,303;259,305;259,306;259,309;259,310;258,313;258,314;258,317;258,319;259,320;258,323;258,325;258,327;258,328;258,331;259,332;258,334;259,336;259,339;259,341;258,343;259,344;259,347;258,348;258,351;258,352;259,355;258,356;259,358;259,361;259,362;259,365;258,367;259,369;258,370;259,372;258,374;259,376;259,379;259,381;259,383;259,385;259,386;258,389;258,391;258,393;259,394;258,396;259,398;258,401;258,403;259,404;258,406;258,409;259,410;259,412;259,414;258,416;258,419;259,420;259,422;258,424;258,427;258,429;258,430;259,432;259,435;258,437;259,439;259,441;258,443;259,444;258,446;259,448;258,451;258,453;258,454;258,456;259,458;258,460;258,462;258,465;259,466;259,468;259,470;258,472;258,475;258,476;258,479;259,480;259,482;258,485;259,486;258,488;258,490;258,493;258,495;258,497;258,498;258,501;258,503;259,504;259,507;258,508;259,510
260,1;261,2;260,5;260,6;261,9;260,11;260,12;261,14;260,17;260,19;261,21;261,22;261,24;261,26;261,28;260,30;261,32;261,34;260,37;260,39;261,41;260,43;261,44;261,46;261,48;260,50;261,53;261,54;260,56;260,59;261,60;261,62;260,65;260,66;260,68;260,70;260,72;260,75;261,77;260,78;261,81;260,82;260,85;260,87;260,89;260,90;261,93;260,94;260,97;261,98;261,101;260,102;261,104;261,107;261,108;260,111;261,113;261,115;260,117;260,118;261,120;260,123;260,125;261,127;260,129;260,130;260,133;261,135;261,136;261,138;261,141;261,142;260,144;261,147;260,149;260,150;261,152;260,154;260,156;261,158;260,161;260,162;260,164;260,167;260,169;261,171;260,173;260,175;261,177;260,178;261,180;260,182;260,184;261,187;261,189;261,190;261,193;260,195;261,196;261,198;261,201;261,202;261,204;260,206;260,209;260,210;260,212;261,215;260,216;261,218;261,221;261,223;261,224;260,227;261,229;260,230;260,233;260,235;261,237;261,238;261,240;260,242;260,245;260,246;261,249;260,251;260,252;260,255;261,256;260,258;261,261;260,262;260,265;260,267;261,268;261,271;260,272;261,274;261,276;261,279;260,280;261,282;261,284;260,286;260,289;260,291;260,292;260,295;261,297;260,298;260,300;261,303;261,305;260,307;260,309;260,311;261,313;261,315;261,316;260,318;260,321;260,323;260,324;260,326;261,328;261,330;260,332;261,334;260,336;261,339;260,341;261,343;261,344;261,346;261,349;261,350;260,353;260,354;261,356;261,358;260,360;261,362;261,365;261,366;261,369;260,370;260,372;261,374;260,376;260,379;261,381;260,382;260,385;261,386;261,388;261,390;261,392;260,395;261,396;261,398;260,401;260,403;261,405;261,407;260,409;261,411;260,413;260,415;261,417;261,418;260,421;261,422;261,425;260,426;261,429;261,430;260,433;260,435;260,436;260,439;261,441;261,442;260,445;260,447;261,449;260,451;260,452;261,454;261,457;260,459;260,461;260,462;260,464;261,466;261,468;261,471;260,473;260,474;261,477;260,479;260,480;260,482;261,484;261,486;261,489;261,491;260,493;260,495;260,497;261,499;260,501;261,503;261,505;261,507;261,508;260,511
262,0;263,2;263,4;262,6;262,8;262,11;263,13;263,15;262,16;263,19;263,21;262,23;262,25;262,27;263,29;263,30;262,32;263,34;262,37;263,38;262,40;263,43;263,45;262,47;263,48;262,51;263,52;262,54;263,56;263,58;263,61;263,63;262,65;263,66;262,69;262,70;263,72;262,75;263,76;263,79;262,81;262,83;262,84;262,86;263,89;263,91;262,92;263,94;262,96;263,98;263,101;262,102;262,105;263,106;262,109;263,110;262,113;263,115;262,117;262,119;262,120;263,123;262,125;263,127;263,128;262,131;263,133;263,135;262,136;262,139;263,141;262,143;262,144;262,147;262,148;262,151;263,153;262,155;263,156;262,159;263,161;263,163;263,165;263,166;262,169;263,171;263,172;262,175;263,177;263,179;263,180;262,183;263,184;262,187;262,189;262,190;263,193;262,195;263,196;262,199;262,201;263,202;262,205;262,206;262,209;263,210;262,213;263,214;262,217;262,218;262,220;263,223;262,225;262,226;262,228;263,231;263,232;262,235;263,237;263,238;263,240;262,242;263,244;263,246;262,249;262,250;263,253;262,255;262,256;262,259;263,261;263,263;263,264;262,267;263,269;263,270;263,272;263,275;263,277;262,278;263,281;263,283;262,285;262,287;263,288;262,290;262,293;262,295;263,297;263,299;262,301;263,303;262,305;262,307;262,308;263,311;262,312;262,314;262,316;263,318;263,320;263,322;262,325;263,326;263,329;262,331;263,332;262,334;263,337;262,338;262,341;263,342;262,345;263,347;263,349;262,350;262,353;262,354;263,357;262,358;263,360;263,363;263,365;263,366;262,369;262,371;262,372;263,374;262,377;263,379;263,381;263,383;262,385;262,386;263,388;263,391;262,392;263,394;262,396;262,398;262,401;263,403;263,404;263,407;262,409;263,411;262,412;263,415;262,417;263,419;262,421;262,422;262,424;262,427;263,428;262,431;262,433;262,435;263,436;263,439;263,441;262,443;262,445;262,446;262,449;262,451;263,452;262,454;263,457;263,458;263,460;262,462;262,464;262,466;263,468;263,471;263,472;262,474;263,476;263,478;262,480;262,482;262,484;262,486;263,488;262,490;262,493;263,494;263,496;262,499;263,501;262,502;263,505;262,507;263,508;263,510
265,0;264,3;264,5;264,6;264,8;265,11;264,12;264,14;264,17;264,19;265,20;265,22;265,24;264,27;265,29;265,30;265,32;265,35;264,37;264,38;264,40;265,42;264,44;264,47;265,49;265,51;265,52;264,54;265,57;265,58;264,60;265,63;264,65;264,67;264,69;265,70;265,72;264,74;264,77;264,78;265,81;264,82;264,84;264,86;264,88;264,90;265,92;264,95;265,97;264,98;265,101;264,102;265,105;264,106;265,108;264,110;265,113;264,114;265,117;265,119;264,121;264,123;265,125;265,127;264,129;265,130;265,133;264,134;265,136;265,138;264,140;265,142;264,145;264,147;264,148;264,150;264,153;265,154;264,156;265,159;265,161;264,163;265,164;264,166;264,169;264,170;264,173;264,174;265,176;265,179;265,180;265,182;264,184;264,186;264,188;264,190;264,192;264,195;264,197;264,198;264,200;265,203;264,204;265,207;265,209;265,211;264,212;265,214;264,216;264,218;264,220;264,222;264,225;265,226;265,228;265,231;264,232;265,234;264,237;265,238;264,240;264,242;265,244;264,247;265,248;264,250;265,252;264,254;265,256;265,259;265,261;265,262;265,265;265,267;265,269;264,270;264,272;264,275;265,276;265,279;265,281;265,283;265,284;264,286;265,288;264,290;264,292;264,295;264,296;265,299;265,301;265,302;264,305;265,307;265,309;265,311;265,312;264,314;264,317;265,319;265,320;265,323;265,325;265,326;264,328;264,330;265,333;265,334;265,336;264,339;265,341;264,343;264,345;264,346;265,349;264,350;264,353;265,355;265,356;265,358;265,360;264,363;264,365;265,366;264,368;265,371;265,372;265,374;265,377;265,378;264,381;264,383;265,384;264,386;264,388;265,390;264,392;264,395;265,397;264,398;265,401;265,402;264,404;265,406;264,408;265,411;264,413;264,414;264,416;265,418;264,421;264,422;264,425;264,427;265,428;264,430;264,433;265,435;264,437;265,439;265,441;264,442;265,444;265,446;264,449;264,450;264,453;265,455;264,457;265,458;264,461;264,462;264,464;264,466;264,468;264,470;264,473;265,475;265,477;264,479;264,480;264,483;265,484;264,487;265,488;265,490;265,493;265,495;264,497;264,499;264,500;265,502;265,505;264,506;265,508;265,511
266,0;266,2;266,4;267,7;267,8;267,10;267,12;267,14;266,17;266,18;266,21;267,22;267,25;266,27;266,28;267,30;266,33;266,34;266,37;267,39;266,40;266,42;266,44;266,46;267,48;267,51;266,53;266,55;267,56;266,58;267,61;266,62;266,65;267,67;266,69;266,71;266,73;267,74;267,77;267,79;267,81;267,83;267,84;267,86;266,88;267,90;266,93;266,94;267,96;266,99;267,100;266,103;267,105;267,106;267,108;267,110;266,112;266,115;266,116;267,118;267,120;267,123;267,125;267,127;267,129;267,131;267,133;267,135;266,137;266,139;266,140;267,142;267,144;267,147;267,148;267,150;267,153;266,155;267,156;267,159;266,160;267,162;267,165;267,166;266,168;267,170;267,173;267,174;266,176;266,178;266,181;266,183;267,185;267,187;266,189;267,190;266,192;267,194;266,197;267,198;266,200;266,203;266,204;267,207;267,209;266,211;266,213;266,214;267,217;267,219;267,221;267,222;267,224;266,227;267,228;267,231;266,233;266,234;267,237;267,238;266,241;267,243;267,244;266,247;267,248;267,251;267,253;267,254;266,257;266,259;266,260;266,262;266,265;266,266;267,268;266,271;267,272;267,274;266,277;267,279;266,280;267,282;267,284;267,286;267,289;267,290;266,293;267,294;266,297;267,298;266,300;266,303;266,304;266,307;267,308;266,311;267,312;266,315;266,316;267,318;267,320;267,323;266,325;267,326;267,328;266,331;266,332;267,334;267,336;267,339;266,340;266,342;267,344;267,347;267,348;267,351;267,353;266,355;267,356;266,358;266,360;266,362;266,365;267,366;267,368;266,371;267,372;266,375;267,377;267,379;267,380;267,382;267,384;266,387;267,388;266,390;267,393;267,395;266,396;266,399;266,400;267,402;266,405;266,406;266,409;267,410;267,413;267,415;266,416;266,419;267,420;266,423;266,425;267,427;266,428;266,431;267,433;267,435;266,437;266,439;267,441;267,443;266,445;267,447;266,449;266,450;266,452;266,455;266,456;266,458;267,460;266,463;267,465;266,467;267,469;266,470;267,473;267,474;266,476;266,478;266,480;267,483;266,485;267,487;266,489;267,490;267,492;267,495;267,496;267,499;266,501;266,503;266,504;266,507;266,509;267,510
269,0;269,2;269,4;268,6;269,8;268,10;269,13;268,15;269,17;269,19;269,21;268,22;269,24;269,27;269,28;269,31;269,32;269,34;268,37;269,38;269,40;269,42;269,45;269,46;269,48;268,50;268,53;269,55;269,56;269,59;269,60;269,63;269,65;268,66;269,68;269,71;269,72;269,74;269,76;269,78;269,80;268,83;269,85;269,86;268,89;269,90;269,92;269,95;268,96;269,98;269,100;268,102;268,104;269,106;268,109;268,110;269,112;268,115;268,117;269,119;269,121;268,123;268,124;268,126;268,129;269,131;269,132;269,134;269,137;268,139;268,140;268,142;269,145;268,147;268,149;269,150;269,152;268,154;268,157;268,159;269,161;268,162;269,164;268,167;268,169;268,170;268,173;268,175;269,177;268,179;268,181;269,182;269,185;269,186;268,189;268,191;268,193;269,194;269,197;268,199;269,200;269,203;268,204;269,207;268,209;268,210;269,212;269,214;269,216;268,218;269,221;269,223;268,224;268,226;269,228;268,231;268,233;268,235;269,236;268,239;269,240;268,243;269,244;268,246;269,249;269,251;269,253;269,255;268,257;268,259;268,260;269,262;269,265;268,266;268,268;268,270;269,273;268,275;268,277;269,279;268,281;269,283;268,285;269,287;269,288;269,290;269,293;269,294;268,297;268,298;269,301;268,302;269,304;269,307;269,309;269,311;268,312;269,314;269,316;269,318;268,320;268,322;269,324;269,326;269,329;269,330;269,332;268,334;269,337;269,338;268,341;269,343;269,345;269,347;268,348;268,351;268,353;269,355;269,356;269,359;269,361;269,362;268,365;268,366;268,368;268,371;268,372;269,375;269,377;269,379;269,381;269,383;268,384;268,387;268,389;269,391;269,392;269,394;269,397;268,398;269,401;268,403;268,404;269,406;268,408;269,411;268,412;268,414;269,417;268,418;268,421;268,422;269,424;269,426;268,429;269,431;268,433;268,435;269,436;269,438;268,440;269,443;268,445;268,446;268,449;269,451;269,453;269,454;269,457;268,459;268,461;269,463;268,464;268,466;268,468;269,471;268,472;268,475;268,476;268,479;268,481;268,483;269,484;269,486;268,488;268,491;268,493;268,495;268,497;268,498;269,501;268,502;268,505;268,507;269,508;268,510
270,1;270,2;270,5;271,7;270,8;271,11;271,12;271,15;271,16;270,18;271,20;270,22;270,24;271,26;270,28;271,31;270,33;270,34;270,37;271,38;270,40;270,43;271,45;271,47;270,49;271,51;270,52;271,54;271,56;270,59;270,60;270,63;271,65;271,66;270,68;271,71;270,72;270,75;271,77;270,78;271,80;271,83;270,85;271,86;270,88;270,90;271,93;271,94;270,97;270,98;270,101;270,103;270,104;270,106;271,109;270,111;271,112;270,115;270,116;271,118;271,120;270,123;270,124;271,127;271,129;270,131;270,132;270,135;270,137;270,138;271,140;271,142;271,145;270,146;270,148;270,150;270,153;271,155;270,157;271,158;270,161;271,162;270,165;271,166;271,169;271,171;270,173;271,174;271,176;271,178;271,180;270,183;270,185;270,187;270,189;271,191;271,193;270,194;270,197;270,199;271,201;271,203;271,204;271,206;270,209;270,211;270,212;271,214;270,216;270,219;271,221;271,223;271,224;270,227;271,229;270,231;270,232;271,235;270,237;271,239;270,240;270,242;270,244;270,247;271,248;271,251;270,253;271,255;271,256;271,258;271,260;270,263;270,265;270,266;270,269;271,270;270,273;271,274;270,276;270,279;270,281;270,283;271,285;270,287;270,288;271,290;270,292;270,294;270,297;271,299;271,300;270,303;271,304;270,306;270,308;271,311;271,312;270,315;270,316;271,319;270,320;270,323;270,324;271,327;271,328;271,331;271,333;270,335;270,337;271,338;271,341;271,343;270,344;270,347;271,348;270,351;270,352;270,355;271,357;271,359;270,361;270,362;270,365;270,366;270,369;271,371;270,372;270,374;271,377;271,379;270,381;270,382;270,384;270,387;271,389;271,390;271,393;270,394;271,396;270,399;271,400;271,402;270,404;270,407;271,408;270,411;271,412;271,414;271,416;270,418;271,421;270,422;271,424;271,427;271,428;270,430;271,432;270,435;270,437;271,438;271,441;271,442;270,444;271,447;270,448;270,450;271,453;271,455;271,457;271,458;270,461;270,462;271,464;271,467;271,468;271,471;271,472;270,474;270,476;270,478;271,480;271,482;270,485;271,486;271,488;271,490;271,492;270,495;271,497;270,499;271,500;271,503;270,505;270,506;270,509;271,510
272,0;273,3;273,4;272,6;273,9;273,11;273,13;273,15;272,17;273,19;272,21;273,22;273,24;273,27;272,29;272,30;273,33;272,35;273,37;273,38;273,41;272,43;273,44;272,47;272,48;273,50;272,53;273,55;272,56;273,58;273,60;272,63;272,65;273,66;272,68;273,70;273,73;272,75;273,77;273,79;273,81;273,83;273,84;273,86;273,88;272,91;273,93;272,95;272,97;273,99;272,100;272,103;272,105;272,107;272,109;272,111;273,113;273,115;273,117;273,119;272,120;273,123;273,124;272,127;273,128;272,130;272,132;273,134;272,136;272,138;273,140;273,142;273,145;273,147;272,149;272,151;273,152;273,155;272,156;273,159;273,160;273,162;272,165;272,167;272,169;272,171;272,172;273,174;272,177;273,178;273,180;273,183;273,185;272,187;272,188;273,190;273,193;272,194;273,196;273,198;272,200;273,202;272,205;272,206;272,209;273,210;273,213;273,214;272,217;273,218;273,220;273,223;273,224;272,226;272,229;272,230;273,232;273,235;273,237;272,239;273,240;273,243;272,245;272,247;273,249;273,250;273,253;273,254;273,257;272,259;273,260;273,262;272,264;272,266;272,269;272,270;273,273;272,274;273,277;272,278;272,281;272,283;272,285;272,287;273,288;273,290;272,293;273,294;273,297;273,299;272,300;272,303;272,304;273,307;272,309;272,311;273,312;273,315;273,316;273,318;273,320;273,322;273,324;273,326;273,328;272,330;272,332;273,334;273,336;273,338;273,341;272,342;273,345;272,347;272,348;272,351;273,353;273,354;272,357;273,359;273,360;272,363;273,365;273,367;272,369;272,370;273,373;272,374;272,377;272,379;273,381;272,383;272,384;273,387;272,389;273,391;272,392;273,395;273,396;272,398;273,401;272,402;272,405;272,406;272,409;273,411;273,413;273,414;272,416;272,418;272,421;273,423;273,424;272,426;272,428;273,430;273,433;273,435;273,436;273,438;273,440;273,442;273,445;272,447;273,448;272,450;272,452;272,454;272,456;273,459;273,460;272,463;273,464;272,467;273,468;272,470;273,473;273,475;273,477;273,478;272,480;273,482;273,485;272,486;273,489;273,490;273,493;272,495;272,496;272,498;273,500;273,503;272,504;272,506;272,508;272,511
274,1;274,2;275,4;274,7;275,8;275,11;274,13;275,14;275,16;274,18;274,21;274,22;274,25;274,26;274,29;274,31;274,32;274,34;274,37;274,39;274,40;274,42;275,45;274,46;275,49;275,50;275,52;275,55;274,57;274,58;274,61;274,62;274,65;275,67;274,68;275,71;275,73;275,75;275,76;274,79;275,80;275,82;274,85;275,87;274,89;275,90;274,93;275,95;275,97;275,98;275,100;274,102;275,105;275,106;274,109;274,110;274,112;274,114;275,116;274,118;275,120;274,122;275,125;275,126;274,128;275,130;274,133;274,135;275,136;274,139;274,141;275,143;275,145;274,146;275,148;275,150;275,152;275,154;275,156;275,159;275,161;275,162;275,165;275,166;274,168;275,170;275,173;275,174;274,176;274,178;274,181;275,182;274,185;275,187;274,188;274,191;274,192;275,194;275,197;275,198;275,200;275,202;274,205;275,206;275,209;274,210;275,212;274,215;275,216;275,219;275,221;274,222;275,225;274,227;275,229;275,230;274,233;275,234;274,237;275,238;275,240;274,243;275,244;274,247;275,249;275,250;274,253;274,255;274,257;274,259;275,260;274,263;275,264;275,266;275,269;274,270;275,272;274,274;275,276;275,279;274,280;274,282;275,284;275,286;274,288;274,291;275,292;274,294;274,297;274,298;275,301;274,302;274,304;274,306;274,308;275,311;275,312;275,314;274,317;275,319;274,321;275,322;275,325;275,327;274,329;275,330;275,332;274,334;274,336;274,338;274,341;275,343;275,345;275,346;275,349;275,351;274,353;274,355;274,356;274,358;274,361;274,362;275,364;274,366;275,368;274,370;274,372;275,374;275,376;275,379;275,381;274,383;275,384;275,386;274,389;274,391;274,392;275,394;275,396;274,398;274,400;274,402;275,405;274,406;275,409;275,411;274,412;275,415;275,416;275,419;274,420;275,423;275,424;274,426;274,428;275,431;274,432;275,435;275,437;274,438;274,441;275,443;274,445;275,447;275,448;275,450;275,453;275,454;275,457;275,459;274,460;274,462;274,465;274,466;275,468;274,470;275,472;275,474;274,477;274,479;275,481;274,482;274,485;274,487;275,488;275,490;275,493;275,494;275,497;274,499;274,501;275,502;275,505;274,506;275,508;274,510
277,1;276,3;277,4;277,7;276,9;276,10;277,13;276,14;276,16;276,18;277,21;276,22;277,24;277,27;276,28;277,30;276,33;276,35;277,36;276,39;276,41;277,42;277,44;277,47;276,49;276,50;277,53;276,55;277,57;277,58;276,61;276,62;277,65;276,66;276,69;276,70;277,73;276,74;277,77;277,78;276,81;277,82;276,85;276,87;276,89;276,91;277,93;276,95;277,96;276,99;277,100;276,103;277,105;277,106;276,108;276,110;276,112;276,114;277,116;276,119;276,121;276,123;277,124;277,127;276,128;277,130;276,133;276,135;276,136;277,139;276,141;277,142;277,145;276,146;277,148;277,150;277,152;276,154;277,157;277,159;276,161;276,163;276,164;276,166;277,169;276,170;276,173;276,174;276,177;277,179;277,180;276,182;277,184;277,186;277,188;276,190;276,193;277,194;277,196;277,198;277,200;276,203;276,204;276,206;276,208;276,210;276,212;277,215;276,216;277,219;277,221;276,223;277,224;276,227;276,229;277,231;277,232;276,235;276,237;276,238;276,240;276,243;277,245;277,247;277,249;277,251;277,252;276,254;277,256;276,258;277,260;277,263;277,264;277,266;276,268;277,271;277,272;277,274;277,277;276,278;276,280;276,283;277,285;277,286;276,289;276,290;276,292;276,294;276,297;277,299;276,301;276,302;276,305;276,306;276,309;276,310;277,313;277,314;277,317;276,318;277,321;277,322;276,324;276,326;277,329;277,330;276,332;276,335;276,336;276,339;276,341;276,343;277,344;276,346;276,348;277,350;276,353;277,354;276,357;276,358;276,361;276,363;277,365;276,367;277,369;276,371;276,373;276,374;276,376;276,378;276,381;277,383;276,384;276,386;276,388;276,391;277,393;277,395;277,396;277,399;276,400;277,402;276,404;277,407;276,408;277,411;276,412;276,415;277,416;277,418;276,420;277,423;276,424;276,426;276,428;277,430;276,432;277,435;276,437;276,439;276,440;276,443;276,444;276,446;276,449;276,451;277,452;276,454;276,457;277,458;276,460;276,462;277,464;276,467;277,468;276,470;277,473;276,474;276,476;276,478;276,480;277,482;276,484;276,487;277,489;276,491;277,493;276,494;276,497;276,499;277,500;276,502;276,505;276,507;276,508;277,510
278,1;278,2;278,4;278,7;278,8;278,11;279,12;279,15;278,16;279,18;278,20;279,22;278,24;279,26;278,28;278,31;278,32;278,35;279,37;279,39;278,41;278,42;279,45;279,47;278,48;278,51;279,52;279,55;278,56;279,59;278,60;279,62;278,65;278,66;279,68;278,70;279,73;279,74;279,77;278,78;278,80;279,82;278,84;278,87;278,89;279,90;278,92;278,94;278,97;279,99;278,101;279,102;278,105;278,106;279,109;278,110;278,112;279,115;279,116;278,118;279,121;278,123;278,124;278,127;279,129;278,131;278,132;279,135;279,136;278,138;279,141;279,142;278,144;279,146;279,148;278,150;279,153;278,154;279,157;279,158;279,160;278,163;279,165;279,166;279,169;279,170;279,173;279,174;278,177;279,178;279,181;279,183;279,184;278,187;279,188;279,191;278,193;279,195;279,197;279,198;279,201;279,203;278,204;279,207;278,208;278,211;278,213;278,214;278,216;279,219;279,220;279,223;279,224;278,227;278,229;278,230;278,233;278,234;278,236;278,239;279,240;279,242;278,244;279,246;278,249;279,250;278,252;278,255;279,257;279,258;279,261;278,263;278,265;278,266;279,268;278,271;278,272;278,275;279,276;278,278;278,280;279,283;278,285;278,286;278,288;278,290;278,292;278,295;279,297;278,299;279,300;278,303;278,305;278,306;278,309;278,310;278,313;279,314;279,316;279,318;278,320;278,322;279,325;279,327;278,329;279,331;278,333;279,334;279,337;279,338;279,341;278,343;278,344;279,346;278,348;278,351;279,352;278,355;279,357;279,358;279,360;279,363;279,364;278,367;279,369;278,371;279,373;279,375;279,376;279,378;279,381;278,383;279,384;279,386;279,389;278,391;279,392;278,395;278,397;278,398;279,401;279,403;278,404;279,406;278,408;279,410;279,412;278,414;278,416;278,419;278,420;279,422;278,425;278,427;278,428;279,431;278,432;279,434;279,437;279,438;278,441;279,442;278,445;278,446;279,448;278,451;279,452;278,455;278,456;278,459;278,460;279,463;279,464;279,467;278,469;279,470;279,473;279,475;279,476;278,479;279,480;278,483;279,485;278,487;278,488;279,491;279,492;279,494;279,497;279,499;279,501;278,502;279,505;278,507;278,508;279,510
281,1;281,3;281,5;280,6;280,8;280,10;280,12;280,14;280,16;280,19;280,21;281,23;281,25;281,27;281,29;281,30;281,33;281,34;280,36;280,39;280,40;280,43;281,44;281,46;281,49;280,51;281,52;281,54;281,56;281,59;281,61;281,62;281,64;281,67;280,68;280,71;280,72;280,75;281,77;281,78;280,80;280,83;280,84;280,87;280,88;281,90;280,93;281,94;281,97;281,98;280,100;280,102;281,105;281,107;281,108;281,110;280,113;281,114;281,117;280,118;280,120;281,122;281,124;280,126;280,129;281,130;281,133;280,134;280,137;281,138;280,140;281,143;280,144;281,147;281,148;280,150;281,153;281,155;281,156;280,159;281,160;281,163;280,164;280,166;280,169;280,171;280,173;280,174;281,177;281,178;281,181;280,182;280,185;281,186;280,188;281,190;281,192;280,194;281,196;280,199;280,200;281,202;280,205;281,206;281,209;281,210;281,212;280,214;281,217;281,218;280,221;280,222;280,224;280,227;281,228;281,230;281,233;280,234;280,236;280,238;280,241;280,243;281,245;280,247;280,249;280,250;281,252;281,255;281,257;281,259;281,261;281,262;280,264;281,267;280,269;281,271;281,272;280,275;280,276;281,279;280,281;280,282;280,285;280,286;280,288;281,291;280,292;280,295;280,296;281,299;280,300;281,303;280,304;281,306;280,308;281,311;280,312;280,314;280,317;281,318;280,320;281,323;280,324;281,326;280,328;280,330;280,332;280,335;280,337;281,338;280,341;280,342;280,344;280,347;280,349;281,350;281,353;281,354;280,356;281,358;280,361;280,362;281,364;281,366;280,369;281,370;280,372;280,374;281,377;281,378;281,381;281,382;281,385;281,386;280,389;280,391;281,393;281,394;281,397;280,399;280,400;280,403;281,404;281,406;280,409;280,410;280,413;280,414;281,417;280,418;281,421;281,422;280,425;281,427;281,429;281,430;280,432;281,434;280,436;280,439;280,440;280,443;281,444;280,446;280,449;281,450;281,453;280,455;281,457;280,458;281,461;281,463;280,465;281,467;280,468;281,471;281,473;281,475;281,476;281,479;281,481;281,482;281,484;281,486;280,489;281,491;281,492;281,494;281,496;280,499;280,501;281,503;280,504;280,507;281,509;281,510
283,0;283,2;283,4;282,6;283,8;282,10;282,12;283,15;283,17;282,19;283,20;283,23;282,25;282,27;282,29;283,31;283,33;282,34;282,36;283,38;283,40;282,42;283,45;283,46;283,48;283,51;282,53;283,54;283,56;282,58;283,61;282,63;282,65;282,66;283,69;282,70;283,72;282,75;282,77;283,79;282,81;283,83;282,84;283,86;282,88;282,91;283,93;283,95;282,97;282,99;282,100;282,102;282,105;282,106;282,109;283,111;283,113;283,114;283,116;283,118;283,121;283,122;282,124;283,127;282,129;283,130;283,132;282,135;282,137;283,139;282,141;282,143;283,145;283,147;282,148;283,151;283,153;282,155;282,156;283,158;282,161;282,163;282,164;282,166;282,169;283,170;282,173;283,174;283,176;283,178;283,181;282,183;282,185;282,187;282,189;283,190;282,193;283,194;282,197;283,198;282,201;282,203;283,205;283,207;283,208;283,211;282,212;282,215;283,216;282,219;282,220;282,223;282,224;282,226;282,229;283,231;282,233;282,235;282,236;282,238;283,241;283,242;283,245;282,247;283,249;282,250;283,253;282,255;283,257;282,259;282,260;283,262;282,265;283,266;283,268;283,271;282,273;282,275;283,277;282,278;282,280;282,283;283,284;283,286;282,288;282,290;283,293;282,295;282,296;282,298;283,300;282,302;283,305;282,306;282,308;283,311;283,313;282,315;282,316;282,318;283,321;283,322;282,325;282,327;282,329;282,331;283,332;282,334;283,336;283,339;283,341;283,342;282,344;283,347;283,349;282,351;282,353;282,354;283,356;283,359;283,360;282,362;282,365;283,366;283,368;282,370;283,373;282,374;282,376;283,379;282,381;282,383;283,384;282,387;282,388;282,390;283,393;282,394;282,397;283,398;282,400;282,402;282,404;282,407;283,408;282,411;283,413;282,414;282,416;283,419;282,421;282,423;283,425;283,426;282,428;283,431;282,432;282,435;282,437;282,439;282,440;282,442;282,445;282,446;282,449;282,450;283,452;283,455;282,457;283,459;282,461;283,462;282,464;283,467;282,469;282,470;282,472;283,474;283,476;282,478;283,481;283,483;282,484;283,487;283,488;283,490;282,492;282,495;283,497;283,498;283,500;282,502;282,504;282,506;283,508;283,511
285,0;284,3;284,4;285,7;285,8;284,10;285,13;284,15;284,17;285,18;284,21;284,23;284,24;284,26;285,28;285,30;285,33;285,35;284,36;285,38;285,41;284,42;284,44;285,46;285,49;285,51;285,53;285,55;284,57;284,58;285,61;285,62;285,65;284,66;285,68;284,71;285,72;285,74;284,77;284,78;284,81;285,83;284,85;285,87;284,89;285,90;284,93;284,94;285,96;284,98;285,100;284,103;285,105;285,106;284,108;284,111;285,113;284,114;285,116;284,118;285,121;284,123;284,125;285,126;285,128;285,130;285,132;284,134;285,136;284,138;284,140;285,142;284,144;285,147;285,148;285,150;284,153;285,155;284,157;285,158;285,161;284,162;284,165;285,167;284,169;284,171;284,173;284,175;284,176;284,179;284,181;284,182;284,184;285,186;284,189;284,190;285,192;285,195;284,196;285,198;284,201;285,203;284,204;285,207;284,208;284,210;284,212;284,214;284,217;284,219;284,221;284,223;285,225;285,227;285,228;285,230;285,232;284,235;285,237;285,238;284,241;285,243;285,244;285,247;284,248;284,250;284,252;284,254;284,256;284,258;285,261;284,263;285,264;285,267;284,268;285,270;284,272;285,274;285,277;284,279;285,281;284,283;285,284;285,287;284,289;284,291;284,292;285,295;285,297;285,299;284,301;285,303;285,304;285,306;284,308;284,310;285,313;285,315;285,317;285,319;285,320;285,322;285,325;285,327;284,328;285,330;284,333;285,335;285,336;284,339;284,341;285,343;285,345;284,347;285,349;284,350;284,353;285,355;285,357;285,358;285,360;284,363;285,364;284,366;285,368;285,370;284,373;285,374;284,376;284,378;285,380;284,382;284,384;284,386;285,389;285,390;284,393;284,395;285,397;284,399;285,400;285,402;285,404;285,406;284,409;285,410;285,412;284,415;284,417;284,419;284,420;284,423;285,424;284,427;285,428;285,431;285,433;284,435;285,437;284,439;285,440;284,442;284,445;285,446;285,448;284,451;284,453;284,455;284,456;284,458;284,461;285,463;285,464;285,467;284,469;285,470;285,472;284,475;285,477;285,478;284,481;285,482;285,485;284,486;285,489;284,491;285,493;285,495;284,497;284,498;285,501;285,502;285,504;285,506;285,508;284,510
286,1;286,3;286,5;286,6;286,8;286,10;287,13;286,15;287,16;287,19;286,20;286,23;287,25;286,27;287,29;286,30;286,33;286,35;287,37;286,39;287,40;286,42;286,45;287,47;287,49;286,50;286,52;286,55;287,56;286,58;287,61;287,63;287,64;286,66;287,69;286,71;286,72;286,75;287,77;286,79;286,81;286,82;286,85;286,87;287,88;286,91;286,92;287,95;287,97;287,99;286,101;286,103;287,105;286,106;286,108;287,110;286,112;287,115;287,116;286,118;287,121;286,123;286,124;287,126;287,128;287,130;287,133;286,135;287,137;286,139;287,141;286,143;286,144;286,146;286,149;286,151;287,153;287,154;286,156;287,159;287,160;287,163;287,164;286,167;287,168;287,170;286,172;286,175;287,177;287,178;286,180;287,183;287,185;287,186;286,188;287,190;287,192;286,194;286,197;286,199;286,201;287,202;286,204;287,206;287,209;286,210;286,212;286,214;287,216;286,218;287,220;286,223;287,225;287,227;287,229;286,231;286,232;286,234;286,237;287,238;286,240;287,243;286,245;286,247;287,249;287,250;287,253;287,255;287,256;286,258;286,261;287,262;287,265;287,267;287,268;287,271;287,273;287,274;287,277;286,279;287,280;287,282;286,285;287,287;287,288;286,291;287,292;286,295;286,296;286,299;286,300;286,303;287,304;286,307;286,309;287,311;286,313;287,314;286,316;286,318;287,321;286,322;286,325;286,326;286,329;287,331;286,332;287,335;287,337;286,339;287,340;287,342;286,345;286,347;286,349;286,350;287,352;287,354;286,356;286,358;287,361;286,363;286,365;287,367;286,369;286,371;287,373;286,375;287,376;286,378;287,381;286,382;287,384;287,387;287,389;286,390;286,393;286,395;286,397;286,398;287,400;287,402;286,405;287,407;287,409;286,411;287,412;286,414;286,416;287,419;286,421;287,422;287,424;286,426;287,428;286,431;287,433;287,434;287,436;287,439;287,441;286,442;287,445;286,447;286,449;287,451;286,452;286,454;286,457;287,458;287,461;287,462;287,465;286,467;286,468;287,471;287,472;287,474;287,476;286,479;287,480;286,483;286,484;287,487;287,489;287,490;286,493;287,495;287,497;287,498;286,501;287,503;287,504;286,506;286,508;287,511
289,1;288,2;288,5;289,7;288,9;288,11;288,12;289,14;289,17;289,18;288,21;288,22;289,25;288,26;288,29;288,30;288,32;288,34;288,36;289,38;288,40;289,43;288,44;289,46;288,48;288,51;289,53;289,55;289,57;289,59;288,60;289,63;289,64;288,66;289,68;288,70;289,73;289,74;288,77;289,78;289,81;288,82;289,85;289,86;288,88;288,90;289,92;289,95;289,97;288,98;289,100;288,102;288,105;288,106;288,108;288,110;289,113;288,114;289,116;289,119;289,121;289,122;288,124;288,126;289,128;289,130;289,132;289,134;289,136;288,138;288,141;289,142;288,145;288,147;288,148;288,151;289,152;288,155;289,156;289,159;288,161;289,162;289,165;289,166;288,169;288,170;288,172;289,175;288,177;289,179;289,181;288,182;289,185;289,186;288,188;289,191;288,192;288,194;289,197;288,199;289,201;289,203;289,204;289,207;289,208;288,211;288,213;289,215;288,217;289,219;288,221;289,223;289,225;288,226;289,229;288,231;289,233;288,234;289,236;288,239;289,240;288,243;289,244;289,246;288,249;289,251;289,252;288,254;289,256;289,258;288,260;289,263;289,265;289,267;289,269;289,270;288,272;289,274;289,276;289,278;288,280;289,282;288,284;288,287;289,289;289,291;288,293;289,295;289,297;288,299;288,300;288,302;288,305;289,307;288,309;288,311;288,312;289,315;289,316;289,319;288,321;288,322;288,324;288,327;288,329;289,330;288,332;289,334;289,336;288,339;288,341;289,342;288,344;288,346;288,349;289,351;289,352;289,355;289,356;288,358;289,360;289,362;289,364;288,367;288,369;289,370;289,373;289,374;288,376;289,379;289,380;288,382;288,384;289,387;288,389;289,390;289,393;289,394;288,396;288,398;288,400;288,403;289,405;288,406;289,408;288,410;288,412;289,415;289,417;288,419;288,420;289,422;288,425;289,427;288,428;288,430;288,432;289,435;289,437;289,438;289,441;288,443;288,445;288,446;289,448;289,451;289,453;288,454;288,457;288,458;289,460;288,462;288,465;288,467;289,468;289,471;288,472;289,475;288,477;289,478;288,481;289,482;288,484;288,486;288,488;288,491;288,492;288,494;288,497;288,498;289,501;288,503;288,505;288,507;289,508;288,511
290,1;291,2;291,4;291,7;290,9;291,10;290,12;291,14;291,17;291,19;290,21;290,23;291,25;290,27;291,29;290,30;290,33;291,34;290,36;290,39;291,40;291,42;291,44;290,47;291,49;291,50;291,52;291,55;291,57;291,58;291,60;290,62;291,65;291,67;291,68;290,70;291,72;291,75;291,76;291,78;291,81;290,83;291,84;290,87;290,88;291,90;291,92;291,94;291,96;290,99;291,100;290,102;291,105;291,106;290,109;291,110;290,113;291,115;291,117;291,119;290,121;290,122;291,124;290,126;290,128;291,131;291,133;291,134;291,137;290,139;290,140;291,143;290,145;290,146;290,148;290,151;291,152;291,155;291,157;291,159;290,161;290,163;290,164;290,166;290,169;290,170;291,172;290,175;291,176;290,179;291,181;290,182;290,184;291,186;290,189;291,191;290,193;291,194;291,197;290,199;291,200;291,202;291,205;291,207;291,208;290,211;290,213;290,215;291,216;291,218;291,220;290,223;290,224;290,227;290,229;290,230;290,233;290,235;290,236;290,238;291,240;291,243;291,245;290,247;290,248;290,251;290,252;290,254;291,256;291,258;290,260;291,263;291,265;290,266;290,269;291,270;290,272;291,275;290,277;291,278;291,281;291,282;291,285;290,286;291,288;291,290;290,292;291,295;290,297;291,299;291,301;291,303;291,305;290,307;291,308;291,311;291,313;290,315;291,317;291,319;290,320;291,323;291,324;291,326;291,329;291,330;290,333;291,335;290,336;290,338;290,340;290,343;291,345;290,347;290,348;290,351;290,353;291,355;291,356;291,358;291,361;290,362;290,365;291,366;291,368;291,370;291,373;290,374;291,377;290,379;290,381;290,382;291,384;290,387;290,388;291,391;291,393;290,394;290,396;291,398;290,401;290,403;290,405;291,407;290,408;291,410;291,413;290,414;291,417;291,418;290,421;290,423;290,425;290,427;290,428;291,431;290,432;290,434;291,437;290,439;291,440;290,442;290,444;290,446;291,449;290,450;291,452;290,455;291,457;291,459;290,460;291,463;290,465;291,467;290,468;290,470;290,473;290,475;290,477;290,478;290,481;290,482;291,484;290,486;291,489;290,491;291,493;291,494;291,496;290,499;290,500;290,503;291,504;290,506;291,508;291,510
293,0;292,2;292,5;292,6;292,9;293,10;293,12;292,14;292,17;293,18;292,20;293,22;293,24;293,26;292,29;293,30;292,33;293,35;292,37;293,39;293,41;293,43;293,45;292,46;293,49;293,51;293,53;292,55;293,57;292,58;293,60;293,62;292,65;293,67;292,69;293,70;292,72;292,74;293,76;293,79;293,80;293,82;292,85;292,87;293,89;292,90;293,92;292,94;293,97;293,99;292,100;292,103;293,105;292,106;293,108;293,111;293,112;293,115;293,116;293,118;292,120;292,123;293,125;292,126;292,128;293,130;292,133;292,135;292,136;293,138;293,140;292,143;293,144;292,147;292,149;292,151;292,152;292,154;292,157;293,158;292,161;292,162;292,165;292,166;293,169;293,171;293,172;293,174;292,177;293,179;292,181;293,182;293,185;292,187;292,188;293,190;292,193;292,194;292,197;293,199;293,201;293,202;292,204;292,207;293,208;292,211;293,213;292,215;293,216;292,219;293,221;293,223;293,225;292,227;293,229;293,230;292,232;293,234;293,236;292,238;293,241;292,242;292,245;292,246;292,249;293,251;293,253;292,255;292,256;293,258;292,261;292,263;292,265;292,267;292,269;293,270;292,273;292,274;292,277;292,278;292,280;293,283;292,284;292,286;293,288;293,290;292,292;293,295;293,296;292,299;293,300;292,303;292,305;292,306;293,308;292,311;292,312;293,315;292,316;292,318;292,320;292,322;293,324;292,327;292,329;293,331;293,333;292,335;292,336;292,339;293,341;293,343;293,345;293,347;293,348;293,351;293,353;292,355;292,357;292,359;292,360;293,363;292,365;292,367;293,369;293,371;292,372;292,375;292,377;292,379;292,380;293,383;293,384;293,386;292,389;292,391;293,393;292,394;293,397;293,398;292,401;293,402;292,405;293,406;293,409;293,411;292,413;292,414;292,417;292,419;293,420;293,422;292,425;293,427;292,429;292,431;292,432;293,435;293,436;292,438;292,441;292,442;292,445;292,447;292,449;292,451;292,453;293,455;292,457;293,458;293,460;292,462;293,465;293,467;292,468;293,470;292,472;293,474;292,477;293,479;293,480;292,483;293,484;293,486;292,489;292,490;293,493;292,495;292,496;292,498;292,500;292,502;292,504;292,506;292,508;293,510
294,1;294,3;294,5;294,6;294,8;294,10;294,12;294,14;294,16;295,19;294,21;295,22;294,24;295,27;295,29;295,31;294,32;294,34;295,37;294,38;294,41;294,43;294,44;294,47;294,49;295,51;294,52;294,54;295,56;294,59;295,60;294,63;294,65;295,67;294,68;294,70;294,73;295,75;295,77;295,79;295,80;295,82;294,85;295,86;294,89;294,91;294,93;295,95;295,97;294,98;295,101;295,102;295,105;294,106;295,109;295,111;294,112;295,115;294,116;295,118;295,121;295,123;295,124;294,126;294,128;295,131;294,133;294,135;294,137;294,138;295,140;294,142;295,145;295,147;295,149;295,150;294,152;295,155;295,157;294,159;294,161;294,162;295,164;294,167;295,168;294,170;294,172;294,174;295,176;294,178;294,181;295,182;295,185;295,187;295,188;295,191;294,192;295,195;295,196;294,198;294,200;295,202;294,205;294,206;295,209;295,211;294,212;295,215;295,217;294,218;294,220;294,222;295,225;294,227;294,228;294,230;294,232;295,235;295,236;295,238;294,240;295,243;295,245;295,247;295,249;294,250;294,252;294,255;295,257;294,258;294,260;295,262;294,265;294,266;294,268;294,271;294,272;295,274;294,277;295,278;295,281;295,283;294,285;294,286;294,288;294,290;294,293;295,295;294,296;295,299;295,301;295,303;295,305;295,307;295,309;294,310;294,313;295,314;295,316;295,319;295,320;295,323;295,325;295,327;295,329;295,331;295,333;295,334;294,336;294,339;294,340;295,343;295,345;295,347;295,349;294,350;294,353;295,355;294,356;294,359;295,361;295,363;294,364;294,367;294,369;295,370;295,373;295,375;295,376;294,378;294,381;294,383;295,384;294,387;294,389;295,390;295,392;295,395;295,396;294,398;295,400;295,402;294,405;294,406;295,408;294,410;295,412;294,415;294,417;295,419;294,420;295,423;295,425;295,427;294,428;295,430;295,432;294,435;294,436;295,439;294,441;295,443;294,444;295,447;295,448;295,451;295,452;295,454;295,456;294,458;294,460;295,462;295,464;294,467;294,469;294,470;295,473;294,475;295,476;295,479;295,480;295,482;295,484;294,487;294,488;295,491;294,492;294,495;294,497;294,499;294,500;295,502;295,504;294,507;295,508;294,511
296,0;297,3;297,5;297,7;297,9;296,11;296,12;297,14;296,16;297,18;297,21;297,22;296,25;297,26;297,29;296,31;297,33;297,35;296,37;296,38;297,40;296,43;297,45;296,47;297,49;296,51;296,53;297,54;297,57;297,59;296,61;297,63;296,65;297,66;297,69;297,71;296,72;296,75;296,76;296,78;296,80;296,82;297,85;296,86;297,89;297,91;296,92;297,94;296,97;296,98;296,101;296,103;296,104;296,107;296,108;296,110;297,112;297,115;296,116;297,119;297,121;297,123;296,124;296,126;296,129;296,130;297,133;296,134;297,136;297,139;296,141;297,143;297,144;297,147;297,148;297,151;296,153;297,154;297,156;297,158;296,161;296,162;297,165;297,166;297,168;297,170;297,173;297,174;297,176;296,179;296,180;296,183;297,185;297,186;296,189;296,191;296,192;297,195;296,197;296,198;296,201;297,202;296,205;296,207;296,209;296,210;296,213;297,214;297,216;296,219;296,221;296,223;296,225;296,226;297,228;296,230;297,233;297,235;297,237;296,238;296,240;296,242;296,245;297,247;296,249;296,250;297,252;297,255;296,256;296,258;297,261;297,262;296,265;296,267;297,268;297,270;297,273;297,275;297,276;296,279;296,281;296,283;297,285;296,287;296,288;297,291;296,292;296,295;296,296;296,298;297,300;296,303;296,304;297,307;296,308;296,311;297,313;297,315;296,316;296,318;297,320;296,322;297,325;296,327;297,329;297,331;296,332;296,335;296,337;296,338;297,340;297,343;296,345;296,347;296,348;296,350;297,352;296,354;297,357;297,359;296,361;296,362;297,365;297,367;296,368;296,371;296,373;296,374;296,377;297,379;297,381;297,382;296,385;297,387;297,388;296,391;296,392;296,394;296,397;296,399;297,401;296,402;296,404;296,407;296,408;296,410;297,412;296,415;297,416;297,418;297,420;297,423;296,425;296,426;297,428;297,430;296,432;296,434;296,436;297,439;296,440;297,442;296,445;297,446;297,448;297,450;297,452;296,454;296,456;297,459;297,460;297,463;296,465;296,467;297,468;297,471;297,473;296,474;296,476;296,479;297,480;296,483;297,485;297,486;296,489;296,490;296,492;297,495;296,496;296,499;297,500;296,503;296,505;297,506;297,508;297,510
299,1;299,3;299,4;299,7;299,8;299,10;298,12;298,15;299,17;299,18;298,21;299,23;298,25;298,26;298,28;299,30;299,33;298,35;298,37;298,38;298,41;299,42;299,44;298,46;298,48;298,51;298,52;298,55;299,56;299,58;298,60;298,62;298,64;298,66;299,68;299,71;299,72;299,75;298,77;298,78;299,80;299,82;299,85;299,86;298,88;298,91;298,92;299,95;299,97;298,98;298,100;299,102;298,105;299,106;299,109;299,111;299,112;299,115;298,117;299,119;298,121;299,123;298,124;298,126;299,128;299,131;299,133;299,135;299,136;299,139;299,141;298,142;299,145;298,147;299,148;299,150;299,152;299,154;299,157;299,158;299,160;298,162;299,164;298,166;298,169;298,170;298,172;298,174;298,177;298,179;299,181;298,182;299,184;299,187;299,188;299,191;299,193;299,195;299,197;298,198;298,201;299,202;299,205;298,207;298,208;299,211;299,213;298,215;298,217;298,218;298,221;298,222;298,225;299,227;299,228;298,230;298,233;298,234;298,237;298,239;299,240;299,243;298,244;298,247;298,248;299,251;299,252;298,255;299,256;298,258;299,261;298,262;298,264;299,267;298,268;299,271;299,273;299,274;298,277;298,278;299,281;299,283;299,284;298,287;299,288;298,291;299,292;298,295;299,296;299,298;299,300;299,303;299,304;298,306;299,309;298,310;299,313;299,315;299,317;298,319;299,321;298,322;298,324;299,327;298,329;298,331;298,333;299,334;299,336;298,338;298,340;299,342;298,344;298,346;299,349;299,351;298,352;298,355;299,356;298,359;299,360;299,362;298,365;298,366;298,369;299,370;299,373;298,375;298,377;298,379;298,381;298,383;298,384;299,386;298,388;299,391;299,393;298,394;298,397;299,399;298,400;298,403;298,405;299,406;299,408;298,411;299,413;299,415;298,416;298,418;298,420;299,423;299,425;298,426;299,428;299,431;299,433;299,435;298,436;298,438;298,441;299,442;298,444;298,447;298,449;299,450;298,453;298,455;298,457;298,459;299,461;299,463;298,464;299,467;298,469;298,471;298,473;298,474;299,476;298,478;298,480;298,482;298,484;298,486;299,489;298,490;299,492;298,494;299,497;298,499;299,500;298,502;299,504;298,507;298,508;298,511
301,1;300,3;300,4;301,7;301,9;300,10;301,13;300,15;301,17;301,19;300,21;301,22;300,25;301,26;300,29;301,30;301,32;301,34;301,37;300,39;300,41;301,42;301,44;300,47;300,48;301,50;301,52;300,54;301,56;301,59;301,60;301,62;301,65;300,67;301,68;300,71;300,72;300,75;301,77;300,78;300,80;301,82;300,85;301,86;301,89;301,91;300,92;300,95;300,97;300,98;301,101;300,103;301,105;301,106;301,109;301,110;300,112;300,114;300,116;301,118;301,121;301,122;300,124;300,127;300,129;300,131;301,132;300,135;300,137;300,139;301,140;301,142;300,145;300,146;301,148;300,150;300,152;301,154;300,156;301,159;300,161;300,162;301,165;301,166;301,168;301,171;301,172;300,174;300,176;301,178;300,181;301,182;301,185;300,186;300,188;300,190;300,192;300,195;300,197;300,198;300,200;300,202;301,204;300,207;300,209;300,210;301,212;300,215;301,216;300,219;301,220;301,222;300,224;300,226;300,229;301,231;300,233;300,234;301,236;301,238;301,241;301,243;301,244;300,247;300,248;300,251;300,252;301,254;300,256;300,258;300,261;300,262;300,265;300,266;300,268;301,270;301,273;300,274;300,277;300,279;300,281;301,283;301,285;300,286;301,288;301,290;301,293;301,295;301,296;300,299;300,301;300,302;300,304;301,307;301,308;301,310;300,313;301,314;300,317;300,319;300,321;300,322;300,325;301,327;300,329;301,331;300,332;300,335;300,337;300,338;301,340;300,342;301,344;301,346;301,348;300,350;301,353;301,355;301,357;301,358;300,360;301,363;300,365;300,366;300,369;301,371;301,372;300,374;301,376;300,378;300,381;300,382;300,384;300,386;301,389;300,391;300,393;300,394;300,396;301,398;300,400;301,403;301,404;301,406;301,408;300,410;301,413;300,415;300,417;301,418;301,420;300,422;300,424;300,426;300,428;300,431;301,433;300,435;300,437;301,439;301,441;301,442;300,445;300,447;300,448;301,450;300,452;300,454;301,456;301,459;301,461;301,463;301,465;300,467;301,469;300,471;301,472;301,474;301,476;300,479;301,481;301,482;301,485;300,486;300,488;300,490;300,492;300,495;301,497;301,499;301,501;301,503;301,504;301,507;300,509;300,510
303,1;302,2;302,5;303,7;303,8;303,10;303,12;303,15;302,16;302,18;303,20;303,23;303,24;303,26;302,29;302,30;303,32;302,35;303,37;303,39;303,40;303,43;303,45;302,46;302,49;303,51;302,53;302,55;302,57;302,59;302,60;302,62;303,64;302,67;302,69;303,70;302,73;302,74;302,76;303,78;302,80;302,82;303,85;303,86;302,88;302,91;302,92;302,94;303,97;302,98;302,101;303,102;303,104;302,106;302,109;303,110;303,113;302,114;303,116;303,118;302,121;303,123;303,125;303,127;303,129;303,131;302,132;303,135;303,137;302,139;303,141;303,142;302,145;302,147;302,148;302,150;302,152;303,155;303,157;302,159;303,160;303,162;302,165;303,166;302,169;303,170;302,172;302,174;302,177;302,178;303,180;302,183;302,184;302,187;303,189;303,190;303,192;302,195;303,197;302,199;302,200;303,202;302,204;303,207;303,208;303,211;303,213;302,215;303,217;302,218;303,220;302,223;303,225;303,226;302,229;302,231;302,233;303,235;303,236;303,238;302,240;303,242;303,245;302,246;303,248;303,250;303,252;303,254;303,257;302,258;302,260;303,263;302,264;303,267;303,268;303,271;303,272;302,275;303,276;303,278;302,280;302,283;303,285;303,287;302,289;303,290;302,292;303,295;302,296;302,298;303,300;302,302;303,304;302,306;303,309;302,310;302,313;302,314;303,316;303,319;302,320;302,323;302,324;303,327;302,329;303,331;303,332;303,334;302,336;303,338;303,341;303,342;303,344;303,347;303,349;303,350;303,353;303,354;303,356;302,359;302,360;303,362;302,365;302,367;302,369;302,370;302,373;303,375;303,376;302,378;302,380;302,383;303,384;303,387;303,389;303,390;302,392;302,394;303,396;302,398;303,401;303,403;303,404;302,407;302,409;303,410;302,413;302,415;303,417;303,419;302,421;302,423;302,425;302,426;303,429;303,430;303,432;302,434;302,436;303,438;303,440;303,443;303,445;302,446;302,448;303,450;302,453;303,454;302,456;303,459;302,460;302,462;302,465;303,466;303,468;302,471;303,473;303,475;302,476;303,478;302,480;302,482;302,484;303,487;303,489;302,490;303,493;303,494;303,496;302,498;303,500;302,503;303,505;303,507;302,509;303,511
305,0;305,2;304,5;305,7;305,9;304,10;305,12;304,15;305,16;305,19;304,21;305,23;304,24;305,27;305,28;305,31;305,32;305,34;305,37;304,38;304,40;305,43;305,45;305,47;305,48;304,50;304,52;304,54;304,56;304,59;304,60;305,63;305,65;304,66;305,68;304,71;305,73;305,74;304,77;305,78;304,80;305,83;305,84;304,87;304,88;305,91;305,93;304,94;304,97;305,98;304,100;305,102;305,105;305,106;305,109;305,111;304,112;304,115;305,116;304,119;304,121;305,122;305,125;305,127;304,128;304,130;305,133;304,135;305,136;304,139;304,141;304,142;304,144;305,146;305,148;304,150;305,152;305,154;305,157;304,159;304,161;304,162;305,165;304,167;305,169;304,171;305,173;305,174;304,177;304,179;304,180;304,183;305,185;305,187;304,189;304,190;305,193;305,195;305,197;305,198;304,200;305,203;304,205;304,207;304,209;304,211;304,213;304,214;304,217;305,218;305,221;304,222;304,224;305,226;305,229;304,231;304,232;304,234;304,237;304,239;304,241;305,243;305,245;305,246;305,248;305,251;305,253;304,255;304,256;305,258;305,261;305,262;305,264;305,267;304,268;305,270;304,272;305,275;304,276;305,278;304,280;304,282;305,285;305,286;304,289;304,290;305,292;305,294;305,297;304,299;304,301;305,303;305,304;305,307;304,309;304,310;305,313;304,314;305,316;305,319;305,320;305,323;305,324;304,327;305,329;304,331;305,332;304,335;305,337;305,339;305,340;305,342;305,345;305,347;305,349;304,350;305,352;305,354;304,357;304,358;305,361;304,363;304,364;305,367;304,368;305,370;304,373;304,375;305,376;304,378;305,381;304,382;305,384;305,386;305,388;305,390;305,393;305,395;305,396;304,398;305,400;304,402;304,405;304,406;305,408;305,411;304,412;305,414;305,417;305,419;304,421;305,422;305,424;304,426;305,429;304,430;304,432;305,435;304,436;305,439;304,440;305,442;304,445;305,447;305,449;305,450;305,453;305,454;305,457;304,459;305,461;305,463;304,465;304,467;304,468;304,470;304,472;304,475;304,476;304,478;305,481;304,483;305,485;304,487;305,489;305,491;304,493;304,494;304,496;304,499;304,500;304,503;304,504;304,506;304,509;305,510
307,1;306,3;307,4;306,6;306,9;307,10;307,13;306,15;306,17;307,18;307,21;306,22;306,24;306,27;306,28;306,30;306,33;307,35;307,37;306,39;306,40;307,43;307,44;307,47;306,49;306,50;306,53;306,55;307,57;307,59;306,60;307,63;307,65;307,67;307,69;306,71;307,73;307,75;306,77;307,79;307,80;306,83;307,85;307,86;306,88;306,91;306,93;306,95;306,97;306,98;306,101;306,102;307,104;306,106;307,108;307,111;307,113;307,115;306,116;306,119;307,121;306,122;307,124;306,127;307,128;306,130;306,132;307,135;306,136;306,139;306,141;306,142;307,145;306,147;307,148;307,151;306,152;306,154;307,157;306,158;306,161;307,163;307,165;307,166;306,169;306,171;306,173;307,174;306,177;307,178;306,181;307,183;307,185;307,187;307,188;306,190;306,193;307,194;306,196;307,198;306,201;306,203;306,205;307,207;306,209;307,211;306,213;306,214;307,217;307,218;306,220;307,222;307,224;306,226;307,228;307,230;306,233;306,234;307,237;306,238;306,240;307,243;306,244;306,247;306,248;307,251;306,252;307,254;307,256;306,258;307,260;306,263;307,264;306,267;306,268;307,270;306,273;306,275;307,277;307,278;306,280;306,283;307,285;306,287;307,288;307,290;306,293;306,295;307,296;307,299;307,300;306,303;306,304;307,307;306,309;306,310;306,313;307,315;306,316;307,318;307,321;307,323;307,324;307,327;307,329;307,330;307,333;307,335;307,336;306,338;307,341;306,343;306,345;306,347;306,349;306,351;306,352;306,354;306,357;306,358;307,360;307,363;307,365;306,366;307,368;307,371;306,372;306,375;306,377;307,378;307,381;306,382;306,385;307,386;307,389;307,391;306,392;306,394;307,396;307,398;306,401;306,402;306,405;306,407;306,409;307,411;306,412;307,414;306,417;307,418;306,421;306,423;307,424;307,427;306,429;307,430;307,433;306,435;306,436;306,439;306,440;306,443;307,445;307,446;307,449;307,451;306,453;307,454;307,456;306,458;306,460;306,462;307,464;306,466;306,468;306,471;306,472;307,474;307,477;307,479;306,481;307,483;307,484;307,486;307,488;306,491;306,493;307,494;307,497;307,498;307,500;307,503;307,505;307,507;307,508;306,510
309,1;308,3;309,4;309,7;309,9;309,10;309,12;308,15;309,17;308,19;309,21;308,22;309,25;308,27;308,28;308,31;308,33;308,35;309,37;308,39;309,41;308,42;308,44;308,46;309,49;309,51;309,53;308,55;308,57;308,59;308,61;309,63;309,64;309,67;309,68;309,70;309,73;308,75;308,77;308,79;308,80;308,82;309,85;309,86;309,89;308,90;308,93;308,95;308,97;309,98;309,100;308,102;309,105;308,106;308,109;308,111;308,113;309,115;309,116;308,119;308,121;309,122;308,125;309,126;308,129;309,130;309,132;308,135;308,137;308,138;309,140;308,142;308,145;308,146;308,148;308,150;308,152;308,154;309,157;308,159;309,160;308,163;309,165;309,167;309,169;308,171;309,173;309,174;309,177;308,178;309,181;308,183;309,184;309,187;308,189;309,190;309,193;308,194;309,197;308,198;309,201;308,202;309,205;308,207;309,209;308,211;308,213;309,215;309,217;308,219;309,220;308,222;308,225;308,227;308,228;308,231;309,232;308,234;309,236;309,239;309,241;308,243;308,244;309,246;308,248;309,250;309,252;308,254;309,257;309,258;309,260;309,263;308,265;308,267;309,269;309,270;308,273;309,275;308,277;309,279;308,281;309,282;309,285;309,286;308,288;308,290;309,292;309,294;309,296;309,298;308,301;308,302;308,305;309,306;309,309;308,311;309,312;308,315;308,317;309,318;308,320;309,322;308,324;309,326;309,328;308,331;308,333;309,335;308,337;309,339;309,340;309,342;309,345;308,346;308,349;308,351;308,353;308,355;309,357;309,358;308,360;308,363;308,364;309,366;309,368;309,371;309,373;308,374;309,376;308,378;308,380;309,383;308,385;309,386;309,389;308,391;308,392;308,395;309,396;309,398;309,401;309,402;309,404;309,406;309,409;309,411;308,413;308,414;308,416;308,419;308,420;308,423;309,424;308,426;309,428;308,430;308,432;309,435;309,436;309,438;309,441;309,443;309,444;309,446;308,449;308,451;309,452;309,454;308,456;308,459;308,460;308,463;309,464;308,466;309,468;309,470;308,472;308,474;309,476;308,478;309,480;309,483;308,484;309,487;308,489;308,490;308,493;308,494;308,496;308,499;308,500;308,503;309,504;309,507;309,509;309,510
311,1;311,3;311,5;310,6;310,9;311,10;311,13;311,14;310,17;311,18;310,20;311,23;310,24;311,27;311,29;311,31;311,33;311,34;310,37;311,38;311,41;310,43;311,45;310,46;311,48;311,50;311,53;310,55;310,56;311,58;310,61;311,63;310,64;310,67;311,69;310,71;310,72;310,75;311,77;310,79;310,81;310,82;310,85;310,86;310,89;310,91;311,93;310,94;310,97;311,99;311,100;310,102;310,105;310,106;310,108;311,111;311,113;310,114;310,116;310,119;310,120;311,122;311,124;311,126;310,129;310,131;311,133;310,134;311,137;310,139;311,141;310,142;311,144;311,146;310,148;310,150;310,152;310,155;311,157;311,159;310,161;311,163;310,164;311,167;310,169;310,170;310,172;310,174;310,177;310,179;310,180;311,183;310,185;310,187;310,188;311,190;310,193;311,194;310,196;311,198;311,201;311,202;310,205;310,207;310,209;310,210;311,213;310,214;311,217;310,218;311,221;310,223;311,224;310,227;311,229;311,230;310,233;310,235;310,236;311,239;310,240;311,243;310,244;311,247;311,249;310,251;311,252;310,254;310,256;310,259;311,261;311,263;310,265;310,267;310,268;310,270;310,273;311,275;311,276;311,278;310,280;310,282;311,285;311,287;311,289;311,290;311,293;311,295;311,297;311,299;311,300;311,302;310,305;311,306;311,308;311,310;310,313;310,314;311,316;311,319;310,321;310,323;310,325;310,326;311,329;310,330;310,333;310,335;311,337;311,339;310,340;310,342;310,344;311,346;311,349;310,351;311,352;310,355;310,356;310,358;310,361;311,363;310,365;310,366;310,369;311,370;311,372;310,374;311,376;310,379;311,381;310,382;310,385;310,387;311,388;310,391;311,393;311,395;310,396;310,398;310,400;310,403;311,404;310,406;311,409;311,410;310,413;311,414;311,416;310,419;310,420;311,422;311,425;311,426;311,428;311,431;310,432;311,434;310,436;310,438;310,440;311,443;311,445;310,447;311,449;310,450;311,452;310,455;311,456;311,459;310,461;311,462;310,464;310,466;310,468;310,470;310,473;311,474;311,476;310,479;311,481;310,483;311,484;311,487;311,488;310,491;311,493;311,494;310,496;311,498;311,501;311,502;311,504;310,506;310,509;311,511
312,0;312,2;312,4;312,7;312,9;312,10;312,12;313,15;312,16;313,18;313,20;312,23;313,25;313,27;312,28;312,30;313,32;312,34;312,37;312,38;312,41;312,43;313,44;312,47;313,49;313,50;313,53;312,54;312,57;313,59;312,61;313,63;313,64;312,66;312,69;312,71;313,72;312,75;313,76;312,79;312,81;312,83;313,84;313,86;313,89;313,90;312,92;312,95;312,97;313,98;313,100;313,103;313,104;313,106;313,109;313,111;312,112;313,115;313,116;313,118;312,120;313,122;312,125;313,126;312,129;312,130;313,132;313,135;312,136;312,138;313,141;313,142;313,144;312,147;313,148;312,150;313,153;313,154;312,157;313,158;313,161;313,163;313,165;312,166;312,168;313,170;313,173;313,175;313,177;312,178;313,181;313,183;313,185;312,187;313,188;312,190;312,192;313,194;313,196;312,198;313,201;312,202;313,205;312,207;313,208;312,210;313,212;313,215;313,216;313,218;312,221;313,223;312,224;313,227;313,229;313,231;313,232;313,234;312,237;313,238;313,241;313,243;313,245;312,247;313,248;313,251;312,253;312,255;312,256;312,258;313,261;313,263;313,265;313,266;312,269;313,270;313,273;313,275;313,277;313,279;312,280;313,283;313,285;312,287;313,289;313,290;312,292;312,294;312,296;312,298;313,300;313,303;313,304;312,307;312,308;312,311;313,313;313,314;312,317;312,319;312,320;313,322;313,324;313,327;312,328;313,330;313,332;312,334;312,337;313,339;313,340;313,343;312,344;313,347;313,348;313,351;312,353;313,355;312,357;313,358;313,361;313,362;313,364;313,367;313,369;313,370;312,373;312,374;312,377;313,378;312,381;313,383;312,385;313,386;313,389;312,390;313,392;313,395;312,397;313,398;313,400;313,403;312,404;312,406;313,409;313,411;312,412;312,414;313,417;312,418;313,421;312,422;312,425;313,427;313,429;312,430;312,433;312,434;313,436;313,439;312,441;312,443;312,444;313,447;312,449;313,451;312,453;312,455;312,457;313,458;313,460;313,462;313,464;312,466;313,468;313,470;312,473;313,475;313,477;313,479;312,480;312,482;312,485;313,486;312,489;312,491;312,492;312,494;313,497;312,498;312,501;312,502;312,505;312,506;312,508;312,510
315,0;315,2;314,5;315,7;315,8;314,11;315,12;315,14;315,16;315,19;314,20;315,22;315,25;315,26;315,28;314,30;314,33;314,35;314,36;315,38;315,40;314,42;314,45;315,46;315,49;314,51;315,52;315,54;314,56;314,59;314,60;315,62;315,65;315,66;315,69;314,70;314,73;314,74;315,76;314,78;314,80;314,83;315,84;314,87;314,88;315,91;314,92;314,94;315,96;315,98;314,101;314,103;314,104;315,107;315,109;315,110;315,113;315,114;314,116;315,119;314,121;314,122;315,124;315,127;315,129;314,130;314,132;315,134;315,137;314,139;315,141;315,143;314,145;315,146;315,148;314,150;315,152;314,155;315,157;315,158;315,161;315,163;314,165;314,166;314,168;315,171;314,172;314,175;314,177;314,178;315,181;314,183;314,185;314,186;315,189;315,190;314,192;315,194;314,197;315,199;315,201;314,203;314,204;314,207;315,208;315,211;315,213;314,215;314,217;315,218;315,221;314,222;314,224;314,226;314,228;314,231;314,233;315,235;315,237;315,238;314,240;314,242;315,245;314,247;314,248;315,251;314,252;314,255;314,256;314,259;314,261;314,263;314,264;314,267;315,269;315,271;314,273;314,274;314,276;314,279;315,280;314,282;315,285;314,287;315,289;314,291;315,292;314,294;315,297;314,298;315,301;314,302;315,305;314,307;315,308;315,311;315,313;315,314;315,317;315,319;315,320;315,322;314,325;315,326;315,328;314,331;314,332;315,335;315,337;315,338;315,341;315,342;315,345;314,347;315,349;315,351;315,353;315,355;315,356;314,359;315,361;315,363;314,365;315,367;315,368;315,370;315,372;314,374;315,377;315,379;314,380;315,382;315,385;314,387;315,389;315,391;315,393;314,394;315,397;315,399;314,400;315,403;314,404;315,407;315,408;314,410;315,412;314,414;315,417;314,419;315,420;314,422;314,424;315,427;314,428;314,431;314,433;314,435;314,436;315,438;314,440;314,443;315,445;314,447;314,449;314,451;315,452;314,454;315,456;314,459;315,460;315,462;315,464;314,467;314,468;314,471;314,473;314,474;315,477;315,478;315,480;314,482;315,484;314,486;314,489;315,490;315,493;315,495;314,496;315,498;315,501;315,503;315,504;315,507;315,508;315,511
317,0;316,3;317,4;316,7;316,9;317,11;316,13;317,14;317,17;317,18;316,21;317,23;316,24;317,26;317,28;316,30;316,32;317,35;316,36;316,39;316,40;317,42;316,44;317,46;316,48;316,50;316,52;317,55;316,56;317,58;316,61;317,63;317,64;317,66;317,69;316,71;317,72;317,75;316,76;317,79;316,80;317,82;317,85;316,87;317,89;316,91;316,92;316,94;316,97;316,98;316,101;316,103;317,104;316,106;316,108;317,110;316,113;317,115;317,117;317,118;317,121;317,123;316,124;316,127;316,128;317,131;317,133;317,135;316,137;317,138;317,141;317,142;317,144;316,146;316,148;317,151;316,152;317,154;316,157;316,159;316,160;317,162;317,164;317,166;317,169;317,170;317,172;316,174;316,176;317,179;316,181;317,183;317,184;316,186;317,189;316,190;317,193;317,194;316,197;317,198;317,201;316,203;317,205;316,206;316,209;316,210;317,212;316,215;316,217;316,219;316,221;317,223;317,224;317,226;316,229;316,231;317,232;317,235;316,237;317,239;316,241;317,242;317,245;317,246;317,249;316,250;316,253;316,254;316,257;316,258;317,260;316,263;317,265;316,266;316,269;316,271;316,272;317,274;317,277;316,278;317,281;316,283;316,285;316,286;317,289;316,290;317,293;316,295;316,296;316,298;316,301;316,302;317,304;317,307;317,309;317,311;316,312;317,315;316,317;316,319;317,320;317,323;317,325;316,327;317,329;317,331;317,332;316,335;317,336;316,339;317,341;317,342;316,345;316,346;317,349;317,350;317,352;316,354;317,357;317,358;316,360;317,362;317,365;316,366;316,368;316,370;317,372;316,374;316,377;317,378;317,381;316,383;316,385;316,387;317,389;317,391;317,393;316,395;316,396;316,399;317,400;316,403;316,405;317,406;317,408;316,410;316,412;317,415;316,417;316,419;317,421;317,423;317,424;316,426;317,429;316,430;317,433;316,435;316,437;317,438;316,440;317,443;316,444;316,446;317,448;317,450;316,452;317,455;317,456;317,459;316,460;316,463;316,464;317,466;317,469;317,470;316,473;317,475;316,476;316,478;316,480;317,483;317,484;316,486;316,488;317,491;316,493;317,494;316,496;316,498;317,501;316,502;317,505;316,506;316,509;317,511
319,1;318,2;318,5;319,7;318,8;319,11;319,12;319,15;319,16;319,18;319,21;319,23;318,24;318,27;319,28;319,31;319,32;319,35;319,37;319,38;319,40;319,42;319,44;318,46;319,48;318,50;318,52;319,55;319,57;319,59;318,60;319,62;318,64;318,67;319,69;318,70;318,73;318,75;318,77;318,79;318,81;319,82;319,85;318,86;318,88;319,91;319,93;319,94;319,97;319,98;319,101;319,103;319,105;319,107;319,109;318,110;318,113;319,115;319,116;319,119;318,120;319,123;318,125;319,126;318,128;319,131;318,133;319,134;319,137;319,138;319,140;318,142;318,145;318,146;318,149;318,151;318,152;319,154;319,156;319,158;318,160;318,163;319,165;319,166;319,169;319,170;319,173;318,174;319,176;318,178;318,181;319,183;319,184;319,186;319,188;318,191;319,192;318,194;319,197;319,198;319,201;319,202;319,204;318,206;319,208;318,210;319,212;319,215;318,217;319,219;318,221;319,223;319,224;318,227;319,228;319,231;319,232;319,235;319,237;319,239;318,240;318,243;318,244;318,246;319,248;319,250;318,253;318,254;318,257;318,259;318,260;319,263;318,264;319,267;318,269;319,270;319,272;319,274;319,277;318,278;318,280;319,282;318,284;319,287;318,289;318,290;319,292;319,294;319,297;319,298;319,301;318,303;319,304;318,307;318,308;319,310;319,313;318,314;319,316;318,319;319,321;319,323;318,324;319,327;319,329;318,331;318,332;319,335;319,337;319,339;319,341;319,342;318,344;319,346;318,349;319,351;318,353;318,354;319,356;319,358;318,361;318,362;318,365;318,367;319,369;319,370;319,372;319,374;318,376;318,378;319,380;319,382;318,385;318,386;319,389;319,390;318,393;318,394;318,397;319,399;318,400;318,403;319,404;318,407;319,409;319,411;318,412;318,415;318,417;318,419;319,421;318,422;319,425;318,427;319,429;319,430;318,433;318,434;318,437;319,438;319,441;318,443;319,444;319,447;318,449;318,451;319,453;319,455;319,456;319,459;319,460;319,462;318,465;318,467;319,468;319,470;319,472;318,475;319,476;318,479;318,480;318,483;318,485;318,487;319,489;319,491;318,492;318,494;318,497;318,499;319,500;319,502;318,505;319,507;318,508;318,510
320,1;320,3;321,4;321,7;321,8;320,10;320,12;320,14;321,17;320,18;321,21;321,23;320,24;321,27;320,29;320,30;321,32;320,35;320,37;321,39;321,41;321,42;321,44;320,46;321,48;321,51;321,52;321,55;320,57;321,59;320,60;321,63;321,65;321,67;321,68;321,70;321,73;320,75;320,77;320,79;321,80;320,82;320,84;321,86;320,88;321,90;321,93;320,95;320,96;321,99;320,100;320,103;321,104;320,106;321,108;320,111;321,113;320,115;320,116;321,119;320,120;321,123;321,125;320,126;321,129;320,130;321,132;321,134;321,136;321,138;321,141;320,142;321,144;320,146;320,149;320,150;320,153;320,155;320,156;321,158;320,160;320,163;320,164;320,166;321,169;320,171;321,172;321,175;321,176;321,179;321,181;321,183;321,185;320,186;320,188;320,190;320,192;321,194;320,197;321,198;321,201;320,202;321,205;320,207;321,209;321,210;320,212;321,214;320,216;320,219;321,221;320,223;321,224;320,226;320,229;321,231;320,232;321,235;321,236;320,239;321,240;321,243;320,245;321,247;320,249;320,251;320,252;321,254;320,256;321,259;320,261;321,263;320,265;321,266;321,269;321,271;320,272;321,275;320,277;321,278;320,281;320,282;320,284;321,286;321,289;320,290;320,292;320,295;321,296;321,298;320,301;320,302;320,305;320,307;320,309;321,311;320,313;321,315;320,316;321,319;320,320;320,323;321,325;321,327;320,329;320,330;321,333;320,335;321,337;320,338;320,341;320,343;320,345;320,347;321,349;320,351;320,353;321,355;320,356;320,359;320,361;321,363;321,364;321,366;320,368;320,370;321,372;321,374;320,376;321,378;321,381;321,383;321,385;321,386;320,388;321,391;321,392;320,394;320,396;321,398;320,401;321,403;321,404;321,406;321,409;320,410;321,413;321,415;320,417;321,418;320,421;320,423;320,424;321,427;321,428;320,430;321,433;321,434;321,436;320,438;321,440;320,442;321,444;321,446;321,449;321,451;320,452;321,454;320,456;321,459;320,460;321,462;321,465;321,467;320,469;321,470;321,473;320,474;320,477;320,478;320,480;320,482;320,484;320,486;320,488;321,491;320,493;320,495;321,496;321,498;321,501;320,503;320,504;321,507;320,508;320,511
322,0;322,3;322,4;323,6;323,9;322,11;322,12;322,14;322,16;322,18;322,21;322,22;322,24;322,26;323,28;322,31;322,32;323,35;322,36;323,38;323,40;322,43;322,44;323,46;323,49;323,51;322,52;323,54;322,56;322,58;322,61;322,62;322,65;322,66;323,69;323,71;322,73;322,74;322,77;322,78;323,81;322,82;323,85;323,87;323,88;322,90;322,93;322,94;323,97;323,99;323,101;323,102;323,104;323,107;323,109;323,111;323,113;323,115;323,116;322,119;323,120;323,122;322,125;323,127;323,129;323,131;322,133;322,135;323,136;323,139;322,140;323,142;322,144;322,146;322,149;323,150;322,153;323,154;323,157;322,158;323,160;322,163;322,165;323,166;322,169;322,170;322,172;322,174;323,176;322,179;323,181;323,183;322,185;322,186;322,189;322,191;323,192;322,194;322,196;322,199;322,201;322,202;322,204;322,206;322,209;322,210;322,212;323,214;322,217;323,218;322,220;322,223;323,225;323,227;322,229;322,231;322,232;322,235;323,236;322,238;323,241;322,243;323,244;322,246;322,248;322,250;322,252;323,255;322,257;322,258;322,260;323,262;322,264;323,267;322,268;323,270;322,272;322,275;322,276;323,278;322,281;323,283;323,284;322,287;323,289;323,290;323,292;323,295;323,297;322,299;323,300;323,303;323,305;322,307;323,309;322,311;323,313;323,314;323,317;323,318;322,321;323,322;322,325;322,327;322,329;323,331;323,332;323,334;323,336;323,339;322,341;322,342;323,345;323,346;323,348;322,350;322,352;322,355;323,357;323,359;322,361;323,363;322,364;322,366;322,369;322,371;323,373;323,374;323,377;323,378;323,380;323,383;322,384;323,387;322,389;322,391;323,392;322,394;323,396;322,398;322,400;322,402;322,405;322,406;323,408;323,411;323,413;322,414;322,416;323,419;323,421;322,422;323,425;322,427;323,429;323,431;323,433;322,434;323,437;322,438;322,440;323,443;322,444;323,447;323,449;322,450;322,452;322,454;322,457;322,459;322,461;323,463;322,464;323,467;323,469;323,470;323,473;322,475;322,476;322,478;323,480;323,483;323,484;322,487;323,489;323,490;323,492;322,494;322,497;322,498;323,501;322,502;323,505;323,507;323,508;323,510
324,0;324,3;324,5;324,7;324,9;325,10;324,12;325,15;325,16;325,18;324,21;324,22;325,24;324,27;325,28;325,31;324,32;325,34;324,37;324,39;324,41;324,42;325,44;324,47;324,48;324,50;325,53;325,55;324,56;324,58;324,61;324,62;325,65;324,67;325,68;325,71;325,73;324,75;324,76;324,79;325,81;324,82;324,84;324,86;324,89;325,90;325,93;325,94;325,97;324,98;325,101;324,102;325,104;325,107;324,109;324,110;325,113;324,114;324,116;324,119;325,120;325,122;324,124;325,127;324,128;324,130;325,132;324,134;325,136;324,139;325,141;324,143;324,145;325,146;324,148;324,150;325,153;325,155;324,156;325,158;324,161;324,163;325,164;324,166;325,168;324,171;324,173;325,174;325,177;325,179;324,181;325,182;325,184;325,186;324,189;324,191;325,192;325,195;325,196;324,198;325,201;324,202;325,204;325,207;324,208;324,211;324,213;324,215;325,216;325,219;324,221;325,223;325,225;325,226;325,228;324,230;324,233;325,234;324,237;324,239;324,241;324,242;324,245;324,246;325,248;325,250;325,253;325,254;325,256;325,258;325,261;324,262;324,265;325,266;324,268;324,270;325,272;325,274;325,276;324,278;325,281;325,283;324,285;324,286;324,288;325,290;325,292;324,295;325,297;325,299;324,300;325,302;324,304;324,307;325,308;324,310;324,312;324,315;325,316;324,319;325,320;325,323;325,325;325,326;324,329;324,331;324,332;325,334;324,337;324,339;325,340;324,343;324,344;325,347;325,348;324,350;324,352;324,354;324,357;324,358;324,361;324,363;324,365;324,367;324,369;325,371;325,373;325,375;324,377;324,378;325,381;324,383;324,384;324,386;325,389;324,390;324,393;324,394;325,397;324,399;324,400;324,403;324,405;324,407;324,409;324,410;325,413;325,415;324,417;325,418;324,420;325,423;324,425;324,426;325,429;324,430;324,432;324,434;324,436;324,439;325,440;325,443;324,444;324,447;324,448;324,451;325,453;324,454;324,457;324,458;325,460;325,462;324,464;325,467;325,469;325,471;324,472;325,475;325,477;325,479;324,480;324,482;324,484;324,486;324,489;324,490;324,492;324,494;324,496;325,499;324,500;324,503;324,504;325,506;325,508;324,511
327,1;327,2;326,4;327,6;327,9;327,10;326,13;326,15;326,16;326,18;326,21;327,22;327,24;326,27;327,29;327,30;327,33;327,35;327,37;327,39;326,40;327,42;327,44;327,46;326,48;326,50;327,53;327,55;327,57;327,58;327,61;326,63;326,65;326,67;327,68;327,71;326,73;326,75;326,76;326,79;326,80;327,82;327,85;327,86;327,89;327,90;327,93;327,95;327,97;327,99;326,100;326,102;327,104;326,106;327,109;326,110;327,113;327,115;326,117;326,119;327,120;326,122;326,124;326,126;327,129;326,131;326,133;327,135;327,137;326,138;326,140;327,142;326,144;326,146;326,149;327,151;327,152;327,155;326,156;326,159;326,160;327,163;327,165;327,167;327,169;326,171;327,173;327,175;327,176;326,179;327,181;326,183;327,185;327,186;326,188;327,191;327,192;327,194;327,196;327,199;327,200;326,202;327,204;327,206;326,209;327,211;327,212;326,214;327,216;326,219;327,221;327,223;326,225;327,227;327,228;326,231;327,233;326,234;327,236;327,239;327,240;326,242;327,244;327,247;326,248;326,250;327,252;327,254;326,257;327,259;326,261;327,263;327,265;326,267;326,268;327,270;326,272;326,274;326,277;326,279;326,280;326,283;327,284;327,287;326,289;326,290;327,292;327,294;326,296;327,298;327,300;326,302;326,305;326,306;326,308;326,311;326,312;327,314;327,317;326,319;326,320;326,323;326,324;326,327;326,328;327,330;327,332;326,335;327,337;327,339;327,341;327,342;326,344;327,347;327,348;327,351;326,352;327,354;327,357;326,358;327,360;326,363;326,365;327,367;326,369;326,371;326,373;326,374;326,376;326,378;326,380;326,383;327,385;327,386;326,388;326,391;326,393;327,394;327,396;326,399;327,401;326,402;326,405;327,406;327,409;326,411;327,413;326,414;326,416;326,419;327,420;327,422;326,425;326,426;326,428;326,430;327,433;327,434;326,437;326,438;326,440;327,442;326,445;326,446;326,449;327,450;326,453;327,454;326,456;327,458;326,460;327,462;326,465;327,467;326,468;326,470;326,473;326,475;327,476;327,479;327,480;327,482;327,484;327,487;327,488;326,490;327,493;326,494;326,497;326,498;326,501;326,502;327,505;326,506;327,509;326,510
329,0;328,2;329,5;329,6;328,9;328,11;329,13;329,15;329,16;329,18;329,21;328,23;329,24;328,26;328,29;328,31;329,32;328,34;328,36;329,38;329,40;329,43;329,45;329,46;329,48;329,50;329,52;329,55;329,57;329,58;329,61;329,63;329,65;329,66;328,68;329,70;328,72;328,75;329,76;329,79;328,81;328,82;328,85;328,86;328,89;329,91;329,92;328,94;328,96;328,99;329,100;328,102;329,104;328,106;329,109;329,110;329,113;328,115;329,117;328,119;329,120;328,123;328,125;329,127;328,129;328,131;329,132;329,135;329,137;328,138;328,140;328,142;328,144;329,147;328,148;328,151;329,153;328,154;329,157;329,159;328,161;329,163;329,165;329,166;329,168;329,171;329,173;329,174;329,176;328,179;328,181;329,183;328,185;329,187;329,188;329,191;329,192;329,195;328,196;329,198;329,200;329,203;329,204;328,207;329,208;328,210;328,213;328,215;329,217;328,219;328,220;329,222;329,225;328,227;328,229;329,231;329,232;329,234;329,237;329,239;329,240;329,243;328,244;328,247;329,249;328,250;328,252;329,254;329,256;328,259;328,260;329,262;328,265;329,267;329,269;328,271;328,272;329,275;328,276;328,279;328,281;328,282;329,284;329,286;329,288;329,290;329,292;329,294;329,296;328,298;329,300;328,302;328,304;329,306;329,308;328,311;328,312;328,315;328,317;329,319;328,321;328,322;329,325;328,327;328,329;329,330;329,333;329,334;328,337;328,339;329,340;328,343;329,345;329,346;328,348;328,351;329,352;328,355;328,357;328,359;328,360;328,363;329,364;329,366;329,369;328,370;328,372;328,375;328,377;328,379;329,380;329,382;328,384;329,386;329,388;329,391;328,393;328,395;328,396;328,399;328,400;329,402;328,404;328,406;328,408;328,411;329,413;328,414;329,416;328,418;328,420;329,423;329,424;329,427;329,429;328,430;328,433;328,434;328,437;329,439;329,440;328,443;329,444;328,447;329,448;328,450;329,452;329,454;328,456;329,459;329,461;328,462;328,465;329,467;329,469;329,470;329,472;329,475;329,477;328,479;328,481;328,483;329,484;329,486;329,488;329,490;329,493;329,494;329,497;329,499;329,501;329,503;329,504;328,506;328,509;329,510
331,1;331,2;330,4;330,7;330,8;331,11;331,12;331,15;331,17;330,18;330,21;330,22;331,25;330,26;331,29;331,30;331,33;330,35;330,37;330,38;330,40;330,42;330,44;331,46;330,48;330,50;331,52;330,55;330,56;330,59;330,61;330,62;330,64;330,67;331,68;330,70;331,73;330,74;330,77;330,78;330,80;331,83;331,84;330,87;331,88;331,91;330,92;330,94;330,96;330,99;331,101;331,102;331,104;331,107;331,108;330,110;330,113;331,115;331,116;330,118;331,120;330,123;331,125;331,127;330,128;331,130;331,132;331,134;331,136;330,138;330,141;330,142;330,144;330,146;330,148;331,150;330,152;331,154;330,156;330,159;330,161;330,163;330,165;330,166;331,168;330,171;330,173;330,174;331,177;330,178;330,181;331,183;331,184;330,186;330,189;330,190;331,193;331,195;330,197;331,199;330,200;331,203;331,205;330,206;330,208;331,211;331,213;330,215;331,216;331,219;331,221;330,222;331,224;330,227;331,229;330,231;330,233;331,235;330,236;331,239;331,241;331,242;330,244;331,247;330,249;330,251;331,253;331,255;330,256;330,258;330,260;331,263;330,264;330,267;331,268;330,270;331,272;331,275;331,276;331,278;331,280;331,283;331,284;330,287;331,289;331,290;331,292;330,294;330,296;330,298;330,301;331,303;330,305;330,306;330,308;330,311;330,313;331,314;330,316;331,318;330,320;331,323;331,324;330,326;331,328;331,330;331,332;331,335;330,336;330,339;331,340;330,343;331,345;330,347;331,348;331,350;331,353;331,355;331,356;330,359;331,360;331,363;330,364;331,366;330,369;330,370;331,372;330,374;331,377;330,378;331,381;330,383;331,384;331,387;331,389;331,391;330,392;331,395;330,396;331,398;331,401;331,403;330,404;331,406;331,409;330,411;331,413;330,414;330,417;331,419;330,421;330,423;331,424;330,426;330,429;330,430;330,433;331,434;331,437;330,438;331,441;330,443;330,445;331,446;330,449;330,450;330,452;331,455;331,457;330,458;330,460;330,463;330,464;331,467;331,469;331,470;331,472;330,475;330,476;330,478;331,480;331,483;330,484;330,486;330,489;330,490;330,493;331,494;330,497;331,499;330,501;330,503;330,505;331,507;331,509;330,510
332,0;333,2;332,5;333,6;332,9;333,10;333,13;332,15;332,16;332,18;333,21;333,23;333,25;333,27;332,28;332,31;332,33;333,34;332,37;333,38;333,40;333,43;332,45;332,46;332,48;332,50;333,52;332,55;332,57;333,58;333,60;333,63;332,64;333,66;332,69;332,70;333,73;333,75;333,77;333,78;332,81;333,83;333,85;332,86;333,88;332,90;333,92;332,95;332,96;333,98;332,101;332,103;333,104;332,106;333,108;333,111;333,112;332,114;333,117;332,118;332,120;333,122;333,125;333,127;332,128;332,130;333,132;332,134;333,136;332,138;333,140;332,143;332,145;333,147;332,148;333,151;333,152;333,155;333,156;332,158;332,160;332,162;333,164;333,166;333,169;333,170;332,173;333,174;332,177;332,178;333,180;332,182;333,184;332,187;333,189;333,191;332,193;333,194;333,196;332,198;333,201;333,203;332,205;333,206;332,208;332,210;333,212;332,214;333,216;332,219;332,220;332,222;333,224;332,226;332,228;332,230;333,233;333,235;333,237;333,238;332,240;332,242;332,245;332,247;333,249;332,250;333,252;333,255;332,257;333,258;333,261;332,263;332,264;332,267;332,268;333,270;333,272;333,275;333,276;332,279;333,281;332,283;333,284;333,287;333,289;333,291;332,293;333,294;333,296;333,299;333,301;333,302;333,304;333,307;333,309;333,311;333,312;332,314;332,317;333,319;332,321;333,323;333,324;333,327;332,329;333,330;333,332;333,334;333,337;332,339;332,340;332,343;333,345;332,346;333,349;332,350;332,353;332,355;332,357;333,358;332,361;332,363;332,365;333,367;333,369;332,370;333,372;333,375;332,376;333,379;333,380;333,382;333,385;332,386;333,389;333,390;332,393;333,394;332,396;333,399;333,401;333,403;333,405;333,406;333,409;333,411;332,412;333,414;333,417;333,419;332,420;332,423;333,424;333,426;333,428;332,431;333,433;332,434;333,436;333,438;333,440;333,443;333,444;332,447;332,449;332,450;333,453;333,454;333,457;333,459;333,461;333,463;332,465;332,467;332,469;333,470;332,473;332,474;332,476;332,478;332,481;332,483;332,484;333,486;332,488;333,490;333,493;332,494;332,496;332,498;332,500;332,502;332,504;333,506;332,508;333,510
335,1;334,3;335,5;335,7;335,8;335,11;334,12;335,14;334,16;335,18;334,21;334,23;334,25;334,27;334,29;335,31;334,32;335,35;335,37;335,39;335,40;335,42;335,44;335,47;335,49;334,50;334,52;334,54;335,57;335,58;335,61;334,63;335,64;335,67;335,68;334,71;335,73;335,74;335,77;334,78;335,80;334,82;335,84;334,87;335,89;335,91;334,92;335,95;335,97;334,99;335,101;334,102;335,104;334,107;334,109;335,111;334,112;334,115;334,117;335,119;335,120;335,123;334,124;335,127;335,129;334,130;335,132;334,135;334,137;335,139;334,140;335,143;335,144;334,146;334,148;334,150;334,152;335,154;334,156;334,159;334,161;334,163;334,165;335,167;334,169;334,171;334,173;335,174;334,177;335,179;334,181;334,183;335,185;335,187;335,189;334,190;334,193;335,194;335,196;335,198;335,201;334,203;334,205;334,206;335,209;335,210;335,213;334,215;334,217;335,219;334,221;335,222;335,224;334,227;335,229;335,231;335,232;335,235;335,237;334,238;334,240;334,243;334,244;334,247;335,248;335,251;335,252;334,255;335,257;335,259;335,261;335,263;334,265;335,266;335,269;335,271;335,272;334,274;335,276;335,278;335,281;334,282;334,284;334,286;335,288;335,290;335,292;335,295;334,296;334,298;334,301;334,302;335,305;335,307;335,309;334,310;334,313;335,315;335,316;335,319;334,320;335,323;335,325;335,326;334,328;335,331;334,333;334,335;334,337;335,338;335,341;334,343;335,344;335,346;335,348;334,350;334,353;334,354;335,356;334,359;335,361;335,362;335,365;334,367;334,369;334,371;335,372;335,375;334,377;334,378;334,381;334,383;334,384;335,387;334,389;334,391;335,392;334,394;335,396;335,399;334,401;334,403;335,405;334,407;334,408;334,411;335,412;334,415;335,417;334,418;334,421;335,422;334,424;334,427;335,428;334,431;335,432;335,434;335,436;335,438;334,440;334,443;335,445;335,446;335,448;335,451;334,452;335,454;334,456;335,458;335,461;334,462;334,464;334,467;335,468;334,470;334,473;335,474;334,476;334,479;335,480;334,482;335,485;335,486;335,489;335,491;335,493;334,494;335,497;334,498;334,501;335,502;334,504;335,507;334,508;334,511
336,1;336,2;337,5;336,7;336,8;337,10;336,13;337,15;337,16;336,18;336,20;337,22;336,24;336,27;336,29;336,30;336,32;337,34;336,36;337,39;337,40;336,43;337,44;337,46;336,49;337,50;336,53;336,54;336,56;337,58;337,61;336,63;336,64;337,67;337,69;336,71;336,72;337,74;337,77;337,78;336,80;337,82;337,85;337,87;337,88;336,90;336,93;336,94;337,96;336,99;337,100;337,103;336,104;337,107;337,108;336,111;337,113;337,115;336,116;336,119;336,121;337,122;337,125;337,126;336,128;337,131;337,133;336,134;337,136;337,139;336,141;336,143;337,145;336,147;336,149;336,150;337,153;336,155;336,156;336,159;336,161;337,162;336,165;336,167;336,169;336,170;336,172;336,175;336,177;337,178;337,181;337,182;336,185;336,187;336,189;336,190;336,192;336,195;337,196;337,198;337,200;337,202;337,205;336,207;337,209;337,211;337,212;337,215;336,217;336,219;337,220;337,222;337,225;336,227;337,228;337,230;337,233;336,234;336,237;336,239;336,240;337,242;336,244;337,246;337,249;336,250;336,253;336,255;337,256;336,259;337,260;337,263;336,264;337,267;337,268;337,270;337,272;336,275;336,277;337,279;337,280;337,283;337,284;337,286;337,288;336,291;337,292;336,295;336,297;337,298;337,301;337,303;336,304;337,307;336,308;337,310;337,312;337,314;336,317;337,318;336,320;336,323;336,324;336,327;336,328;336,330;336,333;337,335;336,337;337,338;337,340;336,342;337,344;336,346;337,348;337,351;337,352;336,354;336,356;336,358;336,361;336,363;337,365;336,366;336,369;337,371;336,372;337,375;336,377;337,378;337,381;336,382;336,384;336,387;336,388;337,391;336,392;336,395;337,396;337,399;337,401;336,403;337,404;336,406;337,408;337,411;336,413;336,414;336,417;337,418;336,421;337,423;337,424;337,427;336,429;337,431;337,433;336,435;336,436;336,438;336,441;337,443;337,444;336,446;337,448;336,451;336,452;337,455;337,457;337,459;336,460;336,462;336,464;336,467;337,468;337,471;337,473;336,475;336,476;337,479;337,481;337,483;336,485;336,487;337,488;337,490;336,493;337,494;337,497;336,499;336,501;336,502;337,505;337,506;336,508;336,511
339,0;339,2;338,5;339,7;338,9;339,10;338,12;338,15;338,17;339,18;338,21;339,23;339,25;338,26;338,28;339,30;339,32;338,35;339,37;339,38;338,41;338,42;339,45;339,46;339,49;339,50;339,52;339,55;338,57;339,59;338,61;339,62;339,65;339,66;339,68;338,70;339,73;338,74;339,76;339,78;339,80;338,82;338,85;338,86;338,88;338,90;338,92;339,95;339,96;338,99;339,101;338,103;339,105;339,107;339,109;338,111;338,112;339,115;339,117;339,119;339,120;338,123;339,124;338,126;339,129;338,130;339,132;338,134;339,136;338,139;338,140;338,142;338,145;339,146;339,148;338,151;339,153;338,155;338,157;338,159;339,161;338,163;339,165;339,166;338,168;339,170;339,173;338,175;338,177;338,178;339,180;338,182;339,185;339,187;339,188;338,190;338,192;339,194;339,196;339,198;339,200;339,202;339,204;338,207;339,209;338,210;338,213;339,214;339,217;339,218;339,221;338,222;338,225;339,226;338,228;339,231;339,233;339,235;339,237;339,238;339,240;339,243;339,244;338,246;339,248;338,250;338,252;338,254;338,257;339,258;339,261;339,263;339,264;339,267;338,269;339,270;338,272;338,274;339,277;339,278;338,281;338,283;338,285;338,287;338,289;338,291;339,292;338,294;339,296;338,298;339,300;338,302;338,305;339,306;338,308;338,310;338,313;338,314;338,316;339,319;339,320;338,322;339,324;339,326;338,329;338,330;338,332;338,334;338,337;339,338;339,341;339,342;339,344;339,347;338,349;338,350;338,352;339,355;338,357;338,358;339,360;339,363;338,365;339,367;338,369;338,370;338,373;338,374;338,377;338,379;338,381;339,383;339,385;338,387;339,389;338,391;339,393;338,394;339,396;339,398;339,400;339,403;338,404;339,406;338,408;338,411;339,412;338,414;338,417;339,418;339,420;338,423;339,424;338,427;338,428;338,431;339,433;338,434;339,437;339,439;338,441;339,443;339,445;338,447;339,449;338,451;339,452;339,454;339,456;339,458;339,460;339,462;338,465;339,467;339,469;338,471;339,473;339,474;338,476;339,478;339,480;339,482;338,485;338,487;338,489;339,490;339,492;338,494;339,497;339,499;338,500;339,502;339,504;339,506;338,508;338,510
341,1;340,2;340,5;340,7;341,9;341,11;341,12;341,14;341,16;340,19;341,21;340,23;340,24;341,26;341,28;341,31;341,32;340,35;340,37;340,38;340,40;340,42;340,45;340,47;340,49;340,51;340,53;340,54;341,56;341,58;341,60;341,63;340,64;341,67;340,69;341,71;340,73;341,75;340,77;341,79;340,81;341,82;340,84;340,86;341,89;341,90;340,92;341,95;340,97;340,98;340,101;341,102;341,105;341,107;341,108;341,110;341,113;341,114;341,116;341,118;341,121;340,123;340,124;340,126;341,128;340,130;341,133;341,135;340,137;341,138;341,141;341,142;340,144;340,147;340,148;341,150;341,153;341,155;341,157;341,158;341,160;340,162;340,164;340,167;340,169;340,171;340,173;340,174;340,176;340,179;341,181;340,182;340,184;340,187;340,189;340,190;341,192;340,195;341,196;340,198;340,200;340,202;340,204;341,207;341,208;340,211;341,212;340,214;341,217;340,218;341,220;341,223;340,224;341,227;340,229;341,231;341,233;340,234;340,236;340,239;340,241;341,243;340,244;341,246;340,249;340,251;340,253;341,254;341,256;341,258;341,261;340,263;341,265;341,266;341,269;341,271;340,272;340,275;341,276;340,278;340,280;341,283;341,284;340,287;340,289;341,290;341,292;340,294;340,296;341,298;340,300;340,303;341,304;341,307;340,309;341,311;340,313;340,315;340,317;340,318;341,321;340,322;341,324;340,327;340,328;341,331;340,333;341,334;340,337;340,338;341,341;340,343;341,345;340,347;340,348;340,350;341,352;340,354;341,356;340,358;340,361;340,363;341,364;340,367;340,368;340,371;340,372;340,375;340,376;340,378;340,381;340,383;341,384;340,387;340,388;340,391;341,393;341,394;340,397;341,398;341,401;341,403;340,404;341,407;341,409;341,410;340,413;340,415;340,416;341,418;340,421;341,422;340,425;340,427;341,428;341,430;341,433;340,435;341,436;340,438;341,440;340,442;341,444;340,446;340,449;340,450;340,452;341,454;340,457;340,458;340,461;341,462;341,465;341,466;340,468;341,470;341,472;341,474;341,476;341,479;341,481;340,482;341,484;341,486;340,489;340,491;340,493;341,495;341,497;340,498;340,501;341,503;340,505;341,506;341,508;340,510
343,0;343,3;343,5;343,7;342,9;342,11;342,13;342,14;342,16;342,18;342,20;343,23;343,24;342,27;342,29;342,31;342,33;342,35;342,37;342,39;343,40;343,42;342,45;343,47;343,49;342,50;342,53;343,54;342,56;342,59;343,60;343,62;343,64;342,66;342,68;343,70;343,73;343,74;342,76;342,78;342,80;343,82;342,85;342,86;342,88;343,90;342,93;343,94;343,97;342,98;342,101;342,103;343,104;343,106;342,108;343,111;342,113;342,114;343,116;342,119;342,120;343,123;342,124;343,127;342,128;342,131;343,133;343,134;343,136;343,139;343,140;343,143;342,145;342,147;343,148;343,151;342,152;343,154;343,156;342,159;343,161;343,163;343,165;343,166;343,168;342,171;342,172;342,174;343,176;342,179;343,180;343,182;343,185;343,187;343,188;343,190;342,192;343,194;343,196;343,198;343,201;343,202;343,204;342,206;342,208;342,211;342,212;343,214;343,217;343,218;343,221;342,223;343,224;342,226;343,228;342,230;343,233;343,235;343,237;343,239;343,241;343,242;343,244;343,247;343,249;342,250;342,252;342,254;342,257;342,258;343,260;342,263;343,265;342,267;343,268;342,271;342,272;342,274;342,277;342,279;343,280;343,282;342,284;343,287;342,289;342,290;342,293;342,295;343,296;343,298;343,301;343,302;343,304;343,306;342,309;342,311;342,312;343,314;343,316;343,318;342,320;343,323;343,324;342,326;342,328;342,331;343,332;343,335;343,336;342,338;342,341;342,342;342,345;342,346;342,348;343,350;342,353;342,354;343,357;343,359;343,360;342,362;343,364;343,367;342,369;342,370;343,372;343,375;343,377;342,379;342,380;342,382;342,385;343,387;343,389;342,391;343,393;342,395;343,397;343,399;343,401;342,403;343,405;342,406;342,409;343,410;343,412;343,414;343,416;343,418;342,421;343,423;343,425;343,426;343,428;342,431;343,433;343,435;343,436;342,438;343,441;342,442;342,445;342,446;342,449;342,450;342,453;342,455;343,456;342,458;343,461;342,462;342,465;343,466;342,468;342,470;342,472;342,474;342,476;343,478;342,481;342,482;342,484;343,487;343,488;342,491;343,493;342,495;342,496;342,498;342,500;343,503;343,504;343,507;343,509;342,510
345,1;344,3;345,4;344,6;345,8;344,10;345,13;344,15;345,17;345,18;345,21;344,23;344,24;344,27;345,29;344,30;344,32;344,35;345,37;345,38;345,40;345,42;344,45;345,46;344,49;345,50;344,52;344,54;344,57;345,59;345,61;344,62;344,64;345,66;344,68;344,70;345,72;345,75;344,77;344,79;345,81;344,82;344,84;344,86;344,89;344,90;344,93;344,95;344,96;345,99;344,101;345,102;345,105;344,106;344,109;345,111;344,112;345,114;345,117;345,119;345,121;344,123;345,125;344,127;344,129;344,131;344,133;344,135;345,137;345,139;344,140;344,142;345,145;345,147;344,148;345,151;345,152;345,155;344,157;344,158;345,160;345,162;344,165;344,166;344,169;345,171;345,172;345,174;344,177;344,178;345,181;345,183;345,185;344,186;344,189;345,190;344,192;344,195;344,196;345,198;345,200;344,202;345,204;345,206;344,208;345,210;345,212;344,214;344,216;345,219;345,220;345,223;344,225;344,227;344,229;345,231;344,233;345,235;345,237;345,239;344,240;345,243;344,245;345,247;344,248;344,251;344,252;344,255;345,256;345,259;344,261;345,262;345,265;344,267;345,268;345,271;345,272;345,274;344,276;344,279;345,280;345,283;344,285;344,286;345,289;344,290;344,292;345,295;345,296;344,299;345,300;345,302;344,305;345,306;345,308;344,311;345,313;344,315;344,316;345,318;345,321;345,323;345,325;344,327;344,328;345,331;345,333;345,334;344,336;344,338;344,341;344,343;345,345;345,347;344,349;344,351;344,353;345,355;345,357;344,358;344,361;344,362;345,364;345,366;344,369;345,371;345,373;344,375;345,377;345,379;345,380;345,382;344,385;344,386;344,389;344,390;344,392;344,395;344,396;345,398;344,401;344,402;345,404;345,406;344,408;345,410;345,412;344,414;344,416;345,419;345,421;345,423;345,424;345,426;344,428;344,431;345,432;344,435;344,436;344,438;344,441;345,443;345,445;344,446;344,449;344,451;344,453;345,454;345,456;345,458;345,460;345,463;344,465;345,466;344,468;345,471;344,472;345,475;345,477;344,479;344,481;344,483;344,485;344,487;344,489;344,490;345,493;345,495;345,496;345,499;344,500;345,503;345,505;344,506;345,509;344,510
347,0;346,2;347,5;346,7;347,8;347,11;346,13;347,15;346,16;347,19;346,21;346,23;347,24;346,27;346,28;346,31;347,33;346,35;347,37;347,38;347,40;347,43;347,44;347,47;347,49;346,51;346,52;346,55;346,56;347,58;347,60;347,63;346,64;346,67;347,69;346,71;346,72;347,74;346,77;346,79;347,80;346,82;346,84;346,87;346,88;347,91;347,93;347,94;347,96;346,99;346,101;347,103;347,104;346,106;347,108;347,111;346,113;346,114;346,116;346,118;346,121;346,123;347,124;346,126;347,129;347,130;347,132;347,134;347,137;347,138;346,141;347,142;347,144;347,147;347,148;347,150;347,153;346,155;346,156;346,158;347,160;346,163;347,165;347,166;347,168;347,170;346,172;346,174;347,176;346,178;347,181;347,183;347,184;346,187;347,188;347,191;346,193;346,195;346,197;346,198;346,200;347,202;346,205;346,206;346,209;346,211;347,213;347,214;346,216;346,219;346,221;347,223;346,225;347,227;346,228;347,230;346,232;347,235;346,236;346,239;346,241;347,242;346,244;346,247;347,248;346,251;347,253;347,255;347,257;347,258;346,260;347,262;346,265;347,266;347,269;347,270;346,273;346,275;347,276;346,278;346,280;346,282;347,285;347,287;346,289;346,291;347,293;347,295;346,296;346,298;346,300;346,302;347,304;347,307;347,308;347,310;347,312;346,314;346,317;347,319;347,320;347,323;346,324;346,326;347,329;346,330;347,332;347,335;347,336;346,338;347,340;347,343;346,345;347,346;347,348;347,350;347,353;346,354;347,357;346,359;346,361;347,363;346,364;346,367;347,369;347,371;347,373;347,374;346,376;347,379;346,381;347,383;346,385;347,386;346,389;346,390;346,392;347,394;347,396;346,399;346,401;346,403;346,405;347,406;346,408;347,411;346,412;346,414;347,417;346,419;347,421;347,423;347,424;346,427;347,428;346,431;346,433;346,434;346,436;346,438;347,440;346,442;347,445;347,446;347,449;346,451;347,452;346,455;346,457;347,458;346,461;346,463;346,465;347,466;347,468;347,470;347,472;347,475;346,476;346,478;347,481;346,483;347,484;347,486;346,489;347,491;347,493;347,495;347,497;346,498;347,501;346,502;346,504;347,506;347,508;346,510
349,0;348,3;348,5;348,7;348,9;348,10;349,13;349,14;349,17;349,18;348,20;348,22;349,24;349,27;348,28;348,31;349,33;348,35;349,37;349,38;348,40;348,42;348,44;349,46;349,48;348,50;348,53;349,55;348,57;348,59;349,61;348,62;349,65;348,66;348,68;349,71;349,72;348,75;349,76;349,79;349,80;349,82;348,85;348,86;349,89;349,90;349,92;348,94;349,96;349,98;349,100;348,102;348,105;348,107;349,109;349,110;349,113;349,115;349,117;349,119;349,121;348,122;348,124;348,126;348,129;348,130;349,133;348,134;349,137;348,139;348,140;348,143;348,145;349,147;349,148;348,150;348,153;349,155;348,156;349,158;349,160;348,162;349,165;349,167;349,169;349,170;348,173;349,175;348,177;348,179;348,180;349,182;348,185;348,187;349,189;349,191;348,192;349,194;349,196;348,199;348,201;349,203;348,204;349,207;348,209;348,210;349,213;349,214;349,216;348,219;348,221;348,222;349,225;348,227;349,229;348,231;348,232;348,235;348,237;349,238;348,241;349,242;348,244;349,246;349,248;348,250;349,252;348,254;349,257;348,259;349,260;349,262;348,265;348,267;349,268;348,270;348,272;349,275;348,277;349,278;349,280;349,283;349,284;348,287;348,288;348,290;348,292;348,295;349,297;348,298;348,300;349,302;348,305;348,306;349,308;349,310;348,313;349,314;349,317;349,318;349,321;349,322;348,325;349,326;348,328;348,331;349,333;349,335;349,336;348,338;349,340;349,343;349,345;348,346;348,348;348,351;349,352;348,355;349,356;348,359;349,360;348,362;348,364;349,366;348,369;348,371;349,372;348,374;348,377;349,379;349,381;348,383;349,385;349,386;348,388;348,391;349,393;348,395;349,396;349,398;349,401;348,403;348,405;349,407;349,409;349,410;349,413;349,415;348,416;349,419;349,421;349,422;348,424;348,427;348,428;348,430;348,432;349,434;348,437;348,438;349,441;349,443;348,445;349,446;349,449;349,451;349,453;348,454;348,457;349,459;348,461;348,463;348,464;348,466;349,469;348,470;349,473;348,474;348,476;349,479;348,480;348,483;348,484;348,487;348,488;348,490;349,492;348,494;348,496;349,498;349,501;349,502;348,504;348,507;348,508;349,511
350,1;351,2;350,4;350,7;351,8;350,10;351,12;350,14;351,17;350,18;350,20;351,23;350,24;350,26;351,28;351,31;351,33;351,35;351,37;351,38;350,40;350,42;350,45;350,46;350,49;350,50;351,52;351,55;351,56;350,59;351,61;351,63;351,65;350,66;351,69;351,70;350,72;351,75;351,76;351,78;350,81;351,83;350,84;351,87;350,89;351,91;350,93;350,95;351,96;351,98;350,101;350,103;351,104;351,106;351,108;351,110;350,112;351,114;351,116;350,118;350,120;350,122;351,124;351,127;351,128;350,130;350,132;351,135;351,137;351,139;350,141;350,142;350,144;351,146;351,148;351,151;351,152;351,154;351,157;351,158;351,161;350,163;350,165;350,166;350,168;351,171;351,173;351,175;350,176;351,179;350,181;350,182;350,185;350,186;350,189;350,191;350,193;351,195;350,196;350,199;350,201;350,203;351,204;350,207;350,209;351,211;351,213;351,215;350,216;351,218;351,221;351,223;351,224;351,226;350,228;350,230;351,232;350,234;351,236;350,239;351,240;351,243;350,245;351,247;350,248;350,251;350,253;350,255;350,256;350,258;350,261;350,262;350,264;350,267;350,268;351,271;350,272;350,275;351,277;351,279;350,280;350,282;350,284;350,287;350,289;350,290;350,293;351,294;350,296;351,299;351,300;351,303;351,305;350,307;350,309;350,311;350,312;351,314;351,316;351,319;351,321;351,323;350,325;350,326;351,329;350,330;350,333;351,334;351,337;351,338;350,340;351,343;351,344;351,346;350,349;351,351;351,353;350,355;350,356;350,359;350,360;350,363;351,365;350,366;350,368;350,370;350,372;351,374;350,377;350,378;351,381;350,383;350,385;350,386;351,389;351,391;350,392;350,395;350,396;351,398;350,400;351,403;350,404;350,407;351,409;350,410;351,412;350,415;351,417;350,418;351,420;350,422;350,425;351,427;351,428;351,430;350,432;351,435;351,437;350,439;351,441;350,443;350,445;351,447;351,448;350,451;350,453;351,455;351,457;351,458;351,461;350,463;351,464;350,466;351,469;350,470;351,472;351,474;351,477;351,479;350,480;351,482;351,485;351,486;350,489;350,491;350,493;350,494;350,496;351,499;350,501;350,503;350,504;350,507;350,509;350,511
353,0;352,3;352,5;353,6;352,8;353,11;353,12;353,14;352,16;352,18;352,21;352,23;353,24;353,27;353,28;352,31;352,33;353,35;352,37;353,38;352,40;352,42;352,45;352,47;352,49;352,50;352,53;353,55;353,57;353,59;352,61;352,63;353,65;353,66;353,68;353,70;352,72;352,74;352,76;352,78;353,81;352,83;352,84;352,86;353,88;353,91;353,92;352,95;352,97;353,99;352,101;353,103;352,105;352,107;352,108;352,110;352,112;352,114;352,116;352,118;353,121;352,123;352,125;352,127;353,128;352,130;353,133;353,135;352,137;352,139;352,141;352,142;352,144;353,147;353,148;352,151;353,152;352,155;352,156;352,159;353,160;353,163;352,165;352,166;353,168;352,170;352,173;353,174;352,177;353,178;353,181;352,182;352,185;353,186;352,188;352,190;352,192;353,194;352,196;353,199;353,201;352,203;353,204;353,206;353,209;352,210;352,213;353,214;352,216;352,219;352,221;353,222;352,225;353,226;352,229;353,230;353,233;353,234;352,236;353,239;352,241;353,242;353,244;352,247;352,248;352,251;353,252;353,255;353,257;353,258;353,260;353,262;352,264;352,266;353,268;352,271;353,272;352,275;352,276;353,278;353,280;353,283;353,285;352,286;353,289;352,290;353,293;352,294;353,297;353,298;353,301;353,303;353,305;352,307;352,309;353,311;353,312;352,314;352,316;352,318;352,320;352,323;352,324;352,327;352,329;353,330;352,333;352,334;353,337;353,338;353,341;352,343;352,344;352,346;352,349;353,350;352,352;353,355;353,357;353,358;352,360;352,362;353,364;352,367;352,369;352,371;352,373;352,374;353,376;352,378;352,381;353,383;352,384;352,387;353,389;352,390;352,392;353,395;353,397;353,399;353,400;353,403;353,404;353,406;353,408;352,411;352,412;352,415;353,417;352,418;353,421;353,422;353,424;353,426;352,429;352,431;352,432;353,435;353,437;353,438;353,440;352,443;352,444;353,446;353,449;352,450;353,453;352,454;353,456;353,459;353,461;353,463;352,465;352,467;352,469;353,471;353,473;352,474;352,476;353,479;352,480;353,483;353,484;353,486;352,489;353,491;352,493;352,495;353,496;353,499;352,500;352,503;353,504;353,507;353,508;352,510
354,1;355,3;355,5;355,7;355,8;354,11;355,13;354,14;354,17;355,19;354,21;354,23;355,24;354,26;354,29;355,31;354,32;355,35;355,37;355,39;354,41;354,43;354,45;354,46;354,49;355,51;354,53;355,55;354,57;355,59;355,60;354,62;355,64;355,67;354,68;354,71;354,73;354,75;355,76;354,78;354,81;354,82;354,84;355,87;354,89;355,91;354,93;355,94;354,96;355,99;354,101;355,102;355,104;354,106;355,109;355,110;354,113;354,115;354,116;354,118;355,121;354,122;354,125;355,127;355,129;354,131;355,133;354,135;354,137;355,138;355,140;354,142;354,145;354,147;354,149;355,151;355,153;355,155;354,157;354,159;355,160;355,162;354,165;354,166;354,169;354,170;354,172;354,174;354,177;354,178;355,181;355,182;355,185;354,186;354,189;355,191;354,192;354,194;354,196;355,198;355,200;355,202;354,205;354,206;354,209;354,211;354,212;355,215;354,217;354,218;354,221;354,222;354,225;354,227;355,229;354,231;354,233;355,234;354,237;355,239;355,240;355,243;354,244;355,246;354,248;354,250;354,253;355,255;355,256;355,258;355,261;355,262;354,265;355,267;355,268;354,270;354,272;355,275;355,277;355,279;355,280;355,282;355,285;355,287;355,288;354,290;355,293;355,295;355,296;354,298;355,301;354,303;355,304;354,306;354,308;355,311;355,313;355,314;354,316;354,319;354,320;355,323;355,325;354,326;354,328;354,330;354,332;355,334;354,336;355,339;355,341;355,343;355,345;354,346;354,349;354,351;354,352;355,355;355,356;355,359;354,360;355,362;355,365;355,366;355,368;354,370;355,373;355,375;354,377;354,378;355,381;354,383;355,384;354,386;354,389;355,390;354,393;354,395;354,397;354,398;355,400;354,402;355,404;355,406;355,408;355,410;354,413;355,415;355,417;354,418;355,420;354,423;355,424;355,427;355,429;355,430;354,432;355,434;355,437;355,439;355,440;354,442;355,445;355,447;355,449;354,450;354,452;354,455;354,456;354,458;354,460;355,462;355,465;355,466;354,469;354,470;355,472;355,475;354,477;355,478;355,481;355,482;354,484;354,487;355,488;354,491;355,492;354,494;355,497;354,499;355,500;354,502;355,504;354,507;354,508;355,511
356,0;356,3;356,5;357,6;356,8;356,10;356,13;356,14;357,17;356,18;357,21;357,23;356,24;356,27;356,29;357,31;357,32;356,35;357,37;357,38;356,40;356,42;357,44;357,46;357,48;356,51;357,53;356,55;357,57;357,58;356,61;356,62;356,65;357,66;357,68;356,70;356,72;357,74;357,77;356,79;356,81;357,82;357,85;357,87;356,89;356,90;357,92;356,94;356,96;356,99;357,101;356,103;357,104;356,107;356,109;356,111;356,112;356,114;357,117;356,119;357,121;356,123;357,124;356,126;356,129;357,130;357,133;356,135;357,137;356,139;357,141;356,142;357,145;356,147;357,149;357,151;356,153;357,154;356,156;357,159;356,161;357,162;356,164;357,166;356,169;356,170;357,173;356,175;356,177;356,179;357,181;357,182;356,184;357,186;356,188;357,190;357,192;357,194;357,197;356,199;356,200;357,202;357,204;356,206;357,209;357,211;356,213;356,214;357,217;356,219;356,221;357,223;357,225;357,226;357,229;357,230;357,233;356,235;357,236;356,238;356,241;357,242;356,245;356,246;357,248;356,250;357,252;357,254;357,256;357,259;357,260;357,262;356,264;357,267;356,269;357,271;357,272;357,275;356,276;357,278;357,281;357,282;356,285;357,286;356,288;357,290;356,293;356,295;356,297;357,298;357,301;357,302;356,304;356,306;357,309;357,311;356,312;356,314;357,316;356,318;357,320;356,323;357,324;356,327;356,329;357,330;356,332;357,334;357,337;356,338;357,340;356,343;357,345;356,347;356,348;357,350;356,352;356,355;357,356;356,358;356,360;357,363;357,365;356,366;356,368;356,371;356,372;357,374;356,376;356,378;357,380;357,383;356,384;356,387;357,388;357,391;357,392;356,395;356,397;356,398;356,400;356,402;356,404;356,406;356,408;357,410;357,412;357,414;357,417;356,419;357,421;357,422;356,424;357,426;357,429;356,431;357,433;356,434;356,436;356,439;357,440;357,442;356,445;356,447;356,448;356,451;356,452;356,455;356,456;357,459;357,460;356,462;357,465;356,466;356,468;356,471;356,472;357,474;356,477;357,478;356,481;357,482;357,484;356,486;357,489;357,490;356,493;357,494;357,496;357,498;357,501;357,502;357,505;357,507;357,509;357,511
359,1;358,3;358,5;358,7;358,8;358,10;359,12;358,14;358,16;358,19;359,21;359,23;358,25;359,27;358,28;359,31;358,32;359,35;358,37;359,39;358,40;359,43;359,45;359,47;358,49;358,50;358,52;359,54;358,56;359,59;358,61;358,62;359,65;359,67;359,68;358,70;359,73;359,75;359,77;359,78;358,80;359,83;358,85;358,86;358,88;359,91;358,92;358,95;358,96;358,98;358,100;358,102;358,104;358,106;358,108;358,111;358,112;358,114;358,116;359,118;358,121;358,122;359,125;358,127;358,129;359,130;359,133;358,135;359,136;359,139;359,140;359,143;358,145;359,146;359,148;359,150;358,153;358,155;359,157;358,159;359,161;358,163;358,165;359,167;359,168;359,170;358,173;358,174;359,177;359,179;359,180;358,183;359,184;359,186;359,188;358,190;359,192;359,194;359,196;359,199;359,200;358,203;359,205;358,207;358,208;358,211;358,213;359,214;359,216;358,218;359,221;359,222;359,225;359,227;358,229;359,231;358,233;359,235;359,237;358,239;359,240;358,243;358,244;359,246;358,248;359,250;359,253;359,254;359,256;358,259;359,261;359,263;359,265;358,267;358,268;359,271;358,272;359,275;358,277;359,279;359,281;359,282;358,285;359,286;359,288;359,291;358,293;358,294;359,297;359,298;359,301;359,303;359,305;358,306;358,309;358,311;358,312;358,315;358,316;358,318;358,321;359,322;358,324;359,327;358,328;359,331;358,332;359,334;358,336;358,339;359,340;359,343;359,345;359,346;359,349;358,351;359,352;358,354;359,357;358,358;358,360;359,362;359,365;358,366;359,369;359,371;359,373;358,374;358,376;359,378;358,380;358,383;359,384;359,387;358,389;359,390;359,392;359,394;358,396;359,398;359,400;358,403;359,405;359,406;358,409;358,411;358,413;358,414;358,417;359,418;358,420;359,422;359,425;358,426;358,428;358,431;358,432;359,434;358,437;359,439;358,440;358,442;359,444;359,447;358,448;358,450;359,452;359,455;358,457;359,459;359,461;359,463;359,464;358,466;358,469;358,471;359,473;359,475;359,476;359,478;359,480;359,483;358,485;359,486;359,488;359,490;359,492;358,494;358,497;359,498;359,500;358,503;358,505;358,506;359,508;358,511
361,1;361,2;361,4;360,7;360,8;360,11;361,13;360,14;361,16;360,19;361,20;361,23;360,24;361,27;361,29;360,31;361,33;360,35;361,37;361,38;360,41;360,43;361,44;361,47;361,49;360,50;360,52;361,54;361,56;361,59;360,60;360,63;360,64;361,66;360,68;361,71;361,73;361,75;361,76;361,79;361,80;361,83;360,84;361,86;360,88;360,91;361,93;360,94;361,96;360,99;360,100;361,103;361,105;361,107;360,109;360,110;360,113;360,114;361,117;360,119;360,120;361,122;360,124;360,127;360,129;361,131;361,132;360,134;360,137;361,139;360,140;360,142;361,145;360,146;360,148;361,150;361,152;360,154;361,157;361,158;361,161;361,163;360,164;360,166;361,168;360,170;361,172;360,175;360,176;361,179;360,180;360,182;360,184;361,187;361,189;360,191;361,193;361,195;361,197;361,198;361,200;361,202;361,205;360,207;361,208;361,211;361,212;361,214;360,217;360,219;361,221;361,222;361,225;360,227;360,228;360,230;361,233;361,234;361,236;360,238;360,240;361,243;361,245;361,246;361,249;360,250;360,253;360,254;361,256;360,259;361,260;360,262;361,264;360,267;361,269;360,270;360,273;360,274;361,276;361,278;360,280;360,282;360,284;361,286;361,288;361,291;361,292;361,294;360,297;361,298;360,300;361,302;361,305;361,307;361,308;360,311;361,312;360,315;361,317;361,319;361,321;360,323;360,325;361,326;360,329;361,331;360,333;360,334;361,337;361,338;360,341;360,343;360,344;360,346;360,348;360,350;360,353;361,355;361,357;361,358;361,361;360,362;360,365;361,367;360,368;360,371;360,373;360,375;361,376;361,379;361,380;360,382;360,385;361,386;360,388;360,390;360,392;361,395;360,397;361,398;361,400;360,403;360,404;361,406;360,408;360,410;361,413;360,414;361,416;360,419;361,420;361,423;360,425;361,427;361,429;360,431;360,432;361,435;361,437;360,439;361,440;361,443;361,445;360,446;361,448;361,450;361,452;361,455;360,457;361,459;360,461;360,463;361,464;360,467;361,469;360,471;361,473;361,474;361,476;360,479;361,480;361,482;360,485;360,486;361,489;361,490;360,493;361,495;360,497;360,499;361,500;361,502;361,505;361,507;360,508;360,510
363,0;363,3;363,5;363,6;363,8;363,10;363,12;363,14;363,17;363,19;362,21;363,23;362,25;363,26;363,29;362,31;363,32;363,35;362,37;363,38;363,40;363,43;363,45;363,47;363,48;363,51;362,52;363,55;362,57;363,58;362,60;362,63;362,65;362,67;362,68;362,70;363,72;362,74;362,76;362,79;362,81;363,82;363,84;363,87;363,89;363,91;362,93;363,95;362,97;363,98;363,101;363,103;363,105;362,107;362,109;363,110;362,113;363,114;363,116;363,119;362,121;362,123;363,124;362,127;362,129;363,131;362,133;362,134;362,136;362,139;363,141;362,142;363,145;362,146;362,149;363,151;363,152;363,154;362,156;363,158;362,161;363,162;363,164;363,166;362,168;362,171;363,173;362,174;363,177;363,179;362,181;362,183;363,185;363,187;363,189;363,190;363,193;362,195;363,196;362,198;362,201;362,203;362,204;362,207;363,208;363,211;362,212;363,214;362,217;362,218;362,221;363,223;363,224;362,227;363,229;362,230;362,233;363,235;362,236;362,238;362,240;362,243;363,244;362,246;362,249;362,251;362,252;362,255;363,256;362,258;363,261;363,263;362,265;362,266;362,269;363,271;363,273;363,275;363,276;363,278;362,280;363,282;363,285;363,287;363,289;362,290;362,292;362,294;363,297;362,298;363,301;363,302;363,304;363,307;363,309;362,311;362,313;362,315;363,316;362,318;362,320;363,322;363,324;363,326;363,328;363,331;363,333;363,335;363,336;363,338;362,341;363,343;363,345;362,346;363,348;363,350;363,352;362,354;362,357;362,358;363,361;362,363;362,364;363,366;363,368;363,371;362,373;363,374;363,376;363,378;362,380;362,383;363,385;363,387;363,389;362,390;363,392;363,394;362,397;362,399;363,400;363,402;362,405;363,406;363,408;363,410;362,412;362,415;362,416;362,418;362,420;362,423;362,425;362,426;363,429;362,431;363,433;363,435;362,436;362,438;362,440;363,443;362,444;362,446;363,448;362,451;362,452;362,454;362,456;363,459;362,461;363,462;363,464;363,466;363,468;363,471;362,472;363,475;362,477;363,479;362,481;362,483;363,484;363,486;363,489;362,490;362,492;363,494;362,496;362,499;362,500;363,503;363,504;363,506;363,509;362,511
365,0;364,2;364,5;364,6;365,8;364,11;365,12;364,14;365,17;364,19;364,20;365,23;365,24;365,27;365,29;365,31;364,33;365,35;365,37;365,39;365,40;365,43;365,45;365,47;365,48;365,50;364,52;364,54;364,57;365,59;365,60;364,63;365,64;365,67;365,69;364,70;364,73;364,74;365,76;365,79;365,80;364,83;364,84;364,86;365,88;365,90;364,92;364,94;365,96;364,99;364,101;364,103;365,104;365,107;364,109;364,110;364,112;364,114;364,116;365,119;364,121;364,123;365,124;364,127;365,129;364,130;365,133;364,134;364,137;364,138;365,141;364,142;365,145;364,146;365,149;364,151;364,152;365,155;365,156;364,159;364,161;364,163;364,164;364,167;364,169;364,171;365,173;364,174;364,176;364,178;365,180;364,183;364,184;365,187;365,189;365,191;365,193;364,195;364,197;365,198;365,201;365,202;365,205;364,207;365,208;365,211;364,212;364,214;364,217;364,218;365,220;365,223;364,224;364,227;365,228;364,230;364,233;364,235;365,236;365,239;364,240;365,242;365,245;364,247;365,249;365,251;364,253;365,255;365,257;365,259;364,261;365,262;364,264;365,267;364,269;364,271;365,272;364,275;364,277;365,279;365,281;364,283;365,284;364,286;365,289;365,290;365,292;364,294;365,297;364,299;365,301;364,303;364,304;364,306;365,308;365,311;364,313;365,315;364,316;364,318;365,321;365,322;364,324;365,327;365,329;365,330;365,333;365,334;364,337;364,338;365,341;365,343;365,344;364,347;364,348;364,350;365,352;365,355;365,356;365,359;365,361;364,362;364,364;365,366;364,368;364,371;364,372;365,374;364,376;365,378;364,380;364,382;365,385;365,387;365,389;364,390;364,393;365,394;365,397;365,399;365,400;364,402;365,405;365,406;365,408;364,410;365,412;364,414;364,417;365,419;364,421;364,422;365,424;365,427;365,429;365,431;365,433;364,434;365,436;365,438;364,440;365,443;364,444;365,446;364,448;365,450;364,453;365,454;364,457;365,459;364,461;365,463;364,464;364,466;365,469;364,470;365,472;365,474;364,476;364,479;365,480;364,483;364,484;365,486;364,489;364,490;364,492;364,494;364,496;365,498;364,501;364,502;364,504;365,507;365,509;364,511
367,0;367,2;366,4;366,7;367,9;367,11;366,12;366,14;366,16;367,19;367,21;366,23;367,25;366,26;366,28;366,30;367,33;367,35;367,37;367,39;367,40;366,42;367,44;367,46;367,48;366,50;367,52;366,54;366,56;367,59;366,61;366,63;367,65;366,66;367,69;367,70;366,73;366,74;366,77;366,79;366,80;367,82;367,85;366,86;367,89;367,91;367,93;367,94;367,97;367,98;367,101;366,103;366,105;366,107;366,108;366,110;367,112;366,115;367,117;366,119;367,120;366,123;366,124;366,127;366,128;367,131;366,133;367,135;367,137;366,139;366,141;366,142;367,144;367,147;366,149;367,150;366,153;367,155;366,156;367,158;367,160;366,162;366,165;367,167;366,169;366,171;366,173;367,174;366,176;367,179;367,181;367,183;367,185;366,187;366,188;366,191;367,192;367,195;367,197;366,199;367,201;367,203;366,204;367,207;367,208;367,210;367,212;366,214;367,216;367,219;366,220;367,223;366,225;367,227;366,229;366,231;366,233;367,235;366,237;367,239;367,240;366,243;367,244;367,247;367,249;366,251;366,253;367,254;366,257;367,258;366,260;367,263;366,264;367,267;367,268;366,270;367,273;366,275;366,277;367,278;367,281;367,283;366,284;367,287;366,288;366,291;366,293;367,295;367,296;367,299;366,301;366,303;366,304;366,307;366,308;366,311;366,312;367,315;367,316;367,319;367,320;367,322;366,325;366,326;367,328;366,331;367,333;367,334;367,337;367,338;367,340;366,342;366,345;366,346;366,349;366,350;366,353;367,355;366,357;367,358;367,361;366,363;367,365;366,366;367,368;367,370;367,372;366,374;367,377;366,378;366,380;367,382;366,384;367,387;367,389;366,391;367,392;366,395;366,396;366,399;367,400;367,402;367,405;366,407;366,408;366,410;367,412;366,414;367,417;366,419;366,420;367,423;366,424;367,426;366,429;366,431;366,433;367,435;366,437;366,439;367,440;366,443;366,445;366,446;366,449;367,450;367,452;367,455;367,456;367,458;367,461;366,462;366,464;367,466;367,468;367,471;366,472;367,474;367,477;366,479;366,480;367,482;366,484;366,487;367,489;367,490;367,492;366,494;367,497;367,499;366,501;367,502;367,505;367,507;366,509;366,511
369,0;369,3;368,4;368,7;369,9;368,10;369,12;369,15;368,16;368,18;369,20;368,23;368,25;369,27;368,29;368,30;369,33;369,35;368,37;368,38;369,40;368,43;369,45;369,46;369,49;369,50;369,52;368,54;369,56;368,58;368,60;369,62;369,64;368,66;369,68;368,70;369,72;369,74;369,76;369,79;368,81;368,82;368,85;369,86;369,88;369,91;369,93;368,94;369,97;369,98;368,101;368,103;369,104;368,107;368,109;368,110;368,113;368,114;369,117;368,119;368,120;368,123;369,125;369,126;369,129;368,131;369,133;369,135;369,137;369,139;369,140;368,142;369,144;368,147;368,149;369,151;369,153;369,155;369,156;369,159;369,160;368,163;368,165;369,167;368,168;368,170;369,173;368,175;369,176;368,179;369,181;368,182;368,185;369,186;368,189;369,191;369,193;368,195;369,197;368,199;368,201;369,203;369,204;368,207;369,208;369,210;368,213;369,215;369,217;369,219;369,221;368,223;368,225;368,226;368,229;368,230;369,232;369,234;369,236;368,239;368,241;368,242;369,245;368,247;369,249;369,251;369,252;369,255;369,257;368,259;369,261;368,262;368,264;368,266;369,269;368,270;369,273;368,274;368,276;368,279;369,281;368,283;368,284;369,286;368,289;369,291;368,293;368,295;368,297;369,299;368,301;368,303;368,305;368,307;369,308;368,311;369,312;369,314;368,317;368,319;369,321;368,323;368,325;368,326;368,329;369,330;368,333;369,335;369,337;369,339;368,340;368,342;369,344;369,347;369,349;369,351;368,352;368,355;368,356;369,358;368,361;369,363;368,364;368,366;369,369;369,370;368,372;368,374;368,376;369,378;369,381;369,382;368,384;369,386;368,389;368,390;369,393;369,395;369,396;369,399;368,401;368,402;369,404;369,407;369,408;368,410;369,412;368,414;368,416;368,419;368,421;369,422;369,424;368,426;368,429;369,430;369,432;369,434;368,437;368,438;369,440;369,443;369,444;369,447;369,449;369,450;369,452;368,454;368,457;368,458;369,460;369,463;369,464;368,466;369,469;368,471;369,473;369,474;368,476;369,479;368,481;369,482;368,485;368,487;368,489;369,490;369,492;368,494;369,497;368,499;369,500;368,502;368,504;369,506;369,509;368,511
370,0;370,3;370,4;371,7;371,8;371,11;370,12;371,15;370,17;370,18;370,21;371,23;370,24;371,27;370,28;370,31;371,32;370,35;371,37;370,38;371,40;370,42;371,45;371,47;371,49;371,50;371,53;371,55;371,56;371,59;371,60;371,62;371,64;371,67;371,68;371,71;371,72;370,75;371,76;371,79;371,81;371,82;371,85;371,87;371,88;370,90;370,92;371,95;371,97;370,98;371,101;371,102;371,105;371,107;371,109;370,110;370,113;371,115;371,116;370,118;371,120;370,123;370,125;370,127;370,128;371,130;370,132;371,135;371,137;371,138;370,141;371,142;371,145;370,146;370,149;370,150;370,153;370,154;370,157;370,159;370,160;371,162;371,164;371,166;370,168;370,171;370,172;371,175;370,177;371,178;370,180;371,183;370,185;371,187;371,189;371,190;370,193;371,194;370,197;370,198;370,200;370,203;370,205;370,206;370,209;371,210;371,212;370,215;370,216;371,219;371,221;371,222;371,225;370,226;371,228;371,230;370,232;370,235;370,236;371,238;370,240;370,242;370,245;371,247;371,249;371,251;371,252;370,255;370,257;371,258;371,261;370,262;370,264;370,266;370,268;370,271;370,273;370,274;371,277;371,279;370,281;370,282;370,285;371,287;371,288;370,290;370,293;370,295;370,297;371,298;371,301;371,303;371,305;370,307;370,309;370,310;371,312;371,314;370,316;370,319;370,321;371,322;371,325;371,327;371,329;370,330;370,332;370,335;370,336;370,338;370,341;371,342;371,344;371,346;371,349;371,351;371,352;371,355;370,357;371,358;370,360;370,363;370,365;371,367;370,369;371,371;370,372;371,375;371,376;371,379;370,380;371,382;371,384;371,386;371,389;370,390;370,392;370,395;370,397;371,399;370,400;370,403;371,405;370,407;370,409;370,411;371,413;371,414;371,416;370,418;370,421;371,422;371,425;371,427;371,428;370,431;371,432;370,434;371,437;371,439;370,441;371,442;370,444;370,446;370,448;371,451;370,452;371,455;370,457;370,458;371,460;370,463;371,464;371,466;371,468;370,470;370,472;370,475;370,476;370,479;370,481;370,482;371,485;370,487;370,488;371,491;371,492;370,495;371,496;370,499;371,500;371,503;371,504;371,506;371,509;370,511
373,0;372,2;373,4;373,7;373,9;372,10;373,13;373,15;372,17;373,18;372,20;372,23;373,24;372,26;372,28;373,30;372,33;373,35;373,36;373,38;372,40;372,42;372,44;372,47;372,49;373,51;372,52;372,55;373,57;372,58;372,60;373,62;372,65;373,67;373,69;372,71;373,73;372,74;373,77;373,78;372,80;372,83;373,85;372,86;373,89;373,91;372,93;373,94;373,97;373,99;373,100;372,103;372,105;372,107;373,108;373,110;372,112;372,115;373,117;373,119;372,120;372,122;373,124;372,126;372,129;373,130;373,132;373,135;373,136;372,138;372,141;372,142;372,144;373,146;372,148;372,151;373,153;372,154;373,156;373,158;372,161;373,162;373,164;373,167;373,169;372,171;372,173;372,175;373,176;373,179;372,181;372,183;372,184;372,186;373,188;373,191;372,193;372,195;372,197;372,198;372,201;373,203;372,205;372,207;373,209;373,210;373,213;372,214;373,217;373,218;372,221;373,222;372,225;372,226;372,228;373,231;372,232;373,235;372,236;372,238;372,240;372,243;372,244;373,247;373,249;372,250;372,253;373,254;372,257;372,258;373,260;372,262;373,264;373,266;372,268;372,271;372,273;372,275;372,276;372,278;372,281;372,282;373,284;372,287;373,288;373,291;372,292;372,294;373,297;372,299;373,301;373,302;373,304;372,307;372,308;372,310;372,312;373,315;373,316;372,319;373,320;373,322;373,324;372,326;373,329;373,330;372,332;372,334;372,336;372,338;372,340;372,343;372,344;372,346;373,349;372,350;373,353;373,355;372,356;372,358;373,361;373,362;372,364;373,367;372,368;372,371;372,373;373,375;372,376;373,379;373,380;373,383;373,384;372,386;373,388;373,391;373,393;372,394;373,396;373,399;372,401;373,402;372,404;373,407;372,408;373,411;372,412;373,415;373,417;372,419;373,421;373,423;372,424;372,426;372,428;373,431;373,432;373,435;372,436;372,439;373,441;373,442;373,444;373,446;372,448;373,450;373,453;373,455;373,456;373,458;372,460;373,462;373,464;372,466;373,468;372,471;372,472;372,475;372,476;372,479;373,481;372,483;372,485;372,487;373,489;373,491;372,492;372,494;372,497;372,499;372,500;373,502;372,504;372,507;373,508;372,510
375,1;375,3;374,4;375,7;374,9;374,11;374,12;374,15;375,16;374,18;374,20;374,23;375,24;374,27;374,29;375,31;374,33;375,35;374,36;375,38;374,40;374,42;374,45;374,47;375,48;375,50;374,52;374,55;374,57;374,59;374,60;374,62;374,64;375,67;374,68;374,70;374,73;375,74;374,77;374,79;375,81;375,82;375,84;375,86;374,88;374,91;374,92;375,94;374,96;375,98;375,101;374,103;374,104;375,106;375,108;375,111;375,113;374,114;375,117;375,118;374,121;374,122;374,125;374,127;375,128;375,130;374,133;375,135;375,137;375,139;374,140;375,142;374,144;374,146;374,149;375,151;375,152;375,155;375,157;375,158;374,160;374,163;374,164;375,166;374,168;375,170;374,173;374,175;375,177;375,178;375,181;374,183;375,185;374,187;374,189;375,190;375,193;375,195;375,196;375,199;374,201;374,203;374,205;374,207;374,209;374,210;374,212;375,215;375,217;375,218;374,221;375,222;375,224;374,226;375,229;375,230;375,233;375,235;374,237;375,239;375,241;374,242;374,244;374,246;374,248;375,250;374,252;374,255;375,256;375,258;374,260;375,262;374,264;374,266;374,268;375,271;374,273;374,275;374,277;375,278;375,280;374,282;375,285;374,286;374,288;375,291;374,292;375,295;375,296;374,298;375,301;375,303;374,305;375,307;375,309;375,311;374,312;375,315;374,316;374,318;375,320;374,322;375,324;375,326;374,329;375,331;374,333;374,334;375,337;374,339;375,340;375,343;375,345;374,346;374,348;374,351;374,353;374,355;375,357;375,358;374,361;375,363;374,364;375,367;375,369;375,371;375,372;375,375;374,376;375,378;375,381;375,382;375,384;374,387;375,389;374,391;374,392;375,394;375,397;374,399;375,401;375,403;374,404;375,407;375,409;375,410;375,413;375,414;375,416;375,418;374,421;375,422;374,424;375,426;374,429;375,430;374,432;375,435;374,437;375,439;374,441;375,443;374,445;374,447;375,449;375,451;374,453;374,454;374,456;374,459;374,461;374,463;375,464;374,466;375,469;375,471;374,472;375,474;374,476;374,478;374,480;374,483;374,484;374,487;374,489;374,491;374,492;375,495;375,497;374,499;374,500;375,502;375,504;374,506;375,508;375,511
377,0;376,2;376,5;377,6;376,8;377,11;377,12;377,14;377,17;377,18;377,20;376,23;376,24;377,27;377,29;376,31;377,33;377,35;376,37;377,38;376,40;377,43;377,44;376,47;377,48;376,50;376,52;377,55;377,57;377,59;376,61;377,63;377,65;377,67;377,69;376,71;377,73;377,75;376,77;376,79;377,80;377,83;376,85;376,87;377,89;377,90;376,93;376,94;376,97;377,99;377,101;377,102;376,104;377,107;376,108;376,111;376,113;376,115;377,116;376,118;377,120;377,123;376,124;376,127;376,128;376,131;376,132;376,135;376,137;377,139;376,140;376,142;376,144;376,147;376,148;377,151;377,153;377,154;377,157;377,158;376,161;376,162;377,165;377,166;377,169;376,171;377,172;377,175;377,177;377,178;377,180;376,183;376,184;377,187;377,188;377,190;377,193;377,194;376,196;377,198;377,201;377,203;376,205;376,206;377,209;376,210;376,212;376,214;377,216;377,218;376,220;377,222;377,224;377,227;376,229;376,230;377,233;377,235;377,237;376,238;377,240;376,242;376,244;376,246;376,248;376,251;377,252;376,255;376,257;377,259;377,261;377,263;377,265;377,266;376,268;376,270;376,273;377,274;377,276;376,278;377,281;376,282;377,284;377,286;377,288;377,291;377,293;376,295;376,297;376,298;377,301;376,303;377,305;377,306;377,308;377,311;377,312;377,314;377,317;376,319;376,321;376,323;377,324;376,326;376,328;376,330;377,333;377,334;377,337;377,338;376,340;377,343;377,345;377,347;377,349;377,351;377,352;376,355;377,357;377,359;377,360;377,362;376,365;376,366;377,368;376,370;376,373;376,375;377,376;376,379;376,380;376,382;377,385;377,387;377,389;376,390;377,393;377,395;376,396;377,398;377,400;376,403;377,404;377,406;377,408;376,410;377,413;376,415;376,417;376,418;377,421;377,423;376,424;376,426;376,429;377,431;377,432;377,434;377,437;376,439;376,440;376,442;377,444;376,447;377,448;376,451;377,453;376,454;377,457;377,459;376,461;377,462;376,464;376,466;376,469;377,470;377,472;377,474;377,476;377,478;377,481;377,482;377,484;377,487;377,489;377,490;376,492;376,494;376,496;376,499;376,501;377,503;377,505;376,507;376,508;376,511
379,0;378,2;379,4;379,6;379,9;378,11;379,12;379,14;379,17;379,19;378,21;379,23;379,25;379,26;378,28;379,31;379,33;378,35;378,37;379,38;378,40;379,42;379,44;378,47;379,48;379,51;379,53;378,54;379,56;378,58;378,61;379,62;378,65;378,67;379,68;379,71;379,72;379,74;379,76;378,78;378,80;379,83;379,84;378,87;378,88;378,91;379,92;378,94;379,97;379,98;378,100;378,103;379,104;378,107;378,108;378,110;378,112;379,114;378,117;379,119;379,120;379,123;378,125;379,127;379,128;379,131;379,132;378,135;379,136;379,139;379,140;378,142;379,145;378,146;379,149;378,151;379,152;378,155;378,157;379,158;379,160;379,163;379,165;379,167;379,168;379,171;378,173;379,175;378,176;378,179;379,180;378,183;378,185;378,187;379,189;379,191;379,192;378,195;379,196;379,198;378,201;378,203;379,204;379,207;378,209;378,210;378,212;378,215;379,217;378,219;378,221;378,223;379,224;378,227;379,229;378,230;378,233;378,234;379,237;378,238;378,240;379,242;379,244;379,246;379,249;379,251;378,252;379,255;379,256;379,259;378,261;378,263;378,265;378,266;378,268;378,271;378,273;379,275;379,277;378,279;378,280;379,282;379,285;379,286;379,289;378,291;379,293;378,294;378,297;378,299;378,301;378,303;378,305;379,306;378,309;379,310;379,312;378,315;379,316;378,318;379,321;378,322;379,325;378,326;378,328;378,330;379,332;379,334;378,336;379,339;378,340;379,343;378,345;378,347;379,349;378,351;379,352;379,354;379,356;378,359;378,360;379,362;378,364;378,367;379,369;378,371;378,372;378,374;379,377;378,378;378,380;379,383;379,384;378,386;378,388;378,391;378,393;378,395;378,397;378,398;379,401;379,403;379,404;378,407;378,408;378,411;379,412;378,415;378,416;378,419;379,420;378,423;379,424;378,426;378,428;379,430;379,433;379,435;379,437;378,439;379,440;378,442;379,445;378,447;379,448;379,450;379,453;378,455;378,456;379,458;379,460;379,463;378,464;379,466;378,468;379,470;379,472;378,475;379,476;379,478;379,480;378,483;379,485;378,486;378,489;378,490;379,492;379,494;378,497;379,499;379,500;379,503;378,504;379,506;379,509;379,510
380,1;380,3;381,4;381,7;381,8;380,10;381,13;380,14;381,16;381,19;381,21;380,22;381,24;381,26;381,29;381,30;381,32;380,34;380,37;381,38;380,40;381,43;381,45;380,47;380,48;380,51;380,53;380,54;381,57;380,58;380,61;381,63;381,64;380,67;380,69;381,71;380,72;381,75;380,77;381,79;380,81;380,83;381,85;380,87;380,89;380,91;380,93;380,95;380,97;381,98;381,100;380,102;380,105;381,107;380,108;381,110;380,112;380,114;380,117;380,118;381,121;381,122;381,124;380,126;380,128;380,130;380,133;380,134;380,136;380,139;380,140;381,143;380,144;381,147;381,149;381,151;381,152;380,155;380,157;381,158;380,161;380,163;380,165;380,166;381,168;380,171;381,173;380,175;381,176;380,178;380,180;380,183;380,184;381,187;380,189;380,190;381,192;380,195;381,196;380,198;380,200;381,203;380,204;380,206;380,208;381,210;381,213;381,215;381,216;380,219;381,221;381,222;380,225;381,227;380,228;380,231;381,232;380,235;380,236;380,239;381,241;380,243;380,244;380,246;380,249;380,251;380,253;381,255;380,256;381,259;380,261;380,262;380,264;380,266;380,268;381,270;380,272;381,275;381,277;380,278;380,280;381,283;380,285;380,286;380,288;380,290;380,292;381,295;380,296;380,298;380,300;380,303;380,305;380,306;380,308;380,310;381,312;381,314;380,317;381,318;380,320;380,323;381,324;381,327;381,328;381,331;380,332;381,334;381,337;380,339;380,341;381,343;380,345;380,346;381,348;380,351;381,353;380,354;380,357;381,359;381,360;380,362;381,364;381,367;380,369;380,370;381,372;381,375;381,376;381,378;381,380;381,383;381,384;380,387;381,389;380,391;380,393;381,395;381,397;381,399;381,400;381,403;380,404;381,406;381,409;381,411;381,413;381,414;381,416;381,418;380,421;381,422;381,425;380,427;380,429;380,430;380,433;380,434;380,437;381,439;380,441;381,443;381,445;381,447;380,448;380,450;381,453;381,454;380,457;381,458;381,460;380,462;381,465;380,467;381,468;381,470;380,473;381,474;381,477;381,478;380,481;381,483;380,484;381,487;380,488;380,491;380,493;381,494;380,496;381,499;380,501;381,503;381,504;380,507;381,509;380,510
382,1;383,2;383,4;382,6;383,8;383,11;383,12;382,15;383,17;383,19;382,21;382,23;383,24;383,27;382,28;383,30;383,32;382,35;382,37;383,38;382,40;383,42;382,45;382,47;382,49;382,50;382,52;383,55;383,56;383,58;382,60;383,62;382,65;382,67;383,69;382,70;383,72;383,75;382,77;382,79;382,80;382,83;382,84;382,86;382,89;383,91;382,92;383,95;382,96;383,98;383,100;383,102;382,105;382,106;382,109;383,110;382,112;382,114;382,116;382,118;383,120;382,122;382,124;382,126;382,129;383,131;383,133;382,135;383,137;383,138;382,140;383,143;382,144;383,146;382,149;383,150;383,152;383,154;383,156;383,158;382,160;383,162;382,165;382,166;383,169;382,171;382,173;382,174;382,177;382,178;382,181;382,183;382,184;383,187;383,189;383,190;382,192;382,194;383,197;383,198;382,200;382,203;382,205;382,207;383,208;383,210;382,213;383,214;382,217;383,219;382,220;383,222;383,224;383,227;382,229;382,231;382,233;382,235;382,236;382,238;383,240;382,243;382,245;383,247;382,249;382,250;382,252;382,255;383,257;383,259;383,261;382,263;383,264;383,267;383,269;383,271;383,273;382,274;382,277;383,278;382,280;382,282;382,284;382,287;383,288;382,290;382,292;383,295;383,296;383,298;382,300;383,303;382,304;383,306;382,308;382,310;383,312;383,315;383,317;383,319;382,321;382,323;383,325;383,327;383,329;382,331;382,332;382,334;383,336;383,338;383,341;382,343;383,345;382,346;382,348;382,350;382,353;382,355;383,356;383,358;382,360;382,363;383,365;383,367;383,369;382,371;383,372;382,374;383,376;383,378;383,381;382,383;383,385;382,387;382,388;383,391;382,393;382,394;382,397;383,399;382,401;382,403;382,404;383,406;382,408;382,411;383,413;383,414;382,416;383,418;382,421;382,423;382,425;382,427;383,428;382,431;382,433;382,435;383,437;382,438;383,440;383,442;382,444;383,446;383,448;382,450;383,452;382,454;382,456;382,458;383,460;383,463;382,465;383,466;382,468;382,471;382,472;383,475;383,476;382,479;382,480;383,482;382,484;382,486;383,488;383,490;383,492;382,494;383,497;383,499;382,500;383,503;382,504;383,506;383,509;383,511
385,0;385,3;385,4;385,7;384,9;384,11;384,12;384,15;384,16;385,18;385,21;385,22;384,25;385,26;384,28;384,30;384,33;384,35;385,37;385,38;385,40;385,43;385,44;384,47;384,49;384,51;384,53;385,55;385,57;385,58;385,60;384,63;385,65;384,67;384,69;385,71;385,73;384,75;384,77;385,79;385,80;385,82;385,85;384,86;384,89;385,90;384,92;385,95;384,97;385,98;384,101;384,102;384,104;384,107;385,109;384,110;385,113;384,115;384,116;384,119;384,120;385,123;384,124;384,127;385,128;384,131;385,133;385,135;384,136;385,138;385,140;384,142;384,144;384,146;384,148;385,150;384,152;384,155;385,157;384,158;384,160;384,163;385,164;384,166;384,168;384,170;385,172;385,174;385,177;384,178;385,181;384,182;384,184;385,186;385,189;384,190;385,192;385,195;385,196;384,198;384,200;385,202;385,205;384,206;385,208;385,210;384,212;385,215;385,216;385,218;385,220;385,223;385,225;384,227;385,229;385,231;385,233;385,235;385,236;385,239;384,240;385,242;385,245;385,247;385,248;385,251;384,253;384,254;385,257;385,258;384,260;385,262;384,264;384,267;384,268;385,271;384,273;385,275;384,276;384,278;385,281;384,282;385,285;384,286;384,289;384,290;384,292;385,294;384,297;384,299;384,301;385,303;384,305;385,306;384,308;384,310;385,313;384,315;384,317;385,318;385,320;384,323;384,325;385,327;384,328;385,331;385,332;385,335;384,336;385,338;385,340;384,343;385,345;384,347;385,348;385,351;384,352;385,355;384,356;384,359;385,361;384,363;385,364;384,366;384,369;385,370;385,373;385,374;384,377;384,378;384,381;385,383;384,384;385,386;384,388;384,391;385,393;384,395;385,397;385,398;384,400;384,402;384,405;384,406;385,409;385,410;385,413;384,414;384,416;385,419;385,420;384,422;384,425;384,427;385,429;384,431;385,433;385,435;385,437;384,439;384,441;384,443;384,445;384,446;385,449;385,451;385,452;385,454;384,457;385,459;384,461;385,463;385,465;384,466;384,469;384,470;385,473;384,475;385,476;384,478;385,481;385,483;385,485;384,486;384,488;385,490;384,493;384,495;385,497;385,499;385,500;385,503;385,504;384,506;385,508;384,511
386,0;386,3;386,5;387,6;386,9;386,11;386,12;387,15;386,16;387,19;387,21;387,23;386,24;387,27;387,28;386,30;387,32;387,35;386,37;387,38;386,40;387,42;387,44;386,47;386,49;386,50;386,52;386,55;386,56;386,59;386,61;387,62;387,64;386,67;386,68;387,70;387,73;386,75;387,77;386,78;387,80;387,82;387,84;387,87;387,89;387,91;387,93;387,94;386,96;387,99;386,100;387,102;386,105;387,106;386,108;386,111;386,112;387,114;386,117;386,118;387,121;386,123;386,125;386,127;387,129;386,131;387,133;387,135;387,136;386,138;386,140;386,142;386,145;387,146;387,148;387,151;386,152;386,155;386,157;387,159;387,161;387,163;387,164;386,166;386,168;386,170;386,173;387,175;387,176;387,178;387,180;386,182;387,184;387,186;386,188;386,191;387,192;386,195;387,196;386,198;386,201;387,203;386,205;386,206;386,209;387,211;387,213;387,215;386,216;387,219;386,221;387,222;386,225;387,226;386,229;387,230;386,232;386,235;386,237;386,239;386,240;387,242;386,244;386,246;386,249;387,250;386,253;387,254;387,256;386,259;386,260;386,263;387,265;387,267;387,269;386,270;386,272;386,275;386,277;386,278;386,281;387,282;387,284;386,287;387,289;386,291;387,292;387,294;386,297;387,299;386,300;386,303;387,305;387,306;387,309;387,311;387,312;387,314;386,317;386,319;386,320;386,322;387,324;387,327;387,328;387,330;387,332;387,334;387,337;387,338;386,341;386,342;387,344;386,347;386,349;386,351;386,352;387,354;386,356;387,359;386,360;387,363;387,364;387,366;387,369;387,371;387,373;386,375;386,377;386,378;386,380;386,382;387,384;386,386;387,389;386,390;387,392;387,394;387,397;386,398;386,400;386,402;387,405;386,406;386,409;387,410;386,413;386,414;386,416;386,418;386,420;386,423;386,424;386,426;387,428;387,431;386,433;387,434;386,436;386,438;386,440;387,442;387,444;386,447;387,448;387,450;387,453;386,455;387,456;387,459;387,461;387,462;387,464;386,466;387,469;387,470;386,472;386,475;386,477;386,479;386,481;386,482;386,485;386,486;387,489;386,491;387,492;386,495;386,497;386,499;386,501;386,503;387,505;387,506;386,509;386,510
388,0;389,2;389,5;388,7;388,9;388,10;389,12;388,14;389,17;388,18;388,21;389,23;388,24;389,26;389,29;389,30;388,33;389,35;388,36;388,38;388,41;388,42;389,45;388,47;388,49;388,50;388,52;389,54;388,56;388,59;389,60;389,63;389,64;389,67;389,69;388,70;389,73;388,74;388,77;388,79;388,81;389,82;389,84;388,86;388,88;389,90;388,92;389,95;388,97;389,98;388,100;389,102;389,104;388,107;388,109;388,110;388,112;389,115;388,116;388,118;389,121;388,122;388,124;388,127;388,128;389,131;389,133;389,134;389,136;388,138;389,140;389,142;389,145;388,146;389,149;388,151;388,152;388,154;388,157;389,159;389,161;389,162;389,164;388,167;388,168;389,171;389,172;389,175;388,176;388,179;388,181;389,183;389,184;388,187;388,188;388,191;389,192;389,195;388,197;389,198;389,201;389,202;389,204;388,207;388,208;389,210;389,212;389,215;389,216;388,219;389,220;389,222;389,224;388,226;388,229;389,230;389,233;388,234;388,236;388,238;389,241;388,243;388,245;389,247;388,248;388,251;389,253;389,254;389,256;389,258;388,261;388,263;388,265;389,267;389,268;389,270;389,273;388,274;389,277;388,279;389,281;389,283;388,285;389,287;389,289;388,290;389,292;389,294;389,296;389,299;388,300;389,302;388,305;388,307;388,309;389,311;388,312;389,314;389,316;389,318;388,321;389,323;388,325;389,327;389,329;388,330;388,332;388,334;389,336;389,338;388,341;388,342;389,344;388,346;389,349;389,351;389,352;388,355;389,357;389,358;389,361;389,362;389,365;389,367;389,368;389,370;389,373;388,374;388,377;389,379;388,381;388,382;389,384;388,386;388,389;389,390;389,392;388,394;388,397;388,398;389,400;389,403;388,404;389,406;389,409;388,410;388,412;388,414;389,416;389,418;389,420;389,423;388,424;389,427;388,428;388,431;389,433;389,435;389,437;388,439;389,440;388,443;389,444;388,447;388,449;389,451;388,453;388,454;389,456;388,458;388,460;388,462;388,465;388,466;389,468;389,471;388,473;388,475;388,476;389,478;388,481;388,483;389,485;388,486;389,488;388,491;389,493;389,494;389,497;389,499;389,500;389,503;388,505;389,506;388,508;388,511
391,1;391,2;391,5;391,7;390,8;391,10;391,12;391,15;391,16;391,19;391,20;391,23;390,25;390,26;390,29;391,31;391,33;390,35;391,37;390,39;391,41;391,43;391,45;390,47;391,49;390,51;391,53;390,54;391,56;390,58;391,60;391,62;391,65;390,66;391,69;391,70;390,73;390,74;390,76;391,79;391,81;391,82;390,85;390,86;391,88;390,91;391,93;390,95;390,96;391,99;390,101;391,102;391,104;391,106;390,109;390,110;391,112;391,114;390,116;390,118;390,120;391,123;390,124;391,127;390,128;391,130;391,132;391,135;390,136;391,139;391,141;390,143;391,144;391,147;391,149;391,151;390,152;390,155;391,157;391,159;391,161;391,162;391,164;390,166;391,169;390,171;390,172;391,175;390,176;391,179;391,181;390,183;390,184;390,186;390,189;391,191;390,193;391,195;390,196;390,199;391,201;391,202;391,204;391,206;390,208;390,211;391,213;391,215;390,216;390,218;391,221;390,223;391,225;391,226;391,229;391,230;391,232;390,234;390,236;390,239;390,240;390,243;391,244;391,246;391,249;391,251;390,252;391,255;390,256;391,259;391,260;390,263;391,264;391,267;391,269;390,270;390,272;390,274;391,277;390,279;391,280;391,283;391,284;391,287;391,289;391,290;391,292;391,294;390,297;391,299;390,301;391,303;391,304;391,306;390,308;391,310;390,312;391,315;390,317;390,318;391,320;390,322;391,325;391,327;390,328;391,330;390,333;390,335;390,337;390,338;391,341;391,342;391,345;390,347;391,349;390,350;390,353;391,354;391,356;390,359;390,361;390,362;390,364;390,366;391,369;390,370;391,373;391,375;390,377;390,378;390,380;390,382;391,384;390,386;391,388;390,391;390,392;391,394;390,397;390,399;390,400;390,402;391,405;391,407;390,409;391,411;391,412;391,414;391,417;391,418;391,420;390,423;391,425;390,427;390,428;391,430;390,432;391,435;391,436;391,439;391,440;391,443;391,444;391,446;390,449;391,451;391,453;391,454;391,457;391,459;391,460;390,462;390,464;390,467;390,469;390,470;391,473;391,475;390,477;390,479;391,480;391,483;390,484;391,486;391,489;391,491;391,493;391,495;390,496;390,499;391,501;390,503;390,504;391,506;390,509;390,510
393,1;393,3;392,5;392,6;393,8;393,10;393,12;392,14;393,17;392,18;393,21;392,23;392,24;393,27;392,29;392,31;393,33;393,35;392,37;393,39;392,40;392,43;393,45;392,47;393,49;393,50;393,52;392,54;393,57;392,58;393,61;393,63;393,65;393,66;393,68;393,71;392,73;392,75;392,76;392,78;392,80;392,82;392,84;392,87;392,88;393,90;393,92;393,95;393,96;392,99;393,100;393,102;393,105;392,106;392,108;393,111;393,112;392,114;392,117;393,118;392,121;393,123;393,124;393,127;393,128;392,130;392,133;392,134;392,137;392,139;392,140;393,143;392,144;392,147;392,149;392,150;392,152;393,155;392,157;392,159;393,161;392,163;392,165;392,166;392,169;393,170;392,173;392,175;392,177;393,179;392,180;392,183;392,184;392,186;392,189;393,191;392,192;393,194;392,196;393,199;393,200;393,203;392,205;392,207;393,208;393,211;393,212;392,215;392,216;393,219;392,221;392,223;393,225;392,227;392,229;392,230;393,232;393,234;393,236;392,238;392,240;393,243;392,244;393,247;392,249;393,250;393,253;393,255;393,257;392,258;393,261;393,262;393,264;392,266;393,269;393,271;393,272;393,274;392,277;393,278;392,281;392,283;392,285;393,287;393,289;392,291;393,293;392,295;392,297;393,299;392,301;393,303;393,304;393,307;393,309;392,310;393,313;393,315;392,317;392,319;392,320;392,322;392,324;393,326;393,329;392,330;392,332;392,335;393,336;392,338;393,341;392,342;392,345;392,346;392,348;393,350;393,352;392,355;393,357;392,358;393,360;393,363;393,364;392,367;393,369;393,370;393,373;392,375;393,377;392,378;393,381;393,382;392,385;393,386;393,388;392,391;392,393;392,395;393,396;392,398;393,401;393,402;393,405;393,407;393,408;392,410;393,413;392,415;392,416;392,418;392,420;392,422;393,425;392,427;393,428;393,430;392,433;393,434;393,437;392,439;393,441;392,443;392,444;393,446;392,449;392,451;392,453;392,455;392,457;392,459;392,461;393,462;392,464;392,467;392,468;392,471;393,473;393,474;393,476;393,478;392,480;392,482;393,484;393,487;392,488;392,491;393,492;392,494;392,496;393,499;393,500;393,503;392,505;393,507;393,508;392,511
394,0;394,3;395,4;394,7;395,9;395,10;394,13;395,14;395,17;394,18;395,21;394,23;395,24;395,27;395,29;394,31;395,33;394,34;394,37;394,38;394,40;394,43;394,44;394,47;395,48;395,51;395,52;394,55;394,57;395,58;394,61;395,62;395,64;394,66;395,68;394,70;394,73;395,75;395,76;394,78;394,80;395,83;394,85;395,86;394,88;394,91;395,93;394,95;395,97;395,98;394,101;395,102;394,105;394,107;394,109;395,111;395,113;395,114;394,116;394,119;395,120;395,123;395,125;394,126;395,128;395,130;395,132;395,134;395,137;394,139;394,141;395,143;394,144;395,147;394,148;395,151;394,152;395,154;395,156;395,159;395,160;395,163;394,164;394,167;395,168;394,170;394,172;395,174;395,176;394,178;395,181;395,182;394,185;394,187;395,189;394,191;394,192;395,194;394,196;395,199;394,200;395,203;395,204;394,207;394,209;395,211;395,213;394,215;395,217;395,218;394,220;394,223;394,225;394,226;394,229;395,230;395,232;395,234;394,237;395,238;394,241;395,242;395,244;395,246;394,249;394,250;395,253;395,255;394,256;395,258;395,260;395,262;394,264;395,267;395,268;394,270;395,273;395,274;395,276;394,278;394,281;395,282;395,284;394,286;395,288;394,290;395,292;395,295;395,296;395,298;394,300;394,302;395,305;394,306;395,309;394,310;395,312;394,315;394,317;394,318;395,321;394,322;394,325;394,327;394,328;395,330;395,333;395,335;395,337;395,339;395,341;395,343;395,345;395,347;394,348;394,351;394,352;395,355;395,357;394,358;394,361;394,363;395,365;395,367;395,368;394,370;394,373;394,374;395,376;395,378;395,380;395,383;394,384;395,386;395,389;394,390;394,393;395,395;394,396;395,399;394,401;394,402;394,405;395,407;394,409;394,410;394,412;394,414;395,416;394,419;395,420;394,422;395,424;395,427;394,428;395,431;395,433;395,434;395,436;394,439;394,440;394,442;394,445;395,446;394,448;395,450;395,452;395,455;394,456;394,458;394,460;394,462;394,464;395,467;395,468;394,471;394,472;395,474;395,476;395,479;395,481;394,483;395,485;395,486;395,488;394,490;394,493;394,494;394,496;395,499;395,500;394,503;394,505;394,506;395,508;395,510
397,1;396,3;397,4;396,6;397,9;396,10;396,13;396,15;396,16;396,18;397,20;397,23;396,24;397,26;397,29;397,30;397,33;396,35;396,37;397,38;396,40;396,43;396,45;396,47;396,49;396,50;397,52;396,54;396,57;396,59;397,60;397,62;397,64;397,67;397,68;397,70;396,73;397,74;397,76;396,79;396,81;397,83;397,85;397,86;397,89;397,91;396,93;396,94;397,96;396,98;397,100;396,103;396,104;396,107;397,109;397,110;397,113;397,114;396,116;397,118;397,120;397,123;396,125;397,126;396,129;396,131;396,133;396,134;397,136;397,138;396,140;397,142;396,145;396,146;396,148;396,150;397,153;397,154;397,156;396,159;396,160;397,163;396,164;397,166;396,169;396,170;396,172;397,175;397,177;396,179;396,180;396,182;397,184;396,187;396,189;396,190;397,192;397,195;396,196;396,199;396,201;396,202;397,205;396,206;396,208;396,211;397,212;397,215;396,217;397,218;397,220;397,222;397,224;396,226;397,229;397,230;397,233;397,234;396,237;396,239;397,240;396,243;397,244;397,247;397,249;396,250;396,252;396,255;396,256;396,258;396,260;397,262;396,264;396,267;396,269;397,271;397,273;396,274;396,277;397,279;397,281;397,282;397,285;397,286;396,288;396,291;396,292;397,294;397,297;397,298;397,301;397,303;396,305;396,306;396,308;397,310;397,313;397,314;396,317;397,318;397,321;397,323;397,324;397,327;396,328;397,330;397,332;396,334;397,337;397,339;397,341;397,342;397,345;397,346;396,348;396,350;397,353;396,355;397,356;396,358;396,360;396,362;396,365;397,366;397,368;396,370;396,373;396,374;396,376;396,378;397,380;396,383;397,385;397,386;397,388;397,390;396,393;397,394;397,396;397,398;396,401;397,403;397,405;396,407;397,409;396,411;397,412;397,415;396,416;397,418;397,420;396,422;397,425;397,426;397,428;397,430;396,432;396,435;397,437;396,438;397,440;397,442;397,444;396,446;396,448;397,450;397,452;397,455;397,456;397,458;397,461;396,463;396,464;396,466;396,469;396,470;397,473;397,475;397,477;397,478;397,480;397,482;397,484;397,487;396,489;397,491;397,492;396,494;396,496;397,498;397,501;397,503;396,504;397,506;396,508;397,511
398,1;399,2;398,5;398,7;399,8;398,10;398,13;398,15;398,16;398,18;399,21;399,23;398,24;399,26;398,29;398,30;399,32;398,35;399,37;398,38;399,40;398,42;398,45;399,47;398,49;398,50;399,52;398,55;398,57;399,59;399,60;399,62;399,64;399,66;399,69;398,71;399,72;398,74;398,77;399,79;398,80;398,83;398,85;398,86;398,88;398,91;399,92;399,94;399,97;399,99;398,101;399,103;399,104;399,107;399,109;398,110;398,113;398,115;399,116;399,118;398,121;398,122;398,125;398,126;399,128;399,130;399,132;399,134;399,136;398,139;398,140;399,143;399,144;398,146;398,149;399,150;399,153;399,154;398,156;399,159;398,160;399,163;399,164;399,167;398,168;398,171;398,173;398,174;398,176;399,179;398,181;399,182;398,184;399,186;399,188;399,190;398,193;399,195;398,196;398,199;399,200;399,202;399,204;398,207;399,209;399,211;399,212;398,215;399,217;399,218;398,220;399,222;398,224;399,226;398,228;398,230;399,232;399,235;398,236;398,238;398,240;398,243;399,244;398,246;399,248;399,250;398,252;398,254;399,257;399,259;399,261;399,262;398,264;398,267;399,269;399,271;399,272;398,274;398,277;398,279;398,280;398,282;399,284;399,286;399,289;398,291;398,293;399,295;398,296;399,298;399,301;399,303;399,305;399,307;398,308;399,311;398,312;399,315;399,317;399,319;399,321;399,323;399,324;399,326;398,328;398,330;398,332;399,334;399,336;399,338;399,340;398,343;399,345;399,346;399,349;398,350;399,352;398,355;398,356;399,359;398,360;399,362;399,364;399,366;399,368;398,370;398,373;399,375;399,376;399,379;398,380;399,383;399,384;399,386;399,388;399,391;399,393;398,394;398,397;399,399;398,400;398,403;399,405;399,407;399,409;399,410;399,413;398,415;399,416;399,419;398,420;399,422;399,425;399,426;399,429;399,430;398,433;399,434;398,436;398,439;398,441;398,442;398,445;399,446;398,448;399,451;399,453;398,454;398,457;398,458;398,461;398,463;398,464;398,466;398,469;398,471;399,472;399,474;399,477;399,478;398,480;399,483;398,485;399,486;398,489;399,490;398,492;399,495;398,496;398,498;398,500;398,503;399,504;398,507;398,508;399,511
400,0;401,2;400,5;400,6;401,8;401,11;400,12;400,15;400,17;401,19;400,21;400,22;401,24;401,26;400,28;401,30;401,33;401,35;400,36;401,38;401,40;401,42;400,45;401,47;400,49;400,50;400,52;401,54;401,56;400,59;400,60;401,63;401,65;401,66;401,69;401,71;401,73;400,74;400,76;400,79;401,81;400,82;401,85;400,86;400,89;400,91;400,92;400,95;400,97;401,98;401,101;401,102;401,104;401,107;401,108;400,111;400,112;400,114;401,116;401,118;400,121;401,123;401,125;400,126;400,129;400,130;400,132;400,134;400,136;400,138;401,141;400,142;400,145;401,146;400,149;400,150;401,152;400,154;401,156;400,159;400,161;401,163;400,165;401,166;400,168;401,171;400,172;401,175;401,177;401,178;401,180;401,182;401,184;401,186;400,189;401,190;401,192;400,195;400,196;400,199;400,201;401,203;401,204;400,206;400,209;400,210;400,212;401,214;400,217;400,218;401,220;401,222;401,225;400,226;401,229;401,230;401,233;401,234;400,236;401,239;400,240;400,243;401,244;400,247;400,249;400,251;400,252;400,255;401,257;401,258;400,261;400,262;400,264;401,266;400,269;400,270;401,273;401,275;401,277;400,278;400,280;400,283;401,284;400,286;401,289;401,291;401,293;401,294;401,296;400,299;400,301;400,303;400,304;400,307;401,309;401,310;401,313;400,315;400,316;401,319;400,320;401,322;400,325;401,326;400,328;401,330;401,332;400,335;401,336;400,338;400,340;401,343;400,345;400,346;400,348;400,350;401,353;400,355;401,357;401,359;400,361;400,362;401,365;400,366;401,368;401,371;400,372;400,375;401,377;400,378;401,381;400,382;400,384;400,387;401,388;400,391;400,392;400,395;401,396;401,398;401,401;401,403;400,404;400,406;401,409;401,410;400,413;400,414;400,417;400,418;401,420;400,423;401,424;400,427;401,428;401,431;401,433;400,435;400,436;400,438;401,440;401,443;400,445;401,447;401,449;400,451;401,453;400,455;401,456;400,459;401,461;400,462;401,464;401,467;401,469;400,471;400,473;400,474;401,476;400,478;401,481;401,483;400,484;401,486;400,489;400,491;400,492;401,494;400,497;400,498;400,501;401,503;400,504;400,507;401,509;400,510
402,0;402,3;403,5;402,7;403,8;402,11;403,12;403,14;402,17;403,19;403,21;402,22;402,25;402,27;403,29;402,31;402,32;403,35;402,36;403,39;402,40;402,42;403,45;403,47;403,48;403,50;403,52;403,54;403,56;402,59;403,61;403,62;402,65;403,67;402,69;403,71;403,72;403,74;403,76;402,79;403,80;403,82;403,85;403,86;403,88;403,91;403,93;403,94;402,96;402,99;403,100;402,103;402,104;402,107;403,109;403,111;402,112;402,114;402,117;403,119;402,121;402,123;403,124;402,127;403,129;403,131;402,133;402,134;402,137;402,138;403,140;403,143;403,144;402,147;403,148;402,151;403,152;403,155;403,156;402,158;402,160;403,162;402,164;403,166;402,168;403,170;402,172;403,174;403,177;402,179;403,181;402,183;403,184;403,187;403,188;402,191;402,193;403,194;402,197;402,198;402,201;402,202;403,204;403,207;403,209;402,210;403,213;402,215;403,217;403,219;403,220;403,223;403,225;402,226;403,228;402,230;403,232;403,234;402,236;402,239;402,241;402,242;403,244;403,247;403,249;402,251;402,252;403,254;402,257;403,259;402,261;402,263;403,265;403,267;402,269;403,270;403,272;403,275;402,277;403,278;403,280;403,282;402,285;403,286;403,288;403,290;403,293;402,294;402,296;403,299;403,300;403,303;402,305;402,306;403,309;402,310;403,313;403,314;403,316;402,319;402,320;403,323;402,325;402,326;402,329;403,330;402,333;402,334;402,337;403,338;402,341;403,343;403,344;402,346;402,348;403,350;403,352;402,354;402,357;403,358;403,360;403,362;402,364;402,367;403,368;403,370;402,373;403,375;403,376;403,378;402,380;403,383;402,384;403,386;403,389;403,391;402,392;403,395;402,397;403,399;402,401;402,402;402,405;403,407;402,408;402,411;403,413;403,415;402,416;403,419;403,420;403,422;402,424;403,427;403,429;403,430;402,433;403,434;403,436;402,438;403,440;403,443;403,445;402,447;402,449;402,451;402,453;403,454;403,456;402,458;403,460;403,463;402,465;402,466;402,468;402,470;402,473;403,474;402,476;403,478;403,480;402,482;402,485;402,487;402,488;402,491;403,492;402,494;402,496;402,499;402,501;402,502;402,505;403,507;402,509;403,510
404,0;405,3;404,5;405,7;404,8;405,10;405,13;405,14;404,16;404,19;405,21;404,23;405,24;404,27;404,29;404,31;404,32;405,35;405,36;405,38;404,40;404,42;405,45;404,46;404,49;404,50;404,52;404,55;404,56;404,58;405,60;405,63;404,65;404,67;405,69;404,71;404,72;404,74;404,76;405,79;404,80;404,82;404,85;404,87;404,89;405,91;404,93;404,95;405,97;404,99;405,101;405,103;405,104;405,107;404,108;405,111;404,112;404,115;405,117;404,119;404,120;404,123;404,125;405,127;405,129;405,130;404,133;405,134;404,136;404,138;405,141;405,142;404,144;404,146;404,148;405,150;405,152;404,155;404,157;404,159;404,161;404,163;405,165;404,167;405,168;405,170;405,172;404,174;404,177;405,179;405,180;405,182;404,185;405,186;404,188;404,191;405,193;405,194;404,196;404,198;404,200;405,202;405,205;405,207;405,209;405,211;405,212;404,214;404,216;404,219;405,221;405,222;405,225;404,226;405,229;405,230;404,232;404,234;404,237;405,238;404,241;405,242;405,244;405,246;404,248;404,251;404,252;405,255;405,257;405,258;404,260;404,262;404,264;404,267;404,269;404,271;405,272;405,275;404,276;404,279;405,281;404,282;405,284;404,287;404,288;404,290;404,292;404,295;405,296;404,298;405,300;405,302;405,305;404,306;405,309;405,310;404,313;405,314;405,316;404,318;404,320;404,323;405,324;404,327;404,329;404,331;404,332;404,334;405,337;405,339;405,340;405,343;404,345;405,347;404,349;405,351;404,352;405,354;405,356;404,359;404,361;405,362;405,364;404,367;404,368;405,371;404,372;405,374;404,376;405,379;404,381;404,382;405,385;405,387;404,388;404,391;405,393;404,394;404,396;404,399;405,400;404,402;405,404;405,407;404,408;404,410;405,413;405,414;404,416;405,419;404,420;404,423;404,425;405,427;404,429;404,431;404,433;405,434;404,437;405,438;404,440;404,442;405,445;405,447;405,448;404,451;404,452;404,455;404,456;405,459;404,460;405,463;405,465;405,466;405,468;405,471;405,472;404,475;404,477;405,478;404,480;404,482;405,484;405,487;405,488;404,490;404,493;404,494;405,496;405,498;405,501;404,502;405,505;404,507;404,508;404,510
407,0;407,2;406,4;407,6;406,9;407,11;407,12;406,15;406,17;407,19;407,20;407,22;406,24;407,27;406,29;407,30;407,33;406,35;407,37;407,38;406,40;406,43;407,44;406,46;406,49;406,50;406,53;406,54;407,57;407,59;407,60;406,62;407,64;407,67;407,69;406,70;406,73;407,74;407,77;407,79;406,81;407,82;407,85;407,86;407,89;406,91;407,92;407,94;407,96;406,98;406,100;407,103;407,104;406,107;406,108;407,110;407,113;406,114;407,117;406,118;406,121;406,122;407,125;407,127;407,129;406,131;407,133;406,134;406,136;406,138;406,141;407,142;406,144;406,146;406,149;407,150;407,152;407,154;406,157;406,159;407,161;407,162;407,165;407,166;407,169;407,171;407,172;406,175;407,177;406,178;406,181;406,182;407,185;406,187;407,188;406,190;406,193;407,195;407,196;406,198;407,200;406,203;406,205;407,207;406,208;406,211;406,212;407,215;406,217;406,218;407,221;406,223;406,225;407,227;406,228;407,231;406,232;406,234;406,237;406,238;406,241;407,242;407,245;406,246;407,249;406,250;406,253;407,255;406,257;407,259;407,260;407,262;406,265;406,267;407,268;406,271;407,272;406,274;407,276;407,279;406,281;407,282;407,284;406,287;407,289;406,291;406,292;406,295;406,297;407,298;407,301;406,302;407,304;406,307;407,309;406,310;407,312;406,314;406,317;406,319;407,320;407,323;407,325;406,327;407,329;407,330;406,333;406,334;407,336;407,338;406,341;407,343;407,344;407,347;407,348;406,350;407,352;407,355;407,357;407,358;406,361;407,363;407,364;406,367;406,368;406,370;407,373;406,374;407,376;406,378;407,380;406,383;406,385;407,387;406,388;406,390;407,392;406,395;406,396;407,399;406,401;407,402;406,404;406,406;407,409;406,410;406,413;406,414;407,417;407,418;406,420;407,422;406,425;407,426;407,428;407,430;406,432;406,435;406,436;406,438;407,441;406,443;407,445;407,446;407,449;407,451;406,452;406,455;406,457;406,459;407,460;406,463;406,464;406,467;406,468;406,470;406,473;406,474;406,476;406,479;407,481;406,482;407,484;407,487;406,488;406,491;406,493;407,494;407,496;406,499;406,501;407,503;407,504;407,507;406,509;406,511
409,1;409,2;409,4;408,6;409,8;409,11;408,13;409,15;409,17;409,18;409,20;408,23;409,24;408,27;408,28;409,31;409,32;409,35;409,37;408,38;409,40;409,42;408,44;409,47;408,49;408,50;409,53;409,54;408,56;408,59;408,60;408,63;409,64;409,66;408,69;409,71;408,73;408,74;408,76;408,79;408,80;408,82;408,85;408,87;408,88;408,90;409,93;408,94;408,96;408,98;409,100;408,103;408,104;408,107;408,109;408,110;408,112;409,114;408,117;408,118;408,121;409,122;409,124;408,127;409,128;409,131;408,133;409,134;408,136;408,138;408,141;408,142;408,145;409,147;408,148;409,150;409,152;408,155;408,156;409,158;409,161;408,162;409,164;409,166;408,169;408,171;409,173;409,175;408,176;409,178;409,180;409,182;409,184;409,186;409,189;408,190;409,192;409,194;408,197;408,198;408,201;409,203;409,205;408,206;409,208;408,210;408,212;409,215;409,217;409,219;409,221;408,222;408,225;408,226;409,229;408,230;408,232;408,235;408,237;408,239;408,240;409,243;409,244;408,247;408,248;409,251;408,252;409,254;409,257;408,258;409,261;408,263;408,264;409,267;408,268;408,270;409,273;408,274;408,277;409,278;409,280;409,282;408,285;409,287;409,288;409,291;409,293;409,294;408,297;408,298;408,301;408,302;409,305;408,307;409,308;409,311;408,312;408,314;408,317;408,319;408,320;408,323;409,325;409,326;408,329;408,331;409,333;408,334;408,336;408,338;409,340;409,342;409,345;409,347;409,349;409,350;408,353;409,355;409,357;408,359;409,360;409,362;409,365;408,366;409,369;409,370;408,372;408,375;408,377;409,379;408,381;409,383;409,385;409,386;409,388;408,390;408,393;408,395;409,396;408,399;408,401;408,402;408,405;409,407;409,409;409,411;408,412;408,415;408,417;408,419;408,420;408,422;408,425;408,426;408,429;408,431;409,433;408,435;409,437;408,439;408,441;408,442;409,444;409,446;408,448;408,451;408,453;408,455;409,456;408,459;408,460;409,462;408,464;409,467;408,469;408,470;409,472;408,474;408,477;408,478;409,480;408,482;408,484;408,486;408,489;408,490;408,492;408,494;408,497;408,498;409,501;408,503;409,504;409,506;408,509;409,510
410,1;411,2;410,4;411,7;410,8;410,10;410,13;410,14;410,17;411,18;410,20;410,22;411,24;411,26;411,29;410,31;410,32;410,34;411,37;411,38;410,40;411,43;411,45;411,47;410,49;410,50;411,53;410,55;411,56;411,59;410,61;411,62;410,64;411,67;410,69;410,71;410,73;411,74;411,76;411,79;411,80;410,82;411,85;410,86;410,88;410,90;410,93;410,94;411,97;411,98;411,101;410,103;411,104;411,107;410,108;410,110;410,112;410,115;411,117;410,118;411,121;410,123;411,124;411,126;411,128;410,130;411,133;411,134;410,137;411,139;410,140;411,143;410,145;411,147;411,149;410,150;411,152;410,155;411,156;411,158;411,160;410,163;410,165;410,166;411,168;411,171;411,173;411,174;411,176;410,178;411,180;411,183;410,185;411,187;410,189;411,190;410,192;410,194;411,196;410,199;410,200;411,202;411,204;410,206;411,209;410,210;410,212;411,214;411,217;410,218;410,221;411,222;410,225;411,226;410,228;410,231;410,233;411,235;410,237;410,239;410,241;411,242;411,244;411,246;410,248;410,250;411,252;410,254;411,256;410,258;411,260;410,262;410,265;410,266;410,268;410,270;411,272;411,275;411,277;410,279;411,281;410,282;410,285;410,287;410,288;410,290;410,292;411,295;411,296;410,299;410,300;411,303;411,304;411,307;411,309;411,311;410,312;411,314;411,317;411,318;411,320;410,322;411,325;411,326;411,328;411,331;410,333;411,335;411,336;411,338;411,340;410,342;411,345;411,347;410,348;411,350;410,352;411,355;411,357;411,359;411,360;410,362;411,364;411,366;411,368;411,370;410,372;411,375;411,377;410,379;410,380;410,382;410,385;411,386;411,388;410,390;410,392;410,395;410,397;411,399;410,401;411,403;410,404;410,407;411,408;411,410;411,412;410,414;411,416;410,418;411,421;411,422;411,425;411,426;410,428;410,431;411,433;410,434;411,437;411,438;411,440;411,442;411,445;410,446;411,448;410,450;410,453;410,454;410,456;411,459;411,461;411,462;411,464;411,467;410,469;411,471;411,472;411,474;411,476;410,479;411,480;410,482;411,484;411,486;410,488;410,491;411,493;410,494;410,496;410,499;411,501;410,502;411,505;410,506;410,508;411,510
412,1;412,3;413,4;413,6;412,9;412,11;412,13;412,14;413,17;413,18;412,20;412,22;413,25;413,26;412,28;413,30;412,33;413,35;413,37;412,38;413,40;413,42;413,45;413,47;412,49;412,51;412,53;412,54;412,57;413,59;412,60;413,62;412,65;413,66;413,68;413,70;413,73;412,75;413,77;413,79;413,81;413,82;413,84;413,86;413,88;413,91;413,92;413,94;413,96;412,98;413,101;413,103;413,104;413,107;413,109;412,110;412,113;412,114;412,117;412,118;413,121;412,123;412,124;412,126;413,128;412,130;412,133;413,135;413,137;413,139;412,140;412,142;412,144;413,146;412,149;412,151;413,153;412,154;412,157;412,159;413,160;412,162;413,165;413,166;413,168;412,170;412,173;413,175;412,177;412,179;413,181;413,182;413,184;413,186;412,188;412,190;412,192;412,195;413,197;412,198;413,200;413,202;413,205;413,206;413,208;413,211;413,212;413,215;413,217;412,219;412,220;412,223;413,224;413,227;413,228;413,230;413,232;413,234;412,236;412,239;413,241;412,242;412,244;413,246;413,248;413,250;413,252;412,254;413,257;413,259;413,260;413,262;413,265;412,266;413,268;413,271;412,272;413,275;413,277;413,278;412,280;412,283;413,284;412,286;413,289;412,290;412,292;413,294;413,296;412,298;412,301;413,302;413,305;413,307;413,308;412,310;413,313;412,315;413,317;412,319;412,320;412,323;412,325;412,327;412,328;413,331;413,333;412,335;412,336;412,338;413,340;413,343;412,344;413,347;412,348;412,350;412,353;412,355;412,357;413,359;413,360;412,362;412,364;412,366;413,369;412,371;412,372;413,374;413,377;412,379;413,380;413,383;413,384;413,387;412,388;413,390;412,393;413,395;412,396;412,399;413,401;413,403;412,405;413,407;413,408;413,411;413,413;412,415;413,416;413,419;412,420;413,423;412,425;413,427;413,428;412,431;412,433;413,435;413,437;412,438;412,441;412,442;413,445;413,447;413,448;412,450;413,453;412,455;412,456;413,458;412,461;413,463;413,465;412,467;413,469;412,470;412,473;412,474;413,477;413,479;413,480;412,482;413,485;413,486;412,489;412,490;413,492;412,494;412,497;413,498;413,501;413,502;413,504;412,507;413,509;413,510
414,1;415,3;415,5;415,6;415,8;415,11;415,12;415,15;415,16;415,19;415,21;415,22;415,24;414,26;414,29;415,31;415,32;415,35;415,37;415,38;415,40;414,43;414,45;415,46;414,49;415,51;415,52;414,54;415,56;414,58;414,60;415,62;415,64;414,67;414,68;414,71;414,73;414,75;414,76;415,79;415,81;414,82;414,85;414,86;415,89;414,91;415,93;415,95;414,96;415,98;415,100;415,102;415,104;415,107;415,109;414,110;414,112;414,115;414,116;415,118;415,120;415,122;414,124;414,127;414,128;414,130;414,132;414,134;414,137;414,138;415,141;414,142;414,144;414,146;415,148;415,151;415,152;414,154;415,156;415,159;415,161;415,163;414,165;414,167;415,169;415,171;415,172;415,175;415,177;414,178;415,180;414,183;414,184;415,186;415,189;415,190;415,192;415,194;414,196;414,198;414,200;414,202;415,204;414,206;415,209;415,210;414,213;415,215;415,216;414,218;414,220;414,223;415,224;414,227;415,229;414,231;415,233;415,234;414,236;414,238;415,241;415,242;415,244;415,246;414,249;414,250;414,253;415,254;415,256;415,259;415,260;415,262;414,265;414,267;415,269;415,271;414,272;414,275;415,277;414,279;414,280;414,282;414,285;415,287;414,289;415,291;414,293;415,295;415,296;414,298;415,301;415,303;415,305;414,307;415,308;415,311;415,313;414,314;414,317;415,319;415,321;415,322;415,324;414,326;414,328;414,331;414,333;415,335;414,337;415,339;414,340;414,343;415,345;415,347;414,348;414,351;414,353;415,355;414,356;414,358;414,360;414,363;414,364;414,367;414,368;415,371;415,373;415,374;415,376;414,378;415,380;414,382;414,384;414,387;415,388;415,391;415,392;414,395;415,396;415,398;414,401;414,402;415,405;415,407;414,408;415,410;414,413;415,414;414,416;414,418;415,421;414,422;415,425;415,427;414,429;415,431;415,433;415,435;414,436;414,439;415,440;415,443;414,445;415,446;414,448;414,451;415,452;414,454;415,457;414,458;415,460;414,462;415,465;414,466;414,468;414,470;415,473;414,474;415,477;414,478;415,480;414,482;415,485;414,487;414,489;415,491;415,493;415,495;414,497;414,498;415,500;414,503;415,505;414,507;414,509;415,511
417,1;416,3;416,5;417,7;416,8;417,11;416,13;417,14;417,16;416,18;416,21;417,22;417,24;417,26;416,28;417,31;417,33;416,35;417,37;416,38;416,40;417,43;416,45;416,47;416,49;416,50;416,53;417,55;416,56;416,58;416,61;417,63;417,65;417,67;417,69;417,70;417,73;417,74;417,76;417,78;416,81;416,82;417,85;416,87;417,88;416,90;417,92;416,94;416,97;417,98;416,101;416,103;416,104;416,107;416,109;417,111;417,113;417,114;417,117;417,119;416,120;417,122;417,124;416,127;417,129;417,131;417,133;417,135;416,137;417,138;417,140;416,142;417,145;417,147;417,148;417,150;416,152;416,155;416,156;417,158;416,160;416,162;416,165;417,166;416,169;416,171;417,173;416,174;417,176;417,179;416,181;416,182;417,184;416,187;417,189;417,191;417,192;417,195;416,196;417,199;417,200;416,203;416,205;417,206;416,209;416,211;417,212;417,215;417,217;417,218;416,221;417,223;417,224;417,226;416,228;417,231;416,233;416,235;416,237;416,238;417,240;416,242;416,245;417,247;417,249;416,250;416,252;416,254;417,257;416,259;417,261;416,263;417,265;417,267;417,269;417,271;416,273;416,274;416,277;416,278;416,281;417,282;416,285;416,286;416,289;416,290;416,293;416,295;416,297;416,299;417,300;417,302;417,305;417,307;416,309;416,311;417,312;417,315;417,316;417,318;417,321;417,323;416,325;416,326;416,329;417,331;416,332;416,334;416,337;417,339;416,340;416,342;417,344;417,346;416,349;417,351;417,353;416,355;416,356;416,358;417,360;416,363;416,365;417,366;416,368;417,370;416,372;417,375;416,377;417,379;416,381;416,383;416,385;416,386;417,389;416,391;417,392;417,395;416,396;417,399;417,400;417,402;417,405;417,406;417,408;416,411;416,413;417,414;417,416;416,419;416,421;417,422;417,425;417,427;416,429;416,430;417,432;417,435;417,437;416,439;416,440;416,442;417,445;417,446;417,448;417,451;416,452;417,454;416,457;416,458;416,460;417,463;417,464;417,467;417,469;416,471;417,472;417,475;416,476;417,478;417,480;416,483;417,484;417,487;416,488;416,491;416,492;416,494;416,497;417,498;416,500;417,503;417,504;416,507;417,508;416,510
418,1;419,3;419,5;418,6;419,9;419,10;418,12;419,15;419,16;419,19;419,21;419,22;418,25;419,26;418,29;419,31;418,32;418,35;418,36;419,38;419,40;418,42;418,45;418,47;419,48;418,51;419,52;419,54;419,57;418,58;419,60;419,63;418,64;419,67;419,68;418,71;418,73;418,74;418,76;419,79;418,80;418,82;418,85;419,86;418,89;419,90;419,93;418,94;419,96;418,99;418,101;418,102;419,104;418,106;418,109;419,111;419,113;418,115;418,116;419,119;418,120;419,122;418,125;419,127;418,129;419,130;418,133;419,135;419,136;419,138;419,140;418,142;418,145;419,146;418,149;418,151;418,152;419,154;418,157;419,158;419,161;419,162;418,165;418,167;419,169;418,171;418,172;418,175;419,176;418,179;419,180;418,183;418,185;418,186;418,189;418,190;419,193;419,195;418,197;419,199;419,200;418,203;419,204;418,206;418,208;419,211;418,213;419,215;418,216;418,219;419,221;418,222;419,225;418,226;419,228;418,230;419,233;419,234;419,237;419,238;418,241;419,243;419,244;418,247;419,248;418,251;418,253;418,255;419,257;419,258;419,261;419,262;419,265;419,267;418,268;418,270;419,272;418,275;419,276;418,279;418,280;418,283;418,285;419,286;419,289;418,290;419,293;418,295;419,297;419,299;419,300;419,302;419,305;418,307;419,309;418,311;419,312;419,314;418,317;418,318;419,321;418,322;418,325;418,327;419,328;419,330;419,333;419,334;418,337;419,338;418,341;418,342;418,344;418,347;419,349;419,350;418,352;418,355;419,356;419,359;419,360;418,363;418,364;419,367;419,369;419,371;419,373;418,374;418,377;419,379;419,381;419,383;419,384;418,386;418,388;419,390;419,392;418,395;418,396;418,399;419,401;419,402;418,404;419,406;419,409;419,411;418,413;419,414;418,417;419,419;419,420;419,423;419,424;419,427;419,429;418,431;418,432;418,435;419,437;419,439;419,440;419,443;418,445;419,446;418,448;418,450;419,453;418,454;419,457;419,458;418,460;419,463;419,465;419,467;418,468;418,470;419,473;419,474;419,477;419,478;419,481;418,482;419,485;418,487;419,489;418,490;419,493;418,495;418,496;418,498;419,501;419,503;418,505;419,507;419,508;418,511
420,0;420,3;420,5;421,7;420,8;421,11;420,13;420,15;421,16;421,19;421,21;420,23;421,25;421,27;421,29;421,30;421,32;421,35;421,36;420,39;420,41;420,42;420,45;421,46;421,49;421,51;420,53;421,55;420,57;420,59;421,61;420,62;420,64;420,67;420,69;421,71;421,73;421,74;421,77;421,79;421,81;421,82;420,84;420,87;420,88;421,90;421,93;420,95;420,96;420,98;420,101;420,102;421,105;420,106;420,109;420,111;420,112;420,114;420,116;421,118;420,121;420,123;421,124;420,126;421,128;420,130;420,133;421,135;420,137;420,138;420,140;421,142;421,145;420,147;420,149;420,151;421,152;420,155;420,157;420,158;421,161;421,162;420,164;420,166;421,168;420,170;421,173;420,174;420,176;421,178;421,180;421,183;420,184;420,186;421,189;420,190;420,192;421,195;420,197;421,199;421,200;421,202;421,204;421,206;420,209;420,211;421,213;421,214;421,217;420,219;420,220;421,223;421,225;421,226;421,228;421,230;421,232;421,234;421,236;421,239;421,240;421,242;421,245;420,246;421,248;421,250;421,253;420,255;421,257;421,259;421,260;420,262;421,264;420,267;421,268;421,271;421,273;420,275;420,276;421,278;420,281;421,283;420,284;420,287;421,288;420,290;421,292;420,294;421,296;420,298;420,300;420,303;420,304;420,307;420,309;421,310;421,312;420,315;420,316;421,319;421,320;421,322;421,325;421,326;420,329;420,330;420,333;421,334;421,337;421,338;421,341;421,342;421,345;420,347;421,348;421,351;421,353;421,355;421,357;420,358;421,360;420,363;420,364;421,366;421,368;421,371;420,372;420,374;421,376;421,378;420,380;420,382;421,385;420,386;420,388;421,391;420,393;421,395;420,396;420,399;421,400;421,403;420,404;420,406;420,409;421,410;421,412;421,415;420,417;421,418;421,421;421,423;420,424;420,427;420,428;420,430;421,432;421,435;420,437;420,439;421,441;421,442;421,444;420,446;420,449;421,450;420,452;421,454;421,457;420,458;420,461;420,463;421,464;420,467;420,469;420,470;420,472;420,474;421,477;421,478;420,480;421,483;421,485;420,486;420,489;420,490;420,493;420,495;421,497;421,498;421,501;421,502;421,505;420,506;420,509;421,510
422,0;422,2;423,5;422,6;423,9;423,11;423,12;423,15;422,16;422,18;422,21;422,22;422,24;423,26;422,29;422,30;423,32;422,34;423,36;423,38;422,40;423,43;422,44;423,47;423,49;422,50;423,53;422,54;422,57;422,58;423,60;422,63;423,65;423,66;423,68;422,71;423,72;423,75;423,76;423,79;423,81;422,82;423,85;422,87;423,88;422,90;423,93;422,95;423,97;423,99;423,100;422,102;423,104;423,106;423,109;423,110;422,112;422,114;423,117;423,119;423,121;422,123;422,124;423,127;423,128;423,131;423,133;422,135;423,137;422,139;423,141;422,142;422,144;422,146;423,149;422,150;423,152;423,154;422,157;423,159;423,160;422,162;423,165;423,166;423,168;422,171;423,173;422,174;422,176;422,178;422,180;422,183;422,185;423,187;422,188;423,191;423,192;422,194;423,197;423,198;422,200;422,203;423,205;422,206;423,209;423,210;423,212;423,215;423,216;423,218;422,220;422,223;422,224;422,226;422,228;422,230;422,233;423,234;423,237;423,239;423,241;422,242;422,244;423,246;422,248;423,250;423,253;422,254;422,257;422,259;422,260;423,263;422,265;423,266;423,268;422,271;422,272;423,274;423,277;423,279;423,281;422,282;423,285;422,286;422,288;423,291;422,292;422,294;422,296;423,298;423,301;422,303;423,304;423,307;422,308;422,311;422,313;422,315;423,317;423,319;422,321;423,323;423,325;423,326;422,329;423,331;422,333;423,334;422,337;423,339;422,340;422,342;422,345;423,346;422,349;422,350;422,353;423,355;422,356;423,358;423,360;422,363;422,364;423,366;422,368;422,371;422,373;423,374;422,377;422,378;422,380;422,383;422,384;423,386;422,389;422,390;423,393;422,394;422,396;422,398;423,400;422,402;422,405;422,406;423,408;423,411;422,412;423,415;423,416;422,419;422,421;423,423;422,425;423,426;423,428;423,431;422,433;422,435;423,437;422,439;422,440;422,443;423,445;423,447;423,449;423,450;422,453;423,455;422,457;422,458;423,461;422,462;423,465;422,467;422,468;422,471;423,472;422,474;423,476;423,478;423,480;422,482;422,484;422,487;422,488;423,490;423,492;422,494;422,497;423,498;423,501;423,503;422,505;423,507;422,508;423,511
424,0;424,2;424,5;424,7;424,8;424,11;424,12;425,14;424,17;425,18;424,21;424,22;425,25;424,26;425,28;425,30;425,32;424,35;425,37;424,38;425,40;425,42;425,44;425,46;425,49;424,50;424,53;424,54;424,56;425,59;424,60;424,63;424,64;424,66;424,69;424,70;425,73;425,74;425,76;425,79;425,80;424,82;425,84;424,86;424,88;424,91;425,93;424,94;425,96;424,99;424,101;424,102;424,104;424,106;424,108;424,111;425,113;424,115;424,116;424,118;424,121;425,123;425,125;424,127;425,129;424,130;424,132;424,134;424,136;425,138;425,140;424,143;425,144;425,147;424,148;424,150;425,153;424,154;424,156;424,158;424,161;425,163;425,164;425,167;424,169;425,170;425,173;424,175;424,176;424,179;425,181;424,183;425,185;424,187;425,189;425,190;424,193;425,194;424,196;425,199;425,200;424,203;424,204;424,206;424,209;425,211;425,212;425,215;425,217;425,219;424,220;424,223;425,225;425,226;425,229;424,231;425,232;424,234;425,236;425,239;425,240;425,243;425,244;425,246;424,249;424,251;424,253;425,255;425,257;425,258;425,260;424,262;425,265;424,266;424,269;424,271;424,273;425,274;424,276;424,279;424,280;424,283;424,285;424,287;425,288;425,291;424,292;424,295;425,297;424,298;424,300;424,302;425,305;425,307;424,309;425,311;424,312;425,314;425,316;424,319;425,320;424,323;425,325;425,326;425,329;425,331;425,332;424,335;425,336;424,338;425,341;425,343;424,345;425,347;425,348;425,351;425,352;425,354;424,356;424,358;425,360;425,363;425,365;425,366;425,369;424,371;425,372;424,375;424,376;424,378;425,381;425,383;425,384;425,387;425,388;424,391;424,392;424,395;424,397;424,398;425,400;425,403;424,405;424,406;424,409;425,411;425,412;424,414;424,417;424,419;424,420;425,423;425,424;424,427;424,429;425,431;425,432;424,435;424,437;424,438;425,441;424,443;425,444;424,446;424,448;424,451;424,453;424,454;425,456;425,458;424,460;425,463;425,465;425,467;425,469;424,471;425,472;424,474;424,477;424,478;425,480;425,482;424,484;424,486;425,488;425,491;424,493;425,495;425,496;424,498;424,501;424,503;424,505;425,506;424,508;425,511
426,0;426,2;426,4;426,6;427,8;426,11;426,13;426,15;426,16;427,19;427,20;427,22;427,25;427,27;426,28;427,30;427,32;426,35;426,37;426,38;426,40;426,43;426,45;427,47;427,49;427,50;426,52;426,55;427,57;426,59;427,61;427,62;426,65;426,67;426,69;426,71;427,72;426,74;426,76;426,79;426,80;426,82;426,85;426,86;427,88;427,90;427,93;426,94;427,96;426,98;427,100;426,103;427,105;426,107;426,109;426,110;427,112;427,115;427,117;427,119;426,121;427,123;427,125;427,127;426,128;426,131;427,132;426,135;427,137;427,139;426,140;427,143;427,145;427,147;427,148;426,150;427,152;427,154;426,157;427,158;426,160;427,163;427,165;427,167;427,169;427,171;426,172;427,175;426,176;426,178;427,180;427,183;427,184;426,187;426,188;427,190;426,192;426,194;426,196;426,199;427,201;426,203;426,204;427,206;426,209;427,210;427,212;426,214;426,216;427,218;427,220;427,222;427,224;427,227;427,229;427,231;427,233;426,234;426,237;427,238;426,240;427,242;427,244;426,247;427,248;426,250;426,253;426,255;427,257;426,259;427,260;427,263;426,264;427,266;427,268;427,271;427,272;426,275;426,277;427,278;427,281;426,283;427,285;427,286;427,288;427,291;426,292;426,295;426,296;427,299;427,301;427,302;426,304;426,307;426,309;426,310;427,313;426,314;426,316;426,319;426,321;427,323;427,324;427,327;426,328;426,331;427,333;427,335;426,337;427,338;426,340;426,343;427,344;427,346;426,348;426,350;427,353;426,354;427,356;427,359;427,360;427,363;427,365;426,367;427,368;427,370;426,373;426,375;427,376;426,378;427,380;427,382;426,384;426,386;426,389;426,390;426,392;427,394;426,397;426,399;426,401;427,403;426,405;427,406;426,408;427,410;426,412;427,414;426,417;427,418;427,421;426,422;426,425;426,426;427,429;427,430;426,433;427,435;426,436;426,439;427,441;426,442;427,444;427,447;426,449;427,451;426,453;427,455;426,456;427,459;426,461;426,462;426,464;426,466;427,469;426,471;426,472;426,475;426,477;427,479;426,481;427,483;426,484;426,486;427,489;426,490;426,492;426,495;427,497;427,499;426,500;427,502;426,504;427,507;427,508;427,510
429,0;429,2;429,4;429,7;429,9;429,10;428,12;428,15;428,16;429,18;429,20;428,22;428,24;429,26;429,28;428,31;428,32;429,34;428,37;429,39;429,40;428,42;428,44;429,47;429,49;428,51;429,53;429,55;428,56;429,59;429,61;428,62;428,65;428,66;429,68;428,71;428,73;429,74;428,76;429,79;429,80;429,82;429,85;429,86;429,89;429,91;428,92;429,94;429,97;429,98;429,100;428,103;429,104;428,107;429,108;428,111;429,113;429,115;428,117;428,118;429,121;428,123;428,125;428,126;428,128;429,130;429,132;428,134;429,137;428,138;428,140;429,142;429,145;428,147;429,148;429,151;429,153;428,155;428,156;428,158;428,161;428,162;428,165;429,167;429,169;428,170;429,173;428,175;429,177;429,179;428,180;428,183;428,185;428,187;428,189;428,190;429,192;428,194;429,196;428,198;429,201;429,203;429,205;429,206;428,208;428,210;428,212;428,215;429,216;429,219;429,221;429,222;428,224;429,226;428,228;428,230;429,233;429,234;429,236;429,238;428,240;428,242;428,244;429,246;429,249;429,251;429,253;428,254;429,256;429,258;428,261;429,262;428,264;429,266;429,268;428,270;428,272;428,274;428,277;428,279;429,280;428,282;428,285;428,286;428,288;428,291;428,293;429,294;428,297;428,299;428,300;429,303;429,305;428,306;429,309;429,310;429,313;428,315;428,317;428,319;428,320;428,323;429,324;428,326;429,329;429,331;428,332;429,334;428,337;429,338;428,340;428,342;429,345;428,347;429,349;429,350;428,353;429,354;428,356;429,359;429,361;429,362;428,365;428,367;428,369;429,371;428,372;429,374;428,376;429,378;429,380;429,383;429,384;428,386;429,388;429,390;429,393;428,395;429,397;429,399;429,400;429,403;428,404;428,407;428,408;428,411;428,413;428,415;429,416;429,418;428,421;429,423;428,424;428,426;428,428;429,431;429,433;428,435;428,437;428,438;428,440;429,442;429,444;429,447;428,449;429,450;428,453;429,454;428,457;428,458;428,460;428,462;429,464;428,466;429,469;429,471;429,473;428,475;428,477;428,479;428,480;429,482;429,485;429,487;429,489;429,491;428,493;429,495;428,496;429,498;429,500;428,502;429,504;428,506;428,508;428,511
431,1;431,3;431,4;430,7;431,9;430,10;431,13;431,14;430,16;431,19;431,20;430,23;430,24;431,26;431,29;430,31;430,33;431,35;430,36;430,38;430,40;431,43;430,45;431,47;430,49;431,50;430,52;430,55;430,57;431,59;430,61;431,62;430,65;431,67;430,68;430,71;430,73;431,74;430,76;430,79;431,80;430,82;430,85;430,86;430,88;430,91;430,92;430,94;430,97;430,99;430,101;430,102;431,104;431,107;431,109;431,110;430,112;430,115;430,116;430,118;431,121;431,123;431,124;430,127;430,128;430,130;431,133;431,134;431,137;431,139;430,141;431,143;431,144;431,146;431,148;431,150;431,153;430,154;430,156;431,159;430,161;430,162;430,164;431,166;430,168;431,170;430,173;430,175;430,176;430,179;430,181;431,183;430,185;430,186;430,189;431,190;431,192;430,194;431,197;430,199;431,200;431,203;431,204;431,206;431,208;430,210;430,212;431,214;431,217;431,218;431,220;431,222;431,224;430,227;430,229;431,231;430,232;431,235;430,237;430,238;430,240;430,242;430,244;431,247;430,249;430,251;431,252;431,254;430,256;430,258;430,260;430,262;430,264;430,267;431,268;430,270;430,273;430,275;430,276;431,279;431,281;430,283;431,285;430,286;430,288;431,291;430,292;430,294;431,297;430,299;431,300;431,302;431,304;431,306;430,309;430,310;430,312;431,314;431,317;430,319;430,321;430,323;430,324;431,326;430,328;431,331;430,333;431,334;430,336;430,339;431,341;430,343;431,344;430,347;431,349;430,351;430,352;431,354;430,356;431,358;431,361;430,363;430,364;430,366;430,369;431,371;430,372;431,375;431,376;430,379;430,381;430,382;431,385;430,386;431,389;431,391;430,393;431,394;431,396;431,398;430,400;430,403;431,405;430,407;430,408;431,410;431,413;431,415;431,416;430,418;430,420;430,423;431,424;430,427;431,429;430,431;430,432;431,434;430,436;431,439;430,441;430,442;431,445;431,446;430,449;430,450;431,453;431,454;431,457;431,459;431,461;431,462;431,465;430,467;431,468;430,471;430,472;430,474;431,476;430,479;430,480;430,483;431,484;431,486;430,489;430,490;431,493;430,495;431,496;430,498;431,501;431,503;430,505;431,506;431,509;430,511
433,1;433,3;433,5;432,7;433,8;432,10;432,13;433,15;433,16;433,18;432,20;432,22;432,25;433,27;433,28;432,31;432,32;433,35;432,37;433,39;432,40;432,42;433,45;432,47;432,49;433,50;433,52;433,55;433,56;432,58;432,61;433,62;433,65;433,67;432,68;432,71;432,73;432,74;432,77;433,79;433,80;433,82;433,85;433,87;433,88;432,90;432,93;433,95;433,96;433,99;432,101;432,103;433,105;432,106;433,108;433,110;432,113;432,115;433,117;433,118;433,121;432,123;433,125;433,126;433,128;433,131;432,133;433,134;433,136;433,138;433,140;433,142;433,144;433,146;432,148;433,151;432,153;432,155;433,156;433,159;432,161;433,162;433,165;432,167;432,168;432,170;432,172;432,175;433,176;432,179;432,181;432,182;433,184;432,186;433,189;433,190;432,193;432,194;433,197;433,198;433,200;432,202;432,204;433,206;432,208;432,210;433,212;433,214;432,216;432,219;432,221;432,223;432,225;433,227;433,229;432,230;433,233;432,234;433,236;433,239;433,241;433,242;433,244;433,247;433,248;433,251;433,252;433,254;433,257;433,258;432,260;432,263;432,264;432,266;433,268;432,270;433,273;433,274;433,276;432,278;432,280;433,282;433,284;432,287;432,289;432,291;433,292;432,294;433,296;433,299;433,301;432,303;432,305;432,307;432,308;432,311;433,312;433,315;432,316;432,319;432,320;433,322;433,325;432,327;432,329;432,331;433,333;432,335;433,336;433,338;432,341;433,342;433,344;432,347;432,348;433,351;433,352;432,355;433,356;433,359;432,360;433,363;433,365;433,367;432,369;433,370;433,373;433,374;433,376;433,379;433,381;433,383;433,385;432,387;432,388;433,390;432,392;433,395;433,396;432,398;432,400;432,402;432,404;433,406;432,408;432,411;433,413;432,415;432,417;433,419;433,421;432,423;433,424;432,427;433,428;432,430;433,432;433,435;433,437;432,438;433,440;432,442;433,445;432,447;433,449;432,450;433,452;433,455;433,456;433,459;432,461;433,462;432,464;432,467;433,469;432,470;433,473;433,474;432,476;432,479;432,480;432,483;433,485;432,486;432,489;432,490;432,493;433,495;432,496;432,499;432,501;433,503;432,505;432,507;432,509;433,510
434,1;434,2;434,4;434,7;434,8;434,10;435,13;435,15;434,16;434,19;435,21;434,22;434,24;434,27;435,29;434,30;435,33;435,35;435,37;434,38;434,40;434,42;434,44;434,47;435,49;434,50;434,53;435,55;435,57;434,59;435,60;435,62;434,64;434,67;435,68;434,70;434,72;435,74;434,76;434,79;434,81;434,82;434,85;434,87;435,88;435,91;435,92;434,94;434,96;434,98;435,100;434,103;434,105;434,107;435,109;434,110;435,113;434,115;435,116;435,118;435,120;434,122;435,124;435,126;434,128;435,131;435,132;435,135;435,137;434,138;435,141;434,142;434,145;434,147;434,148;435,151;435,153;435,155;434,157;434,159;434,161;435,162;435,164;435,167;434,169;434,171;435,173;435,175;435,177;434,178;435,181;434,183;434,185;435,187;434,188;435,191;434,192;434,194;434,197;435,198;434,200;434,203;435,204;435,206;435,208;434,210;435,212;434,215;434,216;435,219;435,220;435,222;434,225;434,227;434,228;435,230;435,233;434,235;435,237;434,239;434,240;434,242;435,245;435,247;434,248;435,250;435,252;435,254;434,257;434,258;434,261;435,262;435,264;435,267;435,268;434,271;434,273;434,274;435,277;435,279;435,280;434,283;435,285;434,287;435,289;435,291;435,292;434,295;435,296;435,299;434,301;435,303;434,305;434,306;434,309;434,311;434,312;434,315;435,317;434,318;434,320;435,323;434,325;435,326;435,329;435,331;434,332;434,335;435,337;434,338;434,341;435,342;435,345;434,346;435,348;434,351;435,353;435,355;435,356;434,358;435,360;435,362;435,364;434,367;435,369;434,371;434,372;435,375;435,376;435,379;434,380;434,383;434,385;434,387;435,388;435,391;435,392;435,395;434,397;434,398;435,400;435,403;435,404;435,406;434,409;435,410;435,412;435,415;435,416;434,419;435,421;434,423;434,424;434,426;434,428;434,430;434,432;434,435;435,436;434,438;435,440;435,443;434,444;435,446;435,448;434,450;434,453;435,455;435,456;435,458;435,461;435,462;435,464;435,467;435,469;435,471;435,472;434,474;435,477;434,479;434,480;435,482;435,485;435,487;434,489;435,490;435,492;434,495;435,496;434,498;435,500;434,503;435,504;434,507;434,508;434,510
437,0;437,3;436,4;437,6;437,9;436,11;437,12;436,15;436,16;437,18;436,21;437,23;437,24;436,26;436,29;437,30;436,32;436,35;436,36;436,38;437,40;436,42;436,45;436,46;437,48;437,51;436,52;436,54;437,56;436,59;437,60;437,62;436,64;436,67;437,68;436,70;437,73;436,74;437,76;436,79;437,80;436,82;436,85;436,86;436,89;436,90;436,92;436,94;437,97;437,98;437,100;437,102;436,104;437,107;437,109;437,111;437,113;436,115;436,117;436,118;437,121;437,123;436,124;436,127;436,128;436,130;437,132;437,134;436,137;437,139;437,141;436,142;436,144;437,146;436,148;436,150;436,152;436,155;437,156;437,159;436,161;437,163;436,164;437,167;437,169;437,170;437,173;437,174;436,177;437,178;436,180;437,182;436,184;436,186;437,188;436,190;437,193;437,195;436,197;436,199;436,200;437,203;437,205;436,207;436,208;437,211;436,213;437,215;436,217;437,218;436,220;437,223;437,225;437,226;436,228;436,230;436,233;436,235;437,237;436,239;437,240;436,242;436,244;436,247;436,249;436,250;436,253;436,254;436,256;436,259;437,261;436,262;437,265;437,267;437,269;436,271;436,272;436,274;436,277;436,278;436,281;437,282;436,285;436,286;437,288;436,290;437,292;436,294;436,297;436,299;437,300;436,302;436,305;437,307;437,308;437,310;437,312;437,315;437,316;437,319;437,320;437,322;437,325;437,326;437,328;437,330;436,333;436,334;436,336;436,339;436,341;437,342;436,345;436,346;436,348;436,351;436,352;437,355;437,357;436,358;437,361;437,363;436,365;437,367;437,369;437,370;436,373;436,374;436,376;436,378;436,381;437,382;436,385;436,387;437,389;437,390;437,392;436,394;437,396;437,399;436,400;436,403;436,405;437,406;436,409;437,410;437,413;436,414;437,417;437,419;437,421;437,423;436,425;436,427;437,429;436,430;437,433;436,435;436,436;437,439;437,440;436,442;436,445;436,446;436,448;437,450;437,453;437,455;437,456;437,458;436,461;437,463;437,464;437,466;437,469;437,470;436,472;436,474;436,477;437,479;437,481;436,483;436,485;437,487;437,488;437,490;436,492;436,494;437,497;436,499;436,500;437,502;437,505;436,506;436,509;437,510
438,1;439,3;439,5;438,6;438,9;439,11;439,13;439,14;438,17;439,18;439,21;439,23;439,25;438,26;439,29;439,31;438,33;439,34;439,36;438,38;439,40;438,42;438,44;438,47;438,49;439,50;439,52;438,55;439,56;438,58;438,60;439,63;438,64;439,66;439,69;438,71;438,73;439,74;439,76;439,78;438,80;438,82;439,85;438,86;439,88;438,91;438,92;439,95;439,97;439,98;438,101;439,103;439,105;438,107;439,108;439,110;438,112;438,115;439,116;438,119;439,121;438,123;438,125;438,127;439,128;439,131;438,132;438,134;438,137;439,138;439,141;439,143;438,145;439,147;438,148;439,150;439,152;438,155;438,156;438,159;439,160;438,163;439,164;438,166;438,168;439,170;438,173;439,175;438,177;438,179;438,181;439,182;438,185;438,186;439,188;439,191;438,192;439,195;438,197;438,199;438,200;438,202;439,204;438,206;438,208;439,210;438,212;439,214;438,217;438,218;438,220;438,222;439,224;438,227;438,229;438,231;438,232;439,234;438,236;438,239;438,241;439,243;438,244;439,246;439,248;438,250;438,253;439,254;438,257;438,258;439,261;439,262;439,265;439,266;438,269;439,271;438,273;439,274;438,276;439,278;439,280;439,282;438,284;439,286;439,288;438,291;439,293;438,294;438,297;438,298;438,301;439,303;439,305;438,307;438,308;439,311;439,313;438,314;438,316;439,318;438,321;438,322;438,325;439,327;439,328;439,331;439,332;438,334;439,337;438,339;439,341;439,342;439,344;439,347;439,349;439,351;439,352;438,355;438,356;438,359;439,361;439,363;438,365;438,366;439,368;439,370;439,372;439,375;438,377;438,378;438,380;439,382;439,384;438,386;438,388;438,390;438,393;439,395;438,396;438,399;439,400;439,402;438,404;438,407;438,409;439,410;439,413;439,414;439,417;438,419;439,421;438,422;438,425;439,427;438,428;439,431;438,433;438,435;439,437;439,438;438,440;439,443;439,445;439,446;439,448;438,450;439,453;438,455;438,457;438,459;439,461;439,463;438,465;439,466;438,468;438,470;439,473;439,474;438,476;439,479;438,481;439,483;438,484;438,486;438,488;439,491;438,493;438,495;438,496;438,498;439,500;439,503;439,505;439,506;439,509;439,510
441,0;440,3;441,5;441,7;440,8;441,10;441,13;441,14;440,16;440,18;440,20;440,22;441,25;441,27;441,28;441,31;440,33;441,34;441,36;441,39;440,40;441,42;440,45;441,47;440,49;441,51;440,52;441,55;440,56;440,59;440,61;441,63;440,64;441,66;441,68;440,70;441,73;440,75;441,77;441,79;441,80;441,82;440,84;441,87;440,88;441,91;440,92;441,95;441,97;440,99;441,100;440,102;440,105;440,106;440,109;440,110;441,113;441,114;440,117;440,118;440,121;440,123;441,124;440,126;440,129;440,130;441,133;440,134;440,137;440,138;440,140;440,142;441,145;440,147;441,149;440,151;440,152;441,154;441,157;440,158;440,160;441,162;440,165;441,166;440,168;440,170;441,172;441,175;440,176;440,178;441,181;440,182;440,185;440,186;440,188;440,191;441,192;441,195;440,196;440,199;440,200;441,203;440,205;440,206;441,208;441,211;440,213;441,214;441,216;441,219;441,220;441,222;440,225;440,227;441,229;441,231;441,233;440,234;441,236;441,238;440,240;441,243;440,244;441,246;440,249;440,251;441,253;440,254;441,256;441,258;441,261;441,263;440,265;441,266;440,269;440,271;441,273;441,274;440,277;441,279;440,280;441,282;441,285;440,287;441,289;440,291;440,293;440,295;440,297;440,299;441,301;441,302;441,305;441,306;441,309;440,311;441,312;440,315;440,316;441,319;441,320;441,323;441,325;440,327;440,328;441,331;441,332;441,334;441,337;440,339;440,340;440,342;441,344;440,347;440,348;440,350;440,352;441,354;441,356;441,358;440,361;441,362;440,365;441,366;441,369;440,370;441,372;441,374;441,377;440,379;441,380;440,382;441,385;441,386;440,389;441,390;441,393;440,394;440,397;440,398;441,400;441,402;441,404;440,407;440,409;440,411;441,412;441,414;440,416;441,418;440,421;440,423;440,425;440,427;441,428;441,431;441,432;441,435;440,436;441,439;440,440;440,442;441,445;441,447;440,448;441,450;441,452;441,454;441,457;440,459;441,461;441,462;440,464;440,466;440,469;440,471;441,472;441,474;441,476;441,479;440,480;440,483;441,485;441,487;441,488;441,490;441,493;440,495;440,497;440,499;440,501;441,502;440,505;441,506;441,508;441,510
442,1;442,3;443,5;442,6;443,9;442,10;443,12;443,14;443,17;442,19;443,20;443,22;443,24;443,26;442,28;442,31;443,32;443,35;443,37;442,38;442,40;443,42;443,45;442,47;443,49;443,51;442,52;442,54;443,56;442,58;442,61;442,63;442,64;443,67;443,68;443,70;442,72;443,74;442,76;443,79;442,81;442,82;443,84;442,87;443,88;443,90;442,93;442,94;443,96;443,99;442,101;442,103;443,105;442,107;443,108;442,110;442,113;442,114;442,117;443,118;442,121;442,123;443,124;442,126;442,128;442,130;442,132;443,134;442,136;442,139;442,140;443,143;443,144;442,147;443,149;443,150;442,153;442,154;443,157;442,159;442,160;443,163;442,165;442,167;443,168;442,171;442,173;442,174;442,177;443,179;443,181;442,182;442,184;442,187;442,188;443,190;443,192;443,194;443,197;443,198;442,201;442,203;442,205;443,206;442,209;443,211;442,212;443,215;443,217;443,218;442,221;442,223;443,224;442,227;443,229;443,230;442,232;442,235;442,237;443,239;442,241;443,243;443,244;442,247;442,248;443,251;443,253;442,255;442,257;442,258;442,260;443,262;442,265;442,266;443,268;443,271;443,273;443,274;443,276;443,279;443,281;443,282;442,285;442,287;442,288;442,291;442,293;442,294;443,297;443,299;442,300;443,302;443,304;443,307;443,309;443,311;443,313;443,314;442,316;443,318;443,320;442,322;442,325;443,327;443,328;443,330;443,333;443,334;442,336;442,338;442,341;442,342;443,345;442,347;443,348;443,350;443,353;442,354;443,357;443,358;442,360;443,363;443,365;443,366;443,368;443,370;443,373;442,375;443,377;443,379;443,380;442,382;443,384;443,387;443,389;443,390;443,393;443,394;442,396;442,399;443,400;443,403;443,404;443,406;443,408;442,411;443,413;443,415;443,417;443,419;442,420;442,422;443,425;442,427;442,428;442,431;443,433;443,435;443,437;442,439;442,440;443,442;443,445;443,447;442,448;443,450;443,452;443,455;443,457;442,459;442,460;443,463;443,464;442,466;443,468;442,471;442,473;443,474;442,477;443,479;443,480;442,482;442,484;442,487;442,488;443,491;443,493;443,494;442,497;442,499;442,500;442,503;442,504;442,506;443,508;442,510
444,0;445,2;444,5;444,6;445,8;444,11;444,13;444,14;444,16;445,19;445,21;444,22;445,24;444,27;445,29;445,31;444,33;444,34;444,36;445,39;444,41;444,43;445,44;445,47;445,49;445,51;445,53;444,55;445,56;445,59;445,61;444,63;444,65;445,67;444,68;445,70;444,73;445,74;445,77;444,78;444,80;444,83;444,85;444,87;444,88;445,91;444,92;444,95;444,96;445,98;444,101;445,102;444,105;444,107;444,108;445,111;445,113;445,115;445,117;444,118;445,120;444,123;445,125;445,126;445,129;444,130;444,132;444,135;444,136;445,139;444,140;445,142;444,144;444,147;444,149;444,150;445,153;445,154;445,157;445,159;445,161;445,162;444,164;444,166;444,168;444,171;444,173;444,175;445,176;444,178;445,181;445,183;445,185;445,187;444,188;445,190;445,193;445,195;445,197;444,199;444,201;444,202;445,204;444,206;445,209;444,211;444,213;445,215;445,216;445,219;445,221;445,223;444,225;444,226;444,229;444,231;444,233;444,234;445,236;444,238;445,240;445,242;445,244;444,247;444,249;444,251;444,252;444,255;444,256;445,258;444,261;445,262;444,264;444,266;445,268;444,271;444,273;445,275;445,276;444,278;444,281;444,283;444,284;445,287;444,289;445,290;445,293;445,295;445,296;444,298;445,301;444,303;444,305;444,306;444,308;445,310;445,312;445,314;444,317;445,318;445,320;445,322;445,325;445,327;445,329;445,330;444,333;444,334;445,336;444,338;444,340;444,343;444,344;445,347;445,348;444,350;445,352;445,355;444,356;445,358;444,360;444,362;444,365;445,366;445,369;445,371;445,373;444,375;444,377;444,379;445,380;445,382;445,384;445,386;445,388;445,391;445,392;445,395;444,396;444,399;445,400;444,403;444,404;444,406;444,408;445,410;445,412;445,414;445,416;445,419;444,421;444,423;445,425;445,426;444,428;445,431;445,433;445,435;445,437;445,438;445,440;445,443;445,444;445,446;445,448;444,450;444,453;444,455;444,456;444,458;445,461;444,462;444,465;445,466;445,468;445,471;445,473;445,474;445,477;444,478;444,480;445,483;445,485;445,486;444,488;445,490;444,492;444,494;445,496;445,498;444,501;445,502;444,504;444,506;445,508;444,511
447,0;447,3;446,5;447,7;446,9;447,10;447,12;446,14;446,16;446,18;447,20;447,22;446,25;447,26;447,29;446,30;446,33;446,34;446,36;446,39;447,40;446,43;446,44;447,47;447,48;447,50;447,52;447,54;447,57;446,59;446,60;447,62;446,64;446,66;447,69;446,70;447,73;447,74;447,76;447,79;446,81;447,82;446,84;447,86;446,88;447,90;446,93;447,94;446,97;446,99;446,100;447,102;447,104;446,107;447,108;447,111;446,113;446,115;446,117;447,119;447,121;446,123;447,124;447,127;446,128;447,130;446,132;447,135;446,136;447,138;447,140;446,143;446,144;447,146;446,149;447,151;446,152;446,155;447,156;446,159;446,160;446,162;446,164;447,166;446,169;447,171;447,172;446,175;447,176;446,179;446,181;447,182;446,184;447,186;446,188;447,191;446,193;447,195;446,196;447,199;447,200;447,203;446,205;446,206;447,208;447,210;447,212;446,214;446,216;447,218;447,220;447,222;446,225;447,227;446,229;447,230;446,233;446,235;447,236;447,239;447,241;446,243;446,244;446,246;447,249;446,251;447,252;446,255;447,256;446,259;447,261;447,263;447,264;447,267;446,269;447,270;447,273;447,275;447,277;447,279;446,281;446,282;447,284;446,287;446,288;447,290;446,293;447,295;446,297;447,298;447,301;446,302;447,304;446,307;446,309;446,311;446,312;447,315;447,317;446,319;446,321;447,323;446,325;446,327;446,328;446,331;447,332;446,334;446,336;446,339;446,341;446,343;447,345;447,346;446,349;446,350;446,352;447,354;447,356;447,359;446,360;446,363;447,365;446,366;447,368;446,371;446,372;447,375;446,377;446,378;447,381;447,383;447,385;446,387;446,388;447,391;446,392;447,394;446,397;446,399;446,400;447,403;446,404;446,407;447,409;446,410;446,412;446,414;447,416;446,419;446,420;447,423;447,425;447,426;446,428;446,430;447,432;446,435;447,436;447,438;447,440;447,442;446,445;447,446;446,448;447,451;446,452;446,454;446,456;446,459;446,461;446,463;447,465;447,467;446,468;446,471;446,472;446,474;446,476;447,479;446,480;447,482;446,484;446,486;447,489;447,491;446,493;446,495;447,496;447,499;446,500;446,502;446,504;446,506;446,509;447,510
448,1;448,2;449,5;448,6;448,8;448,11;449,13;448,15;448,17;449,18;448,20;448,23;448,24;448,27;449,28;449,30;449,33;449,34;448,37;448,39;448,40;449,43;449,44;448,47;448,49;448,51;448,52;449,55;448,56;449,58;448,61;449,63;448,64;449,67;448,68;448,71;448,73;448,74;449,76;448,78;449,80;449,82;448,84;449,86;448,89;449,91;448,92;449,95;449,96;448,98;448,101;449,102;449,104;449,107;448,109;448,110;448,113;449,115;449,116;448,119;449,120;448,122;448,125;449,126;449,129;449,131;448,133;449,135;448,137;448,139;448,141;448,142;449,145;449,146;448,149;448,150;449,152;449,154;449,157;449,158;448,161;448,163;449,165;449,166;449,168;449,171;448,172;448,174;448,176;449,179;449,181;449,182;449,185;449,187;449,189;449,191;448,192;449,195;449,196;449,199;448,201;449,202;448,205;449,206;449,209;448,211;448,213;448,215;449,216;449,218;448,221;448,222;449,225;448,226;449,228;448,230;448,233;448,234;448,236;448,238;448,240;449,242;449,245;449,246;448,249;449,250;448,252;448,255;449,256;448,258;449,260;449,263;449,265;449,266;448,268;448,271;449,272;448,275;448,276;449,279;448,281;448,282;448,284;449,287;449,289;449,291;448,292;449,294;449,297;448,299;449,301;449,303;448,305;449,307;449,309;448,311;449,313;448,315;449,317;449,319;449,321;449,323;449,324;449,326;448,329;448,330;449,333;449,334;448,336;449,338;449,341;448,343;449,345;448,347;448,348;448,351;448,353;448,355;449,357;448,359;449,360;448,362;449,364;448,366;448,369;449,371;449,373;449,374;449,377;449,379;448,380;449,383;448,385;448,386;449,389;448,391;449,393;448,394;448,397;448,399;448,401;448,403;449,404;449,406;449,408;448,411;448,412;449,414;449,416;448,419;449,421;448,423;448,424;448,427;448,428;448,431;449,433;449,435;448,436;448,439;448,440;449,443;449,444;449,446;448,448;449,451;449,452;449,454;449,456;449,459;449,461;449,463;448,465;449,466;449,468;448,470;448,472;448,474;448,477;448,479;448,481;448,483;449,485;449,486;449,489;448,490;449,492;449,495;448,496;449,499;449,501;449,502;449,504;449,507;449,508;449,510
450,0;451,3;451,4;450,7;451,9;450,11;450,12;451,14;451,16;451,19;451,20;451,23;450,25;451,27;450,29;450,30;450,32;450,34;450,37;450,38;451,41;450,43;451,45;450,47;450,49;450,50;451,53;450,54;450,56;451,58;451,61;451,62;451,64;451,66;451,68;451,71;451,73;450,74;450,76;450,79;450,81;451,82;451,84;451,86;451,88;450,91;450,92;450,95;451,97;450,99;451,100;450,102;450,105;451,106;451,108;451,110;450,113;451,114;451,116;451,118;450,121;450,123;451,124;450,126;451,128;450,131;450,132;451,135;451,137;450,139;451,140;451,143;450,144;450,146;450,148;451,151;451,152;451,154;450,156;450,158;450,161;450,162;450,164;450,166;451,169;450,171;450,172;450,175;451,177;451,179;451,181;450,182;450,185;451,186;451,188;450,191;451,193;451,195;451,197;451,198;451,200;450,202;450,204;450,206;451,209;450,210;450,212;450,215;450,216;450,218;450,220;450,223;451,225;451,226;450,229;451,230;451,233;450,235;450,237;451,239;450,240;451,242;451,244;451,247;450,249;451,251;450,253;450,255;450,256;450,258;451,260;451,263;450,264;451,266;450,269;450,271;451,273;450,274;451,276;450,279;451,280;450,283;450,284;450,287;450,288;451,291;451,292;450,295;451,297;450,298;451,300;451,303;450,304;450,306;450,309;451,311;450,313;450,315;451,316;450,318;451,321;451,323;450,324;451,326;451,329;451,330;450,332;451,335;451,336;450,339;450,340;451,342;450,345;451,346;450,348;450,350;450,352;450,355;451,356;450,359;451,361;450,363;450,364;450,366;451,369;451,370;451,373;451,374;451,377;450,379;450,380;451,382;451,385;450,387;451,389;451,391;450,392;451,395;451,396;450,398;451,401;451,403;450,405;451,406;451,409;451,410;450,412;451,415;450,416;451,419;451,420;450,422;451,425;450,426;451,429;450,430;450,433;451,435;451,436;450,438;450,441;451,442;450,444;451,447;450,448;451,451;451,452;450,454;450,457;451,458;450,461;451,463;451,465;450,466;451,469;450,470;451,472;450,474;451,477;450,478;450,481;451,482;451,485;451,487;451,488;451,490;450,492;450,495;450,496;451,498;451,500;450,503;450,504;450,506;450,508;451,511
453,0;453,2;452,4;453,7;452,9;453,10;453,12;452,14;453,16;453,19;453,21;453,23;453,24;452,27;453,29;453,31;452,33;453,35;452,37;453,39;452,40;452,43;452,44;453,47;453,49;453,51;452,52;452,55;452,56;453,59;452,61;452,63;453,64;453,67;452,69;453,70;452,73;452,74;453,77;453,78;453,81;452,82;453,85;452,87;452,89;452,90;453,92;453,95;452,97;452,98;453,100;452,102;452,105;452,106;452,109;453,110;452,112;453,115;453,116;452,119;452,121;452,123;452,124;452,127;452,129;453,131;453,133;453,135;453,136;453,138;452,140;452,143;453,145;452,146;452,148;452,151;452,152;453,155;452,157;452,158;453,160;453,162;452,165;452,166;452,168;453,171;453,173;453,174;452,176;452,179;452,180;452,183;453,184;453,186;452,188;452,191;453,192;453,195;452,197;452,199;453,200;452,202;452,204;453,207;452,208;453,210;453,213;453,215;453,216;452,219;453,221;453,222;453,225;453,227;453,229;453,230;453,232;452,235;452,237;452,238;452,241;452,242;452,244;453,247;452,249;453,250;453,253;452,255;452,256;453,258;453,260;452,263;453,264;453,266;452,269;452,270;452,273;453,275;453,276;452,278;453,280;452,283;453,285;452,286;452,289;453,291;453,292;452,294;453,297;452,299;452,300;452,302;452,304;452,307;452,308;453,311;453,312;452,315;453,316;453,319;453,320;452,323;452,324;452,327;453,328;452,331;452,333;453,335;452,336;453,339;452,341;452,343;452,344;452,347;453,348;453,351;453,353;453,354;452,356;452,358;452,360;453,363;453,364;452,366;452,369;453,370;453,372;452,374;452,376;453,378;453,381;453,382;452,384;452,386;452,388;453,390;452,392;453,395;452,397;453,399;453,401;452,402;452,405;452,406;453,408;452,411;453,413;452,414;452,416;452,419;453,421;453,422;453,425;452,426;452,428;452,430;453,433;452,435;452,436;453,438;453,440;452,442;452,445;453,446;453,449;453,450;452,452;452,455;453,456;453,458;453,460;453,462;452,465;452,466;452,469;452,470;452,472;452,474;453,477;452,479;452,481;452,482;453,484;453,486;452,489;452,490;453,492;452,494;452,496;453,498;453,500;453,503;453,504;453,507;452,508;452,510
454,1;455,2;454,4;455,6;454,9;455,11;455,13;455,15;455,17;455,19;454,21;455,22;454,25;454,27;454,28;454,31;455,33;454,35;455,37;454,38;455,41;454,43;455,45;454,47;454,49;455,50;454,52;455,54;455,57;454,58;454,61;454,62;454,65;455,67;454,68;454,70;454,72;455,75;454,76;454,78;455,81;455,82;455,85;455,86;455,89;454,91;455,92;454,94;455,96;454,99;455,101;454,103;454,105;455,106;455,109;455,111;454,112;454,114;454,116;454,118;454,121;455,123;454,124;455,126;455,129;455,131;455,133;454,134;455,136;455,139;455,140;454,143;455,144;455,147;455,149;454,151;455,153;455,154;455,156;455,158;455,160;455,162;455,165;454,166;455,169;454,170;455,173;454,175;454,177;455,179;454,180;454,183;455,185;454,187;454,188;454,190;455,192;455,194;455,197;454,198;454,200;455,202;454,205;454,207;454,208;455,210;454,212;455,215;454,217;454,218;454,221;455,222;455,224;455,227;454,228;454,230;455,232;455,234;455,236;454,239;454,240;455,242;454,244;454,246;454,249;455,251;454,252;454,255;454,256;454,259;454,260;454,263;455,265;455,267;454,269;455,270;454,272;455,275;454,276;454,279;454,280;455,282;455,284;455,287;454,288;454,290;455,293;454,294;454,296;454,299;454,300;454,302;454,305;455,306;455,309;455,310;455,312;455,315;455,316;454,318;455,320;454,322;454,324;455,327;455,328;455,330;454,332;454,334;455,337;454,338;454,341;455,343;455,344;454,346;455,348;454,351;455,353;454,354;454,357;454,359;455,360;454,362;455,365;455,366;454,369;454,371;455,373;454,374;455,376;455,378;455,381;455,383;455,385;455,386;455,389;455,391;455,392;455,395;455,397;455,399;454,400;455,402;454,405;454,406;455,409;455,411;454,412;454,415;455,416;455,419;455,420;455,423;455,424;454,427;454,428;454,431;454,433;455,434;455,437;455,439;455,441;455,443;455,445;454,446;454,449;455,450;455,453;455,454;454,456;454,459;454,460;454,462;455,464;454,466;454,469;454,471;455,473;454,475;454,477;455,479;455,481;454,482;455,485;454,487;455,488;454,490;454,493;455,495;455,497;455,498;455,500;454,503;454,504;454,507;454,509;455,510
457,0;456,2;457,4;456,6;457,9;456,10;457,12;457,14;457,16;457,19;457,21;456,22;457,24;457,26;457,28;456,31;457,33;457,34;456,37;456,39;457,40;457,42;456,45;456,46;456,49;457,51;456,52;456,54;456,57;457,58;456,60;457,63;456,64;456,66;456,68;456,70;457,73;457,74;457,77;457,78;456,81;457,83;457,85;457,87;456,88;457,91;457,93;456,95;457,96;457,99;456,100;456,102;456,104;457,107;456,108;456,110;456,113;457,115;457,117;456,118;456,121;456,122;456,124;456,127;457,129;456,131;457,132;456,134;456,136;456,139;457,141;457,142;457,144;456,146;457,148;456,150;457,152;456,155;456,157;456,159;456,161;456,162;456,165;457,167;456,168;457,171;457,172;456,174;456,176;456,179;457,181;457,182;456,184;456,187;456,188;456,190;457,193;457,194;457,196;456,198;456,201;457,203;456,204;457,207;457,209;456,210;456,212;457,215;456,216;456,218;457,220;456,223;457,224;456,227;456,229;456,230;456,232;456,234;457,237;457,238;456,241;457,242;457,245;456,246;456,249;456,251;457,252;456,254;456,256;457,259;456,261;457,262;456,265;457,267;457,269;456,271;457,272;456,275;457,277;457,279;456,281;457,283;456,284;457,286;456,289;456,291;456,293;457,294;457,296;456,299;456,301;456,303;457,304;457,307;457,308;457,310;457,312;456,314;457,317;457,318;456,321;457,322;456,324;457,326;457,329;456,331;456,332;457,334;456,336;457,339;457,341;456,343;457,344;456,346;457,348;456,351;457,352;457,354;457,357;456,359;456,360;457,362;456,365;457,366;456,369;457,371;456,373;457,375;456,376;456,379;456,381;457,383;456,385;457,387;456,388;457,390;457,392;457,394;456,396;456,399;457,401;457,403;457,405;457,406;456,408;456,410;456,412;457,414;456,416;456,419;457,420;457,422;456,424;456,426;456,428;456,431;456,432;456,435;457,437;456,438;456,440;457,443;456,444;457,446;456,449;457,451;457,453;457,455;457,456;456,459;456,461;457,463;457,464;457,467;457,468;457,471;457,473;457,474;456,476;457,479;456,480;457,482;456,484;457,486;457,489;457,490;456,492;457,495;456,497;456,499;457,501;456,503;456,505;457,507;456,508;457,511
459,1;458,3;459,5;458,7;458,9;458,11;458,12;458,14;459,16;459,19;458,21;459,23;459,24;458,27;458,29;459,30;458,32;459,34;458,36;458,38;459,40;459,43;458,45;458,47;459,49;458,50;458,52;459,54;459,57;458,58;459,61;458,62;458,64;459,67;458,69;458,71;459,72;459,74;459,76;459,78;458,80;459,82;459,84;458,86;458,88;459,90;458,92;459,94;459,97;459,99;459,100;459,102;459,104;458,106;459,108;459,111;458,112;458,115;459,116;459,118;459,120;459,122;459,125;459,126;458,129;459,131;458,133;459,135;458,137;458,139;458,140;459,143;459,145;458,147;459,149;458,151;459,153;458,154;459,156;459,158;459,161;459,163;459,164;459,166;458,168;459,171;458,173;459,174;458,177;459,178;459,180;459,183;459,184;459,187;458,189;458,191;458,192;458,195;458,196;459,199;459,201;459,202;459,204;458,207;458,208;458,211;458,213;458,215;459,216;459,219;459,221;458,223;459,225;458,226;459,229;458,231;458,232;459,235;458,237;459,239;459,241;459,242;458,244;459,247;458,248;459,250;459,253;459,255;458,257;458,258;459,261;459,263;458,264;459,267;458,269;458,271;458,273;459,274;459,277;459,279;458,281;459,282;458,285;459,286;458,289;459,290;458,292;459,294;459,297;459,298;459,300;459,302;459,304;458,307;459,308;459,310;459,313;458,315;458,317;459,318;459,320;458,322;459,325;458,326;459,328;459,331;459,332;459,334;459,337;458,339;459,341;459,343;458,345;458,347;458,348;459,351;458,352;458,354;459,357;458,359;459,361;459,362;458,365;458,366;459,369;459,370;459,372;459,374;459,376;459,379;459,381;459,383;459,384;458,387;458,388;458,390;458,393;458,394;459,397;458,398;459,401;458,403;458,405;459,407;458,409;458,411;459,412;459,415;458,416;459,418;459,421;459,422;458,424;459,426;459,429;458,430;459,432;458,435;458,437;459,439;458,441;458,442;459,444;459,446;458,449;459,450;459,452;458,454;458,456;459,459;458,461;459,462;459,465;459,467;459,468;459,470;459,472;458,475;459,477;458,478;459,481;458,482;459,484;459,487;459,489;458,490;459,493;458,495;458,497;459,499;459,501;459,503;459,505;458,506;458,509;458,510
461,0;461,2;460,4;460,7;461,9;460,10;461,13;460,14;461,17;460,19;460,20;461,22;460,24;460,26;461,28;461,30;460,32;460,35;461,37;460,39;461,41;460,42;460,45;461,47;461,49;460,50;461,53;460,54;460,56;460,59;461,61;461,63;460,64;461,66;460,68;460,71;460,72;461,74;461,77;460,79;460,81;461,82;460,84;460,87;461,89;461,91;460,93;460,94;460,96;461,98;460,101;461,103;460,104;460,107;460,108;461,110;461,113;461,114;461,116;461,118;461,120;460,123;461,125;460,126;461,128;461,130;460,132;461,134;460,136;460,138;461,140;460,143;461,145;461,147;461,149;461,151;460,152;460,155;460,157;460,158;461,161;460,163;461,164;460,167;460,169;460,170;460,173;460,175;461,176;461,178;461,180;460,182;461,185;460,186;461,189;460,190;461,192;461,194;460,196;460,199;461,201;460,203;461,205;460,206;460,209;460,211;461,212;460,214;460,216;461,219;461,220;460,223;461,225;460,227;460,229;460,231;460,232;461,235;461,236;461,239;461,241;461,242;461,245;461,247;460,248;461,251;461,252;460,255;461,257;461,259;460,261;461,263;460,265;460,266;461,269;460,271;461,273;460,274;461,277;460,278;461,281;461,283;460,285;460,286;461,289;460,291;460,293;461,294;461,297;461,298;461,300;460,303;461,304;461,306;461,309;460,311;460,313;460,315;460,317;461,319;460,320;460,322;460,325;461,327;461,328;461,330;460,333;460,334;460,337;460,338;461,341;461,342;461,345;461,346;461,348;460,350;461,353;460,354;460,356;460,359;460,361;461,363;461,364;461,366;461,368;461,371;460,373;460,374;460,377;460,378;460,381;461,382;460,384;460,387;460,388;461,390;460,392;461,395;461,396;461,398;460,401;461,403;460,404;461,407;461,408;461,411;461,413;460,414;461,416;460,418;460,421;460,422;461,425;461,426;461,429;460,430;460,433;461,434;461,437;461,439;460,440;461,443;461,444;460,447;460,449;460,450;460,453;460,455;461,457;461,458;460,460;460,462;460,464;461,467;460,468;461,471;460,473;461,475;460,476;460,478;460,480;460,482;461,485;461,487;460,488;461,491;461,492;461,495;460,497;461,498;460,500;460,503;460,504;461,506;461,508;461,510
462,0;463,2;463,5;463,7;463,8;462,10;463,12;463,14;462,17;463,19;463,20;462,22;462,25;462,26;463,29;463,30;462,33;462,35;462,37;463,38;463,41;462,43;463,44;463,47;462,49;462,51;462,52;463,55;462,56;463,58;463,61;463,63;463,65;462,67;462,69;463,70;462,73;462,75;462,76;463,78;463,81;462,83;463,85;462,87;462,89;462,90;462,92;463,94;462,97;463,99;462,101;463,102;462,105;463,107;462,108;463,111;462,112;462,114;462,116;462,118;463,120;462,122;463,124;463,126;462,128;462,130;462,133;462,134;463,136;462,139;462,140;463,143;462,145;462,147;462,149;462,150;463,152;463,154;463,156;462,159;462,160;463,162;462,164;463,166;462,169;463,171;463,173;462,174;463,177;462,178;463,181;462,182;463,185;463,186;462,188;463,191;462,193;463,194;463,196;462,198;463,201;462,203;463,205;463,206;462,209;462,210;462,212;463,214;462,216;463,219;462,221;462,223;463,224;462,227;463,228;462,230;463,232;463,234;463,236;463,238;463,240;462,243;463,244;462,246;463,249;463,251;463,252;462,255;462,256;462,259;463,261;462,263;463,265;463,267;463,268;463,270;463,272;462,274;463,276;463,278;463,280;463,283;463,284;463,287;463,288;462,290;462,293;463,295;462,296;462,299;462,300;463,303;463,305;462,307;463,309;462,311;463,313;463,315;462,317;463,318;462,320;462,323;463,325;463,326;462,329;462,330;462,332;463,334;463,337;463,339;462,340;462,342;462,345;463,346;463,348;463,351;462,352;463,354;463,356;462,359;462,361;463,362;462,365;462,367;463,369;463,370;462,373;462,374;462,376;463,379;462,381;463,382;462,385;463,387;462,388;462,390;462,392;463,395;462,397;463,399;463,400;463,403;462,405;462,406;463,409;463,411;463,413;463,414;462,416;462,418;463,420;462,423;463,425;463,427;463,429;463,430;462,432;463,434;463,436;462,439;463,440;462,443;463,444;463,446;462,449;462,450;463,453;463,454;463,456;463,458;462,460;462,462;462,465;462,467;463,469;463,470;463,472;463,475;463,476;463,479;463,480;463,482;463,485;462,487;462,489;462,491;463,493;463,494;462,497;462,498;462,500;462,502;462,504;463,507;462,509;463,510
465,1;465,2;465,5;465,7;465,8;464,10;465,13;464,14;464,17;465,18;464,21;465,22;465,24;464,26;464,28;464,31;465,32;465,35;464,37;465,38;464,40;465,43;464,45;465,47;465,49;464,51;465,52;464,54;465,57;464,58;464,60;465,63;465,64;464,66;464,69;465,71;465,73;465,74;465,76;465,78;464,80;465,82;465,85;465,86;464,88;464,90;465,93;465,95;464,96;465,98;465,100;464,103;465,105;464,107;465,109;465,111;464,112;465,115;464,116;464,118;464,121;464,122;465,124;464,127;464,128;465,131;465,133;465,135;464,136;464,138;464,141;464,143;465,145;465,146;465,148;465,150;465,153;465,155;465,156;465,158;464,160;464,163;464,164;464,166;464,169;464,170;465,173;464,175;464,176;464,179;465,180;465,183;464,185;465,186;464,189;464,190;464,192;465,195;465,197;465,198;464,200;464,202;465,205;464,206;465,208;464,210;464,213;465,215;465,216;464,218;464,220;464,222;465,225;465,227;464,228;465,231;465,233;465,235;464,237;464,239;465,240;464,242;464,244;464,246;465,249;464,250;465,252;464,255;465,257;465,258;464,260;465,263;464,265;465,267;465,269;465,270;465,272;465,275;464,276;465,279;465,280;464,282;465,284;465,287;464,289;465,290;464,292;465,295;464,297;465,298;464,300;465,302;464,305;465,307;465,308;464,310;464,313;465,314;465,316;464,319;464,321;464,322;464,324;465,327;464,329;464,330;464,333;465,334;465,336;465,338;465,341;465,342;464,345;465,347;464,348;464,350;464,353;464,354;465,356;464,358;464,360;464,363;465,365;465,367;464,369;465,370;464,372;465,374;464,376;464,379;464,381;465,383;464,385;464,387;465,388;464,391;464,392;464,395;465,397;464,398;465,401;465,402;464,405;464,406;464,409;465,411;464,413;465,414;464,416;464,419;464,421;464,423;465,425;464,427;464,429;465,430;465,433;464,434;465,437;464,438;464,440;465,443;465,444;464,447;464,449;465,451;465,452;465,454;464,456;464,458;464,460;464,462;465,464;464,467;464,469;465,471;464,473;465,475;465,477;465,478;465,481;464,482;464,485;465,487;465,488;464,491;464,493;465,495;465,496;464,499;464,500;465,502;464,504;464,506;464,509;464,511
467,1;467,3;466,5;467,6;466,8;467,11;466,12;466,14;466,16;466,19;466,20;467,23;466,25;467,26;467,29;467,31;467,32;466,35;467,36;467,39;467,40;467,43;467,44;466,46;467,49;467,51;467,52;466,55;467,57;467,59;466,61;466,62;466,64;467,66;467,68;466,71;466,73;466,74;466,76;466,78;466,81;467,82;466,84;466,87;466,89;466,90;467,93;467,95;466,97;467,99;466,101;466,103;467,104;467,107;467,109;466,111;467,113;466,115;466,116;467,118;466,120;466,123;466,125;466,126;467,129;467,131;466,132;466,134;467,136;466,139;466,140;466,143;466,144;466,146;466,148;466,151;466,153;467,154;467,156;466,159;467,160;466,163;466,165;466,167;467,168;466,170;466,172;466,174;466,176;467,179;466,180;467,183;466,185;467,186;467,188;466,190;467,192;466,195;467,197;467,199;467,200;466,202;467,204;467,206;467,209;467,211;466,213;467,215;467,217;467,218;466,221;466,222;467,224;467,226;466,228;467,230;467,233;466,235;467,236;467,239;466,240;467,242;466,245;467,247;467,249;466,251;466,253;466,254;467,256;466,259;466,261;467,263;467,264;466,267;467,268;466,270;466,273;467,274;467,276;467,278;467,280;466,283;467,284;466,286;467,288;466,291;466,292;466,295;467,297;466,299;467,300;467,302;466,305;467,306;467,308;466,311;466,313;467,314;466,316;466,318;466,320;466,322;467,325;467,326;466,328;467,330;466,333;466,335;467,336;466,339;466,341;467,342;466,345;467,347;466,349;467,351;466,352;466,354;466,356;466,359;467,360;467,363;467,364;466,366;466,369;466,371;466,372;467,375;467,377;467,379;467,380;466,382;466,385;467,386;467,388;467,391;467,393;466,394;467,396;467,398;466,401;467,403;466,404;467,406;466,408;467,411;466,413;467,414;466,417;466,418;466,420;467,422;466,424;466,426;467,428;466,431;467,433;466,435;466,437;467,438;466,441;467,443;467,445;466,447;467,448;467,450;466,453;466,454;466,457;466,458;467,461;466,463;466,465;467,466;466,469;466,470;467,472;466,474;467,477;466,478;466,481;467,483;467,485;466,487;467,488;467,490;466,493;466,495;466,497;467,499;466,500;467,502;467,505;466,506;466,508;466,511
469,1;468,2;468,5;468,6;468,9;469,10;469,12;468,14;468,17;469,19;469,20;469,23;469,25;468,27;469,28;468,30;469,33;468,35;469,36;468,38;469,40;468,42;469,44;468,46;468,49;469,51;468,53;469,54;468,56;469,59;469,61;468,63;468,65;469,67;468,69;469,70;469,73;468,74;468,77;469,79;469,81;469,82;469,85;468,86;468,89;468,90;469,93;469,95;469,96;469,99;468,101;468,102;468,104;468,106;468,108;469,111;468,113;468,114;469,116;469,118;468,120;469,122;468,124;469,127;468,129;469,130;469,132;468,134;468,136;468,139;468,140;468,143;468,145;469,146;469,148;469,150;468,152;469,154;469,157;468,158;468,160;468,162;469,165;469,167;469,168;469,170;469,173;468,174;468,177;469,179;468,181;468,182;468,185;468,186;469,189;468,190;469,193;468,195;469,196;469,198;468,200;468,203;469,205;469,207;468,209;469,211;469,213;469,214;469,217;468,218;469,221;469,223;469,225;468,227;469,228;468,231;468,232;468,235;468,236;468,238;469,240;469,242;469,245;469,246;468,248;469,250;469,253;468,254;468,257;468,258;469,260;468,263;469,264;468,267;468,269;469,271;469,273;469,274;469,276;468,278;468,281;468,282;469,285;468,286;468,289;468,290;468,293;468,295;468,296;469,298;468,301;468,302;468,305;469,306;469,308;468,311;468,312;469,315;468,317;468,319;469,321;469,323;468,325;469,327;468,328;469,331;469,333;468,335;469,336;468,339;469,340;469,343;469,344;469,346;468,349;468,350;469,352;468,354;469,356;469,359;469,360;468,362;469,365;468,366;469,368;468,370;469,373;469,374;468,377;468,379;469,380;468,382;469,384;469,387;469,389;468,390;469,393;468,395;468,397;468,398;469,400;468,403;468,404;468,406;469,409;468,410;468,413;468,414;468,416;469,419;469,420;468,422;468,424;468,427;469,429;468,430;468,433;468,434;469,437;469,439;469,441;468,443;468,445;468,447;468,448;468,451;469,452;468,454;468,456;469,458;469,461;468,462;469,465;468,467;468,468;468,470;469,473;468,474;468,477;468,478;468,480;469,483;468,484;469,486;468,489;468,491;469,493;468,495;469,497;469,498;469,501;468,502;469,504;469,506;469,509;469,510
471,0;471,2;470,4;471,6;470,9;471,10;470,12;471,14;471,17;471,19;470,21;471,22;471,25;470,27;470,29;471,30;470,33;471,35;470,36;471,38;471,40;470,42;470,44;471,47;470,49;471,51;471,53;470,54;470,56;471,59;471,60;470,63;470,65;470,66;470,69;471,70;471,73;471,75;470,76;471,79;471,80;470,82;470,84;470,86;471,89;471,90;470,93;471,95;471,97;470,98;470,101;471,103;470,105;471,106;471,109;471,111;471,113;471,115;470,116;471,118;471,121;470,122;470,124;471,126;470,129;470,131;471,132;470,134;471,137;470,138;470,140;471,143;471,144;471,146;471,149;470,150;471,153;471,154;470,157;470,159;470,160;471,162;471,165;470,166;471,168;471,170;471,172;470,174;470,177;470,179;471,181;470,182;470,185;471,186;470,188;470,190;471,193;471,195;471,197;470,198;470,201;470,202;470,205;470,206;470,208;471,211;470,213;470,214;470,217;471,219;471,221;470,222;471,224;471,227;471,228;471,230;471,232;471,235;471,236;470,238;470,241;470,242;471,245;470,247;471,249;470,250;471,253;470,254;471,257;470,258;470,261;470,263;470,265;470,266;471,269;470,271;470,273;470,275;470,276;470,279;470,281;470,282;470,284;470,287;470,288;471,290;471,292;470,295;471,297;470,298;471,301;471,302;470,304;470,307;470,308;471,311;471,312;470,314;470,317;470,318;471,321;470,323;470,324;470,327;471,328;471,330;470,332;471,334;471,337;470,338;470,341;471,343;470,345;470,346;470,349;471,351;470,352;471,355;470,356;471,359;471,361;470,362;471,365;470,366;470,368;471,371;470,373;470,375;471,377;470,379;470,381;471,383;471,385;470,386;470,389;471,390;471,393;471,394;470,396;470,398;470,400;471,402;471,405;470,407;470,408;471,410;470,413;471,414;470,417;471,418;471,421;470,423;471,424;470,426;471,428;470,431;470,433;471,435;470,436;470,438;470,440;470,442;470,445;470,447;471,449;471,450;471,452;471,454;470,456;470,459;471,461;471,463;470,464;471,466;471,469;471,471;471,472;470,475;470,477;471,479;471,480;471,483;470,484;470,486;471,488;471,490;470,493;471,495;470,497;470,499;470,501;471,503;470,504;470,506;471,508;470,510
473,1;472,3;473,5;473,6;473,9;472,10;473,12;472,15;472,17;473,18;473,20;472,22;472,25;472,26;473,29;472,30;472,33;472,34;473,36;473,39;473,40;472,43;472,45;472,47;473,49;473,51;472,52;473,54;473,57;472,58;472,61;473,63;473,64;472,66;472,68;472,71;472,73;473,74;473,76;472,78;472,80;473,83;473,84;472,86;472,88;472,91;472,93;472,95;473,97;472,99;472,101;473,102;473,104;473,107;472,109;472,111;472,112;473,114;472,117;473,119;472,120;472,122;473,124;473,126;472,128;473,131;472,132;473,134;472,136;473,139;472,140;472,143;472,144;472,147;472,148;473,150;473,153;473,155;473,156;472,158;473,160;472,163;472,164;473,167;473,168;472,171;472,172;473,174;473,176;473,179;473,180;472,182;473,184;472,186;472,189;473,190;473,192;473,195;472,196;473,199;473,201;473,203;472,204;472,207;472,208;472,210;472,213;473,214;473,216;473,219;473,221;472,223;472,225;472,227;473,229;473,230;473,232;472,234;472,236;472,239;473,241;473,243;473,245;472,246;472,249;472,251;472,253;473,255;472,257;473,258;472,261;472,263;473,265;472,266;472,268;472,270;473,272;472,274;472,277;472,278;472,280;472,283;472,285;473,287;473,288;472,291;472,292;472,295;473,296;473,299;472,300;472,303;473,305;473,306;473,308;473,310;473,312;472,315;472,316;472,318;472,321;472,322;472,325;472,326;472,329;472,330;472,332;472,335;472,336;472,339;472,340;473,342;473,345;472,347;473,349;472,351;473,353;472,354;473,356;473,359;473,360;472,363;473,365;472,367;472,368;472,371;472,372;473,375;473,376;472,379;472,380;472,383;473,384;473,387;472,389;473,390;472,393;472,394;473,396;473,399;473,401;472,403;472,404;473,407;472,409;472,411;472,413;472,414;472,417;473,418;472,421;472,422;472,424;473,427;472,428;472,431;472,433;472,435;472,436;472,439;473,441;473,443;472,444;472,446;472,448;473,451;472,453;472,455;473,457;473,458;472,461;473,463;472,465;473,467;472,468;473,471;472,472;473,474;473,476;473,478;473,480;472,483;472,484;472,486;472,488;472,491;472,493;472,494;472,497;472,499;472,500;472,502;472,504;472,507;473,508;472,511
474,0;475,3;475,4;474,6;475,9;475,10;474,12;474,14;474,17;474,18;474,21;474,22;475,25;474,27;475,28;474,31;475,33;475,35;475,36;475,39;474,41;475,43;475,45;474,47;474,49;474,50;475,53;475,55;475,57;474,58;475,61;475,62;474,65;474,67;475,68;475,70;475,73;474,74;475,77;474,79;475,80;474,82;475,85;474,86;474,89;474,90;475,92;475,94;474,96;474,98;474,100;475,102;474,104;475,107;475,108;475,110;475,113;474,114;475,117;475,118;475,121;474,122;475,124;475,126;475,129;475,130;475,132;475,134;474,137;474,138;474,141;475,142;475,145;475,147;475,149;474,151;474,153;474,154;475,156;475,158;475,160;475,162;474,164;475,166;474,169;475,170;475,172;474,174;475,177;474,178;475,181;474,183;475,184;475,187;475,188;474,190;475,192;474,195;474,197;474,199;475,200;474,202;474,205;474,207;475,209;475,211;474,212;475,214;475,216;475,219;475,220;475,223;474,224;474,227;474,229;474,231;475,232;474,234;475,237;475,238;475,240;474,242;475,245;474,247;474,248;474,250;475,252;474,254;474,257;474,258;475,261;474,262;475,265;474,266;474,269;474,270;475,272;475,274;475,276;475,279;475,280;474,283;474,285;474,286;475,289;474,291;475,292;474,294;474,296;474,299;475,300;474,302;474,305;475,307;474,308;475,310;474,313;474,314;474,317;475,319;474,321;475,323;475,325;474,327;475,328;474,331;474,332;475,334;474,336;474,339;474,340;474,343;475,345;474,346;474,349;475,350;474,353;475,355;474,357;475,359;474,361;475,362;474,365;474,366;475,369;474,371;475,372;474,374;474,376;474,379;475,380;474,383;474,384;475,386;475,388;475,391;475,393;475,395;475,397;474,399;474,401;474,402;474,405;475,406;474,409;475,410;475,412;474,414;474,416;475,419;474,421;474,423;475,425;475,427;475,429;474,430;475,433;475,434;474,437;475,439;474,441;474,442;474,444;475,446;474,448;475,450;475,452;474,455;475,456;474,458;474,461;474,463;474,464;474,467;474,468;474,471;474,473;475,474;474,476;474,478;474,480;475,482;474,485;474,486;475,489;475,490;475,492;474,495;474,497;475,499;475,500;475,503;474,504;474,507;475,509;475,511
476,1;476,3;477,5;477,7;477,9;476,10;476,12;477,15;476,16;477,19;476,21;476,22;476,25;476,26;476,29;477,30;476,32;477,35;476,37;477,38;476,41;476,43;477,45;476,47;477,49;476,50;476,52;476,55;477,56;477,59;476,61;476,63;476,65;476,67;476,68;476,70;477,73;476,75;477,76;476,78;476,81;476,82;476,85;477,86;476,89;477,91;476,92;476,95;477,96;477,98;477,100;476,102;476,105;477,106;477,109;476,110;477,113;476,115;476,116;476,119;477,120;476,122;476,125;477,126;477,129;477,131;477,133;477,135;476,136;477,139;476,141;476,143;476,144;476,147;476,148;477,151;477,152;477,154;477,157;477,159;476,160;477,163;476,165;476,166;477,169;476,170;477,172;476,175;476,176;477,178;476,181;476,183;476,184;477,186;477,189;477,191;476,192;477,194;477,197;477,198;476,200;476,202;476,204;476,207;477,208;476,211;477,212;476,214;476,217;476,218;476,221;476,223;476,224;476,227;476,229;476,231;476,233;476,234;477,236;477,239;476,240;477,242;477,245;476,247;477,249;477,250;477,252;476,254;477,256;477,258;477,261;476,263;476,265;477,266;476,268;477,271;476,272;476,274;477,277;476,278;477,280;476,283;476,284;477,287;477,288;476,290;477,292;476,294;476,296;477,298;476,301;477,302;476,304;477,307;476,309;476,310;477,313;476,314;476,317;476,318;477,320;477,322;477,324;477,327;476,329;477,330;476,333;477,335;476,336;476,339;476,341;477,342;477,344;476,347;477,349;476,350;477,353;477,354;477,357;477,359;477,361;477,362;477,364;477,367;476,368;477,371;476,373;477,375;476,377;476,378;476,381;476,382;477,384;476,386;477,389;477,390;477,392;476,394;476,397;477,398;477,400;477,402;476,404;477,406;476,409;476,410;476,413;476,414;477,417;477,419;476,421;477,423;476,425;477,426;476,428;477,431;477,433;476,434;477,436;477,439;476,440;477,443;477,444;476,447;477,449;477,450;476,453;476,455;477,456;476,458;477,460;477,462;476,465;477,466;477,469;477,470;477,473;477,475;477,476;476,478;477,480;476,483;476,485;477,487;477,488;477,491;477,493;477,494;476,497;476,498;477,501;476,503;477,504;477,507;477,508;477,511
479,1;478,2;478,4;478,6;479,9;479,10;479,13;479,14;479,17;479,18;478,21;478,22;478,24;478,26;478,28;479,30;479,33;479,35;478,37;478,38;478,41;479,43;478,45;478,47;479,48;479,51;479,52;479,54;479,56;478,59;478,61;478,62;478,65;479,66;479,68;479,71;478,73;478,74;478,76;478,79;478,81;479,82;478,84;479,87;478,89;478,90;478,93;479,95;478,97;478,99;479,100;479,102;478,105;479,106;478,108;478,111;479,113;479,114;478,116;478,119;478,120;478,122;479,125;478,126;478,129;478,131;478,132;479,135;479,136;478,139;478,140;479,143;479,145;478,147;478,149;479,150;478,152;479,155;479,157;478,159;478,161;479,162;478,165;479,167;478,168;479,170;479,173;478,174;478,177;478,179;479,180;479,183;478,184;478,187;478,189;478,191;478,192;478,194;479,196;478,198;478,201;478,202;479,204;479,207;479,209;479,211;478,213;478,215;479,217;479,219;478,221;478,223;479,224;478,226;479,229;478,231;478,233;479,234;479,236;478,239;478,240;478,242;479,245;478,246;479,248;479,251;478,252;479,254;479,256;478,258;479,260;479,263;479,264;478,266;479,268;479,270;479,272;479,275;479,277;478,278;478,280;479,282;478,285;479,286;479,289;479,291;478,292;478,295;478,296;479,298;479,300;479,303;478,304;478,307;479,309;478,310;478,312;479,315;478,317;479,318;479,320;478,322;479,325;479,326;478,328;479,331;478,333;478,334;478,337;479,339;478,340;478,342;478,344;479,347;479,349;479,350;479,352;479,354;479,357;479,358;479,361;478,362;479,364;479,367;478,368;478,371;478,373;478,374;478,376;478,379;479,380;478,383;479,385;479,387;478,388;479,391;478,392;478,395;478,397;479,399;479,400;479,402;478,404;478,406;479,408;478,411;478,413;478,415;479,417;478,419;479,421;478,422;478,424;478,426;478,428;479,430;478,432;478,435;478,437;478,438;479,441;478,442;479,445;479,446;478,449;478,450;478,453;479,454;479,457;478,459;478,461;479,463;478,465;478,467;478,469;479,471;479,472;478,475;479,477;478,479;478,480;479,482;479,485;478,486;479,488;479,491;478,493;479,495;479,496;479,499;478,500;479,503;478,504;479,507;478,509;479,510
480,0;480,2;481,4;481,6;481,8;480,11;481,12;481,14;481,16;480,18;481,20;480,22;480,25;480,26;480,29;481,31;480,33;480,34;480,36;480,38;481,40;481,43;481,45;480,47;480,49;481,51;480,53;481,55;481,56;481,58;480,60;480,63;480,65;481,67;481,69;481,70;481,72;481,74;480,76;480,78;480,81;480,82;481,85;481,87;481,88;481,90;481,93;480,95;480,96;480,98;480,101;480,102;480,105;481,106;480,109;481,110;480,113;481,115;481,116;480,118;480,120;481,123;481,125;481,127;480,128;480,131;480,132;481,134;481,136;480,139;480,141;480,143;480,144;480,147;480,149;480,151;481,152;481,155;480,157;481,159;480,161;480,162;481,164;481,166;481,169;481,170;481,173;481,174;481,177;481,178;480,181;480,182;481,185;481,186;480,189;480,191;480,193;480,194;480,196;481,198;480,201;481,202;480,204;481,207;480,209;481,210;481,212;481,214;480,216;480,219;481,221;480,223;480,224;481,226;480,229;481,231;480,233;480,234;480,236;481,239;481,241;481,243;481,245;480,247;480,249;481,250;480,253;480,255;480,257;480,258;480,261;481,263;481,264;480,267;480,268;480,271;481,273;480,275;480,277;480,278;481,281;481,282;480,285;480,286;481,288;480,291;480,292;481,295;480,297;480,299;481,300;480,303;480,305;481,306;481,308;481,310;480,312;480,314;481,317;480,319;480,320;481,323;481,325;481,326;481,328;480,330;480,332;480,335;480,337;480,338;481,341;480,342;481,345;481,347;481,348;480,351;481,352;481,354;480,357;480,359;480,361;481,363;480,365;481,367;481,369;480,370;480,373;480,375;480,377;481,378;481,381;480,382;480,384;480,386;480,388;481,391;480,393;480,394;481,397;481,398;481,401;480,403;481,405;480,406;480,409;480,410;481,412;480,414;481,417;481,418;481,420;480,423;480,425;480,426;480,429;480,431;480,433;480,435;480,437;480,438;480,441;481,443;480,445;480,447;480,449;481,451;481,453;481,455;480,456;480,459;480,460;480,462;480,464;481,466;480,469;481,470;480,472;480,475;480,476;480,479;480,480;480,482;481,484;481,487;481,489;480,491;480,493;480,495;481,496;481,498;480,501;481,502;480,504;481,507;481,509;480,511
483,1;483,2;482,5;483,7;483,9;482,10;483,12;482,14;482,17;482,19;483,21;482,23;483,25;482,26;482,28;482,31;482,33;482,34;482,37;482,39;483,40;482,42;483,44;482,47;483,49;483,50;482,52;482,55;483,56;482,59;483,61;483,63;482,64;483,67;482,68;483,70;482,72;483,74;482,77;483,78;482,81;482,82;482,85;482,86;483,89;482,90;483,92;483,94;483,96;482,99;483,100;483,102;482,104;483,107;482,109;482,110;483,112;483,114;482,116;482,119;483,121;483,123;482,125;482,127;482,128;483,131;483,132;483,134;482,136;482,138;482,140;482,143;482,145;482,147;483,149;483,150;483,153;483,155;483,157;483,159;482,161;482,163;482,165;483,167;482,169;483,170;483,173;483,174;483,176;482,178;483,180;482,183;482,185;483,186;483,188;482,190;483,192;482,195;483,196;483,198;483,200;483,203;482,205;482,207;483,209;483,210;482,212;483,215;483,216;482,218;482,220;483,222;482,225;483,227;482,228;482,231;482,233;483,234;482,237;482,238;482,241;483,242;482,244;483,247;483,248;482,250;483,253;482,254;483,257;483,259;482,260;483,263;483,265;483,267;482,269;482,270;483,273;482,275;483,276;482,278;483,280;482,283;483,285;483,286;483,289;483,290;483,293;483,295;483,296;482,298;483,301;483,302;482,305;482,307;482,309;482,311;483,312;483,314;482,317;482,319;482,320;483,322;483,324;482,326;482,329;483,331;483,333;482,334;482,336;482,338;482,341;482,343;482,345;482,346;483,348;482,350;482,353;482,355;483,357;482,358;483,360;483,362;482,365;482,366;483,368;482,371;482,373;482,374;482,377;482,378;482,381;483,382;482,384;482,387;482,388;482,390;483,392;482,394;482,396;482,398;482,400;482,402;482,404;483,406;483,408;483,411;482,413;482,414;483,417;482,418;483,420;482,423;483,425;482,426;483,429;482,431;483,433;483,435;482,436;482,439;483,441;482,442;483,444;482,446;482,448;483,451;482,453;482,455;483,457;482,459;482,460;482,462;483,465;482,467;483,468;482,470;482,472;483,474;483,476;483,478;483,481;482,482;482,485;483,487;482,488;482,491;483,493;482,494;482,496;483,498;482,501;482,503;482,505;482,506;483,508;482,510
485,0;484,2;485,4;485,7;485,9;484,10;484,13;485,14;484,17;485,19;485,20;484,22;484,25;484,26;484,28;484,30;484,33;484,34;484,37;484,38;485,41;485,43;484,44;484,47;485,49;484,50;484,52;485,55;484,57;485,58;485,61;484,62;484,65;484,66;484,69;484,71;485,73;485,74;484,76;485,79;485,81;484,83;484,85;485,86;484,89;484,90;485,93;484,95;484,96;484,98;485,101;484,103;485,104;485,106;485,108;485,111;484,113;485,114;484,116;484,119;485,121;485,123;485,125;485,127;484,129;485,131;484,132;485,134;484,137;484,139;484,141;485,143;484,144;484,146;485,149;485,150;484,152;485,155;484,156;485,158;485,161;485,163;485,164;485,166;485,168;485,171;484,173;484,174;485,177;485,179;485,181;485,183;485,184;484,187;484,189;484,190;484,193;485,195;484,197;484,199;484,200;484,203;485,204;485,206;484,209;484,210;484,212;484,215;484,216;484,218;484,220;485,222;485,225;485,227;485,229;485,231;485,232;484,235;484,237;484,238;485,241;485,242;484,245;485,247;485,248;484,250;484,253;485,255;485,257;485,259;485,260;484,263;485,264;484,266;484,268;485,271;485,272;485,275;484,277;485,278;484,280;485,282;485,284;485,286;484,288;484,290;485,293;485,294;484,297;485,299;484,300;484,303;484,305;485,307;484,308;485,310;484,313;485,314;484,316;484,319;485,320;485,322;484,325;485,327;484,329;485,330;485,332;484,334;485,337;485,339;484,341;484,343;484,345;484,346;484,349;484,350;485,352;484,354;485,357;484,358;484,360;484,363;484,364;485,366;484,369;485,371;484,372;485,375;484,376;485,379;484,381;485,383;485,384;484,387;484,389;484,390;484,392;485,394;485,396;485,399;484,400;485,403;484,405;484,407;484,409;485,411;485,412;485,415;485,417;485,419;485,421;484,423;485,425;485,427;484,429;485,430;484,433;485,435;485,436;484,439;484,440;484,442;484,444;485,446;485,449;485,450;485,452;484,454;484,457;484,459;485,461;485,462;484,465;484,467;485,469;485,471;484,472;484,474;484,476;485,479;484,480;484,482;485,485;485,486;484,489;485,491;484,493;484,494;484,497;485,499;484,501;485,502;485,505;485,506;485,509;484,510
486,0;487,2;486,5;486,6;486,8;486,10;486,13;487,14;486,17;486,19;487,20;486,23;487,25;486,26;487,28;486,31;487,32;486,34;486,37;486,39;486,41;487,43;487,45;486,47;486,49;486,50;487,52;487,55;486,57;487,59;486,60;486,62;486,64;486,66;486,68;486,71;487,73;487,74;487,76;487,79;487,81;486,83;487,85;487,87;487,89;487,90;487,93;487,94;487,96;486,99;487,101;486,103;486,104;486,107;486,109;486,111;486,113;487,115;486,116;487,119;486,120;487,123;487,125;486,126;486,128;486,131;487,133;486,135;487,136;487,138;486,140;486,143;486,144;487,147;487,148;486,150;487,153;487,154;487,156;486,159;487,161;486,163;486,164;486,166;486,168;486,170;486,172;487,175;486,176;487,179;486,181;487,182;486,184;486,187;486,189;486,190;486,193;486,195;487,197;486,198;487,201;487,202;487,205;487,207;486,209;487,210;487,213;487,215;487,216;487,219;487,221;487,222;486,225;487,226;486,229;487,231;486,233;486,235;486,237;487,239;487,241;486,243;486,244;487,247;486,248;486,250;486,253;486,254;486,257;486,258;486,260;486,263;486,264;486,267;486,269;486,270;486,272;486,274;487,277;486,279;486,281;486,283;486,284;486,287;486,289;486,291;486,292;486,294;487,297;486,299;486,301;486,302;487,305;487,306;486,309;486,310;486,313;486,314;486,316;487,318;486,320;487,322;487,324;486,326;486,329;487,331;486,332;487,334;486,337;487,339;487,341;487,342;487,344;487,346;487,348;487,351;487,352;487,354;486,357;487,358;486,361;486,363;486,365;487,366;486,368;486,371;487,372;487,375;487,377;487,379;487,381;487,383;486,385;486,387;487,388;486,390;487,392;487,395;487,396;487,398;487,401;487,402;486,405;487,406;486,408;486,411;486,413;486,415;487,416;487,419;486,420;486,422;486,424;486,427;487,428;486,430;487,433;486,435;487,437;487,439;486,440;487,443;487,445;486,447;486,448;487,450;486,453;486,455;486,457;487,458;487,460;487,463;486,464;487,467;486,468;486,471;487,473;487,474;486,477;486,479;486,481;486,482;486,485;486,487;486,489;487,491;487,493;486,495;487,497;486,498;487,500;487,503;487,504;487,507;486,508;487,510
489,0;489,2;488,5;488,7;488,8;488,10;488,12;489,15;488,17;488,18;488,20;489,22;488,24;488,27;488,29;489,30;489,32;488,35;489,37;488,38;488,41;488,43;488,44;488,47;488,49;489,51;489,52;488,54;489,57;489,59;489,60;489,62;489,65;488,66;488,69;488,71;488,73;489,74;488,76;488,78;488,81;488,82;489,84;489,87;489,88;489,90;489,92;489,95;488,97;489,98;489,100;488,103;488,105;488,106;488,109;488,111;488,112;488,115;489,116;489,118;489,120;488,123;488,124;488,127;488,128;489,130;489,132;488,134;489,136;488,139;488,140;488,143;489,144;489,146;489,148;489,150;489,152;488,154;489,156;489,158;489,161;488,163;488,165;489,166;489,169;488,170;489,173;489,175;488,177;489,179;489,181;488,183;489,184;488,186;488,188;489,191;489,192;489,195;488,197;488,199;488,201;488,203;489,205;489,206;489,208;488,211;488,212;489,215;488,217;489,218;488,221;489,223;488,224;489,227;489,228;488,230;489,233;489,235;489,236;489,238;488,240;489,243;489,245;489,246;489,249;489,250;488,253;489,255;489,257;489,259;489,260;489,263;489,265;488,267;489,268;489,271;488,273;489,274;488,276;489,279;489,281;489,282;489,285;489,286;489,288;489,291;489,292;489,294;489,297;489,299;489,300;489,303;489,305;489,307;489,308;489,311;489,312;488,315;489,317;489,318;489,320;489,322;488,324;489,327;489,328;489,330;488,332;488,335;489,337;488,338;488,341;488,342;488,345;488,346;489,348;488,350;489,352;489,355;488,356;488,359;489,360;488,362;488,365;489,366;488,369;488,370;489,373;489,374;488,376;488,378;488,380;489,382;489,384;489,386;488,388;488,390;489,393;489,394;488,396;489,399;488,400;488,403;488,404;489,406;488,409;488,410;489,413;489,415;489,416;488,418;489,421;489,422;488,425;489,426;488,429;488,430;488,433;489,434;489,437;489,439;488,441;488,442;489,444;488,446;488,448;489,451;488,453;488,455;489,456;488,458;488,460;488,463;489,465;489,467;489,469;488,471;489,473;489,474;489,477;489,478;489,480;488,483;489,484;488,486;489,489;488,491;488,493;489,494;489,496;489,499;489,501;488,503;488,505;489,507;489,509;488,510
490,1;491,2;491,5;491,6;490,8;490,10;491,13;490,14;491,17;491,18;491,20;490,22;491,25;490,27;490,29;491,30;490,33;491,35;490,36;490,38;490,41;491,42;490,44;490,47;491,49;490,50;490,52;490,54;491,57;491,59;490,60;490,62;491,65;490,67;490,69;490,71;491,73;491,74;491,77;491,78;491,80;491,83;490,84;490,87;490,88;491,90;491,92;490,95;490,96;491,99;491,101;490,103;490,105;491,106;491,109;490,111;491,112;491,114;490,116;490,119;490,120;490,123;490,124;491,126;491,129;490,130;491,133;490,135;491,136;490,139;490,141;491,143;490,145;491,147;490,148;491,150;490,152;490,154;491,156;491,159;490,161;490,162;490,164;490,166;491,168;490,171;491,172;490,175;491,176;491,178;490,181;491,183;491,184;490,187;491,188;490,191;490,193;490,195;491,196;491,198;491,201;491,202;491,205;490,206;490,209;490,211;490,213;490,215;491,217;491,218;490,220;490,222;491,225;490,227;490,229;491,230;491,233;491,234;491,236;491,238;491,240;491,242;490,244;491,247;491,249;490,251;490,253;490,254;491,257;491,258;490,260;490,262;491,265;490,266;490,269;490,270;490,273;490,274;491,276;491,279;490,281;490,282;490,285;490,286;491,288;491,290;491,293;490,294;490,296;490,298;490,300;491,302;491,304;490,307;491,309;491,311;491,313;490,314;490,317;490,318;490,321;490,322;491,325;491,327;490,328;490,331;490,333;490,335;491,337;491,339;491,341;491,342;491,344;491,346;491,348;490,351;490,352;491,354;491,356;490,359;490,361;490,363;490,364;490,366;491,368;490,371;491,373;491,375;490,376;490,379;490,380;491,382;491,384;490,387;491,389;490,390;490,392;490,394;490,397;490,398;490,401;490,403;491,404;490,406;490,409;491,411;491,413;490,415;491,416;490,419;491,421;490,422;491,425;491,427;491,428;490,430;490,433;491,434;491,437;491,439;491,441;491,443;490,444;491,447;490,448;491,450;490,452;491,454;491,457;490,459;490,460;491,463;491,464;491,467;490,469;490,470;491,472;490,474;490,477;490,479;491,480;491,482;490,485;490,487;490,489;491,491;490,492;490,495;491,497;491,499;491,500;491,503;490,504;491,507;490,509;490,511
492,1;493,2;493,4;492,7;493,9;492,10;492,12;492,14;493,16;492,19;493,21;493,22;493,24;493,27;493,28;493,30;492,33;493,35;492,36;492,38;492,41;492,42;492,44;492,47;493,49;492,51;493,52;493,54;493,56;492,58;493,60;493,63;492,64;492,67;492,69;492,71;493,73;493,74;493,76;493,79;493,81;492,83;493,84;492,86;493,89;492,91;492,93;493,94;493,97;493,99;493,100;493,102;493,105;492,106;492,108;493,111;492,112;492,115;493,117;492,118;493,121;492,123;492,124;492,126;492,129;493,130;492,132;492,135;493,136;493,139;492,140;493,143;493,144;492,146;493,149;492,150;492,152;493,154;492,156;493,159;493,161;493,162;493,164;493,166;493,169;492,170;492,173;492,174;492,177;492,179;492,181;492,183;492,184;493,187;492,188;492,191;492,193;492,195;492,196;493,198;492,200;492,202;492,204;492,206;493,208;492,210;492,212;493,215;493,217;493,218;493,221;493,222;492,224;493,227;493,228;492,231;492,233;493,234;493,237;493,238;493,240;493,242;492,245;492,247;493,249;493,250;492,253;493,255;492,256;492,259;493,260;493,263;493,265;493,266;493,269;493,271;493,273;492,274;493,276;493,279;492,281;493,282;493,284;493,287;492,289;493,291;492,292;492,295;492,296;493,299;492,300;492,302;493,305;493,307;492,309;492,311;492,312;493,314;492,316;493,319;492,321;492,322;492,325;492,326;493,329;492,331;493,333;492,334;493,337;492,339;492,340;493,342;493,344;492,346;493,349;493,351;492,353;492,354;492,357;492,359;493,361;492,363;493,365;492,366;493,368;492,371;493,373;492,374;493,377;493,379;492,380;493,382;493,385;493,386;492,388;493,390;493,392;492,394;493,396;492,399;492,400;493,403;493,405;493,406;492,408;493,410;493,413;492,414;493,417;492,418;492,420;493,423;492,425;492,427;493,428;492,431;492,433;492,435;492,436;492,438;492,441;493,443;493,444;492,447;492,448;493,451;493,453;492,455;493,457;493,458;493,460;493,462;492,465;493,466;492,468;493,471;493,473;492,474;493,477;492,479;492,481;493,483;493,485;493,487;493,488;492,491;492,492;493,494;492,497;493,498;492,500;492,503;493,505;493,506;493,508;492,510
495,1;495,3;494,4;494,7;495,9;495,11;495,12;495,14;494,16;495,19;494,21;494,22;495,24;495,27;494,29;494,31;494,32;494,35;495,37;494,39;494,40;495,42;494,44;494,47;495,49;494,50;494,53;495,54;495,56;495,58;494,61;495,62;495,64;495,66;495,68;495,71;495,73;494,74;495,77;495,78;494,80;495,83;495,84;494,87;494,89;495,91;495,93;494,94;495,97;494,98;494,100;495,102;494,105;494,106;494,108;494,111;494,113;494,114;495,116;495,118;495,121;495,122;495,124;494,127;495,129;494,130;495,132;494,135;494,136;495,138;495,140;494,143;494,144;494,147;494,148;495,151;495,152;494,155;494,156;495,159;495,160;495,163;494,165;494,166;494,168;494,171;495,173;494,175;495,176;494,178;495,181;494,183;494,185;495,187;495,189;495,191;494,193;494,195;495,197;495,199;495,201;495,202;494,204;494,206;495,208;494,210;495,213;495,214;494,216;494,219;494,220;494,222;495,224;494,227;494,229;494,231;495,233;494,234;494,237;494,238;495,240;495,243;495,244;495,247;495,248;494,250;494,253;495,254;494,257;494,258;495,260;495,263;495,264;495,266;494,269;495,270;495,272;494,275;495,276;495,279;495,280;495,282;494,285;495,287;494,288;494,290;495,292;495,294;494,296;495,298;495,300;495,302;494,304;494,307;495,308;495,310;494,313;495,315;494,317;494,318;494,320;494,323;494,324;494,327;494,329;494,331;495,332;494,335;494,337;494,339;495,341;494,343;494,344;495,346;494,349;495,350;495,352;494,354;495,356;495,359;494,361;494,362;495,364;494,366;494,369;494,371;494,372;495,374;495,376;494,378;495,381;495,382;494,384;495,386;494,388;495,391;495,392;495,394;495,396;495,398;495,401;494,403;495,405;494,407;495,408;494,411;495,413;494,414;494,417;495,418;494,421;494,422;495,425;495,426;495,429;495,431;495,432;494,435;495,436;495,439;494,441;494,443;495,445;494,446;495,449;494,450;494,453;494,455;494,457;495,459;494,460;494,462;495,465;494,467;495,469;494,470;495,472;494,475;494,477;494,479;494,481;494,482;494,484;495,487;494,489;494,491;494,492;494,494;494,496;495,499;495,501;495,502;495,505;495,506;494,509;495,510
497,0;496,3;496,5;497,6;496,8;496,10;497,13;496,15;496,17;497,18;496,20;496,23;497,24;496,27;496,28;496,30;497,32;497,34;497,37;496,38;497,40;496,43;496,45;497,47;497,49;497,51;497,52;497,54;497,56;496,59;496,60;497,62;496,65;496,66;496,68;496,70;496,73;496,74;497,77;497,79;497,80;497,83;496,84;497,87;496,88;496,91;496,92;496,94;497,96;497,98;496,100;496,103;496,104;496,107;496,109;496,111;496,113;497,115;496,116;496,118;496,121;497,123;497,125;496,126;497,128;497,130;496,132;496,134;496,136;497,139;497,140;496,143;497,145;497,147;497,148;496,150;497,152;496,155;496,157;496,159;497,161;496,163;496,164;496,166;497,168;496,171;496,173;497,174;496,177;496,179;497,180;497,183;496,185;496,187;496,188;496,190;496,192;496,194;496,197;496,198;496,200;497,202;497,204;496,207;496,208;496,211;496,212;496,215;497,216;497,219;496,220;497,223;497,224;496,226;497,229;497,230;497,233;497,234;497,236;497,238;497,241;497,242;497,244;496,246;496,248;497,251;496,252;496,254;496,257;496,258;496,260;496,262;496,264;496,266;496,269;496,271;496,273;496,275;497,277;496,279;496,280;497,283;496,284;496,287;496,288;496,291;496,293;496,295;496,296;496,299;497,300;497,303;497,305;496,306;497,308;496,311;496,312;497,315;496,317;497,319;496,321;496,323;496,324;496,327;497,328;496,330;497,332;497,335;496,337;496,338;497,340;496,342;496,345;496,346;496,349;496,350;497,352;497,355;496,357;497,358;497,360;497,363;497,365;497,367;496,369;496,370;496,373;497,375;497,376;496,378;496,381;497,383;496,384;497,387;497,389;496,391;497,392;496,394;496,396;497,398;496,401;496,403;496,405;497,407;497,408;497,411;497,412;496,414;497,417;497,419;496,420;496,423;496,424;497,426;496,428;497,430;496,433;496,435;496,437;497,439;497,441;496,442;496,445;496,447;496,449;497,451;497,453;497,455;497,457;497,459;496,460;496,463;497,465;496,467;497,469;497,470;496,473;497,475;496,477;496,478;496,481;497,483;496,484;496,487;497,488;496,490;497,492;496,495;497,497;496,498;497,501;497,502;497,504;496,506;496,509;497,510
499,0;499,3;499,5;499,7;499,8;499,11;499,12;499,14;499,17;498,18;499,20;499,22;498,25;498,26;498,29;498,30;498,32;498,34;498,36;499,39;498,41;499,42;499,44;499,47;499,49;499,50;498,52;498,54;499,57;498,59;498,61;498,63;499,64;499,67;498,68;498,70;498,73;499,74;498,77;498,78;498,80;499,82;498,84;499,87;498,88;498,90;499,92;498,94;499,97;498,98;499,100;498,102;498,105;498,107;498,108;499,110;499,113;498,114;499,117;498,118;498,121;499,122;498,125;498,126;499,129;499,130;499,133;499,134;498,137;498,139;498,140;498,143;498,144;498,146;498,148;499,150;499,152;498,155;499,157;499,158;498,161;498,163;498,165;499,167;498,169;498,170;499,172;498,174;499,176;498,178;499,180;498,183;499,185;499,187;499,188;499,191;499,192;498,194;498,196;499,199;499,201;498,203;499,204;499,206;499,208;499,210;499,213;499,215;498,216;498,219;498,221;499,223;498,225;499,226;499,229;499,230;498,233;498,235;498,237;498,238;498,241;498,243;498,245;499,247;499,248;499,250;499,253;499,254;499,256;498,259;499,260;499,263;499,265;499,266;498,268;499,271;499,273;499,274;498,277;498,278;498,281;499,282;499,284;499,287;499,289;498,290;499,293;499,295;499,297;499,298;498,301;499,302;498,305;498,307;498,309;499,311;498,313;498,314;498,316;499,319;498,320;499,323;499,325;499,327;499,328;499,330;499,332;498,334;498,337;498,338;499,341;499,343;498,344;499,347;498,349;499,351;498,352;498,354;499,357;498,358;498,361;498,362;499,364;498,366;498,369;498,370;498,372;499,375;498,376;498,379;498,381;498,382;499,385;498,387;498,389;499,390;499,392;499,395;498,396;499,398;499,401;499,403;499,405;499,407;498,408;499,411;499,412;499,414;499,416;498,418;498,420;499,423;499,425;499,426;499,428;498,430;498,432;499,435;499,437;498,438;499,440;499,443;498,444;499,446;498,449;498,451;499,452;498,455;498,456;498,458;498,460;499,463;498,465;499,466;499,468;498,471;498,473;499,474;499,477;498,478;499,480;498,482;498,484;499,486;499,488;499,491;498,493;499,495;499,497;499,499;498,500;499,502;499,504;498,506;499,508;498,510
501,0;500,2;500,5;500,6;500,8;500,10;501,12;500,14;501,17;500,18;500,20;501,22;500,24;501,27;500,28;500,31;501,32;501,35;501,37;500,38;500,41;500,43;500,45;500,46;500,48;501,50;500,52;501,55;500,56;501,59;500,61;500,63;500,65;500,67;500,69;500,71;501,73;501,75;501,76;500,78;501,81;501,83;501,85;501,87;500,89;501,91;500,92;501,95;501,96;501,99;501,101;501,103;501,104;501,107;501,108;500,110;500,113;501,114;500,116;500,119;500,120;500,123;500,125;501,127;501,128;501,130;501,132;501,135;500,136;501,138;500,140;501,143;501,144;500,147;501,149;500,150;500,152;501,155;500,156;501,159;500,161;500,163;500,164;500,167;501,169;501,171;500,172;500,174;500,176;501,178;500,180;500,183;501,184;500,187;500,188;500,191;500,193;500,195;500,197;500,199;500,200;500,202;500,204;501,207;500,208;501,210;501,213;500,215;500,217;501,219;501,220;500,223;501,225;501,226;501,229;501,230;501,232;500,235;501,237;501,239;500,240;500,243;501,245;500,246;500,249;501,251;501,253;501,255;501,257;501,259;501,260;500,262;501,264;500,266;500,269;501,270;500,273;500,274;501,276;500,279;500,280;500,282;500,285;500,286;501,288;501,290;501,293;500,294;500,296;501,299;501,301;501,303;501,304;500,307;500,309;500,310;500,312;500,315;500,317;501,319;500,321;501,323;500,324;500,327;500,329;501,330;501,332;500,334;501,336;500,339;501,341;500,342;500,344;501,346;500,348;500,350;501,352;501,354;501,357;501,358;500,361;501,362;501,365;501,366;500,368;500,371;501,372;500,374;500,376;501,379;501,381;501,382;501,385;501,387;501,389;501,390;500,393;500,395;501,396;501,399;501,400;501,402;501,405;500,407;501,408;500,411;501,412;501,414;500,416;501,419;501,420;501,423;500,424;501,426;500,429;501,430;501,433;500,435;501,437;500,439;501,440;501,442;500,444;501,446;501,449;501,450;500,452;501,455;501,457;500,459;501,460;501,463;500,465;500,466;500,469;501,470;501,472;501,475;501,476;500,479;500,480;500,483;501,484;501,487;501,488;501,491;500,493;501,495;500,497;501,499;501,501;500,503;500,505;500,507;500,508;501,510
503,0;502,2;503,5;502,6;503,9;502,10;503,12;502,15;503,16;503,18;502,21;502,23;503,24;503,27;502,29;503,31;502,33;502,35;503,36;503,39;502,41;503,42;503,44;502,46;503,49;502,51;502,52;502,55;502,57;502,59;502,60;503,63;502,65;503,66;503,68;503,71;502,73;503,74;502,76;502,79;503,80;502,83;502,84;502,87;503,88;502,90;502,92;502,95;503,97;503,99;503,101;503,103;502,105;502,106;503,109;503,111;503,112;503,115;503,116;503,118;502,121;502,122;502,125;503,126;502,128;503,131;503,133;502,134;502,137;502,139;502,140;502,143;503,145;502,146;503,149;502,150;503,152;502,154;502,157;502,159;503,160;503,163;502,164;503,166;503,169;503,171;503,173;503,175;502,176;503,178;503,180;503,183;503,184;502,187;503,189;503,191;503,193;503,194;503,197;502,198;503,200;503,202;503,205;503,207;503,208;503,210;503,213;502,215;503,216;502,219;503,220;503,223;503,224;502,226;503,228;503,231;502,233;503,234;502,237;502,239;503,240;502,242;503,245;503,247;502,249;503,250;502,253;503,254;502,257;503,259;503,260;503,263;502,265;503,266;503,269;502,271;502,273;503,275;502,276;503,278;502,281;503,283;503,285;503,287;503,289;502,291;502,293;503,294;503,296;502,299;503,301;503,302;503,305;503,307;503,308;503,311;502,313;502,315;502,316;503,318;502,321;503,323;503,325;503,327;502,329;503,331;503,332;502,334;502,336;503,339;503,341;502,342;503,344;502,346;502,349;503,351;502,352;503,354;503,357;502,358;502,360;503,362;502,365;503,367;503,369;503,370;502,373;503,375;503,377;502,378;503,380;502,382;503,385;503,386;502,388;503,390;502,393;503,395;503,396;502,399;502,400;502,402;502,405;502,407;503,408;503,410;503,412;502,414;502,417;503,419;503,421;502,422;503,425;503,426;502,428;503,431;503,432;502,434;503,437;503,438;503,441;503,442;503,445;502,446;502,448;503,451;502,452;502,454;502,456;502,458;503,461;503,463;503,465;502,466;503,469;502,471;502,472;503,474;502,476;502,478;503,480;503,483;502,485;502,486;503,488;502,491;503,493;502,495;503,497;502,498;502,501;502,502;503,504;503,506;502,509;502,510
505,1;504,2;505,4;505,7;504,8;504,11;505,13;504,14;505,16;504,18;505,20;505,22;504,25;505,27;505,28;505,30;504,33;504,35;505,36;505,39;505,41;505,42;504,45;505,47;505,49;504,51;504,53;504,55;504,57;504,58;504,60;504,62;504,65;505,66;504,68;504,71;504,73;504,74;505,76;504,78;504,80;504,82;505,85;504,86;505,89;504,90;504,92;505,95;505,96;505,99;504,100;504,103;504,104;505,107;504,109;504,111;504,112;504,115;504,116;504,118;504,120;505,122;504,124;504,126;505,128;505,130;504,132;504,134;505,137;504,139;505,140;505,143;505,145;504,146;505,149;504,150;505,152;504,154;505,157;505,158;504,161;504,162;505,164;505,167;505,169;505,171;505,173;504,175;504,176;505,179;505,181;505,183;504,184;505,186;505,188;505,190;504,192;504,195;504,197;504,198;504,200;504,202;504,205;504,206;504,208;505,210;505,212;505,214;505,217;505,218;504,220;504,223;505,224;504,226;505,228;504,231;505,233;504,234;504,237;505,238;504,240;504,243;504,245;505,246;504,248;504,250;504,253;505,254;504,257;505,258;505,261;504,263;504,265;504,266;505,268;504,270;504,272;505,274;504,277;504,279;504,281;505,283;505,285;505,286;504,289;505,291;504,292;505,294;504,297;504,299;505,300;504,303;505,305;505,307;504,308;504,311;505,313;505,314;505,317;505,319;505,320;504,323;505,325;505,326;505,329;505,330;504,333;504,335;505,336;504,338;505,340;505,342;505,344;504,347;505,348;505,351;505,352;504,354;504,356;505,358;505,360;505,362;504,364;505,366;505,368;505,370;505,372;504,375;505,377;504,378;504,380;504,383;504,385;505,386;504,388;504,390;505,392;505,395;505,397;504,398;504,400;505,402;505,405;504,407;504,409;504,410;504,412;504,414;505,416;504,418;504,421;504,423;504,425;505,427;504,428;504,431;505,433;504,434;505,437;505,438;505,440;504,442;504,445;505,447;505,448;505,451;505,452;504,455;505,456;504,458;504,460;505,463;504,464;504,467;505,468;504,471;505,472;504,475;505,476;505,479;504,481;505,482;505,484;504,486;505,488;504,490;505,492;505,495;504,496;505,498;505,501;504,502;504,505;505,507;505,508;504,511
506,0;507,3;507,4;506,6;506,9;506,10;507,12;506,15;507,16;507,19;507,20;506,22;507,25;506,26;506,29;507,30;507,32;507,34;507,36;507,39;507,41;506,43;507,45;506,46;506,49;507,51;506,53;507,55;506,56;507,59;507,61;507,63;507,65;507,66;507,69;506,71;506,73;507,74;506,76;507,79;506,80;507,83;506,85;507,87;507,88;507,90;507,92;507,94;507,97;506,99;506,100;506,103;507,104;507,106;507,109;507,111;507,113;507,114;506,117;507,118;506,120;506,123;507,124;506,127;506,129;506,131;507,132;506,135;506,136;506,138;506,140;507,143;507,144;506,147;507,148;507,150;507,152;506,155;507,156;507,158;507,160;506,162;507,164;507,166;507,169;506,170;507,173;506,175;507,176;507,178;507,181;507,183;506,185;507,187;507,188;507,190;507,192;507,195;507,196;507,199;507,200;507,202;507,205;506,206;506,208;506,210;506,212;507,215;507,216;506,219;507,221;506,222;507,224;506,227;507,229;506,231;507,233;506,234;506,237;507,238;507,240;506,243;506,244;507,246;507,249;507,250;506,253;506,255;506,257;507,259;507,260;506,262;507,265;507,267;506,269;506,271;506,273;507,274;507,277;506,279;507,280;507,282;507,285;507,287;507,289;506,290;507,293;506,295;507,296;506,299;507,300;507,303;506,305;506,307;506,308;506,311;507,312;506,314;507,317;506,319;507,321;506,322;507,324;506,326;506,328;506,330;507,332;506,334;507,336;506,339;507,341;506,342;507,344;506,346;506,349;507,350;506,353;507,354;506,356;507,358;507,360;507,362;506,365;507,367;507,368;506,370;506,373;507,374;507,377;506,379;507,381;507,382;507,384;507,386;507,389;507,390;506,393;507,394;507,397;507,398;506,401;507,403;506,404;506,407;506,409;506,410;507,412;507,415;507,416;506,419;506,420;507,422;506,425;506,426;506,428;506,430;506,432;507,435;507,437;507,438;507,441;506,442;506,445;506,446;506,449;506,450;507,452;507,454;507,456;506,459;506,460;507,463;506,464;507,467;507,468;506,470;507,472;506,474;507,476;506,479;506,481;507,483;506,484;507,486;506,488;507,491;506,493;507,495;506,496;506,499;506,501;507,503;506,505;507,506;506,509;507,511
508,1;509,2;508,4;509,7;509,9;509,10;509,12;509,14;509,16;508,18;509,20;509,22;509,24;508,26;508,28;509,31;508,32;508,35;509,36;508,39;509,40;508,42;509,44;508,46;508,48;509,51;509,52;509,55;508,56;508,59;509,60;508,63;508,65;508,67;509,69;509,71;508,73;508,74;509,77;508,79;509,81;508,82;508,85;509,87;509,89;508,90;508,92;509,95;508,96;508,98;508,100;508,102;509,104;509,107;509,108;509,111;508,112;508,115;508,117;508,119;509,120;508,123;508,124;509,127;508,129;508,131;509,132;508,134;508,136;508,139;509,141;508,142;508,144;509,146;509,149;508,150;508,152;509,155;509,157;508,159;508,161;508,163;508,165;509,167;508,169;508,171;509,173;508,175;509,176;508,179;508,181;509,183;509,185;508,187;508,188;509,191;508,192;508,195;508,196;508,198;508,201;508,203;509,205;508,207;508,208;509,210;509,213;509,215;508,217;509,219;509,221;509,223;509,224;508,226;509,229;508,231;508,232;509,235;508,237;508,239;508,240;508,243;509,245;509,246;508,249;509,250;509,252;508,255;509,257;509,258;509,260;508,262;509,264;509,266;509,269;509,270;509,272;508,274;509,277;509,279;509,280;508,283;509,284;509,286;508,288;509,291;509,293;509,294;509,297;508,298;509,300;509,302;508,304;508,306;508,308;509,311;509,312;509,315;509,317;508,318;509,321;508,323;509,324;508,327;509,329;509,330;509,332;508,335;508,336;509,338;509,341;508,343;509,345;508,347;509,349;508,351;508,352;508,355;509,357;509,359;509,360;508,362;508,365;508,366;509,369;509,370;509,372;509,375;508,377;508,379;508,380;509,382;509,385;508,387;508,388;509,391;508,393;509,394;509,396;508,398;508,401;509,403;508,405;509,406;509,409;508,411;509,413;508,414;508,417;509,418;508,421;508,422;509,425;508,426;509,428;509,431;509,432;508,434;509,437;509,439;509,441;509,443;509,445;508,447;509,449;509,450;508,453;508,454;509,457;509,459;509,460;508,462;509,465;509,466;508,469;508,470;508,472;508,474;508,477;508,478;509,480;508,482;508,484;509,487;508,489;509,490;508,493;509,494;508,496;508,499;509,501;509,503;509,505;508,506;508,508;509,511
511,1;510,3;510,5;511,6;511,8;511,11;511,13;510,15;510,17;510,18;510,21;510,22;511,25;511,26;510,28;511,30;511,33;510,35;511,37;510,39;511,40;510,43;510,44;510,46;511,49;510,51;511,53;511,55;510,56;511,58;510,60;511,62;510,65;511,66;511,69;511,70;511,72;511,74;510,76;510,78;510,80;511,83;511,84;510,87;510,89;510,91;510,92;510,94;510,96;510,98;510,100;510,102;511,105;511,107;510,108;511,110;511,112;511,114;510,117;511,118;511,120;511,123;511,125;510,127;510,128;511,130;511,133;510,134;510,137;511,139;510,140;511,142;510,144;510,146;511,148;511,150;510,152;511,155;511,157;510,158;510,161;510,163;511,165;510,167;510,168;510,171;510,172;510,175;511,177;510,179;510,180;510,183;510,184;511,186;510,188;510,190;511,192;511,194;510,196;510,198;511,201;510,202;510,204;511,206;511,209;510,211;510,212;510,214;510,216;511,219;511,220;511,222;510,224;510,226;511,229;511,231;510,232;510,234;510,237;510,238;510,241;511,243;511,245;511,246;510,249;510,250;510,253;511,255;510,256;511,259;511,261;510,262;511,264;511,267;511,269;511,271;510,273;510,274;511,276;511,278;511,280;511,283;511,285;511,287;510,288;511,291;510,293;510,294;510,297;510,299;511,301;510,302;511,305;511,307;511,309;511,310;511,312;510,315;510,317;510,318;510,320;510,322;511,324;510,326;511,328;511,331;511,332;511,335;511,337;511,339;511,341;510,343;511,344;510,346;510,348;510,351;511,353;510,355;511,357;510,358;511,360;510,363;511,365;510,367;510,368;511,371;511,373;511,375;511,377;511,379;510,381;510,382;510,384;511,386;511,388;510,390;510,392;511,394;511,396;510,398;511,401;510,403;510,405;511,406;510,409;510,410;511,413;511,414;510,417;510,419;510,420;510,423;511,424;510,426;510,429;510,431;510,432;511,435;510,437;511,439;511,440;511,443;510,445;511,447;511,449;511,450;511,452;511,454;510,456;511,459;510,461;511,463;511,465;511,466;511,469;510,470;510,472;510,475;511,476;510,478;511,480;510,483;511,485;511,487;511,488;510,490;510,493;511,494;511,497;511,498;511,501;511,502;511,505;511,507;511,509;511,511
