0,2;1,7;3,9;2,12;2,16;2,22;1,24;3,29;0,35;2,37;2,43;2,45;1,51;3,54;2,58;0,62;1,67;0,71;2,72;0,79;2,82;2,84;0,88;0,92;3,98;0,103;2,104;3,111;3,114;3,119;2,121;3,126;1,128;3,135;3,139;2,142;2,146;2,149;3,152;3,156;3,162;3,164;1,168;1,173;0,179;1,182;1,186;1,190;0,193;2,199;3,200;3,207;0,208;2,213;2,217;2,220;1,226;2,229;3,233;0,236;3,243;2,246;1,248;1,253;0,259;0,262;1,265;3,271;0,272;1,279;1,281;2,287;1,288;2,293;0,297;1,303;0,305;2,310;3,312;3,316;1,321;1,325;0,329;3,335;2,338;1,342;1,347;2,348;0,354;0,358;3,363;0,367;2,368;3,375;2,377;3,382;0,384;1,391;1,394;0,397;3,401;1,405;0,408;2,412;0,417;2,420;1,425;1,429;2,435;1,436;2,442;3,444;2,450;3,455;3,458;2,462;2,464;3,468;3,474;1,479;1,482;2,486;1,490;1,493;3,499;1,503;0,504;2,511;3,513;3,518;0,521;3,527;3,529;2,532;3,537;1,542;1,545;2,548;3,554;0,558;2,560;2,566;0,571;0,574;1,577;1,582;1,587;2,589;1,595;1,596;3,601;2,607;2,609;3,612;3,618;0,622;1,626;3,631;3,634;0,636;1,643;0,647;0,651;1,653;2,659;3,662;0,666;3,671;1,672;3,678;2,680;0,686;1,689;0,692;0,699;3,700;2,707;1,710;0,714;2,718;0,723;2,725;2,729;3,734;2,737;2,741;1,745;1,749;3,755;1,759;2,762;2,765;0,769;2,774;0,777;0,781;0,785;2,788;1,792;3,799;1,802;2,805;2,809;0,812;3,817;1,821;1,826;1,831;1,832;3,838;0,841;3,847;2,848;2,854;2,856;3,860;0,864;3,870;2,872;1,876;2,881;2,887;2,889;2,893;1,898;3,902;3,904;0,909;1,913;0,917;1,921;1,925;3,929;3,935;3,937;3,942;0,945;2,948;3,953;0,956;3,962;1,967;2,968;2,972;2,976;3,983;3,985;2,988;1,992;1,999;0,1000;1,1006;3,1010;1,1013;2,1019;1,1021
7,3;4,7;4,11;5,13;4,16;4,23;6,26;6,28;5,35;4,37;4,42;4,45;4,50;7,53;4,58;6,63;4,65;4,70;4,75;5,78;7,80;6,87;4,89;5,92;4,97;7,101;6,105;6,111;5,112;5,118;6,122;4,127;4,131;7,134;6,136;5,140;4,146;5,151;6,153;4,158;4,161;7,164;5,168;4,172;4,178;4,182;5,186;4,188;4,195;7,196;7,200;6,207;4,211;6,212;6,218;5,222;7,225;6,230;6,232;6,236;6,242;5,244;6,250;4,253;7,257;6,260;7,267;4,271;5,274;6,276;4,281;7,286;6,290;4,293;7,297;7,302;7,304;6,311;6,314;6,319;5,320;5,327;6,330;4,332;4,339;7,340;7,347;7,348;7,355;7,357;4,363;7,365;4,371;4,375;5,376;7,381;5,385;4,388;4,394;6,399;4,400;4,406;4,410;7,412;5,417;7,422;4,424;7,428;6,433;7,439;7,443;7,444;6,449;6,452;7,459;5,461;6,465;7,470;4,474;6,478;7,481;7,484;5,488;6,493;7,499;6,503;7,505;5,508;5,513;6,519;4,520;6,525;5,531;7,533;5,539;4,540;6,546;6,548;7,553;6,557;5,560;6,566;6,570;4,575;7,579;4,582;4,586;7,591;5,595;4,598;6,603;4,605;4,611;6,613;4,616;4,621;6,624;5,631;4,635;7,638;4,643;4,647;6,651;7,654;7,658;7,661;4,667;5,668;7,674;7,677;7,681;7,685;7,690;5,692;7,698;7,701;7,704;5,709;7,714;7,717;4,720;6,726;5,728;6,732;4,737;7,742;4,746;4,748;5,754;4,759;5,762;4,765;4,769;4,773;7,777;6,782;6,786;5,788;5,794;4,799;4,802;6,806;6,808;5,812;5,817;5,822;7,826;5,829;6,834;4,839;5,842;4,846;4,848;7,855;7,859;7,861;4,864;7,871;6,872;6,878;7,881;7,887;6,890;7,892;4,898;6,902;6,905;4,910;7,915;4,919;5,921;7,927;7,930;6,935;5,937;6,940;6,944;7,950;4,954;7,959;7,963;7,965;4,970;5,973;6,979;6,980;4,985;5,988;5,992;6,997;5,1001;7,1005;6,1011;5,1013;4,1018;6,1021
8,1;11,5;10,8;11,13;9,18;8,23;11,25;10,31;8,32;10,37;10,43;8,44;8,49;11,55;11,56;10,60;11,67;10,68;9,75;8,77;8,81;10,86;11,90;10,92;8,99;9,101;10,107;9,108;8,112;11,119;9,120;10,127;9,128;10,135;11,139;11,142;11,147;10,148;10,154;10,156;9,160;8,165;11,170;9,173;8,179;10,182;10,186;8,190;10,195;10,199;10,200;9,206;9,209;10,213;8,219;9,221;8,225;8,228;9,234;9,238;11,240;8,245;8,248;8,255;11,256;11,263;11,264;9,269;9,272;9,278;9,282;9,286;9,290;11,295;8,297;9,301;8,306;8,308;8,315;8,316;9,320;8,327;9,329;10,335;9,338;11,342;8,347;8,348;9,353;10,358;8,362;10,366;11,371;10,373;11,377;11,380;11,385;9,388;8,392;11,397;8,401;10,404;11,411;9,412;11,416;11,421;11,426;11,430;10,435;11,438;11,443;11,447;8,448;11,455;9,459;8,463;11,467;9,470;8,474;9,478;11,483;8,486;10,488;10,493;8,497;10,502;11,504;9,509;8,512;10,519;11,520;9,525;11,528;8,533;8,537;9,540;8,545;10,551;10,552;10,558;8,561;9,566;10,571;10,574;10,579;10,581;8,584;9,590;11,595;8,599;9,600;8,606;10,609;11,614;10,619;9,621;9,624;8,631;11,633;8,636;8,642;8,646;9,649;9,655;11,657;9,661;8,665;9,668;10,672;10,677;10,682;10,686;9,690;8,694;8,698;9,700;8,706;9,710;10,713;8,718;8,720;8,724;8,731;11,734;8,738;11,741;10,745;11,751;9,754;8,756;10,763;8,764;10,769;11,775;11,779;11,783;10,785;8,788;10,795;8,799;8,800;8,806;10,811;9,815;9,819;10,822;10,826;11,828;10,833;10,836;11,841;9,847;8,848;8,855;10,859;8,862;9,864;8,871;8,875;8,877;9,883;9,886;10,888;9,895;10,896;11,900;10,906;8,911;10,913;8,917;9,922;8,924;9,931;11,935;11,937;8,943;11,946;9,951;9,955;11,959;10,962;9,964;8,971;11,975;8,979;8,981;11,984;10,991;10,994;11,996;8,1001;9,1007;10,1011;8,1013;10,1017;10,1020
13,0;14,7;13,9;13,13;12,19;12,21;13,25;15,28;12,32;13,38;12,43;14,45;14,48;14,52;14,58;14,62;15,65;13,71;15,72;12,77;14,83;15,86;13,89;13,92;14,96;13,101;13,106;13,108;12,113;12,117;12,123;12,126;13,130;15,132;12,137;12,142;14,147;14,151;14,152;14,158;12,160;13,167;12,170;14,173;13,177;13,183;12,185;12,188;15,195;12,199;15,202;15,206;14,211;15,215;15,219;15,222;12,225;14,229;15,234;12,239;14,241;13,245;15,248;14,255;14,258;13,263;14,265;15,271;12,274;13,276;15,283;12,286;12,289;15,293;13,296;15,300;13,307;14,309;15,313;12,316;14,322;13,325;15,328;15,332;13,339;12,343;14,347;15,351;12,353;13,356;12,361;14,365;13,368;13,374;14,377;14,380;13,386;12,388;15,395;13,396;12,401;13,405;12,410;15,414;13,416;12,423;12,427;12,430;15,435;15,437;13,441;15,446;15,450;13,455;15,456;15,461;14,467;12,471;12,475;12,476;15,482;15,484;15,489;15,493;15,498;15,501;14,506;14,509;12,512;15,518;12,520;13,526;15,529;15,532;13,539;12,542;12,545;12,549;14,555;14,558;13,562;12,567;12,570;15,575;13,578;12,581;12,584;13,591;15,592;12,598;15,602;15,607;13,608;15,612;12,617;12,623;12,626;14,631;14,633;12,639;12,642;12,647;12,648;12,654;13,658;14,661;15,667;13,668;13,674;15,679;13,682;15,685;13,691;15,692;14,696;14,701;14,706;15,710;14,714;15,719;15,722;14,725;12,731;15,732;14,737;14,743;14,744;13,749;15,753;14,758;13,761;13,764;15,771;12,773;12,778;15,781;14,787;14,791;15,792;13,797;12,800;12,804;14,809;14,814;13,817;12,821;15,824;12,829;15,833;13,837;13,842;14,847;12,849;13,854;12,857;13,863;12,867;13,871;15,875;14,876;15,881;15,886;14,890;12,893;13,897;15,903;14,906;14,908;13,914;14,916;15,920;15,926;14,929;15,932;13,938;15,943;13,946;12,951;14,954;15,956;12,961;15,964;15,969;12,973;13,978;15,982;12,985;14,988;12,994;12,997;14,1002;13,1006;12,1010;12,1014;15,1017;13,1020
17,0;16,5;16,8;16,12;17,16;18,21;17,24;18,30;19,34;19,38;17,40;19,47;18,51;19,54;16,59;19,63;17,67;16,68;18,73;18,78;17,80;18,84;17,91;17,92;19,97;18,100;19,106;16,108;18,112;18,117;19,123;17,127;18,129;18,133;16,139;19,141;17,144;16,150;16,155;18,158;16,161;19,167;16,169;17,175;18,178;18,180;19,184;16,191;18,194;16,198;17,203;19,206;18,208;18,213;16,218;18,223;19,225;17,231;19,235;18,238;19,242;19,247;18,248;19,253;19,256;17,263;16,266;19,271;16,272;18,278;19,282;18,284;18,290;19,292;16,297;18,300;19,304;19,311;18,315;18,317;16,322;18,326;18,331;19,333;17,337;17,340;17,346;18,351;19,354;18,358;17,361;17,366;16,369;18,374;18,378;17,381;18,387;19,388;18,394;17,396;18,401;18,406;19,409;19,412;18,419;17,420;18,427;19,431;16,434;17,438;17,441;19,445;19,451;19,454;19,456;17,462;16,465;17,470;17,472;18,477;16,480;17,487;18,488;18,492;18,499;16,502;19,506;19,508;19,514;17,518;17,521;19,527;17,531;18,535;19,536;17,541;18,545;17,550;18,554;18,559;16,560;17,565;18,571;17,573;16,578;19,580;16,586;16,591;18,593;18,597;17,600;17,606;16,611;17,613;18,617;17,621;17,627;16,628;18,634;19,636;18,643;17,644;16,651;17,652;17,659;16,663;16,667;17,668;17,673;17,676;18,681;17,687;17,690;17,695;16,697;18,703;16,704;17,711;16,714;16,716;18,722;16,727;19,730;17,734;19,738;17,741;16,745;19,749;18,753;18,756;18,760;17,766;19,770;18,774;19,779;19,782;16,786;16,790;17,793;17,796;18,803;19,805;18,811;16,813;19,819;19,823;18,827;19,828;19,832;17,837;16,841;19,844;17,848;19,853;17,856;16,862;18,865;18,868;16,875;18,877;18,882;19,886;19,890;16,893;19,898;19,902;17,904;17,910;17,915;16,919;18,922;17,924;19,931;19,933;17,936;18,942;18,946;18,951;18,954;17,957;16,960;19,966;18,971;19,972;17,977;19,982;16,985;16,988;17,995;17,996;18,1000;16,1005;18,1008;19,1014;18,1018;17,1020
22,0;21,5;23,8;20,14;20,18;21,22;20,26;20,28;22,33;20,38;20,40;22,46;21,51;21,54;21,59;21,62;21,67;23,69;21,72;20,76;22,81;23,87;23,90;22,95;22,99;22,101;23,107;22,111;23,115;23,119;20,123;20,126;22,131;22,132;20,139;23,140;23,145;22,150;21,155;21,156;20,163;21,166;21,171;23,173;22,178;23,181;20,185;20,189;23,192;20,199;21,200;22,204;22,210;20,213;21,217;22,223;22,227;20,231;22,235;22,236;20,241;21,245;21,248;22,254;20,256;22,263;20,266;21,271;20,275;23,278;22,280;22,285;22,289;23,293;20,299;21,303;20,305;21,311;20,314;22,319;23,323;23,325;21,331;20,335;23,336;21,340;23,345;23,349;22,355;20,356;21,360;22,366;23,370;20,375;22,377;23,381;21,384;20,388;22,395;22,398;22,400;21,407;20,410;22,413;20,418;21,422;22,427;20,429;23,435;22,439;22,440;21,447;20,448;23,452;23,458;23,463;20,466;20,469;22,473;20,476;21,480;22,487;20,490;21,494;20,496;22,501;22,507;23,509;21,515;23,517;22,521;20,527;20,529;20,533;20,539;20,540;23,547;23,548;22,552;22,557;20,563;20,566;22,568;21,574;23,578;22,582;22,585;23,590;22,593;23,599;22,600;21,607;20,609;22,612;21,616;21,621;20,627;21,631;23,634;20,639;20,643;23,646;22,648;22,653;23,657;21,662;23,665;20,671;20,672;22,677;22,683;20,686;22,689;21,695;23,697;23,703;21,704;21,711;20,714;21,716;21,722;21,727;20,728;23,732;23,738;22,742;22,747;23,750;23,753;23,759;21,763;22,767;22,768;20,774;21,777;21,783;23,785;21,790;21,792;22,798;20,801;22,806;23,809;23,812;23,819;22,821;22,826;21,831;22,834;22,837;20,841;20,846;21,850;20,854;22,857;20,863;22,865;21,869;20,872;20,878;22,882;21,884;23,888;22,894;20,896;22,901;20,905;23,911;20,912;22,919;20,922;22,927;21,931;21,934;23,936;23,942;20,944;21,948;22,952;20,957;23,960;21,964;22,971;20,973;22,978;23,980;21,987;22,988;22,992;23,998;22,1000;22,1004;20,1010;22,1014;21,1017;21,1020
24,0;24,4;25,11;25,13;25,18;25,20;24,27;24,28;24,32;24,36;25,41;26,45;24,48;25,55;24,58;25,63;27,65;25,70;24,73;27,76;25,81;26,85;26,90;24,94;24,96;25,100;27,107;25,111;24,114;24,119;25,120;26,126;24,131;26,135;24,136;26,141;24,145;27,149;27,153;27,156;26,160;24,164;25,171;27,172;26,177;26,183;25,184;24,189;26,195;25,199;27,202;26,204;26,211;25,215;26,216;26,222;25,225;25,229;27,232;26,237;26,242;24,246;24,251;25,252;25,257;26,261;24,264;26,271;27,272;26,276;24,280;24,286;26,289;27,295;24,296;27,302;24,305;26,309;24,315;26,317;24,321;24,324;24,331;26,335;26,339;25,342;25,345;26,350;24,353;27,359;25,360;25,365;27,370;26,372;24,378;26,382;26,387;25,389;27,395;25,399;27,400;24,407;24,411;26,415;26,417;25,421;24,425;26,431;25,432;25,438;27,442;24,447;27,451;26,454;27,456;25,463;27,465;26,468;27,473;24,476;26,480;26,486;27,490;24,494;25,499;27,503;24,505;25,511;24,512;27,518;25,523;25,525;27,531;25,532;26,536;26,542;24,544;27,548;27,553;26,559;25,560;25,566;27,569;27,574;24,576;25,582;26,587;26,591;26,594;24,598;26,602;27,604;25,611;27,614;27,616;26,623;25,625;27,628;26,635;26,639;25,640;26,645;26,651;26,653;25,658;26,663;24,665;24,668;25,675;26,679;26,680;26,687;26,689;25,692;24,698;26,700;26,704;26,708;25,715;25,717;25,722;27,726;25,731;25,732;25,739;27,743;26,744;27,751;27,752;27,759;26,762;24,766;24,770;26,774;26,776;24,781;27,784;24,789;26,794;25,796;24,800;24,806;27,811;24,814;24,819;25,823;24,827;24,829;24,832;26,836;25,841;24,844;27,850;27,854;25,857;27,863;27,867;26,868;27,872;27,878;25,883;24,884;25,888;24,895;26,896;24,903;27,905;26,909;25,913;26,917;26,920;25,926;25,928;27,932;25,938;27,943;26,947;24,951;25,953;24,956;25,960;24,965;27,969;24,972;25,979;24,980;24,985;26,988;27,992;26,998;27,1003;24,1005;26,1008;25,1015;25,1017;24,1020
29,1;30,6;30,9;31,15;30,18;31,20;30,26;28,31;28,35;28,39;30,42;28,47;29,51;31,55;28,58;30,63;28,67;29,68;29,75;30,76;30,83;30,87;31,88;31,94;30,97;31,101;28,105;28,110;30,114;28,116;28,123;31,126;31,128;31,135;28,136;28,142;28,144;28,149;28,153;28,159;30,160;29,166;30,171;28,175;29,179;30,183;29,186;29,188;30,194;28,198;28,203;29,205;29,208;29,213;28,217;28,222;29,226;28,228;30,234;28,238;31,242;29,246;29,250;31,255;31,257;31,263;30,264;28,269;30,273;28,279;31,282;29,287;31,288;31,292;29,297;29,302;30,306;31,311;29,314;29,319;29,323;31,327;30,330;28,333;29,338;30,340;31,346;29,348;29,355;31,359;28,362;28,365;28,368;30,374;28,377;30,383;30,385;29,389;28,393;31,397;31,400;30,406;28,410;28,414;31,417;29,422;28,426;30,431;31,434;31,437;30,440;30,447;31,448;28,453;28,459;30,460;31,465;31,471;30,472;31,478;31,483;28,487;28,491;31,494;30,499;31,501;28,504;29,511;30,513;29,519;31,521;31,526;28,528;28,535;31,538;30,540;29,544;31,549;29,554;29,557;31,562;31,566;30,571;31,572;29,577;29,583;28,584;31,588;30,595;31,598;29,603;30,606;28,610;30,614;29,616;30,623;31,626;28,631;30,633;29,638;30,640;31,647;31,648;31,655;31,656;28,661;31,666;31,670;30,675;30,679;30,683;30,686;28,690;31,695;29,697;30,703;28,704;28,710;28,713;30,717;31,721;28,725;30,730;28,734;31,739;30,742;29,747;29,751;31,754;28,757;30,763;31,766;29,771;30,772;28,777;29,782;28,787;29,791;29,793;28,797;29,800;30,804;31,810;30,815;28,816;28,822;30,824;31,831;31,833;31,836;31,840;31,844;30,851;30,853;30,857;30,863;30,864;30,869;31,872;28,878;29,881;28,886;30,888;30,892;28,897;30,900;30,907;30,909;28,913;29,916;30,921;30,927;30,929;28,933;31,939;30,943;28,945;30,948;29,954;29,956;28,962;28,967;29,970;30,973;31,976;30,983;28,984;28,990;31,993;31,998;28,1002;28,1004;30,1010;31,1015;29,1019;30,1020
34,0;33,4;32,11;35,13;32,16;32,20;32,27;33,31;33,35;33,38;33,40;33,46;35,48;32,54;32,56;35,61;34,66;33,70;35,72;35,77;32,83;32,87;34,89;33,95;32,98;34,103;34,107;34,109;32,114;32,116;34,123;34,124;32,129;33,132;33,136;34,143;34,146;33,150;33,154;35,156;32,161;32,166;34,171;33,174;33,178;32,181;35,186;33,191;32,194;32,197;35,202;34,204;33,210;32,215;35,219;32,222;32,225;33,228;33,235;35,237;35,240;34,245;34,250;35,252;35,258;33,260;33,266;33,268;34,275;34,276;35,280;35,287;34,288;33,294;32,297;35,301;34,305;34,310;35,313;32,318;35,323;33,327;34,328;35,333;33,336;32,340;34,344;32,350;33,352;33,358;34,360;33,364;32,370;34,372;32,377;32,382;32,387;33,389;34,392;32,398;35,401;34,404;33,408;32,412;33,419;33,423;33,427;32,429;32,434;35,438;33,440;34,446;35,451;35,453;33,457;33,461;34,466;33,469;34,475;34,476;35,481;34,485;34,490;32,494;34,497;34,502;34,505;33,511;35,513;33,516;32,521;33,525;33,529;35,533;33,536;34,543;34,545;35,548;33,555;33,559;35,560;32,567;33,570;34,573;33,579;35,580;33,587;35,589;33,595;32,598;35,602;34,606;33,609;33,615;35,617;33,623;35,624;34,631;34,633;32,639;35,640;35,647;34,650;32,653;33,659;34,662;35,666;33,669;33,673;33,679;33,680;32,687;33,691;35,692;32,698;35,703;33,705;34,711;33,715;33,719;32,723;34,725;33,731;34,735;33,737;34,741;32,744;34,748;34,753;32,758;32,760;33,765;32,771;33,772;32,778;35,783;32,785;33,791;35,793;34,796;35,803;33,807;32,810;32,813;34,816;35,821;33,824;35,828;33,834;33,839;32,841;34,847;34,851;35,853;32,858;35,862;35,867;32,870;33,873;33,876;35,881;32,887;35,890;34,894;34,896;33,902;33,907;33,908;32,914;34,917;32,921;34,927;35,929;34,935;32,937;35,940;34,947;34,949;35,952;33,956;32,963;34,966;32,970;34,972;34,977;34,982;33,985;33,990;33,993;34,997;35,1000;34,1006;34,1008;33,1014;33,1016;33,1020
39,1;39,6;39,10;38,12;38,16;39,23;37,25;37,30;37,32;39,36;37,43;39,47;37,48;37,55;38,58;36,62;36,66;36,68;37,72;36,76;37,83;36,86;38,91;39,92;37,98;38,103;36,107;39,109;37,112;37,117;37,121;38,126;39,131;38,132;36,137;37,143;36,146;36,148;39,152;37,156;39,160;38,165;39,171;37,175;38,177;37,182;38,187;37,189;38,193;38,196;39,203;37,206;36,208;38,213;37,217;36,222;39,226;38,230;37,233;39,238;37,243;38,246;37,251;38,255;36,258;38,260;39,267;37,269;36,274;36,279;36,280;36,286;38,290;39,292;37,297;36,303;39,305;37,310;38,314;39,316;36,323;36,325;36,328;37,332;37,337;39,342;39,347;39,351;36,354;38,359;37,361;37,366;36,371;37,372;37,378;37,381;39,384;37,389;38,393;38,399;37,403;38,407;36,411;38,415;36,419;36,422;36,424;38,430;36,432;36,438;38,442;39,444;38,448;38,455;37,458;39,463;37,464;39,471;39,472;39,478;39,480;36,486;38,491;39,494;36,497;39,501;37,507;39,508;39,514;37,519;38,521;36,527;38,530;38,533;37,537;36,540;39,546;37,550;37,552;37,557;36,562;36,566;36,569;38,573;39,576;36,580;37,586;39,588;37,593;36,598;38,600;36,607;37,610;39,613;39,619;36,623;38,624;37,631;38,635;39,639;37,641;38,645;39,649;36,654;39,659;38,660;38,666;36,669;39,674;39,679;38,682;36,685;37,688;36,694;38,696;37,703;39,704;38,709;38,712;38,717;38,720;36,725;38,731;37,732;37,736;36,742;39,747;37,749;37,754;39,759;39,762;39,765;38,770;39,775;38,777;36,782;38,785;38,788;36,792;38,799;39,801;37,805;38,810;36,814;38,818;37,822;36,827;37,828;36,832;37,836;37,841;39,845;37,849;39,855;36,856;36,861;38,864;36,868;37,873;37,879;37,881;38,884;36,889;36,893;37,898;38,902;38,904;39,908;39,912;37,918;36,920;36,924;39,930;38,932;37,938;38,941;36,947;36,951;38,953;38,957;37,961;37,966;36,968;36,975;37,979;39,982;38,985;39,990;38,993;39,999;38,1003;38,1004;37,1010;38,1013;36,1017;36,1020
43,3;41,4;41,8;41,14;41,16;41,20;43,24;43,28;43,35;40,37;42,42;41,47;40,49;43,52;43,57;42,61;41,65;42,70;43,75;40,78;43,80;42,86;43,90;42,94;41,96;43,102;43,107;40,111;40,114;41,116;40,121;41,124;43,129;42,134;43,136;40,143;43,145;43,150;40,152;40,156;43,160;40,167;41,169;40,175;42,178;43,180;43,184;42,191;40,195;42,196;40,201;43,206;43,209;42,213;40,216;41,220;41,226;42,228;41,235;43,236;43,243;42,246;41,251;40,254;41,257;41,263;42,264;43,271;43,272;41,278;41,282;41,287;42,288;42,292;43,296;40,302;43,307;42,311;43,312;42,319;42,323;41,324;43,328;41,332;41,339;41,342;42,344;42,350;42,353;41,358;42,362;42,366;43,371;41,374;40,378;40,381;40,385;41,388;40,395;41,398;42,401;41,405;41,408;43,412;41,419;42,422;42,427;42,429;43,435;40,439;42,442;41,445;41,449;40,453;41,459;40,463;40,465;43,468;41,473;42,476;40,481;42,485;41,488;41,492;40,497;42,502;41,507;42,510;43,515;42,519;41,523;40,527;41,528;43,532;40,539;40,542;41,547;41,550;42,552;43,557;40,561;42,567;41,568;42,575;43,577;40,583;42,587;40,591;40,595;40,596;40,603;42,607;41,610;41,614;40,616;41,621;40,624;40,628;41,633;42,636;41,642;43,645;41,650;43,652;40,659;41,661;40,665;42,669;41,673;43,678;43,681;42,685;41,688;43,694;43,699;43,701;43,705;40,710;41,713;42,717;40,722;40,727;42,731;43,733;40,737;43,740;41,746;41,748;41,755;41,759;42,760;40,765;43,769;42,773;43,778;41,782;40,785;41,789;40,793;40,798;42,800;41,807;43,809;41,814;43,818;42,822;40,825;42,830;42,835;41,839;42,843;42,847;42,848;43,855;42,858;42,863;43,864;43,871;42,875;43,879;42,880;41,887;43,891;42,894;41,898;41,902;40,904;41,908;43,913;43,918;42,920;41,927;42,929;41,932;41,937;43,943;41,944;43,951;42,953;40,958;42,960;41,965;41,970;40,972;41,979;42,981;43,986;40,990;42,993;42,997;41,1001;41,1004;42,1010;43,1013;42,1017;43,1021
46,0;44,7;45,10;45,13;46,17;46,21;46,27;45,31;46,35;47,38;46,40;46,46;45,49;47,54;44,56;45,61;46,67;45,69;47,72;47,77;44,80;47,87;44,89;44,94;45,97;47,100;45,104;47,109;45,115;47,116;46,123;47,124;47,128;44,134;45,139;44,142;44,144;47,150;45,152;46,159;44,160;45,167;46,168;47,174;47,176;46,181;47,187;44,190;47,194;47,196;46,201;46,204;46,211;47,214;45,216;44,220;44,225;45,230;44,232;46,237;44,243;44,244;47,249;45,252;46,258;47,263;45,265;46,269;46,273;44,278;46,281;45,285;46,289;46,292;45,297;46,300;47,305;44,311;46,314;47,316;47,320;44,325;45,331;45,332;45,339;44,343;47,345;44,350;47,355;44,359;46,363;47,367;47,370;46,375;47,379;47,382;44,386;47,390;46,393;46,397;46,403;46,404;45,411;44,414;47,418;45,420;44,426;44,429;44,433;44,438;46,442;44,445;46,448;46,453;46,457;47,462;45,467;45,469;47,472;44,478;46,480;45,487;46,490;44,495;47,496;46,501;45,504;44,510;47,515;47,518;44,521;45,527;44,531;47,532;44,536;46,541;45,545;44,548;44,555;46,557;46,563;46,564;47,571;47,573;44,577;45,583;44,586;47,589;47,595;47,597;47,600;45,606;46,610;44,614;46,616;47,620;44,626;47,628;47,633;45,639;45,640;46,647;45,651;45,654;44,658;46,660;44,665;44,670;46,674;46,678;46,680;47,684;44,689;45,695;45,697;45,702;46,704;45,711;47,712;46,718;46,723;44,725;44,730;44,733;44,738;47,740;46,745;47,750;45,755;44,759;47,761;46,767;46,770;46,774;47,779;47,781;45,784;47,789;44,794;47,799;44,800;44,807;46,811;47,814;44,817;47,823;46,824;47,828;44,833;46,837;44,841;44,847;44,848;47,853;46,857;45,863;44,866;44,868;46,873;45,878;44,881;46,886;47,890;44,894;45,899;47,902;45,906;47,911;45,912;44,917;46,922;46,927;45,931;45,932;44,937;45,943;44,946;47,950;47,953;45,957;47,963;45,965;45,971;46,972;46,979;45,981;45,985;46,989;45,994;46,999;45,1001;46,1004;45,1008;47,1014;45,1017;44,1021
49,1;48,6;51,11;51,15;49,19;49,21;51,25;48,29;50,32;48,39;48,42;51,46;51,49;49,54;49,57;48,60;51,64;50,70;49,74;48,77;49,82;48,85;49,90;51,95;51,97;48,101;50,106;51,109;50,113;49,118;49,120;48,126;48,128;48,132;51,138;49,142;50,146;49,149;48,152;48,156;50,162;50,167;50,170;48,172;49,176;50,183;49,187;51,189;48,193;48,196;51,201;48,204;48,211;48,214;49,219;49,221;50,227;49,228;48,232;51,239;49,243;48,245;48,250;50,252;48,257;48,260;49,264;51,268;50,275;50,277;49,281;50,286;48,290;49,293;48,297;50,300;48,306;51,309;51,313;51,316;50,320;50,324;48,329;49,333;51,339;48,341;48,347;50,348;48,352;48,358;51,363;50,366;49,370;49,372;50,376;48,380;49,385;48,390;49,393;51,396;50,403;48,407;49,410;49,414;50,417;49,422;51,424;48,429;51,432;49,436;48,440;51,447;48,449;50,455;51,458;50,460;51,466;50,469;48,472;49,479;48,480;50,487;48,491;51,494;49,498;49,500;50,507;48,509;48,513;49,519;51,523;48,524;49,528;48,532;50,536;49,540;48,544;49,549;49,554;50,557;50,561;50,565;50,569;51,573;48,576;50,583;51,587;51,589;50,595;51,596;48,601;50,604;50,609;50,614;49,617;49,623;51,624;49,631;48,633;48,636;50,641;49,646;49,649;48,655;50,659;51,662;51,667;51,669;51,673;51,677;48,683;51,685;50,688;49,692;49,698;49,703;49,704;51,711;49,714;49,718;51,721;50,726;48,728;50,735;51,736;50,740;50,746;49,749;51,755;48,759;49,760;48,765;49,768;51,772;48,778;48,783;49,786;49,790;50,794;51,799;48,800;50,804;51,811;51,812;50,819;49,822;50,824;48,830;48,834;49,836;51,843;48,845;49,851;50,853;48,856;51,863;48,864;50,868;50,874;48,879;48,882;49,886;49,891;50,894;50,899;48,900;50,906;48,910;51,912;49,918;49,923;49,925;50,929;50,935;50,936;49,943;51,944;48,948;51,953;51,959;48,963;48,966;51,970;49,974;48,976;49,983;48,984;49,989;49,992;50,999;49,1000;48,1004;48,1008;50,1014;48,1018;48,1020
54,0;53,7;54,8;55,15;55,17;55,23;53,27;54,30;54,32;55,36;54,40;55,46;54,51;53,55;54,57;53,62;52,65;54,69;54,72;55,78;54,81;53,87;54,89;55,93;53,96;53,102;52,105;55,109;54,115;53,118;54,122;55,125;52,129;55,135;53,137;54,140;55,144;52,148;55,152;55,158;54,161;55,166;53,171;52,172;52,177;53,182;52,184;55,189;55,193;53,197;55,200;54,207;52,209;54,215;55,219;55,220;54,227;54,231;53,233;54,236;55,240;53,245;55,249;53,253;54,258;52,263;52,265;53,271;53,274;52,279;52,280;53,285;53,291;52,295;55,296;55,302;53,304;55,309;52,315;54,319;53,322;52,325;54,330;54,333;52,338;53,341;54,344;54,349;55,352;52,356;54,363;54,364;53,368;54,372;54,379;55,381;54,386;52,390;54,394;54,398;52,402;52,407;52,409;54,414;54,416;55,422;54,426;52,430;55,433;52,436;52,443;52,444;55,449;52,455;52,459;55,463;52,467;52,471;55,472;54,476;54,482;52,484;54,489;54,492;55,497;55,500;52,504;53,510;53,512;53,516;54,521;53,524;52,529;55,532;53,537;53,541;54,544;52,548;54,552;52,558;53,563;52,567;52,569;52,575;54,576;55,583;52,587;54,589;54,592;52,597;55,602;55,606;52,611;52,615;54,616;52,623;54,627;54,631;52,634;55,637;52,643;53,644;54,648;53,653;52,658;55,663;54,664;52,668;54,672;55,676;52,681;55,684;55,691;53,692;53,697;52,703;54,705;52,711;53,712;54,716;55,721;53,727;54,731;55,733;52,738;54,740;55,747;53,750;54,755;52,757;53,763;55,765;52,768;55,775;53,778;55,783;53,787;52,791;55,792;53,796;54,803;52,806;55,809;54,813;55,817;55,820;55,825;53,831;55,833;55,839;54,842;52,847;53,848;52,852;53,859;52,863;54,866;55,870;54,874;54,877;53,882;55,885;52,888;53,895;55,897;52,900;54,905;53,910;52,913;52,916;55,921;54,925;53,929;55,935;52,937;53,941;53,944;54,950;55,955;55,956;55,963;54,966;55,969;52,973;55,979;55,982;52,987;52,990;53,994;52,997;54,1003;53,1005;55,1011;54,1012;53,1017;55,1020
57,3;56,7;58,10;56,12;58,16;56,22;59,26;56,28;57,33;59,38;58,40;58,44;57,49;56,53;58,58;58,63;58,67;57,70;57,72;57,79;56,82;57,86;58,90;58,92;56,99;59,103;57,104;56,108;59,112;59,116;59,120;58,124;58,130;59,132;59,139;57,142;56,144;58,150;59,152;58,159;59,160;59,164;57,171;56,172;57,176;56,182;59,185;56,190;59,193;59,196;56,202;58,205;59,211;58,212;57,218;57,223;59,227;58,229;59,233;56,239;56,240;56,244;57,250;59,254;58,256;59,262;58,267;57,269;58,274;59,277;58,283;59,287;56,288;57,293;59,298;56,303;57,306;56,308;59,314;59,318;58,322;57,326;58,328;56,335;56,338;57,341;56,344;58,349;58,355;57,356;57,362;57,367;56,370;58,375;57,379;59,381;56,387;59,389;56,392;57,399;57,400;58,407;56,409;59,412;57,417;59,423;58,427;59,430;57,435;58,437;59,441;59,446;58,449;59,454;59,458;56,460;59,465;56,469;57,475;58,479;57,481;57,486;58,488;59,495;57,499;56,503;57,506;59,509;56,514;59,518;56,523;56,524;56,531;58,534;59,536;56,542;58,546;57,549;58,554;57,558;59,561;56,567;57,571;58,572;58,579;57,583;59,584;58,590;56,592;58,596;59,603;59,604;57,609;59,614;56,617;57,620;56,626;58,629;58,632;59,637;59,642;58,644;59,650;56,655;56,658;59,660;59,666;59,671;56,672;56,678;57,680;59,684;56,691;58,694;56,697;57,701;58,707;56,709;57,715;59,718;59,722;59,725;57,730;56,733;58,738;59,740;56,744;57,751;57,752;59,757;57,760;59,766;59,770;59,772;57,779;57,782;56,784;58,789;58,793;57,796;57,803;56,807;57,810;56,813;57,816;58,822;57,827;56,831;59,833;57,839;58,841;59,847;59,849;57,853;56,857;58,863;57,867;56,871;57,875;57,878;56,883;58,884;59,888;57,892;59,898;57,902;59,905;59,909;59,912;59,919;59,922;57,925;58,929;57,932;58,939;57,941;59,947;58,950;59,954;56,958;58,960;59,964;56,971;58,972;58,978;56,982;57,985;58,991;57,993;57,997;57,1000;58,1007;56,1011;59,1014;56,1016;56,1020
61,1;63,5;63,11;62,12;63,17;61,20;60,24;60,28;60,35;60,36;63,43;61,46;62,49;62,52;62,58;62,61;62,67;61,71;63,74;63,79;60,80;61,87;61,89;60,95;63,99;63,103;62,104;60,111;60,115;60,119;61,122;61,127;63,129;63,132;63,137;63,140;62,147;61,149;61,154;63,156;60,163;63,167;62,169;60,174;63,179;63,180;61,187;62,189;63,193;61,199;61,200;62,205;61,211;61,212;62,216;61,222;61,227;62,228;60,235;60,238;63,240;62,244;63,251;62,255;63,257;61,261;60,264;61,270;63,275;63,278;61,283;61,286;62,288;61,294;61,296;63,303;60,304;60,311;60,312;63,317;61,323;61,324;61,328;61,335;62,336;62,341;61,346;61,348;60,353;61,359;60,363;63,364;63,368;61,372;63,377;60,381;60,387;60,389;62,394;61,396;60,402;62,406;62,410;63,414;61,417;60,420;62,424;62,430;60,432;61,437;62,443;60,444;60,449;62,453;61,456;61,462;60,464;61,468;60,474;63,477;63,480;61,487;60,489;60,494;63,499;63,500;60,507;60,511;60,514;60,518;61,520;60,526;61,528;62,534;60,537;63,542;63,545;63,549;60,555;63,556;61,562;63,566;63,568;62,574;62,579;62,583;63,586;61,590;62,593;62,599;62,601;61,606;63,609;61,615;63,619;61,622;61,625;61,631;63,635;61,637;62,642;60,647;63,648;61,652;61,659;62,660;61,665;63,670;60,673;63,678;63,680;60,685;63,689;62,692;62,696;63,701;62,704;60,708;60,713;60,716;60,721;60,727;61,731;61,735;61,739;63,742;62,747;63,749;61,753;63,758;62,761;63,765;60,770;60,773;61,777;62,783;60,785;61,790;63,795;63,799;60,802;61,804;62,810;60,812;60,816;60,822;62,824;62,831;62,832;63,838;60,841;63,845;60,850;60,853;61,856;62,861;63,867;60,869;61,873;61,877;61,880;63,886;62,890;60,894;61,897;62,900;63,907;60,909;63,914;61,919;63,922;62,925;63,929;62,933;63,939;63,943;61,947;62,949;63,954;60,956;63,961;60,966;62,970;63,974;60,978;61,981;63,985;60,988;60,993;60,998;62,1001;62,1005;62,1008;60,1013;62,1017;63,1021
64,2;65,4;67,10;64,12;67,17;64,20;66,25;65,30;65,32;64,39;66,40;66,47;67,51;65,55;67,59;65,62;65,67;65,70;67,74;67,78;67,83;64,87;64,88;65,95;64,98;64,100;65,107;66,109;66,114;66,117;65,120;64,126;67,128;64,132;66,136;65,140;66,144;67,148;65,155;65,156;67,161;64,167;64,170;66,175;64,176;67,182;67,184;64,190;67,194;65,197;67,202;64,205;66,211;67,212;66,216;64,223;67,224;64,229;66,235;66,236;66,241;64,246;67,248;67,255;66,258;66,263;66,266;66,270;66,275;64,279;64,281;64,286;65,289;64,292;67,296;66,301;67,305;67,310;65,313;67,317;67,320;66,324;64,329;64,332;66,336;64,343;66,344;64,350;65,355;65,359;66,362;64,364;65,370;65,373;65,378;65,382;67,387;67,388;67,394;67,396;65,401;65,407;66,408;67,415;65,418;64,420;66,426;67,428;64,435;64,439;65,442;65,446;64,448;64,454;64,456;64,462;67,466;67,470;65,474;64,477;64,480;65,487;65,490;66,495;64,497;67,500;64,504;66,508;67,514;66,517;65,520;65,526;65,531;66,534;64,537;65,540;67,547;67,549;65,552;65,556;67,560;67,567;65,568;66,574;65,578;67,581;64,585;65,591;64,593;67,596;65,601;66,606;65,611;64,613;66,619;66,620;64,624;67,630;67,633;66,638;64,641;66,646;65,649;66,654;64,656;64,661;64,664;64,671;64,673;66,678;67,680;67,684;65,691;67,694;65,696;64,703;65,705;66,710;66,713;66,718;65,722;67,726;67,729;66,735;66,738;67,740;66,746;64,750;66,755;65,757;67,762;65,766;65,768;66,775;66,777;65,782;64,787;66,790;67,792;64,796;64,803;64,807;66,810;65,815;66,816;66,821;67,824;66,831;64,833;66,836;64,840;65,846;66,849;66,852;67,857;67,863;65,867;67,869;66,873;67,879;66,882;67,885;65,888;66,894;64,898;66,903;67,906;67,909;66,913;66,917;67,922;64,924;64,931;64,932;65,936;65,942;67,944;66,951;67,954;64,957;66,962;66,967;66,970;64,973;66,977;66,981;65,984;64,988;66,992;66,996;67,1000;64,1005;65,1009;67,1012;67,1017;66,1023
70,3;71,4;70,10;69,15;69,17;68,21;69,26;70,29;69,33;68,36;70,41;70,44;70,51;69,52;69,56;68,61;69,67;69,71;70,74;70,78;71,83;69,86;69,89;69,94;69,99;71,100;68,106;71,109;71,112;70,117;71,123;69,124;71,129;70,133;71,137;71,141;68,144;69,150;70,154;68,158;68,160;70,164;68,170;69,174;71,178;71,183;71,184;71,189;70,192;68,196;70,201;69,207;70,210;68,212;71,219;71,223;69,227;71,231;71,234;68,238;68,241;68,245;68,248;68,254;69,259;70,260;69,265;71,268;70,275;70,279;69,281;68,285;69,291;69,293;71,299;70,302;69,304;69,310;69,314;68,316;68,321;70,324;69,328;70,334;68,337;70,340;70,347;71,351;70,353;68,356;69,363;71,364;70,369;68,375;70,376;70,382;69,385;70,389;70,394;70,398;70,400;68,404;71,410;69,413;69,417;70,421;70,426;69,431;68,432;68,436;69,441;70,444;68,449;69,452;68,458;71,463;69,467;70,471;69,474;69,476;68,482;68,487;70,491;68,493;70,496;68,500;71,505;71,511;71,513;71,518;70,523;71,524;69,531;69,534;70,537;71,540;69,544;69,551;70,555;68,556;68,563;68,565;70,569;69,575;68,579;68,583;71,587;68,588;69,595;69,596;71,600;68,607;71,611;68,613;69,619;69,620;71,624;68,630;68,633;69,639;71,641;70,647;70,650;68,653;68,659;70,660;71,664;68,669;70,672;71,677;70,681;68,684;70,688;71,694;71,699;70,703;71,705;70,710;71,715;69,717;69,721;69,725;70,730;68,735;71,736;69,742;68,747;70,749;68,754;70,756;68,761;70,764;70,770;70,775;71,777;70,780;70,785;71,790;69,792;69,797;71,801;69,807;68,810;69,815;69,816;68,822;69,827;69,830;68,834;70,837;68,840;69,846;70,848;69,854;69,856;70,863;68,865;68,871;68,872;71,876;70,880;70,884;70,889;70,893;68,899;70,901;70,904;71,911;70,915;68,918;69,923;68,925;69,929;68,935;69,936;69,942;69,945;69,950;70,952;70,959;68,963;69,965;68,971;69,974;71,979;71,983;71,984;68,989;69,993;71,997;71,1001;69,1005;71,1008;71,1012;68,1016;68,1020
74,2;75,6;74,8;74,12;72,17;73,20;74,26;75,31;75,33;73,37;74,40;73,45;75,50;73,53;72,59;75,63;72,66;74,68;72,75;74,78;73,83;72,87;73,91;73,94;72,97;73,101;74,106;74,109;75,114;74,117;72,122;75,125;75,130;75,134;75,138;74,141;74,144;73,151;74,152;74,157;73,162;74,166;73,171;75,173;72,177;75,183;75,184;73,191;75,195;72,198;75,201;75,204;74,209;72,214;74,217;72,221;74,227;75,230;72,233;75,237;75,240;75,245;73,251;74,253;74,259;74,262;73,265;72,268;73,274;75,277;72,282;75,287;75,290;74,293;73,296;73,300;72,306;72,310;74,312;75,316;75,321;72,327;75,328;75,332;74,336;74,342;75,344;72,351;72,355;72,357;74,362;72,365;72,369;73,373;72,376;74,380;75,384;72,391;72,394;74,396;73,400;75,405;75,408;74,412;75,416;75,420;75,425;75,429;74,433;72,439;74,441;73,446;72,449;73,453;73,458;74,462;72,465;74,469;74,475;75,478;74,480;73,487;74,490;74,495;73,496;73,502;72,507;75,508;73,513;74,518;75,520;75,526;72,531;72,533;75,537;72,541;74,547;74,549;75,554;74,558;75,563;72,567;72,569;74,573;73,576;74,582;73,587;72,589;74,593;75,597;73,600;72,605;74,609;75,614;75,617;75,623;72,626;74,631;75,634;73,638;72,642;75,645;75,648;72,652;74,657;72,660;73,664;74,670;73,674;75,676;73,682;75,687;72,688;75,695;73,698;73,703;73,705;75,709;75,713;74,719;74,720;75,724;75,731;72,732;73,737;74,741;74,746;74,748;73,754;72,758;75,760;75,767;72,771;74,774;73,779;73,780;73,787;75,791;73,793;75,799;73,800;75,806;72,811;74,812;75,817;72,823;73,827;74,829;72,834;72,837;75,843;72,845;74,851;75,852;73,857;72,863;73,864;73,871;74,873;75,876;75,882;72,884;72,889;73,894;73,896;75,900;75,905;74,909;73,912;73,916;75,923;75,926;73,930;72,934;75,938;72,942;74,947;74,948;74,952;74,957;75,961;74,964;74,969;73,974;74,976;73,983;72,984;74,989;73,995;75,996;72,1001;73,1005;75,1009;73,1013;72,1016;73,1020
78,3;76,7;79,10;76,13;79,19;76,20;78,24;78,30;76,35;77,37;79,41;77,45;77,48;76,52;78,56;78,62;79,64;78,68;78,75;77,76;78,80;76,86;79,91;78,94;79,99;76,101;76,107;76,108;78,114;76,116;78,121;79,125;77,129;78,134;78,139;77,140;78,145;76,151;79,154;77,157;76,161;78,167;78,171;79,175;77,176;76,183;77,185;77,191;76,194;76,196;78,202;76,206;79,210;77,213;79,219;77,220;79,226;77,228;79,233;77,237;76,240;76,244;76,251;77,252;76,258;77,263;76,265;78,268;78,274;76,279;76,283;76,287;78,288;77,295;79,298;78,301;79,307;78,311;78,314;78,319;78,323;76,325;77,328;79,333;76,339;76,342;78,347;77,348;78,355;76,358;76,363;76,364;79,369;76,374;79,377;78,382;79,386;76,389;76,393;78,399;78,402;78,404;78,409;76,414;78,418;77,421;77,425;76,429;76,433;78,439;79,442;78,446;76,451;77,452;78,459;78,463;77,466;79,468;77,472;79,479;76,483;77,487;77,490;77,492;76,497;79,501;76,505;77,511;77,515;79,518;79,520;78,527;79,530;78,532;79,537;77,541;79,546;79,550;78,554;78,559;78,561;78,567;77,568;77,575;77,577;78,580;78,586;77,589;76,594;79,596;76,600;77,604;76,611;76,613;76,617;79,622;78,627;79,629;79,635;76,637;78,640;77,647;78,650;76,654;76,658;76,663;77,666;76,669;78,673;77,678;79,683;78,686;77,690;77,692;76,699;76,700;78,706;76,710;76,713;79,718;78,723;77,725;76,731;79,735;78,736;79,742;76,747;77,749;78,755;76,756;79,761;76,767;77,768;77,775;77,779;78,781;78,784;79,790;79,792;77,797;78,801;78,805;78,810;76,815;78,817;78,822;78,826;78,829;76,833;79,838;77,840;79,844;79,849;79,854;76,858;79,862;78,864;78,870;79,873;78,876;78,881;79,886;76,891;78,893;79,898;79,903;78,904;79,908;78,915;79,916;76,920;77,924;79,930;77,934;77,939;76,940;78,946;77,948;78,955;78,959;77,960;76,966;77,969;79,974;77,977;76,980;76,986;79,991;78,994;78,996;76,1001;78,1004;77,1009;79,1014;79,1018;77,1021
80,2;82,7;80,8;81,12;82,17;81,22;81,24;82,28;80,34;81,37;80,43;80,45;80,51;81,54;80,59;81,63;81,67;80,71;82,72;81,79;82,80;82,85;82,88;83,94;80,96;83,101;82,105;80,108;80,115;81,117;82,123;83,124;81,129;80,135;83,139;82,141;82,144;82,151;80,153;80,159;82,161;80,164;80,169;80,172;83,179;83,180;83,187;83,188;81,194;82,197;82,202;80,204;81,208;80,215;81,218;82,223;81,227;80,231;81,233;80,237;82,242;80,245;83,250;81,255;82,258;81,261;80,266;80,268;80,274;82,277;81,282;80,287;81,289;80,294;83,298;82,303;82,305;82,311;81,312;83,316;82,322;80,326;83,328;80,334;80,336;81,340;82,344;83,351;82,353;81,356;81,362;81,367;81,371;80,372;80,377;81,383;83,386;80,390;81,395;81,398;81,403;81,405;80,411;80,413;80,419;81,423;83,426;82,431;80,432;80,437;80,442;81,445;81,448;83,453;81,458;83,462;80,464;83,470;82,473;83,477;83,483;80,485;83,488;80,492;82,499;80,503;83,506;80,508;83,515;80,516;82,523;82,525;82,531;81,533;81,536;80,541;81,544;81,549;83,554;82,556;81,561;80,565;82,570;82,572;83,576;80,582;82,587;80,590;82,595;83,596;82,600;83,605;81,611;83,612;81,618;81,620;80,626;81,629;80,635;81,639;83,642;81,645;81,649;80,653;80,657;80,660;81,667;81,671;83,672;81,679;83,681;81,687;83,690;81,693;83,699;82,701;83,707;81,709;83,713;80,718;83,722;81,726;82,731;81,734;81,739;82,743;81,747;82,750;80,755;81,758;83,762;82,764;82,771;82,774;83,776;83,780;83,787;83,789;81,793;83,796;83,801;83,806;81,809;83,813;80,819;82,822;81,826;81,830;82,834;83,837;81,840;81,847;82,850;83,855;82,856;82,862;83,864;82,869;81,874;83,878;83,882;81,884;80,888;81,895;83,897;83,903;80,907;80,908;83,913;82,916;81,920;83,924;80,929;83,935;80,938;82,941;81,945;83,951;82,954;80,958;80,960;81,964;82,971;81,975;80,977;82,982;83,985;80,989;81,995;81,996;82,1001;83,1007;82,1010;81,1013;82,1018;80,1020
86,0;87,7;86,8;86,12;85,19;84,22;85,24;84,29;84,32;87,38;85,40;87,44;85,48;86,53;85,58;87,60;87,66;85,70;87,75;86,79;87,83;87,84;86,88;84,92;87,97;85,103;87,107;85,109;87,112;85,119;87,121;86,126;85,129;87,135;87,136;86,140;85,145;87,149;87,155;86,157;87,162;85,164;84,168;86,174;86,177;86,182;84,187;84,190;85,192;85,198;87,203;86,207;84,211;85,214;86,219;85,220;84,226;84,230;84,233;86,238;84,243;85,246;85,248;86,252;85,258;85,262;85,264;84,268;86,272;85,278;86,283;87,284;84,291;86,294;85,297;84,300;86,307;84,309;85,312;86,318;87,320;85,324;84,329;84,333;85,339;86,342;84,346;86,348;87,354;85,357;87,360;86,364;84,370;85,375;85,377;84,380;86,386;84,391;87,392;87,399;84,400;87,405;86,409;84,414;87,416;85,421;84,426;87,431;84,434;84,438;87,440;86,446;87,451;87,455;85,457;86,461;86,464;87,469;85,474;84,476;84,482;86,485;85,489;86,494;85,499;85,501;87,507;86,510;87,514;85,518;84,523;86,527;86,531;87,534;84,536;87,542;86,546;86,548;85,554;87,558;86,561;85,565;87,571;84,572;85,576;84,580;87,585;87,589;84,595;84,597;86,600;87,604;84,608;86,612;87,617;86,623;85,624;87,631;87,633;85,636;85,640;86,647;84,649;87,655;87,657;86,660;85,665;85,669;87,672;87,677;84,680;85,684;86,690;85,695;87,698;85,700;85,707;85,711;86,714;86,719;84,721;86,726;86,730;85,733;86,737;84,743;85,747;87,751;84,752;84,757;84,763;87,765;85,769;85,772;84,776;87,783;84,784;86,791;85,792;86,798;85,803;87,804;85,809;86,812;86,818;85,822;84,827;87,829;84,833;85,838;85,841;85,847;85,848;85,852;87,857;85,861;87,864;85,870;84,874;86,877;84,883;85,884;86,888;84,893;86,896;85,901;85,904;85,910;85,914;86,916;84,920;86,924;84,931;85,934;84,938;85,943;85,944;85,949;86,955;85,956;85,960;84,965;85,968;85,972;84,978;87,981;85,987;86,989;85,995;87,998;85,1002;86,1007;86,1009;87,1015;86,1019;86,1021
89,0;88,5;91,10;90,12;88,17;90,20;91,26;88,30;91,32;91,38;88,40;90,46;90,51;89,54;90,59;90,61;90,64;90,70;90,75;88,79;88,83;89,85;88,89;89,94;89,99;88,100;89,104;89,108;88,115;89,116;91,123;89,125;88,128;91,135;90,136;89,141;91,146;91,150;88,153;88,159;88,163;90,166;91,168;89,172;88,176;88,180;90,187;89,189;90,192;91,197;88,203;90,206;88,210;91,212;90,219;88,221;90,226;89,230;88,232;89,238;89,241;89,244;89,249;88,253;88,258;88,261;88,266;88,271;91,273;89,276;89,281;90,286;91,291;90,292;89,296;89,302;88,307;88,311;88,312;90,316;91,320;90,324;89,328;89,332;89,338;88,341;89,345;90,349;90,354;91,358;88,363;89,365;91,368;91,372;91,377;91,381;88,386;91,389;89,393;90,399;90,403;88,405;88,410;90,412;88,417;91,422;89,426;91,429;90,432;90,439;89,441;88,445;89,451;89,454;88,459;89,462;90,464;90,471;88,475;89,476;90,483;91,486;90,491;89,492;91,499;88,501;88,505;90,508;91,515;91,519;90,522;88,527;89,529;89,533;88,537;91,540;90,546;90,548;89,553;89,559;88,561;90,567;88,571;89,573;91,578;91,581;91,584;88,590;88,593;90,598;91,602;91,605;88,608;88,613;90,618;89,622;88,626;90,631;88,635;91,639;91,641;91,647;90,649;91,655;90,656;91,660;89,666;88,669;89,674;88,679;90,682;90,687;89,690;88,692;89,699;89,703;88,706;90,710;88,715;91,717;90,723;91,724;90,730;88,735;90,736;91,742;89,747;89,750;88,755;90,756;89,761;88,767;90,770;88,773;89,778;90,781;88,787;88,788;90,793;89,798;88,803;88,805;90,808;89,812;91,817;90,820;88,824;88,831;89,832;88,838;91,843;91,846;88,848;88,853;91,859;91,861;90,864;90,871;89,875;89,877;88,880;89,885;89,889;90,894;91,896;88,903;90,906;90,909;88,913;91,919;89,920;90,924;88,931;88,934;90,936;91,940;91,945;89,948;89,954;89,956;89,961;90,964;91,971;89,973;89,978;89,981;90,984;91,989;89,993;91,998;91,1003;88,1004;90,1008;91,1014;91,1019;91,1020
94,0;92,4;92,10;94,15;93,16;95,20;92,25;92,31;92,35;95,39;92,41;95,47;95,51;92,54;92,56;95,62;95,65;92,69;93,75;95,78;93,83;95,87;92,89;94,93;95,96;95,102;95,104;93,110;92,113;95,118;93,122;94,124;92,131;93,134;92,138;94,143;93,147;93,148;94,152;92,156;94,161;94,164;92,170;93,175;92,179;93,182;94,185;93,189;95,194;93,197;92,202;93,206;94,210;93,212;95,217;92,220;95,224;95,229;94,234;93,237;95,240;93,247;94,249;92,252;94,259;94,261;93,267;92,271;94,273;92,279;95,282;92,286;93,289;93,292;95,299;92,302;93,304;92,310;92,313;93,318;95,322;92,326;93,328;95,334;92,339;92,341;94,347;95,348;93,355;93,357;92,363;95,365;94,368;93,375;95,378;95,383;94,385;95,391;95,395;93,397;94,403;92,406;94,410;94,414;95,419;93,420;95,425;94,428;92,434;92,439;93,440;95,446;94,451;92,453;93,458;93,463;93,466;94,469;92,473;93,478;92,483;92,485;92,491;94,492;92,499;92,500;94,506;92,508;93,515;93,519;95,521;94,524;95,530;92,533;93,536;92,541;95,546;92,548;94,552;94,556;93,563;92,567;94,568;95,573;94,577;95,582;93,585;92,591;93,594;93,598;92,601;93,605;93,611;95,612;94,619;95,623;92,626;94,628;92,634;95,636;95,641;93,644;93,648;94,654;94,659;93,663;92,664;95,668;92,675;95,677;95,683;95,684;92,690;92,693;92,698;92,702;94,704;95,710;94,713;94,719;92,723;95,725;95,728;92,733;94,738;93,742;93,747;94,748;94,753;94,756;93,761;93,767;95,768;93,773;94,779;93,783;92,786;92,789;94,793;95,797;95,802;93,806;93,810;93,812;95,816;94,823;95,826;94,831;94,832;95,837;94,842;92,846;94,849;94,855;93,859;93,860;94,866;93,869;95,872;92,879;92,883;93,886;95,888;92,895;94,897;92,902;94,904;93,908;94,912;94,917;93,921;95,927;94,931;94,934;93,936;94,943;92,945;95,948;92,952;95,956;93,962;93,967;94,968;92,974;94,978;95,982;93,987;94,988;93,992;95,998;92,1000;94,1006;95,1010;93,1013;94,1018;93,1021
97,1;96,7;96,11;96,13;98,16;98,22;96,25;97,30;99,35;96,39;99,42;99,44;99,51;96,52;97,57;97,63;96,66;97,69;97,74;96,76;98,83;97,85;96,89;99,92;97,97;98,100;97,107;98,111;97,113;97,119;99,122;96,126;98,131;99,134;98,136;98,143;99,144;99,148;97,154;98,159;96,162;99,164;97,171;97,173;96,176;97,182;97,185;97,190;98,195;99,197;97,201;96,207;97,208;96,215;99,218;97,223;99,224;96,231;96,232;97,237;96,240;98,245;97,250;97,253;98,256;98,262;96,267;96,270;98,272;96,276;96,281;96,287;97,288;97,292;98,296;97,300;97,304;96,309;96,313;98,316;96,320;99,326;98,329;97,334;97,337;96,340;96,344;99,351;96,354;97,359;99,361;99,367;96,369;97,374;99,376;98,382;97,384;98,388;97,392;97,397;99,403;97,406;96,409;98,415;96,418;96,423;99,425;98,428;99,432;99,438;96,443;99,447;98,448;99,455;98,459;96,462;97,465;99,470;96,475;97,479;99,483;99,485;99,488;98,494;99,497;99,502;98,506;99,511;97,512;98,517;96,522;98,525;98,529;98,533;98,538;98,540;97,546;97,551;96,553;98,559;98,562;99,567;96,568;96,575;99,579;98,583;99,584;98,590;98,592;98,596;96,600;99,607;96,611;99,615;99,617;96,620;96,627;96,630;98,633;98,638;99,640;96,644;99,649;99,653;97,657;98,660;97,665;96,671;99,675;97,678;98,680;98,684;99,691;98,694;99,699;99,702;98,707;99,710;98,712;96,717;96,723;99,724;99,730;97,733;98,737;99,741;97,744;96,749;99,753;98,759;99,763;97,764;97,768;99,772;97,776;97,782;96,785;98,791;99,792;96,798;96,802;98,805;98,809;96,813;99,819;98,821;98,827;98,830;97,833;96,837;98,840;98,846;97,851;97,854;96,858;97,861;97,867;97,869;96,872;97,879;98,881;96,885;99,888;98,895;98,899;97,902;97,907;98,908;96,912;97,916;99,923;99,924;99,931;96,932;97,939;97,942;99,947;98,951;96,953;99,958;98,961;97,967;98,968;97,975;98,979;99,980;99,986;99,988;96,992;98,997;97,1002;97,1004;98,1011;97,1013;96,1016;99,1022
100,0;103,6;102,8;100,15;102,18;102,22;101,25;103,31;103,32;100,39;100,43;103,45;103,50;102,53;103,57;102,62;103,67;103,69;100,75;102,79;102,82;100,87;100,89;101,94;103,98;103,101;103,107;101,110;100,114;101,116;102,120;102,126;103,130;103,132;100,137;103,141;102,147;101,150;101,152;100,157;102,162;102,164;101,171;101,175;100,179;100,181;101,185;103,191;100,195;100,199;100,201;101,204;100,209;100,214;103,216;100,222;101,224;100,228;100,232;103,239;101,240;100,245;101,250;100,255;103,258;103,262;101,264;101,271;102,275;103,279;102,282;101,284;101,290;101,295;101,297;102,300;103,304;103,309;103,313;103,317;103,321;100,326;102,328;102,332;102,338;102,341;103,344;102,351;102,352;100,357;102,363;100,365;101,369;103,373;102,376;102,381;102,385;103,389;102,395;101,398;103,401;102,405;103,410;100,414;101,418;103,420;100,427;101,429;103,433;103,436;101,442;100,445;100,449;102,454;103,459;103,460;100,465;101,468;100,475;103,478;103,483;102,485;102,489;103,494;101,499;100,500;100,504;102,511;103,513;103,519;101,520;101,525;100,528;103,534;103,538;102,543;100,545;101,549;101,554;100,558;102,562;103,564;102,568;101,572;101,578;103,580;103,584;102,590;101,593;103,597;100,601;102,604;100,608;100,615;100,617;100,623;101,626;101,628;103,634;101,636;100,641;103,646;100,649;102,652;103,656;100,661;100,665;102,669;101,674;101,678;100,682;103,684;100,691;100,692;103,697;103,703;103,706;103,711;102,714;101,718;100,720;103,725;103,730;102,734;103,737;101,743;102,745;101,748;102,753;100,759;100,762;100,766;103,771;103,774;100,777;100,782;102,787;102,788;102,794;100,799;101,803;100,804;101,811;101,813;102,819;100,823;101,826;101,830;103,834;101,836;100,842;101,846;102,849;100,852;100,858;100,861;100,866;100,869;100,875;102,879;101,882;100,884;100,890;103,893;103,898;102,900;100,906;102,909;101,913;103,916;100,921;103,927;101,931;100,935;102,939;103,941;100,945;101,950;100,953;102,959;103,961;100,966;103,968;102,974;100,977;100,981;100,984;102,988;100,994;102,997;101,1001;102,1004;103,1008;102,1013;103,1018;100,1020
106,0;107,4;106,11;106,12;104,16;105,23;106,27;105,28;104,33;106,37;107,40;107,47;106,48;105,54;105,59;104,60;107,64;104,70;107,75;104,79;106,80;107,85;107,91;104,93;107,98;107,100;107,107;104,108;106,115;105,118;104,120;106,125;107,131;105,135;106,138;105,141;105,145;107,149;105,152;106,159;104,161;104,166;106,171;104,172;104,179;107,183;107,184;105,189;105,194;107,198;106,201;105,204;104,211;107,215;105,218;104,221;106,225;107,229;106,234;105,238;106,243;105,244;107,250;104,254;106,259;107,261;106,266;106,268;106,272;107,279;107,282;106,284;106,291;107,294;105,299;105,302;105,306;106,309;104,312;105,319;104,322;105,325;105,330;105,332;106,337;107,341;104,346;107,348;107,354;105,359;106,361;107,367;105,369;105,373;105,379;106,380;104,384;106,388;107,394;107,397;104,403;106,406;107,411;106,415;107,419;104,422;107,426;107,430;106,434;107,436;107,440;105,447;107,449;104,453;105,458;105,462;104,464;106,470;104,473;104,479;107,480;104,487;106,489;104,494;104,498;106,501;106,506;104,510;104,514;106,518;104,520;105,526;104,531;106,533;104,537;105,540;105,544;106,548;106,553;104,559;105,560;106,565;104,569;104,574;107,577;104,580;104,587;105,591;106,593;104,597;107,603;105,607;107,609;106,615;106,618;106,622;104,625;104,631;106,633;106,638;107,640;107,646;105,651;104,653;104,656;106,661;107,667;106,669;106,672;107,676;107,683;107,685;107,689;105,695;107,696;104,703;107,706;105,708;107,714;107,717;107,722;104,725;107,728;106,733;107,739;106,743;104,747;107,751;106,753;104,758;105,760;106,764;104,769;107,774;106,777;105,782;106,787;105,789;105,795;107,799;106,801;104,805;106,809;106,813;106,817;104,823;104,825;105,828;104,835;107,836;106,841;106,847;107,849;104,853;105,858;107,861;104,864;107,869;105,874;105,877;104,880;104,886;106,889;104,893;105,898;105,903;105,907;106,909;104,912;106,917;105,922;106,927;106,930;107,935;107,938;105,943;107,946;106,948;106,952;104,957;105,963;107,966;104,970;105,973;107,978;106,981;104,985;105,991;104,993;104,996;106,1001;106,1004;107,1011;106,1012;104,1016;106,1021
108,1;110,6;111,10;108,15;111,17;109,22;110,26;111,30;108,34;108,39;109,43;111,44;111,48;109,53;111,58;110,60;111,64;110,68;108,75;108,76;110,81;110,86;111,90;108,95;109,96;108,102;110,105;109,110;111,112;110,119;108,120;110,127;111,128;109,134;108,139;108,143;111,147;108,150;109,153;108,157;111,161;109,165;110,170;111,172;109,179;110,181;109,184;109,189;111,192;109,199;110,203;109,206;109,208;110,212;108,216;108,223;110,227;110,228;109,235;109,237;111,241;108,244;108,251;111,253;110,259;110,262;111,264;110,269;111,275;110,278;110,283;110,285;108,291;109,293;108,299;111,302;108,307;110,309;108,313;111,319;108,323;111,326;109,328;109,332;110,339;108,341;111,346;110,349;109,354;109,358;111,361;111,367;111,368;109,372;111,376;109,382;108,387;111,391;111,392;109,399;111,403;111,404;111,410;109,415;110,417;111,420;109,425;111,431;111,435;110,437;109,441;108,444;108,450;109,454;110,456;108,463;110,466;110,469;108,475;110,476;110,480;110,486;108,491;109,493;110,496;110,500;111,507;108,511;109,513;108,517;109,521;109,527;111,531;109,534;108,539;108,543;110,547;111,550;108,555;109,556;110,563;109,567;110,571;110,574;109,576;111,580;111,586;108,589;108,595;110,599;109,603;110,606;111,609;111,615;111,618;108,621;108,626;108,630;110,635;109,637;111,642;108,645;108,649;110,652;110,659;111,662;110,664;111,669;110,674;111,679;110,682;109,684;110,688;110,695;110,696;109,700;108,707;111,710;111,712;111,719;109,722;109,725;109,730;110,733;111,739;108,741;108,745;109,749;110,755;109,757;111,761;109,764;109,770;109,773;108,777;108,780;111,785;111,789;108,792;111,797;110,800;108,807;110,809;108,815;110,817;110,820;110,825;110,828;111,834;108,839;109,843;108,845;110,849;109,853;111,857;111,861;108,866;110,869;110,873;111,877;108,881;109,884;108,891;110,895;108,898;108,903;109,907;109,909;110,912;111,919;110,921;109,926;109,931;108,935;111,939;110,942;110,945;111,949;110,952;108,957;110,962;109,964;109,969;109,975;110,978;110,980;111,987;108,991;108,994;111,997;111,1003;109,1004;111,1011;108,1015;111,1016;108,1020
114,0;115,6;113,9;115,15;115,19;113,20;115,27;113,28;115,35;115,36;113,42;112,46;112,50;114,54;112,59;112,62;112,66;115,69;113,74;114,77;115,81;112,87;112,89;112,95;112,96;113,103;115,106;112,110;113,113;112,118;113,121;115,127;115,128;112,132;114,138;113,141;114,145;112,149;112,153;113,158;113,160;115,166;112,171;115,173;115,176;114,182;114,186;112,188;115,195;112,196;115,200;113,207;114,211;114,214;115,218;115,220;112,227;112,228;113,233;114,239;114,240;115,246;115,249;115,253;115,257;113,263;113,266;113,268;115,273;115,276;115,283;114,284;114,291;114,293;112,298;114,302;112,307;115,310;113,315;112,319;114,320;113,327;114,330;114,334;114,338;113,343;112,347;112,350;112,355;115,359;112,360;112,367;113,370;114,374;113,377;112,383;114,384;112,390;112,394;115,399;112,403;114,405;115,410;114,413;113,418;112,421;113,426;114,428;114,433;114,439;112,440;112,447;112,448;114,453;112,458;115,463;113,466;113,469;114,472;113,477;114,483;112,485;112,490;114,492;114,499;114,501;115,504;112,511;112,514;112,516;115,523;113,527;114,528;115,532;112,536;113,542;112,545;115,549;112,555;112,556;113,561;112,567;113,569;114,575;115,577;114,580;115,587;113,588;114,595;113,599;112,603;112,607;112,610;115,614;115,616;114,621;114,627;113,631;113,632;114,639;114,643;114,647;114,650;112,653;115,658;114,663;114,667;112,668;113,674;113,677;114,680;113,687;115,688;113,692;112,697;112,702;114,706;112,709;115,712;113,716;113,721;113,727;112,728;113,734;113,738;114,742;115,744;112,748;113,755;112,756;115,760;115,765;115,771;112,775;112,776;112,780;113,787;112,789;112,794;113,798;114,800;114,804;114,809;112,812;113,817;112,822;113,825;112,828;112,832;112,838;114,843;113,845;114,850;112,852;113,857;115,860;114,864;115,870;115,873;114,876;113,880;115,887;114,888;115,894;113,898;113,902;115,904;115,908;113,912;112,916;113,921;115,927;113,931;115,933;113,938;114,942;112,947;114,951;112,952;114,957;112,963;114,965;115,971;113,974;113,976;114,981;115,986;114,990;112,994;113,996;113,1002;113,1004;113,1009;113,1012;112,1016;113,1020
119,0;119,7;117,8;117,15;116,18;119,23;116,24;119,28;117,35;117,36;119,43;117,47;116,51;116,54;117,57;118,60;119,64;117,70;118,72;116,77;116,80;117,85;116,90;116,94;116,97;116,102;116,106;116,111;116,115;119,119;118,123;119,124;119,128;116,134;119,136;116,142;118,144;118,149;117,152;119,159;119,162;117,164;119,168;116,173;119,176;116,182;118,184;117,191;117,194;119,197;116,200;117,207;119,211;117,212;119,216;116,221;116,226;119,230;118,235;119,237;117,240;117,245;117,248;116,255;116,257;117,260;117,267;118,269;116,272;118,278;118,282;119,285;116,289;117,295;118,298;117,302;119,306;116,310;116,312;117,316;119,322;118,326;118,331;119,332;116,337;119,341;119,344;117,350;117,352;117,359;117,361;119,367;118,370;117,372;116,378;118,380;116,386;117,391;119,394;117,396;116,402;117,404;116,408;118,413;117,416;118,420;119,427;118,430;118,435;117,436;118,442;117,447;116,451;117,454;119,459;117,461;119,464;118,469;118,474;118,479;116,482;116,485;119,489;118,495;119,499;116,502;118,504;119,508;116,512;119,519;117,522;119,527;117,528;119,535;119,536;117,542;117,545;118,548;117,554;117,557;117,560;118,567;119,568;116,575;117,576;118,582;118,587;118,591;116,594;119,597;117,602;119,606;119,611;118,612;117,618;117,621;117,624;116,629;117,634;118,638;117,640;118,645;119,650;118,654;119,657;119,660;117,665;119,668;118,674;117,679;118,682;117,686;116,688;119,694;119,699;116,700;119,704;116,711;118,715;116,718;119,723;116,727;118,731;119,734;119,738;116,740;118,746;117,749;119,755;116,758;117,761;116,766;117,771;118,774;117,777;116,781;119,786;119,790;119,794;116,798;117,802;116,805;116,808;117,813;119,818;117,820;117,826;116,831;118,835;118,837;117,842;117,844;119,851;119,852;117,858;119,862;116,866;116,869;118,872;119,879;117,881;118,884;119,888;116,892;117,899;116,903;119,907;116,909;118,912;118,919;117,923;116,926;117,931;118,934;117,936;119,941;117,944;117,949;116,954;118,958;116,963;119,966;119,968;118,972;116,979;116,981;118,987;117,989;118,993;116,999;116,1000;117,1004;118,1009;116,1012;119,1017;118,1020
122,3;123,5;120,10;121,14;121,19;123,22;120,27;123,28;120,32;122,36;122,40;121,44;123,50;120,54;120,57;123,62;122,65;120,68;121,73;122,76;120,80;122,85;121,88;123,95;121,98;120,102;120,107;121,109;122,114;120,118;123,121;120,125;121,128;123,132;121,137;123,143;122,146;122,148;121,152;123,159;123,160;121,164;123,171;122,174;122,178;120,181;122,187;120,190;121,192;121,196;120,201;121,206;122,209;121,215;120,216;122,221;123,224;121,229;120,234;123,237;123,241;123,247;123,251;121,254;121,256;121,260;121,265;121,270;123,275;120,276;123,283;122,285;120,290;120,294;121,296;122,301;122,306;122,309;122,315;121,318;122,320;121,325;121,330;121,332;121,338;122,342;123,345;123,348;120,355;121,358;121,363;122,367;123,370;121,373;123,379;120,383;121,387;123,391;122,394;120,399;120,402;120,404;123,410;123,414;122,418;121,423;121,427;122,430;120,433;122,436;121,442;121,447;121,449;123,453;121,459;120,460;120,467;121,468;123,475;121,477;123,482;121,484;121,489;121,493;121,496;120,500;120,504;122,511;122,513;121,516;122,520;120,526;120,529;121,533;123,537;123,541;122,544;122,549;123,554;123,559;120,562;120,567;121,571;121,574;122,579;121,583;120,585;121,588;121,595;121,596;123,603;121,606;123,608;121,615;121,619;122,621;120,627;120,628;121,633;120,638;123,640;123,645;121,650;121,653;123,657;122,662;122,666;121,669;121,673;122,678;122,681;121,685;123,690;123,693;120,697;123,700;120,707;121,708;121,713;122,719;121,720;121,725;120,728;120,734;122,737;122,740;120,744;122,750;122,754;123,759;122,762;120,767;121,770;121,775;120,777;121,781;122,785;120,790;121,794;120,796;121,801;121,807;120,811;123,812;121,816;122,821;121,825;121,831;122,833;120,838;121,842;121,846;120,851;120,853;120,856;122,860;122,865;123,868;122,875;122,876;123,882;122,887;122,890;121,894;122,897;121,900;120,906;121,908;123,915;122,916;122,920;120,925;122,929;123,932;120,939;122,941;120,944;121,951;120,955;120,956;120,962;123,965;120,968;122,973;123,979;121,981;120,984;120,990;121,992;121,997;120,1003;120,1006;120,1011;121,1012;121,1017;120,1022
126,1;126,5;125,10;126,12;124,17;127,21;124,24;127,31;126,35;124,38;126,41;126,47;126,50;124,55;125,56;124,61;125,64;125,69;126,73;124,76;125,82;127,84;125,89;127,92;125,99;126,102;126,104;125,111;126,115;127,116;127,123;126,126;126,131;124,133;127,138;127,140;125,146;124,151;124,152;125,159;126,160;127,165;127,170;127,175;127,177;125,183;124,185;124,191;126,195;127,196;124,200;124,207;125,209;126,214;124,219;126,223;124,227;127,228;127,232;127,237;124,242;125,246;127,249;124,253;124,257;127,262;127,266;126,270;125,274;124,276;125,282;126,284;126,290;126,295;126,296;125,303;127,306;125,309;124,314;124,319;127,322;125,326;125,331;127,333;126,336;124,340;127,347;125,349;124,354;125,357;127,361;127,366;125,369;124,373;125,378;127,383;124,384;127,389;126,393;127,397;126,403;124,405;125,408;125,413;127,417;125,420;126,425;124,430;126,433;125,436;125,443;124,444;126,449;124,455;127,457;126,461;124,464;127,470;126,473;125,478;126,483;124,484;124,489;126,495;125,499;125,503;126,507;125,509;124,515;125,517;126,523;125,526;125,529;126,535;125,536;127,540;126,547;124,551;126,555;126,557;125,561;124,567;125,570;127,574;124,576;125,583;126,584;125,590;126,595;127,596;124,603;126,607;126,608;127,615;126,616;126,620;127,626;127,629;126,634;125,636;124,640;124,647;127,649;125,655;126,657;127,662;124,666;125,668;125,675;127,677;124,680;124,686;125,690;124,692;125,697;124,700;124,706;124,710;124,714;124,717;124,722;125,725;124,731;126,733;124,737;126,741;125,747;127,749;124,754;127,757;125,760;127,767;126,768;126,775;124,779;127,783;126,784;124,790;127,795;124,798;126,803;126,806;125,810;125,813;127,818;127,820;124,826;126,828;127,833;127,838;126,840;124,845;125,849;126,853;127,859;124,860;126,866;126,871;126,873;124,877;127,883;125,886;124,889;126,895;125,899;126,900;124,907;125,910;125,914;127,916;124,923;126,925;126,928;126,933;124,937;124,940;125,946;126,949;127,954;124,956;125,962;124,966;124,969;124,974;124,977;125,980;127,986;126,989;127,995;126,999;125,1002;124,1004;127,1008;124,1013;125,1017;126,1020
128,0;129,4;131,10;129,15;131,17;130,22;130,25;129,30;128,33;129,38;131,40;131,47;129,48;131,54;128,58;130,61;128,67;128,71;128,74;131,78;131,80;129,84;130,88;130,92;131,97;130,103;128,105;130,108;129,114;129,119;130,123;128,127;129,131;130,133;130,136;131,143;129,146;130,148;131,154;129,159;130,162;128,164;130,169;129,174;129,178;131,180;130,187;128,190;130,195;130,197;130,203;131,206;128,210;131,213;130,217;130,221;129,227;130,230;128,235;131,239;128,240;131,246;129,251;131,253;129,258;131,263;128,264;128,271;131,273;128,277;128,282;131,286;131,290;130,292;130,296;129,301;130,306;128,310;130,312;129,319;131,322;128,324;131,330;128,334;131,338;128,341;131,344;128,350;130,353;131,357;128,362;131,366;131,369;129,373;131,379;130,383;131,385;129,391;130,392;128,398;131,402;128,404;128,409;129,413;129,417;129,423;130,424;129,430;130,432;129,438;129,443;129,444;130,451;128,452;128,457;130,463;131,464;130,468;129,473;131,479;129,482;130,485;128,490;128,493;128,496;129,503;128,504;128,510;131,513;131,516;128,520;128,525;131,528;130,532;131,538;128,540;131,547;131,550;128,553;128,556;131,563;128,564;128,570;130,574;129,576;129,583;128,587;129,589;131,595;129,598;129,600;130,607;131,610;130,612;128,618;131,623;130,624;131,631;129,632;131,639;130,643;128,646;129,648;129,655;129,657;131,660;128,664;131,668;130,675;130,677;128,683;129,687;128,689;130,694;131,697;131,701;130,705;131,708;129,715;128,717;128,723;130,727;128,729;130,732;129,739;130,741;131,747;129,749;128,752;128,759;128,763;128,765;130,768;129,774;129,776;131,783;131,785;129,791;128,792;131,796;129,802;128,804;129,810;128,812;131,818;129,820;131,827;130,829;129,835;129,839;131,840;131,847;128,848;131,855;129,856;131,862;129,864;128,869;128,873;130,876;128,883;130,886;131,890;131,894;128,897;128,900;131,907;130,909;131,913;129,917;128,922;130,926;131,929;128,934;128,939;128,941;129,945;131,948;128,953;129,956;129,960;131,967;128,970;131,973;130,979;128,981;128,986;128,991;129,995;130,997;130,1001;129,1005;130,1011;130,1014;130,1016;129,1023
134,2;133,6;134,10;134,12;135,16;132,23;135,26;132,28;135,35;132,38;135,43;133,45;134,48;133,53;134,56;134,61;133,65;132,69;134,74;133,78;135,80;132,84;135,88;133,92;135,98;134,103;134,105;134,111;135,113;134,118;133,123;135,125;135,128;132,135;133,138;132,141;135,147;135,149;132,152;134,159;133,162;135,166;133,171;134,175;134,176;135,181;132,185;134,191;134,194;134,196;132,202;135,204;134,208;134,213;132,219;135,220;134,224;132,231;135,232;132,238;133,242;133,244;134,250;134,254;133,259;135,261;135,266;132,269;132,272;135,276;135,282;132,287;134,291;133,294;135,296;135,302;133,305;132,311;134,314;135,317;132,321;135,326;132,331;133,334;133,338;133,340;132,344;133,348;133,355;134,358;134,360;135,366;133,368;133,372;132,377;132,383;132,386;132,390;135,394;135,399;135,402;135,407;135,409;133,414;133,417;133,423;133,425;135,430;132,435;133,437;134,440;134,445;134,451;133,452;135,459;134,460;134,464;134,470;132,472;132,476;133,481;133,485;133,490;132,492;132,496;135,503;132,506;133,508;134,513;135,519;132,520;132,527;134,529;134,533;132,539;134,543;132,547;134,551;133,555;134,558;135,562;135,565;135,570;135,574;132,578;135,582;132,585;132,590;134,594;134,599;132,603;133,606;132,608;135,614;132,618;132,620;132,627;133,631;133,632;135,638;135,643;133,647;135,648;135,655;132,656;134,662;135,667;132,669;135,675;135,678;134,682;132,685;133,690;132,693;132,699;135,702;133,704;134,711;134,715;135,716;134,721;134,726;132,728;134,735;135,736;132,741;134,744;133,750;135,752;133,758;133,760;133,765;134,770;133,773;134,779;132,783;133,786;135,790;132,793;132,798;133,801;132,806;132,810;132,815;132,818;133,822;132,827;134,829;132,835;132,838;133,842;135,846;132,848;134,852;133,858;135,862;134,864;135,870;132,874;132,876;135,881;132,887;133,888;133,893;133,899;133,901;135,907;134,909;132,915;134,917;135,923;133,927;134,931;133,935;135,938;133,943;132,945;133,950;132,955;133,959;135,961;132,967;133,971;133,974;132,978;133,980;135,986;132,989;132,994;132,997;132,1001;133,1007;133,1011;134,1012;134,1017;134,1021
137,1;138,6;138,11;137,15;136,17;139,21;138,26;137,29;136,33;138,37;136,40;136,45;139,49;138,55;138,59;137,62;138,66;138,70;139,74;136,79;136,80;137,84;136,89;137,92;136,98;137,100;136,104;139,108;138,114;139,117;138,123;139,125;137,129;139,133;137,139;136,141;137,145;139,150;137,154;136,158;138,161;136,165;137,170;136,172;138,177;136,181;137,185;137,190;138,195;139,197;139,201;136,205;136,209;136,214;136,219;138,221;138,224;139,230;136,233;136,236;136,242;136,245;139,249;139,253;137,256;139,263;136,267;138,270;139,272;139,276;137,283;137,285;139,289;137,295;139,297;136,301;136,306;139,310;137,312;138,319;136,320;137,327;139,331;139,334;136,337;137,342;139,346;138,349;139,352;139,357;139,360;138,367;136,371;136,374;138,376;137,380;136,387;137,391;139,393;139,398;137,402;137,404;138,408;138,412;136,417;136,422;139,427;138,430;136,433;138,436;137,440;137,446;139,451;137,455;139,458;138,462;136,467;139,469;138,475;136,479;139,482;137,485;136,490;138,493;138,499;136,502;137,505;139,510;136,514;138,518;136,520;136,524;139,531;138,533;137,536;138,543;137,546;139,551;139,552;137,557;136,560;137,566;139,571;136,572;138,578;138,583;137,587;137,590;138,594;137,599;139,602;138,604;136,609;138,612;138,618;139,623;139,627;139,629;138,632;139,639;136,640;137,646;137,649;137,653;137,656;136,663;136,666;136,668;136,672;137,679;138,683;136,684;138,688;138,693;136,699;137,701;138,707;136,708;136,712;137,718;139,723;138,727;137,730;138,735;139,736;137,741;137,745;137,751;137,752;136,759;138,760;139,766;138,769;137,774;137,778;136,780;138,785;137,788;138,794;136,799;136,800;136,805;139,810;136,812;137,818;139,820;136,825;136,830;137,832;137,837;138,840;138,845;136,849;139,852;139,858;138,862;138,866;139,871;138,875;136,879;139,880;138,885;137,888;136,892;139,897;138,900;139,904;137,911;138,915;136,919;137,921;139,927;136,928;138,935;138,938;136,941;138,947;138,950;138,954;138,957;138,960;138,966;136,968;137,972;138,978;138,983;138,986;138,990;138,994;139,998;136,1001;136,1007;138,1011;136,1014;139,1018;139,1020
141,1;143,4;140,10;141,13;141,18;140,20;141,26;140,29;142,34;141,38;141,42;143,47;143,48;141,52;143,59;143,62;140,67;142,69;141,74;141,78;143,83;140,87;140,90;143,93;140,97;141,100;140,105;140,110;143,115;141,117;141,120;141,127;140,129;140,133;143,136;140,141;140,146;142,148;142,152;141,157;143,160;142,166;143,169;142,173;142,176;142,182;141,185;141,191;141,193;142,198;142,202;142,207;143,209;143,214;142,217;143,222;143,224;142,229;140,235;142,239;140,241;141,245;143,248;143,254;143,259;140,261;141,265;142,268;141,274;140,276;140,282;142,286;140,290;140,295;140,298;140,301;142,307;141,310;140,312;143,317;142,322;142,325;143,331;143,333;142,337;142,342;143,344;141,351;142,354;143,358;143,360;142,364;140,371;140,374;143,376;140,382;143,387;140,391;142,394;140,396;141,402;140,407;143,409;140,413;143,419;140,421;140,425;141,429;141,434;141,436;142,442;143,444;143,451;140,455;142,459;140,462;143,464;141,468;141,473;142,479;142,482;141,486;142,488;140,493;143,498;141,502;141,504;140,509;142,514;142,516;141,520;142,526;140,530;143,534;141,539;141,540;142,545;143,549;143,553;142,557;143,560;141,564;142,570;141,574;143,578;141,583;141,585;143,591;140,594;142,596;142,600;141,604;142,611;143,613;143,619;142,623;142,626;143,630;140,634;140,638;142,642;143,645;143,649;140,653;141,659;143,660;141,665;140,668;141,673;143,676;143,681;140,685;143,688;141,695;141,696;140,701;141,706;141,711;141,714;141,718;143,723;142,724;142,731;142,733;140,737;142,741;143,745;140,749;142,752;141,757;140,760;142,765;143,771;140,775;142,777;140,780;142,786;143,788;140,793;142,796;142,801;141,807;141,811;140,813;141,818;140,820;140,824;142,828;141,835;141,839;140,842;142,847;142,849;143,854;143,858;142,862;142,866;140,871;143,873;141,877;140,882;142,884;142,890;142,893;140,896;142,903;141,905;143,911;141,915;140,919;140,921;140,925;140,930;142,934;140,938;143,941;141,947;140,948;142,952;140,958;140,960;142,966;142,971;140,974;140,976;140,981;142,986;142,989;140,995;142,998;142,1002;142,1004;140,1009;142,1014;140,1018;142,1022
146,3;145,5;144,11;144,15;145,19;146,21;145,26;147,31;145,35;144,39;146,43;145,46;145,51;145,53;147,56;144,62;146,65;145,71;145,72;147,77;146,83;146,86;145,91;146,95;146,96;147,102;144,106;146,109;144,115;144,116;145,123;147,124;147,131;145,133;147,136;147,141;147,146;145,151;146,153;147,157;145,161;147,167;145,169;145,174;145,177;147,180;146,187;145,190;145,194;147,197;144,203;147,207;145,210;146,213;147,219;145,222;144,226;147,228;145,235;145,237;145,241;146,245;146,250;147,253;146,257;145,263;146,266;145,270;147,272;147,279;144,283;145,287;145,290;147,292;147,298;147,300;146,305;145,311;145,312;145,318;146,323;147,327;147,331;147,335;144,338;147,343;145,344;146,350;144,355;146,356;146,363;145,365;146,368;146,375;147,378;145,380;146,386;146,391;146,392;145,399;144,403;145,404;147,410;145,412;145,418;145,420;146,427;144,428;145,435;144,436;144,442;144,447;146,449;145,454;146,456;144,461;145,465;144,470;147,473;147,479;146,483;145,487;144,489;144,492;145,498;147,503;144,506;145,510;147,513;146,517;147,520;146,525;146,529;145,532;147,539;144,541;147,547;144,549;146,554;145,556;146,561;145,567;147,570;147,575;144,577;147,582;147,586;144,590;147,595;147,598;147,603;145,605;146,611;147,613;147,618;144,622;147,625;147,629;145,633;146,639;144,641;147,646;146,648;147,654;145,659;145,663;146,666;146,671;147,675;147,677;146,681;144,684;145,691;147,693;146,699;146,701;145,707;146,710;147,714;145,718;144,722;146,726;147,728;146,735;146,739;144,742;145,744;144,749;146,753;144,756;145,762;144,764;147,771;144,774;144,776;145,780;145,785;144,789;147,792;147,799;147,801;145,805;146,808;146,814;144,819;146,823;144,827;147,830;144,833;144,837;147,842;145,845;147,848;144,854;144,857;144,860;146,864;144,868;146,875;147,876;145,881;145,884;146,890;145,892;144,897;146,903;147,905;146,911;145,912;147,916;147,923;145,927;147,930;144,932;145,938;144,941;147,947;146,948;146,952;145,958;146,960;146,965;146,971;147,974;144,978;147,981;144,984;144,989;147,995;147,997;144,1000;147,1006;146,1010;146,1014;147,1016;147,1022
150,3;151,5;150,10;150,14;148,18;150,21;149,25;148,28;150,35;149,38;149,41;148,46;149,51;150,54;150,58;149,61;150,65;150,68;149,73;148,76;151,82;151,85;151,88;151,92;150,99;150,101;151,105;151,111;148,115;150,119;150,123;151,127;149,130;151,133;148,138;149,142;148,147;150,151;150,153;149,159;151,161;149,165;150,168;148,173;149,178;151,183;149,186;150,191;149,194;151,198;149,203;148,204;148,208;148,212;149,219;150,220;149,224;148,229;150,235;150,237;150,241;150,245;150,250;151,252;148,256;149,260;148,265;149,270;150,274;150,277;150,283;150,284;150,288;149,295;149,297;148,300;151,306;148,308;149,313;149,318;150,321;148,324;151,329;148,334;148,336;150,342;148,347;150,351;151,353;150,357;148,362;148,364;149,368;150,372;148,377;148,382;151,386;151,391;150,393;148,399;151,403;150,405;149,409;151,413;148,417;151,421;151,424;149,428;149,432;150,438;151,442;150,444;148,450;148,453;148,456;148,463;148,466;149,468;149,474;148,476;151,480;150,485;149,488;148,492;151,498;149,501;149,505;148,508;150,515;151,517;150,522;150,524;149,530;150,534;150,538;148,541;148,544;148,550;149,552;148,557;151,560;149,566;148,571;149,573;151,577;148,583;150,587;150,591;148,594;150,597;150,603;149,605;150,609;148,615;150,618;150,622;151,624;150,629;149,632;149,638;149,641;149,647;148,648;148,653;148,659;149,660;148,667;149,668;149,675;151,677;149,683;151,684;150,688;149,693;149,697;149,701;149,706;151,710;149,715;150,719;149,722;151,725;149,731;148,732;148,736;149,742;151,744;149,750;151,753;149,757;148,763;151,766;151,768;151,773;149,776;149,783;149,787;149,790;150,792;149,799;148,803;150,807;151,809;149,815;150,818;148,821;148,827;149,830;150,835;148,838;151,841;149,846;150,851;149,852;149,856;151,861;148,864;148,869;148,874;150,877;148,881;151,887;151,889;149,892;151,899;149,901;151,906;148,908;150,915;150,918;148,922;148,924;150,928;149,933;148,936;150,943;148,947;148,950;148,952;150,958;151,960;149,965;149,970;151,974;149,978;149,981;149,985;149,988;151,992;151,998;151,1003;149,1006;151,1009;150,1013;148,1016;148,1022
155,3;152,4;155,8;152,13;154,16;155,21;153,24;153,31;154,33;153,37;155,40;154,47;152,50;155,52;155,59;153,61;152,64;153,71;155,73;153,77;153,82;154,85;154,88;153,92;155,97;152,100;153,106;152,110;155,113;152,119;153,121;152,125;155,128;153,135;153,139;154,140;152,145;152,150;152,154;154,156;153,162;153,166;152,168;153,173;152,178;152,181;152,186;154,189;154,192;154,199;153,202;153,204;155,208;155,214;155,216;154,220;152,225;152,228;154,235;155,238;152,242;153,244;155,251;153,253;152,259;153,260;153,266;153,269;155,274;153,276;154,283;154,287;155,288;155,294;154,298;153,302;155,304;152,308;155,312;154,318;154,320;154,327;152,330;155,332;154,336;155,340;154,347;152,349;155,353;155,356;153,362;153,364;154,370;154,375;152,377;155,380;153,384;155,390;154,393;154,397;155,403;152,404;155,408;155,413;155,418;153,420;152,425;152,430;154,434;155,439;154,442;155,447;153,451;154,452;153,459;154,462;153,467;153,471;152,475;154,479;152,483;152,487;154,488;154,493;155,498;152,501;152,505;152,508;153,515;152,517;152,521;155,526;154,529;152,532;155,539;152,541;155,544;154,548;155,554;155,556;154,563;153,565;155,569;153,574;153,578;153,582;155,585;152,588;155,595;154,596;152,601;152,604;155,610;152,613;153,619;154,622;154,626;154,631;154,632;154,639;153,642;153,645;152,648;154,652;154,656;153,662;155,665;154,670;152,674;153,678;155,683;153,687;153,691;155,692;153,698;153,702;152,707;154,709;154,713;155,717;154,722;152,724;153,728;155,733;153,739;155,741;152,744;154,750;155,752;152,758;153,763;153,765;153,770;153,775;154,777;153,780;152,784;155,788;154,792;153,796;155,802;154,804;153,809;154,812;153,819;154,822;154,824;155,828;155,833;155,837;155,843;153,846;155,848;155,853;152,859;154,860;152,864;152,869;155,873;153,879;153,882;153,885;152,891;154,894;154,896;152,901;154,907;152,910;154,913;153,917;155,923;152,924;154,929;154,933;152,938;152,943;153,947;152,951;154,954;152,956;155,960;154,965;152,968;154,972;152,978;153,981;154,986;154,990;154,992;154,997;154,1000;154,1004;155,1010;153,1014;153,1016;153,1021
158,2;156,7;159,8;157,14;156,17;158,20;157,24;157,28;158,35;159,36;157,41;158,45;159,51;156,53;156,58;159,61;159,64;156,70;157,75;156,77;159,82;159,84;158,89;157,94;159,97;156,102;156,107;157,108;159,112;158,118;159,123;159,126;158,130;158,132;157,137;156,141;156,146;156,151;159,154;157,156;158,161;157,164;158,170;158,174;158,176;156,182;158,184;158,191;158,194;156,196;159,202;158,204;156,210;159,212;158,217;159,222;156,227;158,231;159,232;156,236;158,242;158,247;158,250;156,252;158,257;159,263;157,264;156,270;156,272;159,279;158,281;156,287;156,291;159,295;158,298;158,301;157,304;157,309;157,313;158,318;159,323;156,324;156,328;158,335;157,337;158,340;159,344;158,349;159,353;158,357;157,360;158,364;159,368;158,375;157,379;158,380;157,385;159,389;159,393;158,398;158,403;157,404;159,411;157,415;156,416;156,423;158,426;156,428;158,435;157,436;159,441;159,446;156,451;157,454;159,456;158,463;157,467;156,470;159,472;156,478;158,482;158,486;159,488;157,495;156,497;157,502;157,504;158,508;156,515;157,519;158,520;158,527;156,531;158,534;158,536;157,543;157,547;156,550;158,554;156,557;157,563;159,564;156,571;156,573;159,578;158,581;156,587;157,588;158,594;157,598;158,600;157,607;159,611;157,614;156,616;158,620;158,626;157,629;157,633;156,637;158,642;159,645;159,650;158,654;159,659;158,660;158,667;156,671;158,674;158,676;156,682;158,684;156,691;158,693;158,696;158,702;157,706;159,709;156,715;158,717;159,722;157,725;156,731;159,733;159,737;159,743;156,745;158,749;156,755;157,758;156,762;158,766;158,771;156,774;157,779;158,782;159,787;159,790;156,792;156,796;157,802;157,805;159,810;159,812;159,817;156,822;159,824;156,829;156,835;156,837;158,840;156,846;158,851;157,855;158,859;158,860;158,864;158,868;158,873;159,877;158,880;158,884;158,891;157,895;159,899;158,903;157,907;158,909;159,913;156,916;158,922;158,924;157,930;159,933;159,939;158,942;157,947;156,949;159,952;159,956;156,963;159,965;157,968;156,972;158,977;156,981;159,987;159,988;156,993;159,998;156,1002;156,1004;157,1010;157,1015;158,1017;158,1023
160,3;161,7;162,11;161,13;162,16;160,23;163,25;160,29;163,32;160,36;163,41;160,47;163,50;160,52;160,56;163,63;160,67;162,69;162,74;161,76;160,83;162,85;160,90;160,94;163,97;161,103;162,106;160,108;162,115;163,117;160,121;160,125;160,128;161,132;161,137;163,143;163,145;161,151;160,153;163,156;163,162;161,164;163,171;161,174;162,177;160,182;162,187;160,188;163,192;163,199;160,203;161,207;163,209;163,213;162,218;160,223;163,224;163,230;163,235;161,236;160,240;162,245;163,251;160,252;160,259;160,262;163,265;163,268;163,273;161,277;162,281;163,285;160,288;163,294;163,296;160,301;161,304;162,310;161,315;160,319;161,322;161,326;162,328;162,332;160,338;160,343;163,344;160,348;161,354;163,359;162,362;162,365;163,368;160,374;162,379;163,380;161,385;161,389;161,392;161,396;163,402;163,404;163,410;161,413;160,417;161,420;160,427;163,431;160,434;163,437;162,443;162,446;163,448;161,455;161,459;163,462;163,465;160,470;160,473;160,478;161,481;162,485;160,490;162,494;161,499;162,502;161,506;163,511;163,514;161,516;163,520;161,524;162,531;162,532;163,537;163,541;162,544;162,549;160,555;160,558;162,562;162,565;163,569;161,574;162,579;163,581;162,586;161,590;163,592;160,598;160,600;162,605;162,610;162,614;162,618;162,620;161,626;160,631;162,632;160,639;160,643;163,644;161,650;163,655;161,656;163,663;160,666;161,669;161,674;163,678;161,681;161,684;161,691;161,694;161,697;161,703;161,706;161,710;161,713;161,718;162,721;163,724;163,730;162,733;160,738;162,743;163,747;160,750;160,752;161,757;163,762;163,766;162,768;163,774;162,776;160,782;163,785;161,789;160,794;163,799;160,802;160,804;163,810;160,814;161,816;161,822;161,824;162,831;162,833;163,839;162,840;161,845;163,850;163,853;160,858;160,860;162,866;162,869;163,873;161,876;162,883;160,884;162,890;162,894;162,897;160,902;163,904;161,908;160,913;160,916;160,920;163,925;163,930;161,933;162,939;163,943;161,944;160,949;163,953;160,959;161,963;162,964;161,968;161,975;163,978;162,980;162,985;162,989;160,993;160,998;162,1001;160,1006;162,1009;160,1015;160,1016;163,1023
167,1;166,7;166,9;166,13;164,17;167,20;167,27;164,30;167,33;165,39;166,42;165,47;164,51;167,52;165,56;164,63;165,65;164,69;167,75;165,77;166,83;164,84;164,90;166,92;165,97;166,101;167,104;165,110;167,113;165,118;165,123;166,127;164,130;165,133;167,139;165,143;166,145;165,151;165,152;166,159;166,163;166,167;164,170;165,172;166,177;166,181;164,185;165,190;165,194;165,197;165,201;166,204;167,208;164,212;167,218;164,223;164,226;167,230;166,234;167,236;165,242;167,245;165,250;167,252;167,259;167,262;167,266;164,268;164,275;167,277;167,280;167,285;165,290;166,292;167,296;167,303;164,304;167,309;167,312;164,318;167,322;166,325;166,328;167,332;165,338;166,342;165,346;165,350;167,353;164,356;166,362;165,364;166,368;167,374;167,378;167,383;167,386;164,390;165,392;165,399;166,401;167,404;166,409;166,413;164,417;164,423;166,424;167,431;165,435;167,436;164,443;166,446;165,450;166,452;166,457;167,462;165,466;166,471;167,472;166,476;165,482;165,487;165,491;166,493;167,498;166,502;167,506;166,509;166,513;166,517;165,523;165,524;165,530;165,535;165,539;164,543;165,544;166,548;166,555;164,558;164,560;167,565;166,569;165,575;165,579;166,580;167,584;166,588;166,595;164,599;164,600;165,607;167,611;165,613;165,618;164,622;167,626;166,629;167,634;167,636;164,643;164,646;164,648;164,655;164,658;166,661;165,667;165,669;164,673;164,676;164,681;165,684;164,691;167,692;164,699;164,700;165,705;165,708;165,712;164,716;164,721;166,727;164,729;164,732;164,736;164,741;164,745;166,751;166,752;166,756;165,761;166,764;165,768;166,773;166,778;166,781;167,785;167,788;165,793;165,796;164,800;167,804;164,810;167,812;165,819;165,822;167,827;165,831;165,832;166,837;165,840;164,844;164,851;166,855;164,859;167,861;165,866;165,870;164,874;167,877;165,881;166,886;166,890;166,894;167,899;166,902;166,904;165,910;166,913;166,916;164,920;165,925;165,928;167,935;167,938;166,940;164,947;164,948;167,953;167,957;164,960;166,965;166,970;165,973;164,976;167,980;166,984;166,988;165,994;167,998;167,1000;166,1006;165,1009;166,1014;166,1018;165,1021
168,0;169,5;170,11;171,12;170,17;168,20;170,26;169,31;168,33;169,36;170,40;169,46;171,48;168,53;168,56;170,60;170,67;171,71;170,75;170,76;170,81;170,87;171,89;170,93;168,99;168,103;169,107;168,109;168,113;168,119;171,122;169,125;171,128;170,134;171,137;169,141;168,147;168,151;170,152;169,159;168,162;170,166;170,171;171,172;171,176;169,182;170,185;169,188;169,195;171,196;168,202;169,205;171,209;170,214;168,218;169,220;170,225;170,231;169,233;169,236;169,242;170,244;169,251;171,253;170,257;168,261;169,264;168,268;168,274;171,277;171,280;171,286;171,288;168,292;168,296;168,300;168,306;168,308;168,313;168,317;169,320;171,326;171,328;170,333;171,338;171,341;168,346;168,348;168,352;171,356;168,362;168,365;168,370;169,373;169,379;171,383;170,385;169,390;169,395;170,398;169,400;171,406;171,408;168,415;171,416;168,421;171,424;169,430;171,433;170,439;170,442;169,444;170,451;168,452;170,459;170,463;169,464;169,469;171,472;170,476;168,482;171,485;170,491;171,495;168,499;169,501;169,506;170,509;170,513;168,519;169,523;170,524;171,529;170,532;171,536;170,542;169,544;171,549;169,553;169,558;171,563;169,565;168,568;169,575;170,577;170,581;168,585;170,591;170,595;171,597;170,603;168,604;169,608;171,613;169,619;169,622;168,625;168,630;171,633;169,636;171,640;171,646;170,648;168,654;168,657;169,660;170,666;169,668;170,674;168,679;170,681;168,686;170,688;170,693;168,696;169,701;170,707;170,708;169,712;170,718;168,721;168,727;170,730;171,732;171,737;169,743;170,747;170,750;171,752;168,756;171,762;171,765;170,768;169,772;170,777;170,780;168,784;168,789;168,792;169,798;171,802;171,805;169,810;169,815;170,816;169,822;169,827;168,831;168,833;170,836;168,843;169,844;168,849;171,852;170,857;170,861;169,865;171,869;168,872;168,878;169,883;171,887;171,890;168,893;168,897;171,903;168,907;169,911;169,915;169,919;169,923;169,926;171,930;169,932;170,936;168,943;170,947;171,950;169,953;170,956;170,963;168,966;170,971;171,974;170,978;171,982;171,986;168,988;169,993;169,999;171,1002;171,1004;170,1010;169,1014;170,1018;171,1020
173,3;175,7;174,10;172,14;172,16;173,20;172,25;173,29;175,33;175,39;173,40;173,46;172,48;174,54;172,59;174,62;172,64;175,69;174,74;173,77;174,82;175,87;172,91;172,95;174,96;175,101;174,107;173,110;175,114;172,116;173,123;175,126;175,129;173,135;172,138;174,143;172,147;173,151;175,155;174,156;175,163;175,167;173,171;173,173;175,176;172,181;175,184;175,188;175,193;173,198;175,203;173,207;174,208;175,214;172,219;174,223;172,227;174,228;172,233;172,237;172,241;175,244;172,250;173,253;174,257;173,263;174,266;174,271;174,274;174,279;174,283;174,286;174,289;174,295;174,296;174,301;174,305;172,310;172,314;173,319;175,322;175,326;175,330;172,332;172,339;175,342;174,346;174,348;175,352;173,357;175,362;172,365;173,368;175,374;175,377;174,382;175,384;172,390;175,395;174,399;173,400;175,406;175,410;173,413;173,417;172,421;174,424;174,430;175,435;172,437;174,440;173,445;174,450;175,452;172,459;173,462;173,464;172,470;172,473;172,477;174,483;173,484;173,488;174,493;174,498;175,500;174,505;173,510;175,514;172,517;173,521;174,524;173,531;173,533;175,539;172,540;173,547;175,548;174,554;172,558;173,563;174,566;173,568;174,574;174,577;173,581;174,584;172,591;175,595;173,598;175,603;175,606;174,609;174,614;174,616;173,622;172,627;174,631;174,632;175,637;172,640;172,645;173,648;174,652;173,656;172,662;174,664;173,669;174,674;172,676;173,683;175,684;174,691;172,692;175,699;175,701;174,704;172,708;174,712;173,718;173,723;175,724;174,728;174,735;175,736;175,741;172,744;172,751;174,755;174,756;173,761;174,766;174,769;173,772;173,779;173,781;173,785;175,788;173,794;173,797;175,803;175,804;172,810;173,813;175,816;172,820;175,826;175,831;173,833;173,836;172,841;174,844;175,850;174,853;175,857;173,862;175,867;173,868;172,873;172,878;173,880;172,887;173,891;172,892;175,899;173,902;174,907;173,909;175,913;172,916;175,923;172,924;174,930;174,935;174,937;172,941;175,944;173,948;175,954;172,958;175,962;175,966;174,971;173,972;172,976;175,983;174,985;172,989;173,993;175,996;173,1003;174,1004;174,1011;175,1014;174,1019;175,1021
179,3;179,4;179,8;176,14;176,16;176,23;179,26;179,31;176,33;178,36;178,40;179,46;179,48;176,54;179,57;178,63;177,65;176,68;178,73;179,79;177,81;176,87;178,91;177,92;176,98;178,100;177,104;177,111;178,115;177,116;179,122;176,125;179,131;177,135;176,136;179,140;176,147;176,151;176,154;176,158;177,163;179,167;178,171;177,175;176,179;177,180;177,184;177,189;178,194;176,198;178,201;178,206;179,211;177,215;178,219;176,223;178,224;179,228;178,235;179,239;178,243;177,245;179,250;176,253;176,259;177,263;177,266;177,268;179,274;178,277;178,283;177,287;177,288;177,293;178,299;177,300;176,306;176,309;177,312;177,319;177,320;176,324;178,328;176,333;176,336;177,340;177,345;178,349;179,352;179,359;177,363;179,367;176,369;177,373;176,377;177,382;179,385;178,389;178,394;179,398;178,401;178,405;178,409;177,412;178,417;178,423;178,425;176,428;178,432;178,438;178,440;176,447;178,451;179,454;177,459;176,461;178,467;177,471;178,475;176,478;178,483;179,484;177,491;177,492;179,499;176,501;179,506;176,508;177,513;178,519;176,523;177,526;178,528;177,534;178,537;176,542;179,544;176,549;179,552;178,559;177,561;178,564;177,568;178,575;177,576;178,583;176,586;178,589;177,594;176,597;176,601;179,604;177,608;178,614;178,617;179,621;176,626;177,630;177,632;176,638;179,643;176,647;179,651;178,652;177,658;179,662;178,667;178,671;177,673;178,679;179,682;179,686;179,690;179,692;179,696;178,700;179,705;179,708;178,715;176,719;177,721;179,727;178,730;179,735;177,739;176,742;179,744;179,748;176,752;176,757;177,762;177,766;177,770;178,772;179,776;179,781;176,785;179,789;177,792;177,796;177,800;178,805;179,811;177,813;179,818;176,821;178,824;178,829;176,835;177,838;176,842;179,847;178,851;176,855;178,859;176,863;177,867;178,871;178,872;178,879;177,880;177,886;177,889;177,892;178,898;177,900;178,907;178,910;177,912;179,916;176,921;178,927;176,931;176,932;179,939;178,941;177,947;178,948;176,953;179,956;179,963;178,967;178,970;179,975;178,978;178,982;179,985;178,990;179,993;179,999;177,1000;179,1006;179,1010;179,1015;176,1017;176,1020
181,1;182,5;180,10;181,12;182,16;181,22;182,26;182,31;183,33;183,37;180,41;182,46;182,51;182,54;180,56;180,61;182,64;180,68;181,75;182,77;180,80;182,85;182,89;181,95;180,98;182,100;180,106;182,109;183,112;180,118;180,122;183,125;183,131;181,135;180,138;182,140;182,147;183,151;180,154;180,159;182,163;181,164;180,171;182,174;180,177;182,181;182,185;181,188;182,194;182,196;183,200;182,205;181,208;180,213;180,219;180,222;180,227;180,229;183,233;181,239;180,243;181,247;183,248;183,253;182,256;180,261;180,266;180,271;183,274;181,277;180,280;181,285;181,288;183,293;181,299;180,303;181,307;180,310;181,314;181,319;181,323;181,324;182,329;183,334;181,337;182,340;180,347;181,348;182,352;182,356;180,360;183,365;181,369;181,374;181,377;182,383;180,386;183,389;182,393;180,398;182,402;183,404;180,411;181,413;181,419;183,422;183,425;180,429;182,434;182,438;181,441;181,444;181,448;181,454;180,456;180,462;181,467;183,470;180,473;183,478;180,482;182,486;182,491;180,495;180,498;181,503;181,507;181,509;180,514;182,516;180,522;183,527;181,531;183,533;181,538;180,541;180,546;180,551;181,552;182,559;182,560;180,564;181,571;180,572;180,577;183,581;180,584;183,590;181,592;183,596;180,603;181,606;182,608;183,614;183,619;181,623;180,624;182,629;180,635;183,639;183,641;183,646;182,650;183,652;182,658;183,661;183,665;180,670;180,673;183,678;183,682;180,686;183,690;181,692;180,699;181,702;183,706;183,709;182,713;180,718;181,722;181,725;183,729;183,732;183,736;182,743;181,747;180,748;183,754;183,759;182,760;180,767;183,771;181,774;182,779;183,783;181,786;181,791;183,792;180,799;180,803;183,804;182,808;180,813;182,818;180,821;182,824;182,830;182,834;183,836;183,842;180,845;181,850;182,854;182,856;182,863;180,865;180,871;181,873;180,877;182,881;180,887;182,888;180,895;183,896;182,903;180,907;183,910;182,914;183,917;182,921;180,927;182,931;182,935;180,937;182,941;182,946;180,950;181,954;181,959;180,962;181,967;182,970;180,975;180,978;181,981;183,984;181,988;182,994;183,998;181,1002;183,1007;183,1008;183,1012;181,1016;180,1021
187,1;187,5;186,10;184,12;186,19;184,20;185,27;185,28;185,35;185,36;184,41;185,47;187,48;187,53;186,56;185,63;184,64;187,68;184,75;184,78;186,83;186,86;186,88;184,93;184,96;184,103;187,105;186,108;184,115;187,119;187,121;187,127;185,131;184,132;184,136;185,142;184,144;187,151;187,155;185,156;187,162;184,165;187,170;184,172;184,178;184,183;187,185;186,191;187,195;185,196;186,202;185,205;184,209;187,214;184,219;184,223;187,227;186,229;187,232;186,236;185,240;185,246;187,248;186,253;187,259;184,263;184,266;187,271;186,274;184,276;187,280;184,285;187,288;184,295;185,296;184,301;185,307;187,310;185,314;184,319;185,323;187,326;187,330;185,332;184,336;184,341;184,347;185,349;187,355;186,358;185,363;187,364;187,371;184,373;187,376;184,381;184,387;186,388;184,393;185,397;186,403;185,404;185,410;184,415;187,419;186,422;186,427;184,429;186,432;184,436;185,440;184,447;184,449;184,453;187,457;187,463;184,467;185,468;186,475;184,478;186,481;186,486;187,488;185,494;186,496;187,502;187,505;187,510;185,515;187,518;186,521;185,524;185,530;187,533;187,539;185,541;187,546;187,551;185,552;186,557;186,560;187,567;185,568;185,573;187,579;184,583;184,585;185,589;186,594;186,596;185,602;186,606;186,609;185,615;185,617;187,623;187,625;185,629;184,633;187,637;187,640;185,644;187,649;187,655;187,656;186,662;184,665;187,671;184,674;184,679;186,682;185,684;184,689;184,694;187,697;185,700;185,707;186,711;184,714;187,719;187,721;186,726;186,729;186,733;186,736;187,743;185,744;187,749;184,753;184,758;186,760;184,766;187,768;186,774;186,778;184,782;187,784;187,790;187,792;187,798;186,800;187,805;185,808;184,812;187,816;184,821;184,827;184,830;187,833;186,837;187,842;186,844;187,850;186,854;185,857;185,860;187,866;185,869;184,875;186,878;186,881;185,885;187,888;184,894;187,898;187,903;187,904;186,909;185,914;187,918;184,920;186,927;187,928;187,935;184,938;186,940;185,944;184,949;187,953;186,957;184,963;186,965;187,968;187,973;186,976;185,981;186,984;187,989;187,994;185,996;184,1002;187,1007;184,1008;185,1014;185,1018;184,1021
191,0;188,4;190,8;190,15;188,16;189,21;191,24;191,31;189,34;189,39;188,43;191,44;191,50;191,54;189,59;190,60;190,66;191,71;191,73;190,76;189,82;188,87;189,90;191,92;189,97;190,103;191,107;191,110;189,115;188,119;191,120;190,126;190,131;191,135;191,139;189,142;188,145;189,149;190,152;190,158;189,161;190,166;188,169;189,174;190,176;189,180;189,187;189,189;188,195;189,197;190,202;191,205;191,211;190,213;188,218;190,221;189,225;191,228;188,232;191,238;188,242;188,247;189,250;188,252;188,259;189,261;188,266;189,271;189,275;188,276;190,280;190,286;188,291;188,292;191,298;189,301;189,304;189,310;188,314;188,318;189,320;189,325;191,329;189,334;191,339;191,341;190,347;189,350;191,352;188,359;191,361;191,366;190,370;189,373;191,379;190,383;189,386;190,388;188,393;191,399;190,402;189,406;191,409;191,412;190,417;188,423;188,427;191,430;191,434;188,439;189,440;188,445;189,450;190,453;191,456;190,463;190,466;190,471;189,474;190,477;190,480;188,485;190,488;189,494;190,498;191,502;189,507;190,508;190,514;190,517;191,523;188,524;190,530;188,533;188,536;189,543;188,544;188,550;189,553;189,559;189,563;189,567;188,570;190,572;190,576;191,583;191,587;189,588;188,595;189,598;188,600;190,607;189,609;191,612;189,616;190,620;190,627;191,631;189,635;189,637;189,641;190,646;189,650;189,655;189,656;190,663;190,667;191,669;190,675;188,677;191,682;189,684;188,688;191,694;189,699;190,701;188,706;188,710;189,715;189,717;190,723;188,724;190,729;188,733;188,737;188,741;190,747;191,748;188,755;189,756;189,760;191,766;191,768;190,772;188,776;190,781;191,784;191,789;189,793;189,799;189,801;191,806;188,809;189,812;191,816;189,820;189,824;189,831;189,834;190,837;190,842;188,846;191,848;190,853;189,859;188,863;188,866;189,871;190,873;191,876;191,883;190,884;190,888;188,895;189,898;191,901;190,904;188,911;190,914;191,916;190,923;190,925;191,929;190,932;191,936;188,942;190,947;191,948;188,955;191,958;189,963;190,966;191,969;189,973;191,976;191,982;191,985;188,991;191,993;190,998;188,1000;189,1004;189,1011;191,1015;190,1017;188,1022
195,3;195,7;193,11;193,12;193,16;195,23;194,24;195,29;193,33;192,36;192,40;193,45;192,49;195,55;193,56;195,60;192,66;195,71;194,73;195,79;193,80;192,87;194,91;195,92;195,97;194,102;194,104;194,110;192,113;194,118;195,123;195,126;193,129;195,135;195,138;192,140;195,145;192,151;194,154;195,158;195,161;195,164;192,169;192,174;192,177;192,182;192,185;192,190;192,192;194,197;192,200;192,204;195,208;192,213;194,219;193,222;193,225;194,231;193,232;192,236;194,241;195,247;195,250;192,253;192,259;194,261;195,264;195,271;192,274;195,279;195,283;193,284;193,291;192,295;192,299;192,301;192,307;194,311;192,314;194,316;195,321;195,325;192,331;194,333;194,336;195,341;193,345;195,348;194,352;192,357;194,363;193,364;194,368;192,373;192,378;195,383;192,387;192,389;194,394;195,397;193,402;195,405;195,408;194,412;195,419;195,420;194,426;192,428;195,435;193,438;192,443;193,445;195,451;195,452;194,456;195,462;194,467;194,470;192,475;192,476;192,483;192,487;192,491;194,492;192,499;192,502;194,506;192,509;192,513;193,517;194,521;195,525;194,530;195,534;195,538;193,542;192,547;192,550;195,552;194,559;193,563;195,565;195,569;195,573;192,579;194,582;192,585;194,591;192,594;194,599;194,603;192,606;192,608;194,612;192,616;194,621;194,627;193,629;192,632;195,636;195,643;194,647;195,650;194,655;192,656;194,660;195,666;195,668;193,672;194,679;194,683;192,685;192,690;195,694;193,697;192,701;194,706;194,709;192,715;192,719;193,723;194,727;193,729;194,735;192,738;193,743;193,746;195,748;192,753;193,757;195,762;193,764;192,768;193,774;194,778;192,780;195,785;195,789;194,794;193,798;192,800;194,806;192,811;194,812;193,819;192,820;194,825;194,828;193,833;194,837;194,842;192,847;193,848;192,853;193,856;195,862;193,864;192,869;193,872;193,878;194,882;195,887;194,889;195,895;194,898;193,902;195,906;195,908;194,912;192,916;192,923;192,926;195,929;194,935;194,936;192,943;192,947;194,951;194,953;194,956;193,962;193,967;193,971;193,975;195,976;193,981;195,984;195,989;195,993;194,997;193,1000;193,1006;194,1009;195,1013;193,1019;193,1022
198,0;196,4;196,10;199,14;198,16;198,21;198,26;196,30;196,35;196,38;199,43;198,45;196,48;197,52;196,56;196,62;198,67;196,70;199,75;198,77;197,80;197,86;199,91;198,95;199,98;196,103;196,106;196,110;199,115;198,116;197,121;197,124;198,129;198,134;196,137;197,140;198,144;197,148;199,153;199,156;196,163;197,165;196,171;198,173;196,176;196,183;196,184;196,188;198,195;199,199;199,200;197,207;196,210;196,215;196,216;198,223;196,225;199,230;196,232;197,238;199,240;199,244;199,251;198,254;196,256;196,261;199,266;199,269;198,274;196,279;196,283;197,286;199,291;198,294;197,297;199,301;199,306;199,309;196,315;197,317;198,323;199,326;198,328;197,335;196,338;199,341;199,345;198,350;196,354;199,357;196,363;198,366;198,370;196,375;198,377;199,380;196,384;196,390;197,393;198,398;196,401;197,406;197,409;197,415;196,416;199,421;199,426;196,431;198,432;199,436;199,441;199,445;198,448;197,454;199,459;196,463;198,466;198,469;199,473;197,479;199,481;199,486;199,491;197,494;198,499;199,501;196,506;199,511;197,512;199,519;196,522;198,524;199,530;198,534;197,538;197,541;197,546;198,550;197,554;198,556;198,561;198,564;197,570;199,572;196,578;197,581;198,586;196,591;199,593;197,596;198,603;199,607;199,610;199,614;197,616;196,620;198,624;199,631;196,633;197,637;196,642;198,646;199,648;199,652;196,658;196,662;199,667;199,668;196,674;196,677;197,682;199,684;196,690;198,692;199,698;197,701;199,704;198,710;199,713;199,717;199,721;197,725;196,731;199,733;199,737;197,742;198,744;197,751;199,754;198,756;199,760;198,767;196,771;198,773;196,776;196,781;196,785;196,790;196,793;196,799;196,803;197,805;199,810;196,813;196,819;198,820;197,827;196,829;196,832;197,838;198,841;197,847;197,850;196,854;197,858;198,863;199,865;196,871;198,874;197,878;199,883;199,884;199,889;199,895;199,899;198,903;196,905;199,908;198,915;196,917;199,921;199,925;197,930;198,935;198,937;196,942;198,944;197,951;196,954;196,959;197,962;196,966;199,969;197,973;199,976;198,983;197,987;199,990;197,995;199,997;197,1003;199,1004;199,1010;196,1013;198,1017;198,1022
202,3;200,5;202,10;200,13;202,18;200,23;203,26;201,28;203,33;203,39;203,43;200,46;200,48;201,52;201,58;203,61;203,65;200,69;203,73;203,76;203,82;201,86;203,91;203,93;202,97;202,103;203,105;203,111;203,115;203,116;202,123;202,126;202,128;200,132;203,139;200,142;203,145;202,148;202,155;203,156;201,161;200,166;200,168;201,173;203,178;202,181;203,186;201,190;200,194;201,199;202,203;201,207;201,211;203,214;201,218;203,223;200,227;201,231;202,234;201,237;203,243;203,247;201,248;201,252;201,258;203,260;200,266;200,269;202,275;202,279;201,282;201,285;202,290;200,294;201,296;200,301;201,307;200,311;201,315;203,319;201,322;201,327;202,331;203,333;203,337;203,343;200,346;203,350;203,355;203,357;200,361;203,364;203,368;202,373;201,378;200,383;200,387;202,389;203,392;200,397;200,403;202,406;203,410;202,412;201,417;202,421;202,425;200,429;200,432;201,437;201,442;200,445;200,449;202,453;203,459;200,461;200,465;203,470;203,473;203,478;201,482;203,487;203,489;203,493;201,497;200,501;201,504;201,509;203,513;203,518;202,523;200,527;200,529;202,535;202,537;200,543;203,547;201,549;203,555;201,557;201,563;201,566;203,570;202,572;201,578;202,580;203,587;201,589;203,592;203,599;203,603;201,604;200,609;203,612;202,617;200,620;200,625;201,630;201,633;200,636;202,642;201,647;201,650;201,654;200,659;203,663;200,666;201,668;202,675;201,679;201,683;202,685;201,688;202,692;202,699;201,703;201,705;203,708;200,714;200,716;200,723;203,727;201,729;200,735;201,739;203,740;202,744;200,749;203,752;203,756;202,762;201,767;203,768;200,773;200,776;201,782;200,787;203,790;202,792;200,798;203,801;201,805;201,811;201,815;203,816;201,822;202,825;201,830;203,833;201,836;203,843;201,845;201,851;201,855;201,859;202,860;201,866;202,869;203,874;201,877;203,881;202,885;200,891;200,892;200,898;200,901;200,906;202,909;202,914;200,919;203,921;201,924;200,928;200,932;202,936;200,941;201,946;200,949;203,954;201,959;201,960;200,964;203,971;200,973;202,978;200,980;203,984;200,990;203,992;202,998;202,1003;202,1007;203,1010;203,1013;203,1018;203,1020
204,3;204,7;207,9;204,12;204,19;206,20;204,24;205,30;207,33;204,36;206,42;204,47;206,48;206,54;207,56;204,63;206,65;207,71;204,75;207,78;206,80;206,86;206,88;204,92;204,97;207,100;207,106;207,108;205,113;207,118;207,121;205,125;206,129;207,132;205,139;207,143;206,146;206,151;206,154;206,156;207,160;205,165;207,170;206,173;206,177;207,181;206,187;207,191;206,192;206,196;207,202;206,205;205,209;205,212;206,217;207,222;207,224;204,230;204,233;206,238;207,243;205,244;207,249;206,255;207,258;204,260;205,267;204,270;206,275;207,277;205,282;205,284;207,289;205,292;204,299;205,301;204,305;205,310;205,315;207,316;205,323;206,327;207,328;206,335;207,339;205,340;205,344;204,351;205,354;204,359;205,360;205,367;204,370;207,375;204,378;206,382;207,386;204,389;206,394;206,397;204,403;207,407;207,410;204,413;206,419;207,423;204,426;205,429;204,432;206,437;204,441;207,446;206,448;207,453;205,456;205,463;207,465;205,471;206,475;207,477;205,480;205,486;205,488;204,494;206,499;207,500;206,505;205,510;206,512;204,519;206,522;206,527;207,530;204,534;206,538;207,541;204,547;206,549;204,554;207,557;207,561;204,565;205,568;205,572;205,577;204,583;204,586;207,591;205,592;205,597;207,602;205,604;206,610;206,613;206,618;207,623;204,624;207,631;207,634;207,636;207,643;205,647;207,649;206,652;204,657;206,661;204,665;206,668;207,674;204,679;205,680;204,685;204,691;207,693;205,698;205,702;206,707;207,711;205,715;207,716;206,723;207,725;206,731;207,732;207,736;207,741;207,744;205,748;206,754;206,756;206,762;205,765;206,769;205,772;206,778;206,783;207,785;206,791;206,792;207,796;206,802;204,807;206,811;204,814;205,817;207,820;206,827;207,828;205,834;206,838;205,843;206,844;207,848;206,855;206,858;207,860;207,866;205,871;205,875;205,879;204,883;207,887;207,890;205,895;205,898;206,903;206,905;207,909;206,913;205,919;206,923;207,924;205,928;205,935;206,937;204,941;206,944;205,951;204,954;206,959;204,963;205,964;205,968;205,972;204,978;204,980;204,986;204,990;207,992;206,996;205,1000;207,1007;205,1010;207,1013;204,1019;207,1020
209,3;211,7;208,11;210,15;211,16;210,23;210,27;208,28;208,33;209,39;211,43;209,46;208,51;208,53;209,58;210,62;211,65;210,69;209,72;211,78;211,81;210,87;211,91;209,94;210,99;208,100;211,106;208,111;210,115;208,118;210,120;211,124;209,129;210,135;211,138;210,141;209,147;211,150;210,155;208,157;210,162;211,165;209,170;209,174;208,176;211,180;211,186;211,189;210,194;208,197;209,203;211,207;208,211;208,215;210,216;210,222;210,225;208,231;208,232;209,236;209,241;210,244;211,250;210,252;209,257;211,260;209,264;211,269;208,274;209,278;208,283;211,286;211,291;211,293;211,297;210,300;208,306;209,308;208,314;209,319;211,320;210,325;211,331;210,334;209,337;209,341;210,344;209,348;208,353;209,357;211,360;208,366;208,368;208,373;210,376;211,381;210,385;208,388;208,393;208,398;209,402;208,405;211,408;211,414;208,419;210,423;208,426;211,428;211,434;209,439;211,440;208,446;208,451;208,455;208,456;209,460;211,466;209,470;209,474;211,478;209,480;210,486;210,489;211,494;208,497;211,500;209,507;208,511;208,515;208,519;211,520;208,524;210,528;211,534;211,539;209,541;209,544;210,548;209,554;209,556;209,562;211,567;209,570;210,574;208,576;210,581;208,585;208,591;210,592;208,599;210,602;209,605;211,609;208,613;210,619;209,621;211,625;211,631;211,635;209,636;208,642;208,644;209,649;210,652;209,656;208,662;208,667;210,668;208,675;210,677;208,683;209,685;209,690;208,692;210,697;209,700;210,704;209,711;211,715;209,718;208,723;210,727;210,729;211,733;211,736;208,741;210,745;209,748;208,752;211,757;208,761;210,765;210,771;208,774;210,778;208,780;209,786;211,788;210,794;210,797;210,801;208,807;208,808;211,813;211,816;211,822;209,827;211,831;210,832;211,838;208,841;209,847;208,850;211,852;209,858;210,862;210,864;209,868;211,872;208,876;211,882;208,885;211,888;211,895;209,899;208,903;209,904;211,909;210,915;210,916;210,920;208,927;209,928;208,934;211,937;211,942;210,945;210,949;210,952;211,956;209,962;208,965;211,969;210,973;208,976;209,982;211,985;209,991;209,993;210,998;209,1003;210,1006;210,1010;210,1013;208,1017;211,1021
214,3;213,7;214,10;212,15;214,16;215,20;214,27;213,31;215,34;215,39;213,42;212,46;212,48;213,55;215,58;214,62;214,65;213,69;215,73;215,77;215,80;214,86;213,90;212,92;213,96;215,101;212,106;213,111;213,113;215,116;215,123;213,124;212,129;215,134;212,136;215,140;214,144;215,149;215,153;213,157;213,163;214,165;214,168;213,174;213,177;212,180;215,184;212,191;213,194;214,197;212,201;213,205;215,208;212,214;212,216;215,222;212,224;212,228;214,233;212,239;215,242;212,247;213,249;213,252;212,256;212,263;212,266;214,270;212,273;214,277;214,283;212,287;215,290;213,294;212,299;214,301;212,307;214,309;215,313;214,318;212,322;212,326;214,328;212,335;213,338;214,342;213,346;214,350;214,353;215,357;214,363;214,366;212,370;213,375;215,378;215,383;212,384;214,388;212,395;215,397;212,402;214,406;213,409;212,413;215,419;212,422;214,427;212,430;213,434;213,436;215,440;212,447;214,448;215,453;212,458;213,463;214,464;215,468;212,474;213,479;215,483;213,485;212,489;215,494;214,496;214,502;212,505;212,510;213,515;214,518;213,521;214,524;213,529;212,535;215,539;212,542;215,544;213,549;215,552;213,556;214,560;212,566;214,570;214,572;212,576;214,580;213,586;214,589;214,594;213,598;212,603;213,605;213,609;215,613;214,616;212,620;214,624;213,628;215,632;212,638;215,641;214,647;215,649;214,655;215,659;215,663;213,667;212,670;213,672;213,676;214,683;215,684;215,691;215,694;213,699;214,701;212,706;212,708;215,712;213,718;214,722;215,726;215,730;213,734;214,738;213,743;212,746;214,751;212,752;213,758;212,762;215,767;215,770;213,775;212,779;213,780;213,784;213,788;214,792;215,799;213,800;215,805;215,809;213,813;213,819;212,822;213,827;213,830;212,832;212,839;214,843;213,846;214,848;214,852;215,859;215,862;212,865;215,871;215,873;215,879;213,883;213,885;214,891;214,895;212,898;213,901;213,907;213,910;214,912;213,918;214,922;213,927;213,928;213,934;215,938;213,942;212,944;215,950;212,955;212,957;213,962;214,965;212,969;214,973;212,976;214,982;215,985;213,991;212,992;215,998;212,1000;213,1006;215,1008;214,1012;213,1017;215,1020
218,2;217,6;217,9;216,13;219,16;218,23;218,26;219,28;216,32;216,36;219,42;218,45;217,48;217,54;219,56;217,62;219,67;216,70;218,74;216,76;219,83;216,87;218,91;219,93;216,96;218,100;219,104;219,111;217,115;218,118;216,120;218,126;216,128;218,134;216,137;219,141;216,145;218,148;219,154;216,159;217,162;216,164;219,171;217,172;217,179;219,181;216,185;217,189;219,194;217,199;219,202;217,206;218,208;216,213;216,217;216,223;216,226;218,230;217,232;219,239;219,242;216,246;216,251;217,255;216,257;217,260;216,265;218,268;218,275;217,277;216,280;219,286;217,290;217,294;217,297;219,301;216,305;217,311;217,314;216,316;218,322;218,324;216,330;217,335;218,339;219,342;218,346;218,351;218,354;218,357;218,360;216,367;218,371;216,373;218,378;219,383;219,384;216,389;219,395;219,397;217,403;216,404;217,410;219,414;218,416;218,420;217,424;219,428;219,434;216,439;218,443;219,444;218,451;219,453;219,457;219,461;219,466;217,471;216,473;216,478;216,481;216,485;219,489;216,495;219,498;217,503;218,505;219,509;217,514;218,519;219,522;219,524;218,531;216,535;217,537;217,543;219,544;216,550;216,552;217,558;218,560;217,566;216,569;216,574;217,576;219,580;219,584;219,588;218,595;219,599;216,600;219,607;216,611;216,612;217,619;216,621;217,627;218,630;218,633;216,638;218,643;219,645;216,651;219,652;219,656;216,662;216,665;218,669;218,672;219,677;219,680;216,685;219,690;217,695;216,697;216,700;219,707;219,709;217,715;218,716;216,721;217,726;217,731;217,735;219,739;216,740;216,744;217,750;219,753;216,758;218,760;219,765;216,768;216,775;218,779;218,783;216,787;218,790;218,794;217,798;218,800;217,807;219,808;216,814;216,817;216,820;218,826;216,830;219,833;217,837;216,843;217,846;218,848;216,852;216,858;217,862;218,866;219,868;217,875;218,876;219,881;219,887;216,889;219,892;216,898;218,901;218,907;216,910;216,914;216,916;217,920;217,926;216,931;219,934;217,936;216,943;217,945;216,950;217,954;219,959;218,963;217,965;219,971;218,973;219,976;216,983;217,984;216,991;216,994;217,999;219,1000;219,1004;216,1009;217,1012;219,1016;218,1021
223,0;221,6;223,10;221,13;223,17;223,22;223,27;223,29;220,33;223,39;221,40;223,45;222,50;221,54;222,56;220,63;220,65;221,68;220,72;220,79;222,82;222,86;223,90;222,93;220,96;223,101;223,104;222,111;222,113;222,116;220,123;221,125;223,128;222,135;221,138;221,140;221,146;222,148;221,154;220,157;221,160;223,164;221,170;222,174;220,178;220,181;221,187;221,190;223,195;220,196;223,203;220,205;220,208;222,212;221,217;221,223;220,227;223,230;222,232;222,238;221,241;221,244;220,250;221,254;223,256;222,263;220,267;223,271;221,272;223,279;222,281;222,285;222,289;222,293;221,298;221,301;221,305;221,308;222,314;221,317;221,322;221,324;222,330;221,334;223,338;222,343;221,344;222,350;222,355;220,357;220,361;222,365;223,368;221,375;220,379;220,383;223,385;220,389;223,393;221,399;222,402;220,407;223,411;222,413;221,416;223,422;220,424;222,431;223,434;222,438;222,441;222,444;222,448;223,455;220,457;222,463;223,466;220,468;222,473;222,477;222,481;220,486;221,489;221,493;223,499;223,501;222,506;222,511;223,512;223,516;222,523;223,524;220,528;221,535;223,537;220,540;221,544;222,549;221,553;221,556;222,560;220,567;223,568;222,572;220,578;222,581;222,586;220,591;223,594;222,596;221,603;223,607;222,610;223,613;223,619;222,623;223,624;221,629;221,632;222,637;221,643;220,647;223,648;220,653;223,657;223,661;222,667;220,668;220,673;223,679;221,681;223,686;222,691;220,695;220,697;221,703;221,707;221,710;221,713;223,716;223,722;223,727;222,731;223,735;222,739;222,743;222,744;221,750;220,752;222,756;220,760;221,765;220,769;221,773;222,777;220,783;223,786;223,791;221,793;222,799;223,803;223,806;222,809;220,813;220,819;220,822;222,826;222,831;222,835;222,839;220,843;220,844;220,850;220,855;223,858;222,862;221,866;222,869;223,872;223,878;222,883;221,887;220,891;221,895;221,896;221,903;222,905;222,908;220,913;222,917;222,922;222,927;221,928;220,935;223,939;221,942;220,945;222,950;223,955;221,957;220,963;223,965;223,969;223,975;223,978;221,981;221,984;221,989;221,995;221,996;220,1001;222,1004;220,1008;222,1014;223,1017;222,1021
226,0;226,7;227,10;224,13;225,19;226,22;227,24;225,28;226,35;225,37;224,43;226,47;227,48;224,54;226,58;224,61;226,67;225,70;225,72;225,76;226,80;226,84;224,88;226,94;225,97;225,101;226,104;224,111;224,115;225,117;225,121;224,127;226,129;227,132;224,136;224,143;226,145;224,149;227,154;227,156;224,163;224,166;225,168;224,172;225,179;225,182;225,187;225,188;224,194;226,197;226,201;225,205;226,210;227,213;225,217;226,223;227,226;227,228;227,234;227,238;224,242;227,246;227,250;227,252;227,258;227,261;225,266;225,271;227,272;227,279;227,280;225,285;226,288;226,294;226,299;226,303;225,304;225,309;227,314;224,319;227,323;227,327;226,331;224,332;225,339;226,340;227,346;225,351;225,353;225,359;227,360;225,367;225,370;226,374;225,379;227,380;225,386;225,388;225,394;225,396;226,402;227,407;225,410;224,414;227,419;225,422;224,424;224,431;226,433;225,436;226,440;224,444;225,451;224,455;225,459;224,463;227,467;224,470;224,473;225,477;225,480;224,485;227,488;224,493;224,496;226,503;227,507;226,508;226,512;224,517;227,520;227,527;227,530;227,535;227,536;226,541;227,547;227,550;227,554;224,556;225,560;227,567;226,571;226,572;227,578;225,582;225,586;227,591;227,594;226,597;226,601;224,607;226,609;225,614;224,619;225,623;227,627;224,630;227,632;224,638;226,643;226,644;225,648;227,653;224,657;224,661;227,667;227,668;224,675;225,677;226,682;227,686;227,691;227,693;225,698;227,703;226,707;226,709;227,713;227,716;227,721;224,727;226,728;225,734;225,737;224,741;227,747;227,749;227,752;226,756;226,760;225,767;224,771;224,772;224,778;225,780;227,784;227,791;224,795;226,798;226,802;224,807;225,810;224,812;227,818;225,823;225,825;225,830;226,834;227,836;227,841;226,847;224,848;224,852;227,856;227,862;226,866;227,869;227,875;225,878;225,882;224,884;227,888;225,895;224,896;227,903;224,906;224,910;227,913;224,919;225,922;227,925;224,929;225,935;224,937;224,942;226,946;224,950;225,954;227,957;225,962;224,966;225,968;224,972;224,979;224,980;226,986;227,991;226,993;224,996;226,1003;227,1004;225,1009;224,1012;225,1018;224,1021
230,2;228,6;230,8;229,14;229,19;230,21;230,27;230,28;231,34;228,38;228,43;230,45;231,49;228,55;231,57;228,63;228,65;231,71;231,73;230,79;230,82;230,87;229,88;230,95;231,96;231,100;231,107;228,111;231,115;228,117;230,120;228,126;229,129;230,132;230,139;230,141;230,145;231,150;228,154;230,157;231,160;229,165;229,168;230,173;231,179;231,181;230,187;230,191;231,192;231,196;228,202;229,205;229,208;230,213;228,216;231,220;228,226;229,231;229,232;230,238;229,243;228,244;229,250;228,254;230,258;231,260;230,264;231,271;230,275;229,277;229,283;229,284;231,289;230,292;228,296;228,300;230,305;228,311;231,314;231,317;229,323;231,325;230,331;231,332;231,339;229,340;230,346;230,349;230,355;230,356;230,360;229,366;229,368;230,372;231,379;230,383;229,384;229,391;231,392;229,398;228,402;229,407;229,409;229,413;231,417;228,420;230,426;231,429;231,435;228,439;231,441;230,444;230,449;230,453;230,458;228,461;228,465;228,469;228,473;229,477;228,482;231,487;231,488;230,492;231,496;231,503;230,507;229,508;229,513;231,517;231,521;229,524;228,528;229,535;231,538;230,540;229,544;228,551;229,555;231,559;231,560;230,567;230,568;231,575;230,579;231,581;231,586;228,589;230,594;228,599;228,601;228,606;228,608;228,614;230,618;231,620;230,626;229,630;228,633;229,638;229,642;229,644;230,651;229,655;229,656;228,661;231,664;228,669;231,675;230,678;229,680;231,685;229,691;231,694;229,698;228,703;231,707;230,708;231,713;231,718;231,720;231,724;228,731;228,734;228,739;231,743;228,746;231,750;230,752;228,756;231,763;230,766;228,771;230,775;231,778;229,780;228,786;228,790;230,793;231,796;230,801;230,804;229,811;228,815;228,818;231,820;231,827;228,831;230,832;230,836;229,843;230,847;230,851;228,854;230,859;231,861;228,864;229,871;229,875;231,876;229,881;229,884;231,891;228,895;231,898;228,902;230,906;229,908;231,914;231,916;228,923;231,926;229,930;228,932;230,938;231,940;228,945;229,949;230,955;230,956;229,960;228,964;230,971;229,972;231,978;230,980;231,987;230,989;230,994;228,999;230,1002;228,1004;231,1008;229,1015;230,1019;230,1021
235,2;233,6;235,9;234,12;232,19;232,20;234,24;233,30;235,34;232,39;232,40;233,45;233,48;235,54;233,59;235,61;235,64;235,71;235,72;233,78;235,81;232,85;235,88;233,95;232,98;234,102;234,106;234,108;232,113;233,119;232,120;232,127;232,128;235,132;232,138;234,142;235,145;234,151;232,155;234,157;233,160;234,164;233,168;234,174;235,179;232,181;233,187;235,191;232,193;234,197;235,203;235,207;233,208;232,214;235,217;235,220;235,227;234,228;235,233;235,237;233,243;235,245;234,250;235,255;235,257;235,262;234,267;234,268;234,273;232,276;232,283;235,286;235,288;234,292;233,297;235,301;232,305;232,310;234,313;232,319;234,323;234,327;235,329;233,334;233,339;234,342;235,347;232,351;233,354;232,359;233,360;234,366;233,369;235,374;234,379;233,381;234,386;233,388;234,393;234,398;232,400;234,405;235,411;235,415;232,417;232,423;234,424;232,431;233,434;233,438;234,441;233,444;234,450;234,453;232,456;233,462;234,466;234,468;233,472;234,477;234,483;232,486;235,489;234,494;234,499;234,500;234,504;234,509;235,514;234,518;233,522;232,527;235,528;235,534;233,538;234,542;235,547;234,551;233,554;234,557;235,560;234,565;233,570;235,573;232,576;233,580;235,586;235,588;232,592;234,599;233,603;234,606;235,609;233,615;232,616;235,620;234,624;233,630;235,634;232,638;235,640;233,647;234,649;234,652;234,657;232,661;233,665;232,669;234,673;235,676;235,682;234,687;235,689;235,693;234,696;235,703;234,706;233,708;232,713;233,716;233,723;233,726;235,731;235,733;235,739;233,740;232,746;233,751;234,753;235,756;234,762;235,764;235,771;235,775;232,778;234,783;234,787;234,790;233,795;233,797;235,801;235,804;234,808;233,814;235,817;234,821;234,825;235,831;234,834;232,837;234,843;232,846;233,851;234,852;232,856;232,860;235,867;234,871;232,873;233,879;232,881;232,887;235,890;232,894;233,896;233,902;234,905;234,908;235,915;235,916;235,921;235,925;233,930;235,933;233,939;235,943;233,944;232,951;235,952;235,957;233,963;234,964;233,970;233,974;233,977;232,983;234,986;233,989;232,995;235,999;232,1001;235,1004;235,1008;235,1012;233,1019;235,1020
237,3;237,7;237,11;237,15;239,18;237,23;238,25;239,31;237,35;237,37;236,43;239,45;236,49;237,53;238,58;237,61;237,64;236,70;239,74;238,77;238,82;237,85;238,90;239,94;239,99;238,101;239,104;236,110;236,114;239,118;237,121;238,124;236,128;237,135;239,139;239,143;236,146;237,149;237,155;238,158;236,162;237,164;238,170;236,174;237,176;236,180;237,187;237,190;239,193;237,198;237,201;236,207;237,208;239,213;236,216;239,223;238,227;239,229;238,232;239,237;237,240;238,247;236,251;238,255;237,259;237,260;237,264;236,270;238,274;237,279;239,281;237,286;239,290;236,294;237,299;237,301;238,306;237,309;239,313;238,317;238,323;238,324;236,328;236,333;236,339;239,340;239,344;237,348;239,355;239,359;239,360;239,367;239,369;237,372;239,379;238,382;238,384;236,391;239,395;238,396;237,402;238,406;237,408;237,412;238,418;238,422;238,424;236,430;236,434;238,437;238,443;238,447;239,450;239,454;239,457;239,463;236,467;239,468;237,473;237,476;238,482;236,487;237,489;236,495;238,498;238,502;239,505;237,508;239,513;238,516;236,523;239,527;239,529;239,534;237,536;238,541;236,547;237,548;237,552;239,557;238,563;236,566;239,569;239,574;239,578;236,581;237,586;236,591;238,595;237,599;237,600;239,604;237,608;237,615;238,617;236,620;238,625;238,630;237,634;236,638;239,640;239,646;238,651;238,655;236,659;237,663;236,665;238,671;236,673;238,677;238,682;237,684;237,690;236,692;238,696;238,701;238,705;239,708;238,715;238,719;238,721;236,725;239,730;238,734;239,738;238,740;237,745;236,750;237,753;238,759;238,761;238,766;239,771;239,773;236,777;239,780;239,786;239,791;239,793;237,798;238,803;238,804;237,809;239,814;237,819;239,822;236,824;239,831;238,833;238,839;237,842;239,844;236,850;236,852;238,856;239,862;236,867;237,869;238,874;236,879;239,883;239,885;238,889;236,895;239,898;237,902;237,906;239,910;238,914;239,918;238,923;237,927;236,929;237,932;236,938;239,943;238,946;237,948;236,952;239,957;238,963;236,966;239,971;237,973;238,978;236,980;236,986;239,990;237,993;238,998;239,1000;236,1005;237,1008;237,1013;236,1017;238,1021
241,0;242,7;242,10;242,14;242,19;243,23;241,24;241,29;240,32;241,37;241,43;242,46;240,51;243,52;240,59;240,63;242,66;240,71;241,72;243,77;243,83;240,87;241,90;243,95;242,98;243,102;242,105;243,111;243,112;243,118;242,122;241,127;241,129;243,135;243,139;241,140;241,145;242,150;240,154;241,158;242,160;241,165;240,170;240,172;242,176;243,183;242,186;243,190;243,195;241,196;242,202;242,204;242,209;241,212;240,218;240,221;242,226;241,230;242,234;241,238;242,241;243,245;240,248;243,253;242,257;242,262;240,264;242,269;240,272;243,277;242,282;240,285;240,289;240,295;242,298;241,300;242,305;240,311;240,314;241,318;241,321;241,325;242,329;243,332;242,336;240,342;242,344;241,351;241,355;240,359;240,361;242,364;243,370;240,372;242,378;243,382;241,384;240,389;241,394;243,396;242,401;243,406;241,408;242,415;242,419;240,423;240,425;243,428;241,434;242,439;240,443;240,447;240,448;242,452;242,457;243,460;243,464;241,468;242,474;242,477;241,483;243,484;240,491;243,493;242,497;243,501;242,504;243,509;243,512;243,517;242,520;243,527;242,528;240,534;241,536;243,542;242,544;240,550;242,552;242,559;241,563;242,564;240,569;243,574;240,578;240,580;241,587;242,591;243,594;241,599;243,601;243,606;240,610;240,615;242,617;240,623;242,624;242,630;240,634;243,637;240,643;240,644;241,648;240,655;240,656;240,661;241,664;243,671;242,672;243,679;243,681;243,685;243,688;242,695;240,699;243,701;241,704;243,709;240,712;243,719;240,721;240,727;241,729;241,733;241,738;243,743;242,747;243,749;243,753;241,759;240,761;243,766;241,768;242,774;243,776;241,781;243,786;240,788;241,795;241,798;240,802;241,804;242,808;242,812;241,819;241,820;242,826;242,830;241,834;243,836;243,841;243,846;241,848;241,855;241,859;240,862;243,864;243,869;241,872;243,879;242,880;241,886;243,890;243,894;241,897;240,903;243,905;242,910;241,915;243,916;243,920;241,927;243,928;241,933;240,939;240,940;240,945;242,948;242,952;240,957;241,961;240,965;240,968;241,973;242,978;242,980;240,987;240,989;240,995;242,998;243,1001;240,1007;242,1008;241,1012;241,1019;241,1023
244,1;247,6;245,8;244,14;245,17;246,21;245,24;245,30;244,33;245,36;246,42;246,44;245,48;246,54;244,56;247,61;245,65;246,69;247,74;244,76;245,80;246,87;247,89;247,92;246,96;246,103;247,107;244,109;246,114;244,117;246,122;244,125;244,130;247,135;246,138;247,141;246,145;245,148;245,152;244,156;244,161;244,167;246,168;245,175;247,177;246,180;245,186;246,191;247,194;247,198;247,203;247,206;245,210;246,212;247,219;247,223;245,226;244,231;246,235;244,236;247,242;245,247;246,251;246,252;247,256;245,261;247,267;244,269;246,272;247,277;247,281;245,286;246,289;244,292;245,299;244,300;247,304;246,310;247,314;247,319;244,322;245,327;245,331;247,332;245,338;244,341;247,345;245,349;247,354;247,358;244,362;246,365;246,368;247,374;246,377;246,381;247,386;244,391;247,393;244,399;247,401;244,404;244,409;246,412;244,417;244,421;244,425;247,428;244,433;245,437;244,443;246,445;245,451;246,453;247,458;246,462;245,464;245,468;246,475;244,478;244,483;244,487;244,489;244,493;245,499;245,502;245,504;244,508;246,515;247,519;244,521;244,525;244,528;247,535;244,538;246,542;245,546;245,550;244,553;246,559;244,561;246,564;246,569;245,575;244,577;246,580;245,584;247,590;247,594;246,599;246,603;245,606;245,609;246,615;247,618;245,620;244,624;244,628;246,632;245,637;245,643;245,646;245,648;246,655;245,657;247,660;246,667;247,670;247,675;245,676;246,680;247,684;246,689;247,694;245,699;244,700;247,707;246,711;245,715;244,718;244,722;245,724;246,731;245,733;245,737;247,743;244,746;245,750;247,752;244,758;246,761;245,764;247,769;244,773;246,777;246,782;246,787;244,790;246,792;247,796;247,800;244,805;244,809;245,814;244,816;244,823;245,824;247,830;246,834;245,837;246,843;247,845;244,849;247,853;247,859;244,860;244,864;246,870;244,873;244,879;245,882;247,886;246,891;245,893;245,898;246,900;247,906;246,910;246,912;245,917;246,921;245,926;246,929;244,933;244,939;244,941;245,947;246,950;246,955;246,959;245,963;244,967;245,971;244,973;244,979;246,981;245,986;247,988;244,995;244,998;245,1000;245,1005;246,1011;244,1015;244,1017;244,1023
248,3;251,6;249,9;251,15;248,16;251,21;251,27;251,28;250,33;249,37;251,43;249,45;251,51;248,54;249,58;250,60;249,64;248,69;248,75;248,78;250,82;251,84;250,89;251,93;251,97;250,103;248,106;251,111;249,114;249,117;249,122;249,127;251,129;251,134;249,136;249,143;249,147;250,149;251,154;250,157;251,163;248,166;248,170;248,173;251,179;249,181;248,184;248,190;249,194;250,198;251,202;249,207;248,210;248,212;248,218;250,222;250,225;249,231;251,233;251,239;249,240;251,246;251,248;248,255;249,256;249,260;248,265;248,271;251,275;249,279;249,281;251,287;250,291;250,294;251,299;249,300;248,304;248,308;251,314;248,317;251,322;250,327;250,330;248,334;249,336;248,341;250,345;250,350;248,355;248,356;251,362;249,367;249,371;251,374;249,379;251,381;251,385;251,390;249,393;250,397;248,402;249,404;251,410;251,415;251,418;249,423;250,426;249,431;248,434;251,438;250,442;250,446;248,451;249,455;250,459;250,461;250,467;251,468;249,474;250,479;249,482;251,487;251,488;249,495;249,499;249,500;250,507;250,511;249,512;251,518;249,521;248,527;248,529;249,535;248,537;248,542;249,547;249,549;248,552;249,558;249,563;248,566;249,568;248,574;248,577;248,582;249,587;248,588;250,594;250,597;251,603;250,607;249,610;250,612;251,618;250,623;250,626;250,628;251,632;249,638;249,640;250,645;250,648;249,655;248,659;251,661;250,667;248,669;251,673;249,678;248,682;249,687;250,688;249,694;249,696;248,702;249,704;248,710;248,715;248,719;249,721;248,726;249,728;249,732;250,736;251,742;251,747;250,749;249,753;249,759;250,761;249,767;249,769;251,775;248,778;251,782;251,784;248,791;250,794;248,797;249,802;250,805;250,809;250,812;250,817;251,822;251,825;248,830;251,834;250,839;248,842;251,844;250,848;251,854;248,859;251,863;250,864;251,868;249,873;251,877;251,880;248,887;251,889;249,895;251,899;248,903;249,904;250,909;248,912;251,916;250,922;251,924;248,928;250,935;248,938;249,942;248,944;250,951;250,955;250,959;249,962;249,966;249,969;251,973;249,976;249,980;250,986;248,988;249,995;248,999;250,1001;248,1005;250,1011;248,1013;251,1019;250,1022
255,3;254,7;252,10;252,12;252,17;254,20;253,26;254,28;255,34;255,38;254,42;255,44;255,50;253,54;252,57;253,63;255,67;255,68;252,72;255,79;254,82;253,86;253,89;252,93;254,98;254,101;255,107;252,111;254,115;254,117;252,123;252,124;252,129;255,133;252,139;252,142;254,144;253,150;253,154;253,158;252,161;253,165;252,169;254,175;254,179;254,181;255,184;253,191;253,193;252,199;254,202;252,204;255,211;253,215;252,219;255,220;253,224;253,229;252,235;254,237;254,240;254,246;253,249;252,253;252,257;254,262;252,264;254,270;252,274;255,276;253,281;253,286;254,290;252,295;254,296;254,300;254,304;253,309;255,312;255,318;252,321;254,327;252,330;254,335;254,339;253,341;252,346;253,351;253,352;255,356;254,361;252,366;252,368;252,375;253,379;254,381;252,385;252,391;252,395;252,398;253,402;255,406;254,411;255,415;253,418;253,423;253,427;253,430;255,434;253,438;255,440;252,447;253,449;253,453;254,456;254,460;254,464;254,471;255,473;254,476;253,481;253,486;254,489;255,492;252,496;253,502;252,504;254,510;252,515;252,516;252,523;252,524;252,528;255,532;255,539;254,543;252,546;252,550;254,555;252,559;255,560;253,566;254,569;252,575;253,576;253,582;255,585;254,588;254,593;252,598;252,600;255,604;252,611;254,612;255,616;253,621;252,626;253,629;253,634;253,637;252,643;254,647;252,649;252,652;253,656;253,661;255,667;252,669;253,675;253,677;253,682;253,684;253,689;253,695;252,696;253,700;253,706;255,708;253,713;253,718;253,722;253,727;255,729;253,733;254,737;255,740;255,747;252,748;255,755;253,759;252,761;252,764;253,769;254,774;255,777;252,781;252,787;252,790;254,793;252,799;252,800;255,804;255,808;254,813;254,816;254,823;253,827;252,831;253,833;252,837;253,843;252,847;253,848;253,853;253,857;254,861;252,867;252,869;255,872;252,879;252,883;252,884;253,889;252,895;255,897;253,900;255,907;254,911;252,914;252,917;252,920;255,925;252,928;252,933;252,937;254,943;252,947;255,948;255,952;252,959;255,962;255,965;252,971;252,974;255,977;255,980;252,987;254,988;254,994;252,999;252,1001;255,1007;254,1008;255,1012;255,1019;253,1022
259,3;257,5;257,9;259,15;258,18;256,22;258,24;259,29;259,34;257,36;259,40;258,44;257,49;259,55;257,59;257,63;257,66;257,68;259,75;258,76;259,82;259,87;258,88;257,95;257,98;259,103;256,107;259,111;256,115;259,118;257,120;256,124;257,129;259,134;256,138;258,140;259,145;259,148;257,155;259,158;256,161;259,164;256,170;257,172;257,176;258,183;259,187;257,191;259,192;259,196;258,201;258,205;258,208;259,213;256,219;256,221;256,226;259,229;259,232;258,239;259,240;259,244;258,248;257,255;256,257;259,260;258,264;257,270;259,273;256,278;259,280;256,284;256,290;257,293;258,297;257,303;258,306;256,310;259,314;256,317;257,320;257,326;259,329;256,334;256,337;258,341;259,347;259,349;256,354;259,358;259,360;256,366;258,371;259,375;256,378;257,381;257,385;256,389;256,394;256,396;258,403;256,407;256,410;258,415;256,416;256,420;256,425;257,430;256,432;259,437;257,440;256,445;257,451;257,453;258,458;259,462;258,467;256,469;259,472;257,476;259,483;258,485;257,489;258,495;256,498;258,501;257,506;258,511;259,513;257,517;259,522;258,524;259,529;257,535;256,537;259,543;259,547;257,551;257,554;259,559;256,560;256,566;259,571;259,574;256,579;256,580;259,587;259,588;257,593;259,596;256,601;259,607;257,608;259,612;259,617;259,623;256,625;257,629;256,634;256,638;256,640;258,646;257,651;259,655;257,656;256,663;257,664;257,670;259,674;258,679;259,681;258,686;259,691;256,692;256,699;256,703;257,704;257,710;256,715;256,718;257,721;258,726;256,728;256,734;257,738;256,742;259,744;259,748;259,752;259,757;257,762;256,767;257,768;257,775;258,778;258,783;258,784;258,789;257,794;257,799;259,803;256,804;257,810;258,813;258,817;259,822;257,826;259,828;258,833;259,839;259,840;258,846;256,850;259,852;258,857;257,861;259,867;259,870;257,872;258,876;257,882;257,886;256,889;257,892;257,897;259,901;259,907;258,910;257,913;259,916;256,921;258,926;259,929;258,934;257,936;259,941;258,944;257,950;258,952;259,956;258,963;257,967;256,969;256,974;257,977;258,981;259,986;258,990;257,992;259,998;258,1001;259,1004;259,1009;259,1012;256,1019;259,1020
261,2;260,4;260,9;263,13;261,17;262,22;262,27;262,29;263,33;261,36;261,41;263,45;263,51;262,54;262,58;262,63;262,66;263,71;262,75;263,77;260,82;261,85;260,89;260,94;262,97;262,101;262,104;260,108;263,115;260,119;260,123;262,125;260,131;260,132;261,136;263,143;263,144;261,151;261,154;261,158;260,163;262,166;262,168;263,175;263,179;261,182;262,185;263,189;261,195;263,199;262,200;263,204;260,210;260,215;263,218;263,223;260,224;262,230;260,234;263,237;262,243;263,244;263,250;260,255;261,258;261,263;262,264;262,270;261,273;263,277;263,281;262,287;261,291;261,293;261,298;262,300;261,304;260,311;261,315;261,318;260,322;260,327;260,330;263,334;263,337;263,340;260,347;261,351;260,355;260,358;263,361;263,365;262,369;261,373;261,378;262,381;262,385;263,389;261,393;260,396;260,402;263,404;263,411;261,415;262,417;261,421;263,427;260,429;263,433;263,436;263,443;263,447;262,448;260,452;261,457;262,462;260,465;260,468;260,474;261,476;262,482;262,486;263,489;261,493;260,496;261,500;263,504;260,508;261,512;261,519;262,523;260,527;260,529;263,535;260,537;263,543;261,545;260,548;260,554;260,559;260,560;260,566;260,571;262,575;261,577;262,583;263,587;263,590;263,595;261,596;262,603;261,606;260,610;262,614;263,619;260,622;262,624;262,629;261,635;261,636;261,643;260,645;262,650;262,652;260,658;262,662;260,664;261,668;262,674;263,677;261,681;261,687;261,688;263,694;261,698;260,703;261,704;260,709;262,713;260,717;261,722;261,725;261,729;260,734;261,738;263,742;260,746;260,749;262,753;261,757;263,760;260,764;263,771;260,775;262,778;262,783;260,784;262,788;262,794;263,797;262,800;261,807;262,808;261,815;261,816;261,823;262,824;260,829;260,833;262,837;263,842;263,845;261,848;262,854;263,858;263,862;260,865;262,868;261,874;263,877;260,880;260,887;262,891;263,895;261,897;260,903;260,906;261,910;262,912;262,917;261,923;260,926;260,930;262,933;262,936;260,940;260,944;262,948;263,952;262,958;263,960;263,965;262,971;262,972;263,977;262,981;263,986;262,988;262,993;260,997;260,1002;263,1004;261,1009;262,1012;263,1018;262,1021
264,3;265,5;267,8;266,12;266,17;266,21;264,26;265,31;266,33;266,36;265,40;265,47;266,50;264,52;264,56;264,62;266,65;265,70;265,73;266,77;266,80;264,87;266,88;265,93;266,97;265,100;266,106;265,109;266,114;266,116;266,123;265,126;266,130;265,132;266,137;265,143;264,144;266,150;266,154;266,158;265,161;265,164;264,169;265,172;267,177;265,180;266,185;266,190;264,195;265,197;266,203;267,204;267,208;267,212;267,216;265,220;265,227;264,230;266,233;265,239;267,241;264,244;267,248;264,255;265,259;265,262;264,264;265,269;266,275;264,277;264,280;266,286;265,289;266,292;264,296;267,303;266,307;265,309;267,313;267,318;266,321;267,325;264,331;266,334;265,337;265,340;264,346;267,350;266,353;266,359;265,363;264,365;265,368;265,375;267,376;265,381;265,385;265,389;265,393;267,398;266,400;264,405;264,408;266,415;266,418;264,420;264,425;266,430;265,434;265,438;266,441;264,447;264,450;264,454;264,458;265,462;264,467;265,470;266,475;264,479;267,483;266,487;265,488;267,494;264,499;266,503;264,505;264,508;264,514;264,516;266,521;266,527;266,529;264,535;266,539;264,542;265,545;264,551;264,552;264,559;264,563;265,564;266,569;264,573;264,579;267,582;267,586;265,589;265,593;264,596;265,602;267,605;266,609;264,613;267,618;266,620;264,627;267,629;265,633;267,636;264,642;267,647;267,651;266,654;266,658;267,660;267,665;266,670;265,672;266,679;264,680;265,684;264,689;266,694;267,696;264,702;264,704;267,708;264,712;266,718;265,720;265,727;266,730;266,734;265,736;266,743;267,744;266,748;265,753;265,759;264,762;264,766;266,768;265,775;266,776;267,780;267,785;264,788;264,794;264,798;266,800;267,805;265,808;267,812;266,818;267,820;264,824;265,829;265,834;265,836;265,842;266,845;267,848;265,855;265,856;266,862;266,867;266,871;266,873;264,879;267,881;265,886;264,890;265,895;266,896;266,903;266,904;267,910;267,914;264,919;267,921;267,927;266,928;266,935;265,936;266,940;264,944;267,948;265,953;266,957;264,963;267,967;265,971;267,975;267,979;266,980;265,984;267,988;267,995;265,996;264,1002;266,1006;266,1009;267,1012;266,1018;266,1022
270,0;268,7;268,10;270,12;268,18;268,23;268,24;270,30;270,35;269,37;271,41;269,46;270,48;271,55;271,56;268,60;271,65;270,68;271,75;271,76;269,80;270,85;269,90;270,94;269,97;269,103;270,104;269,109;271,114;269,119;268,122;271,126;271,130;268,134;271,137;269,141;270,145;270,150;269,154;270,157;268,162;268,167;270,169;271,172;268,178;271,182;268,185;270,190;271,193;271,198;270,203;269,205;269,209;268,214;269,217;270,223;270,226;270,231;270,232;270,239;268,243;269,244;270,249;270,252;271,259;270,261;271,264;269,271;269,273;271,277;270,280;270,285;270,288;268,292;268,296;269,301;268,305;268,310;271,313;269,319;271,320;270,326;270,328;271,333;270,337;268,341;270,345;269,351;270,355;270,357;271,360;271,366;271,369;269,375;270,377;268,383;269,386;271,389;269,392;269,396;271,400;268,404;271,408;270,413;270,416;270,420;269,426;271,430;269,433;271,438;271,441;271,445;270,449;270,452;268,459;271,463;269,466;268,471;271,472;270,479;271,481;268,485;269,489;270,495;271,498;270,501;271,507;269,511;271,514;271,518;270,522;268,525;270,530;269,533;269,538;269,540;269,544;268,548;271,552;268,556;269,562;269,564;269,569;270,572;269,577;268,582;269,587;271,588;268,595;269,598;268,600;269,607;271,608;268,612;269,616;270,620;268,626;271,630;269,632;269,638;270,641;268,644;269,648;268,653;269,656;269,661;271,666;268,668;269,672;270,679;269,683;270,684;270,690;270,694;271,698;269,701;268,705;270,709;269,713;270,718;269,721;271,725;271,731;268,734;269,736;270,740;270,746;270,749;268,752;271,757;269,760;271,767;268,770;269,774;271,778;270,781;270,787;268,788;270,793;270,798;271,803;271,805;270,809;269,813;271,816;269,823;269,825;268,829;268,835;268,836;271,842;270,846;269,851;270,853;269,856;270,863;271,867;268,868;271,874;270,876;268,883;270,885;268,888;268,892;271,898;270,901;270,906;268,908;271,915;268,917;271,921;269,924;270,930;268,932;269,939;271,941;270,945;271,948;269,954;268,959;269,963;269,966;270,971;271,972;269,978;269,983;269,987;269,991;270,995;269,997;270,1001;271,1007;269,1011;269,1015;271,1018;269,1023
274,2;275,7;274,9;275,12;275,18;275,20;273,26;274,29;274,35;273,36;274,40;274,45;274,49;273,52;274,59;272,61;273,65;272,70;275,74;272,76;273,82;272,84;274,91;272,93;273,99;274,101;275,106;275,108;274,114;274,118;273,123;273,127;273,128;275,132;272,136;275,141;275,144;274,148;275,152;274,157;272,163;275,165;273,169;275,173;273,177;273,183;272,185;273,189;275,195;273,197;273,203;273,204;272,210;275,214;275,218;273,220;275,227;274,231;272,235;273,236;272,241;275,247;273,248;274,254;275,259;274,261;275,267;274,268;275,274;272,276;272,283;275,285;272,289;274,292;272,297;273,300;275,306;272,310;274,312;275,316;274,321;272,324;272,330;274,333;274,339;275,343;272,344;275,351;274,352;274,357;272,360;274,364;275,371;272,373;272,378;275,383;273,386;273,389;273,394;274,396;275,403;275,406;273,408;274,413;272,419;272,423;274,424;274,430;274,435;274,437;272,441;273,444;273,449;273,452;275,458;274,460;273,466;275,471;275,472;272,479;273,481;273,485;273,490;272,494;274,496;274,502;275,505;275,511;274,512;275,516;275,520;272,525;273,529;274,535;274,539;274,543;272,546;272,551;272,553;274,558;274,561;274,566;274,569;275,574;272,578;272,582;272,585;274,590;272,593;275,598;272,602;273,605;273,611;275,613;274,617;274,622;274,625;275,629;274,632;272,639;274,643;272,646;274,649;272,652;273,657;275,660;272,667;274,671;275,674;275,677;275,681;272,686;274,690;273,695;273,699;272,701;274,705;275,711;275,712;273,718;272,722;274,724;273,728;272,734;273,736;273,743;273,747;272,750;274,755;275,757;273,763;275,764;273,770;272,773;272,777;275,780;275,784;273,789;274,792;272,799;274,800;272,807;272,808;274,812;273,817;274,822;274,824;273,829;275,835;275,837;272,841;273,845;272,849;272,852;272,858;272,861;275,867;273,870;273,873;275,878;272,882;272,887;272,890;275,894;274,897;274,902;274,905;273,910;272,913;274,916;272,922;274,925;274,929;272,934;274,938;275,943;273,947;274,948;274,954;272,958;274,962;272,965;272,969;274,974;272,978;275,983;273,984;273,991;275,992;274,999;275,1000;273,1007;272,1010;275,1013;272,1018;272,1022
278,3;277,7;277,8;279,14;277,18;279,23;279,24;279,28;279,33;279,36;277,42;276,46;277,51;278,52;279,57;277,60;277,67;277,69;278,75;279,79;278,81;276,84;278,90;278,92;279,97;276,102;276,106;278,108;276,114;276,118;278,123;276,124;276,130;278,133;277,137;278,141;279,147;278,150;278,153;277,156;276,160;278,164;276,170;278,174;276,179;276,181;278,185;276,190;279,194;278,197;279,203;277,205;277,209;276,214;278,217;277,223;279,225;276,231;278,234;276,236;278,240;276,244;276,249;278,252;277,259;277,262;279,267;278,268;278,274;278,276;277,280;277,286;276,288;278,293;276,297;276,300;276,307;278,310;276,314;277,319;279,322;278,325;279,329;277,335;276,337;277,342;276,345;277,349;277,355;277,357;278,360;276,364;276,368;276,372;276,379;277,383;277,384;279,388;277,395;279,398;277,401;276,407;279,411;277,415;279,419;276,422;279,424;279,430;278,432;277,439;276,440;279,445;277,450;279,452;277,457;278,461;279,466;277,471;277,473;279,478;278,482;276,484;277,488;277,494;277,498;277,502;279,506;277,510;279,512;278,516;279,522;279,526;277,529;276,533;276,539;276,543;276,546;276,549;277,555;276,558;277,562;279,565;276,568;278,572;276,577;278,583;279,585;279,588;279,592;277,599;276,601;278,605;277,611;278,615;278,616;278,623;276,624;276,628;276,633;279,637;277,642;278,645;278,649;277,652;276,657;277,662;277,667;279,670;279,675;277,679;276,682;278,685;279,689;278,695;278,699;278,702;278,704;278,710;278,715;276,719;278,723;278,727;279,729;279,735;278,739;276,741;279,744;278,750;278,754;277,757;276,763;279,766;277,771;279,775;278,778;276,781;276,785;278,790;278,792;277,798;277,800;277,807;279,811;278,813;279,817;276,823;276,826;276,829;279,835;276,839;276,841;276,846;277,849;278,854;279,857;276,861;279,867;279,869;278,874;277,878;277,882;279,884;277,891;276,892;277,899;277,900;279,907;277,909;279,914;276,917;279,922;278,925;276,930;279,933;277,936;276,943;277,947;278,951;278,955;277,958;277,960;276,967;278,969;279,974;276,976;279,980;279,987;278,988;279,992;277,999;279,1003;278,1007;277,1010;278,1013;278,1017;276,1023
281,3;280,6;280,9;280,14;281,16;282,20;280,26;280,29;282,34;282,37;282,41;282,44;282,48;282,55;281,59;281,63;281,65;283,71;281,74;283,76;280,82;283,84;283,91;281,92;282,98;281,102;281,105;281,111;283,114;281,116;280,120;282,125;282,129;281,132;282,136;283,143;281,144;283,150;282,155;281,156;280,160;280,166;283,170;281,175;282,176;280,183;280,184;282,189;281,193;280,198;281,202;280,205;283,210;283,212;280,219;280,221;280,225;281,229;281,232;283,236;281,240;283,244;283,249;281,253;280,258;281,260;282,265;280,269;282,273;281,278;281,282;280,284;283,290;283,294;282,299;282,302;280,304;281,310;280,313;280,318;281,320;282,324;281,329;280,333;282,339;283,342;283,346;281,351;281,355;283,357;281,362;281,365;280,371;283,374;283,376;283,382;283,386;283,388;280,392;282,397;281,403;283,407;283,409;282,413;281,418;282,420;280,427;280,428;280,433;281,437;282,440;280,445;282,449;281,453;283,457;280,463;283,467;283,471;280,474;282,479;282,483;281,485;282,491;280,494;281,496;282,501;280,507;282,510;281,514;283,518;281,521;283,527;282,529;282,534;280,539;280,543;280,546;281,550;283,552;283,556;281,560;280,565;280,570;283,575;282,576;283,583;283,585;280,591;280,593;280,598;280,602;280,607;280,611;281,614;280,617;282,620;280,625;280,630;282,634;280,639;283,640;281,644;282,651;280,652;283,659;281,660;282,665;280,668;280,673;280,678;281,681;281,687;280,691;283,692;283,698;280,702;280,705;280,708;281,713;283,719;281,723;280,725;282,729;281,735;281,736;282,740;283,747;282,748;282,752;282,756;280,761;283,766;282,768;282,773;280,779;282,782;282,784;281,789;281,795;283,796;282,802;282,806;280,811;283,813;280,819;283,822;283,827;280,828;281,834;280,839;280,842;280,844;283,850;282,852;283,857;282,860;282,867;281,871;281,872;283,876;282,883;282,887;282,888;282,895;283,898;282,900;283,904;281,911;281,912;283,917;282,920;283,924;280,931;282,935;280,939;282,940;280,945;283,949;283,955;283,956;282,960;282,966;282,970;280,975;281,976;280,980;283,984;281,989;282,992;283,996;280,1003;281,1004;282,1009;280,1013;280,1019;282,1020
286,2;287,6;286,10;287,14;284,19;284,22;286,27;284,31;286,34;285,38;284,41;286,46;284,50;286,55;286,57;286,62;285,65;285,71;287,73;284,77;286,80;287,87;287,90;284,92;284,99;284,100;287,106;285,111;284,115;284,119;287,123;287,127;286,130;284,135;286,137;286,140;287,147;286,150;284,152;286,156;284,161;285,165;285,171;285,172;284,176;285,181;287,185;287,188;284,192;286,197;285,201;284,206;285,211;286,214;284,216;286,222;287,226;285,229;285,234;285,239;287,242;287,247;286,251;286,255;287,258;285,262;286,267;286,269;287,272;286,276;284,281;287,286;286,290;284,293;286,296;287,301;286,304;285,310;284,315;287,317;286,322;286,325;286,329;284,334;285,338;284,341;287,347;287,349;286,352;286,358;286,362;286,366;287,368;286,374;286,376;287,383;284,384;287,389;287,394;285,397;287,402;287,407;287,409;284,413;287,419;285,423;285,426;284,429;284,433;286,436;286,442;286,446;286,448;287,452;286,458;284,461;284,464;286,471;285,473;284,478;285,483;285,484;285,488;287,494;285,498;285,502;286,504;285,511;285,512;286,519;286,522;286,524;284,529;285,535;286,536;284,541;285,546;285,548;287,552;286,557;287,560;286,565;286,570;286,575;287,579;286,583;284,587;285,591;285,592;285,597;284,603;285,605;287,609;285,613;285,617;287,621;287,626;284,628;284,634;286,636;287,640;284,646;284,650;285,652;284,656;285,661;285,664;287,668;285,674;286,678;286,681;284,685;284,690;284,692;287,697;285,700;284,705;286,709;286,714;284,717;287,722;284,725;285,729;284,735;286,737;286,742;287,747;285,749;284,753;286,758;284,761;285,766;286,770;287,772;284,779;287,783;284,785;286,790;284,795;284,799;286,800;286,804;284,809;284,815;285,816;285,821;286,824;284,829;285,834;286,836;286,841;287,846;286,850;285,853;286,856;285,860;284,866;285,868;285,872;286,878;286,880;286,887;285,891;284,893;287,898;286,902;286,904;287,910;285,915;286,919;286,922;285,927;284,928;285,935;284,939;284,942;284,944;287,949;286,953;284,958;284,962;287,967;286,969;287,973;284,976;284,982;286,987;286,990;286,995;286,996;285,1003;284,1004;284,1011;284,1012;286,1018;284,1022
290,2;288,5;290,9;289,13;289,16;289,21;291,27;290,30;290,32;291,38;289,43;288,45;288,50;291,54;289,57;289,60;291,67;291,68;289,72;290,78;290,81;290,87;290,91;291,94;290,97;289,102;288,104;291,109;289,112;290,117;288,122;289,125;289,130;288,133;290,136;290,142;290,146;288,148;288,155;291,156;290,161;288,164;288,169;288,175;289,178;289,180;288,184;289,191;290,194;290,196;289,203;288,204;288,210;291,214;288,216;289,223;290,224;290,231;288,235;289,237;288,241;289,247;291,248;290,253;290,259;288,261;290,266;289,270;290,272;290,276;289,281;288,285;288,290;288,294;290,298;290,302;288,306;289,310;288,314;288,316;288,321;291,324;290,331;288,335;291,337;291,340;289,345;288,348;290,352;288,357;290,360;290,365;289,370;291,375;288,379;288,382;288,384;289,390;289,395;290,396;291,401;289,406;290,408;289,414;290,419;290,423;291,425;291,431;288,433;290,438;289,440;289,444;290,451;290,453;289,456;289,462;291,464;291,468;291,475;290,477;288,483;289,484;288,491;289,493;290,499;288,503;290,506;290,510;291,513;288,516;291,521;288,525;289,531;290,533;288,536;290,541;290,544;291,551;290,554;289,556;290,563;291,566;289,571;288,575;291,577;290,583;288,587;289,588;290,595;290,597;289,602;290,604;291,611;290,612;288,616;290,620;289,626;289,629;290,634;289,638;288,641;289,644;288,651;289,652;288,657;289,663;288,665;289,670;291,673;289,676;288,681;290,686;291,688;288,693;291,699;289,700;291,705;288,708;291,714;289,716;290,720;288,726;288,731;290,735;289,737;288,742;289,744;288,751;290,754;288,759;289,760;288,765;290,769;289,773;290,776;289,783;291,784;289,790;288,793;288,797;289,801;288,807;289,810;290,814;290,819;288,820;289,825;290,831;288,833;288,838;290,840;290,847;289,851;289,852;288,857;289,862;290,864;289,869;289,872;288,877;289,881;288,886;290,890;290,892;289,898;290,902;288,906;289,911;289,914;290,918;290,920;291,926;291,930;289,934;289,938;288,943;289,946;291,948;289,955;290,959;291,960;291,967;289,971;289,972;288,976;291,982;289,987;288,989;288,995;289,996;290,1003;289,1006;289,1008;289,1013;291,1018;288,1021
293,0;292,7;293,11;294,15;295,19;295,23;294,26;295,29;293,33;294,36;294,42;294,46;294,49;293,53;294,58;294,60;292,67;293,68;294,73;293,76;295,80;295,87;294,88;294,94;295,96;294,101;292,107;292,109;295,113;293,119;294,122;292,127;294,130;293,135;294,139;292,140;294,144;295,150;294,154;293,158;294,160;292,165;294,170;294,172;293,178;294,180;294,187;294,188;293,192;293,199;293,201;293,207;295,209;294,214;292,217;293,221;292,226;293,230;292,232;294,237;294,241;295,245;295,248;294,252;292,259;292,263;292,265;293,269;295,272;294,277;294,281;294,285;292,289;294,293;295,297;292,301;295,306;292,310;295,315;292,316;292,321;293,325;293,330;292,334;293,336;292,343;295,347;292,349;293,353;295,357;293,363;294,364;295,368;294,373;295,378;293,383;293,384;292,389;292,395;293,396;293,400;294,406;293,410;293,413;293,418;295,421;294,424;293,430;292,433;295,436;295,443;294,444;295,451;293,452;294,458;293,460;292,464;293,471;295,475;293,478;294,481;293,484;293,490;295,495;293,499;293,501;292,507;292,508;294,512;293,517;294,522;294,525;294,528;292,535;294,538;294,540;292,547;292,550;293,555;295,557;292,561;295,564;293,571;294,574;294,577;292,583;294,586;294,589;295,595;293,598;294,600;292,605;292,610;292,614;293,618;295,620;294,627;295,631;293,632;295,638;293,640;292,647;295,648;294,652;292,656;294,660;294,667;294,670;294,675;294,676;292,682;294,684;294,689;293,694;295,696;295,703;293,704;292,708;293,715;292,719;292,722;292,726;295,729;294,732;295,736;294,743;292,744;293,748;294,755;294,758;292,763;293,766;293,770;295,773;293,779;292,782;295,786;293,791;293,795;293,796;294,803;295,807;295,810;295,813;292,818;294,820;294,826;294,828;295,834;292,836;294,841;292,845;295,849;293,855;292,856;293,863;292,867;293,871;293,873;295,879;294,881;294,885;295,889;292,892;292,899;292,903;294,906;292,911;294,913;293,917;294,923;293,924;294,929;294,934;293,937;295,940;295,947;293,948;294,954;294,956;294,963;293,967;293,970;293,972;294,977;292,981;292,987;292,990;294,995;295,996;292,1003;292,1005;293,1011;295,1013;293,1018;292,1022
297,3;299,5;298,8;296,14;298,17;298,22;298,25;298,31;298,34;297,38;296,41;296,45;298,50;297,54;299,56;296,60;298,64;299,70;299,74;296,79;297,82;296,87;298,89;298,94;296,98;296,101;296,105;296,108;298,115;297,119;297,123;299,126;296,130;296,135;298,136;297,141;297,145;299,149;297,153;298,156;298,160;299,164;297,168;297,173;296,179;298,183;299,184;299,188;297,192;296,196;296,202;296,207;298,211;298,212;298,217;297,220;299,227;296,230;297,235;299,239;298,241;296,245;296,251;299,252;298,257;299,260;299,267;298,268;296,274;296,276;298,282;298,284;298,290;299,294;299,299;298,301;297,305;296,310;296,312;299,317;296,323;298,325;297,331;296,335;299,336;299,341;297,346;299,350;297,355;297,357;299,361;299,366;296,368;298,372;297,378;297,383;297,386;299,390;299,394;299,398;299,401;299,407;298,410;296,415;297,418;298,423;296,424;296,430;297,435;296,437;299,443;299,444;299,451;298,455;296,457;296,461;297,466;299,471;296,474;299,477;297,481;299,486;297,489;298,494;296,497;296,500;297,507;298,508;297,514;296,519;299,523;297,524;299,531;296,535;299,539;296,543;298,546;298,551;297,555;299,558;298,560;299,564;298,568;296,575;297,579;298,582;298,585;296,590;299,595;297,599;296,600;298,604;296,610;296,615;299,618;296,621;298,624;298,628;297,635;298,637;297,640;298,646;296,650;298,653;297,658;297,663;297,667;297,670;299,675;298,678;299,683;299,684;299,688;297,692;298,697;296,702;298,706;297,708;297,712;297,718;296,722;299,725;299,729;297,735;299,738;296,741;299,747;299,749;299,754;298,758;297,760;299,765;299,769;296,772;297,776;296,783;296,787;297,791;296,792;296,797;298,803;299,807;298,810;297,813;296,817;297,820;297,827;297,828;299,832;297,838;297,840;299,847;299,851;299,854;298,858;299,860;299,865;296,869;296,874;296,876;296,880;299,886;296,891;299,894;298,897;298,900;296,904;298,910;297,914;296,919;297,922;297,926;296,928;299,932;298,939;298,940;297,945;297,948;296,953;296,959;297,961;298,966;296,968;296,972;297,977;298,982;297,986;298,991;297,993;296,996;298,1002;297,1007;297,1010;298,1013;297,1017;298,1022
301,0;303,5;301,10;300,13;301,19;303,21;303,26;301,28;300,32;303,39;301,42;301,44;300,48;303,52;301,57;300,60;300,66;303,68;302,73;301,76;300,83;303,85;302,88;301,93;302,96;300,103;301,107;302,111;303,113;300,119;301,123;302,124;301,129;302,133;300,139;303,141;301,145;302,149;300,153;303,158;301,162;303,166;300,169;302,175;303,177;303,182;300,184;300,191;302,192;302,198;301,203;300,206;301,211;303,214;303,216;302,222;300,227;300,228;300,235;302,236;302,240;300,245;300,250;300,254;303,256;300,262;301,265;301,268;300,273;300,277;302,282;300,286;300,288;303,295;303,299;300,303;301,306;300,308;303,313;300,317;303,321;301,325;303,329;300,334;300,339;300,341;303,345;303,350;302,353;300,359;301,360;301,367;300,370;302,375;302,376;303,381;301,385;301,390;303,394;302,399;303,403;301,404;301,409;302,412;303,416;302,423;303,425;302,430;300,434;300,438;300,443;301,445;302,448;303,452;302,456;303,462;303,465;303,469;302,475;302,479;302,480;301,485;301,489;301,494;302,497;301,500;302,507;301,511;301,513;302,516;303,523;303,527;300,531;302,532;302,539;302,541;303,544;300,548;302,552;302,556;301,560;300,565;303,569;303,572;302,576;300,580;301,587;301,591;301,594;303,599;301,601;301,604;300,610;303,613;302,618;301,621;302,627;302,631;302,632;300,636;301,640;302,644;300,649;303,652;303,657;300,663;303,666;302,671;302,675;300,676;301,682;302,684;302,689;300,693;301,697;303,701;303,706;300,711;301,712;302,718;300,722;302,727;301,730;300,735;302,739;300,743;302,746;303,749;301,754;301,759;301,761;300,766;302,769;303,773;303,779;300,783;303,785;302,790;303,793;300,797;303,800;300,805;301,811;302,814;302,818;301,820;303,824;301,830;303,832;301,839;301,843;300,846;302,850;302,853;301,858;300,861;303,865;301,870;302,872;302,876;302,880;301,887;300,891;303,893;301,899;303,903;300,905;300,910;300,914;301,916;300,923;303,926;301,930;300,932;303,937;300,942;300,946;300,948;300,952;302,959;302,963;300,966;302,968;301,973;303,977;301,981;302,987;302,990;301,995;302,996;302,1001;303,1006;301,1010;300,1012;300,1017;301,1022
306,1;306,7;307,11;306,15;306,17;306,23;305,24;306,30;305,32;306,36;305,43;304,47;306,51;306,54;306,59;306,61;305,64;306,68;306,74;306,77;307,82;307,85;307,88;305,95;306,96;307,100;304,106;307,110;305,113;304,118;306,120;305,125;304,128;306,134;306,137;306,142;307,146;304,149;306,152;307,157;304,160;306,165;306,171;305,172;306,179;305,181;306,186;306,188;304,195;306,199;304,203;304,207;307,209;306,213;307,219;305,222;307,225;306,229;305,235;304,239;304,243;305,246;307,249;306,255;306,259;305,260;307,267;304,271;306,275;306,278;304,280;307,286;306,288;305,293;306,297;304,300;305,306;307,309;306,312;305,317;305,323;304,324;305,331;307,334;304,339;305,342;307,345;304,351;307,353;305,356;306,361;306,366;306,369;304,375;306,379;307,383;306,386;307,391;305,392;304,399;307,400;307,406;305,409;306,414;307,418;307,420;304,427;304,430;306,434;305,436;305,443;304,447;305,449;306,454;304,456;307,460;305,466;307,469;304,473;307,479;307,481;304,484;307,491;307,493;306,497;304,501;304,504;304,509;306,514;304,519;304,520;305,527;307,529;304,532;305,538;305,541;306,547;305,548;304,552;305,559;305,561;307,566;304,569;305,572;307,577;307,583;307,584;304,588;306,592;307,596;304,601;307,605;307,608;304,613;306,618;307,620;307,627;305,631;304,634;305,637;307,642;304,647;307,651;306,653;304,658;304,663;306,667;304,668;304,673;306,678;307,683;304,687;306,691;307,695;305,697;305,700;304,704;307,710;306,714;304,719;305,722;306,724;306,728;307,734;304,738;307,742;307,744;304,751;304,755;307,758;304,763;305,766;305,771;307,775;305,779;307,783;306,785;306,790;307,794;305,799;307,801;304,805;304,811;307,815;305,818;306,823;304,825;307,830;304,835;307,836;307,840;307,846;305,849;307,852;304,857;306,863;305,866;306,869;304,872;306,877;304,880;306,885;306,890;304,895;304,896;304,903;304,905;307,909;306,915;305,919;304,922;304,924;306,930;305,933;306,938;306,940;304,947;304,948;307,953;304,959;305,963;306,966;306,968;305,975;307,976;305,981;306,987;307,988;304,994;305,996;305,1003;304,1006;306,1009;304,1012;304,1017;307,1023
311,0;309,7;309,10;311,15;311,18;309,23;311,27;309,28;308,32;309,36;309,43;309,46;311,51;309,52;308,56;311,62;309,66;309,70;310,73;311,79;308,81;308,84;310,91;309,94;309,96;310,103;309,107;309,111;309,112;310,117;308,120;311,124;310,130;310,132;311,137;311,141;308,146;308,149;311,153;309,157;308,161;308,166;311,170;309,175;310,177;308,182;311,186;310,189;310,195;308,197;311,203;308,204;310,209;308,214;310,219;308,222;310,225;308,229;308,235;308,239;310,241;309,245;308,249;308,253;308,257;311,261;308,265;311,271;310,273;309,276;308,281;311,286;310,290;309,295;309,296;308,301;309,304;310,310;311,315;308,318;309,320;310,326;310,329;308,335;311,338;308,342;309,344;308,349;308,352;311,358;309,362;308,364;311,371;310,375;310,379;309,382;309,384;308,389;310,395;308,396;309,402;308,404;308,411;310,415;310,419;308,420;310,426;309,429;309,434;310,439;309,440;310,444;310,450;310,453;309,458;310,460;308,464;311,469;311,475;309,479;308,483;309,486;308,491;308,495;311,497;310,503;309,505;309,511;310,514;309,518;310,522;308,526;311,529;309,532;308,538;309,543;308,547;311,548;310,553;308,558;310,563;311,567;311,570;311,573;310,579;308,583;308,587;310,591;310,592;311,598;310,600;311,604;309,609;310,614;308,618;308,622;308,626;311,628;311,634;311,638;308,643;311,646;308,651;310,652;308,656;308,663;308,666;310,668;308,672;309,676;310,681;309,686;310,688;309,692;309,699;309,700;309,704;308,709;309,714;311,717;308,723;311,726;309,730;309,733;309,737;311,742;310,745;308,750;311,754;308,758;311,761;309,765;308,771;311,774;310,779;309,782;310,786;311,789;308,793;309,799;309,801;311,807;309,809;310,813;308,817;310,821;311,827;308,831;308,832;308,838;309,840;309,846;311,848;308,854;310,856;308,860;308,865;308,868;308,875;310,878;309,883;311,887;308,888;308,893;308,897;309,903;310,907;311,910;309,913;311,916;310,921;311,926;308,930;310,933;311,937;309,943;310,946;310,951;310,952;308,958;309,962;311,966;308,971;308,975;309,977;311,982;311,987;308,991;311,992;309,999;309,1000;310,1006;309,1011;311,1012;309,1016;309,1020
312,0;313,7;314,11;315,14;315,17;314,22;312,24;312,30;314,32;312,39;313,41;313,45;313,48;312,55;312,59;315,61;315,66;313,69;314,73;313,77;312,80;312,84;313,88;313,92;314,97;313,101;313,107;314,109;314,115;314,118;313,123;314,124;314,131;314,134;313,136;313,143;312,147;315,148;313,154;312,157;313,162;314,164;312,171;313,173;314,179;314,181;313,185;312,191;314,193;315,197;314,202;314,204;314,209;312,214;313,219;315,223;315,226;312,229;315,232;314,238;312,243;313,244;312,250;313,255;315,259;313,263;315,265;313,269;312,274;314,277;314,282;312,287;313,290;314,295;315,298;314,301;312,305;314,309;312,312;313,316;314,322;313,325;314,329;315,333;313,339;312,341;312,346;312,351;315,352;312,359;312,360;312,366;312,371;314,372;315,379;312,383;312,384;313,391;314,393;314,399;314,403;315,404;315,410;314,412;315,416;312,423;312,426;312,428;314,433;312,436;314,440;315,447;315,449;314,452;315,458;314,460;312,465;313,469;313,474;313,478;314,482;314,485;313,489;312,492;314,496;313,503;313,506;313,511;312,513;315,519;313,521;312,524;315,529;314,535;315,538;313,543;313,547;313,549;314,552;312,556;312,563;313,564;315,568;313,574;315,576;313,581;312,587;312,588;312,592;313,598;315,601;314,604;312,609;314,615;313,616;315,620;312,627;314,629;314,634;314,639;312,643;314,647;312,648;312,653;315,656;313,660;313,666;315,670;315,675;312,676;314,680;314,687;314,688;314,695;314,696;314,700;313,707;314,710;313,712;313,718;313,721;315,727;315,729;312,735;313,737;313,740;315,745;314,748;313,752;315,759;312,760;312,767;313,768;312,773;314,779;313,782;315,784;313,791;312,793;314,796;315,800;315,806;315,810;313,813;314,818;315,822;315,827;315,828;314,835;315,838;315,840;315,846;313,848;314,853;312,857;312,862;312,864;313,870;312,873;314,878;313,883;313,884;312,889;312,893;314,896;312,900;312,904;315,910;315,913;313,917;312,922;312,925;313,931;315,935;315,939;313,940;313,945;312,948;312,954;314,958;312,960;314,966;313,970;314,972;312,976;313,981;312,986;312,989;315,992;313,999;313,1002;314,1006;315,1008;312,1013;313,1019;314,1023
319,1;317,5;319,11;319,12;317,18;317,21;316,26;316,31;318,33;318,39;318,40;318,47;316,48;318,55;317,59;317,62;316,67;318,70;317,75;319,78;319,81;318,85;316,91;318,92;316,98;318,101;318,106;316,110;316,112;316,116;318,123;319,127;317,131;318,133;318,139;317,141;318,147;317,149;318,153;319,158;316,162;317,165;316,170;319,172;317,179;319,181;318,184;317,189;319,192;318,198;317,202;318,205;319,209;316,215;317,216;318,223;317,226;319,229;318,233;317,238;317,242;319,247;318,250;316,255;317,257;318,262;319,267;316,269;316,275;316,279;319,282;319,284;318,289;318,292;317,296;318,302;316,305;319,309;318,315;319,319;318,323;317,325;318,331;318,334;319,339;319,341;317,347;317,351;317,352;319,359;316,362;318,364;316,370;316,372;316,379;317,382;318,387;318,389;318,393;319,398;317,400;316,404;319,409;317,414;318,416;317,423;317,424;319,428;316,432;318,437;319,440;319,447;316,449;316,453;317,459;319,463;317,467;316,469;318,474;318,477;316,481;319,485;319,489;316,493;319,496;318,500;318,504;318,509;319,515;317,519;319,521;317,524;319,529;317,534;318,536;319,543;317,547;319,549;318,555;319,557;318,560;318,565;317,568;316,575;319,579;319,582;317,584;316,591;316,592;316,598;319,602;316,607;319,610;316,613;317,616;318,620;316,626;318,628;316,635;318,636;319,643;318,646;316,650;316,652;317,656;319,661;316,666;318,668;318,675;317,677;318,680;317,684;316,689;316,692;316,697;316,700;316,704;316,708;319,715;317,716;317,720;318,727;318,730;319,735;317,737;317,741;318,745;319,748;319,753;319,756;316,760;318,766;319,770;316,772;318,778;318,782;316,786;317,790;317,793;318,799;319,801;318,804;318,809;317,814;317,816;317,820;318,827;319,829;319,835;319,839;317,841;316,846;319,850;316,853;316,857;318,862;319,865;316,868;317,873;317,879;316,881;316,887;316,890;319,892;319,899;319,901;317,904;319,909;317,915;318,916;316,922;316,927;319,931;318,935;319,937;317,943;317,945;317,951;317,955;318,958;317,962;317,965;319,970;318,973;318,977;319,980;318,987;318,991;319,992;317,999;316,1000;316,1006;317,1008;317,1012;318,1017;319,1023
320,0;323,7;321,9;323,13;321,18;321,21;321,26;322,31;323,35;323,38;321,43;321,45;323,48;322,55;320,58;320,61;320,66;322,70;321,72;320,78;321,82;320,87;323,90;320,93;320,99;321,100;322,107;323,110;321,115;322,118;323,121;320,125;321,129;323,132;323,138;323,143;321,144;322,150;320,153;320,158;320,163;321,164;320,170;323,175;322,176;320,180;322,186;323,188;323,193;321,199;321,200;322,206;321,210;323,214;323,217;322,221;320,224;321,228;321,234;323,239;321,241;323,246;320,248;321,255;320,256;321,260;321,266;320,271;322,273;321,276;322,282;320,287;322,289;320,294;320,298;321,300;322,307;321,308;322,314;322,317;320,322;322,325;322,329;323,334;321,336;320,340;321,344;320,351;321,354;321,359;320,362;321,367;322,369;321,375;320,376;320,381;322,387;320,390;321,392;321,397;321,400;321,407;320,411;322,412;322,417;323,423;323,424;321,428;320,435;322,438;321,443;323,447;323,449;321,452;320,456;323,460;320,466;321,471;321,475;321,478;321,483;320,487;320,491;322,493;323,497;321,502;323,507;323,508;322,512;320,516;321,521;322,526;320,529;323,533;321,538;323,540;323,547;323,551;320,555;323,559;322,560;322,564;323,571;323,572;320,579;321,581;323,585;323,588;323,592;320,599;321,603;320,606;322,610;321,613;320,617;320,623;320,624;322,631;322,633;323,636;322,642;321,646;323,651;323,655;321,657;323,663;323,666;321,670;322,674;320,677;321,682;323,684;322,691;320,695;321,697;323,701;323,707;323,710;321,712;322,718;321,723;322,727;320,731;322,734;320,737;321,741;322,745;320,748;320,754;322,757;321,763;320,764;320,768;322,773;320,777;320,781;323,784;322,790;322,795;322,797;320,803;322,805;322,811;320,814;322,819;320,820;320,827;322,828;320,835;323,837;321,840;320,845;320,848;320,854;322,856;323,862;320,866;323,869;320,872;321,877;321,883;323,885;321,889;322,895;322,896;320,902;321,904;322,908;320,912;322,919;322,923;321,924;323,928;320,935;320,937;322,940;321,945;321,948;321,953;321,956;320,961;321,964;321,971;323,973;320,976;323,980;320,985;322,988;322,995;322,997;320,1003;320,1006;321,1009;320,1012;322,1019;320,1020
326,3;324,6;326,9;324,12;327,16;325,23;326,24;324,29;324,35;326,38;326,43;324,45;326,48;324,52;327,57;327,63;327,64;327,69;327,74;324,77;326,83;326,86;325,90;326,93;327,96;327,100;327,106;327,108;326,115;325,116;326,121;327,125;325,128;327,132;324,137;324,143;326,145;324,150;327,152;327,159;325,162;324,167;324,169;326,175;325,178;326,183;324,184;324,188;325,192;326,198;324,201;327,204;324,210;327,213;324,219;327,220;324,227;325,229;327,235;325,238;327,242;324,246;325,251;327,254;325,256;327,260;324,265;324,271;325,275;325,278;326,283;325,284;324,288;326,293;325,297;324,302;327,307;327,309;326,315;325,319;324,320;327,324;326,331;325,335;327,338;326,342;327,347;324,349;327,355;324,357;326,363;327,366;327,371;326,374;326,377;324,383;325,386;327,391;324,394;325,398;327,402;326,407;327,410;326,414;324,418;325,421;326,426;325,429;325,434;327,438;326,441;327,447;326,451;325,452;327,458;326,461;327,466;326,471;326,475;325,476;326,483;326,484;326,490;325,494;325,497;325,503;325,506;325,510;325,515;325,519;327,523;325,525;327,531;324,534;325,536;325,541;327,547;325,549;325,553;326,557;327,561;327,565;327,568;324,572;327,576;324,583;327,586;327,588;326,592;327,599;326,602;325,607;325,611;327,612;327,617;326,620;324,627;324,631;325,635;326,636;324,640;326,645;325,649;326,653;327,657;325,660;324,666;325,669;327,672;324,677;325,683;325,685;325,689;324,695;326,699;325,702;324,704;327,711;326,712;326,718;327,723;327,725;325,731;325,733;325,737;324,742;324,744;325,751;326,754;326,758;324,763;326,765;325,768;327,775;326,777;324,781;325,784;327,789;326,792;325,799;324,801;327,807;326,809;327,813;327,816;324,820;324,826;324,831;324,832;324,837;327,843;324,846;325,849;324,852;326,858;327,862;325,867;324,868;326,875;327,879;325,882;326,887;324,890;327,895;326,897;324,903;325,905;327,908;327,913;325,919;325,920;324,924;327,929;325,933;326,936;326,942;325,945;327,948;325,954;324,958;327,962;326,966;326,969;324,973;324,977;327,982;324,986;327,991;325,995;324,999;327,1003;325,1005;324,1011;327,1013;324,1018;325,1020
328,3;330,5;329,8;328,15;331,19;329,21;328,26;328,29;328,35;331,36;328,40;331,46;329,50;330,52;330,57;328,60;330,67;331,68;331,75;331,79;329,80;330,87;330,90;328,93;328,99;330,102;329,105;329,110;328,113;330,117;329,123;330,126;331,129;330,134;330,138;330,143;331,144;330,149;330,152;328,158;330,162;330,167;329,168;329,173;330,179;331,183;330,187;330,191;328,195;328,198;330,202;330,204;331,211;330,212;328,219;328,221;328,227;329,228;330,234;329,237;328,243;330,245;331,251;331,255;330,257;330,263;330,266;330,270;330,275;331,277;331,280;330,285;330,289;329,293;331,298;330,303;331,305;329,308;329,314;331,318;330,322;329,326;329,331;328,332;328,339;331,340;330,345;330,348;329,354;329,356;330,363;328,367;330,371;329,374;328,376;329,381;329,387;329,389;330,395;331,396;330,400;331,406;329,410;330,413;331,416;328,420;329,425;331,428;328,433;329,437;328,441;330,446;328,448;331,455;331,458;330,460;331,467;328,468;330,472;329,479;328,482;328,487;328,491;329,494;328,498;328,500;330,506;329,508;330,513;331,517;328,521;328,526;331,531;331,535;328,538;328,543;329,544;328,551;331,552;329,558;330,561;330,565;331,568;330,575;331,578;331,581;329,585;330,590;328,592;330,599;329,601;330,605;330,610;328,613;331,617;331,623;330,624;329,630;329,633;328,637;328,640;330,647;328,650;331,654;331,656;328,661;330,665;329,671;329,675;329,679;330,683;328,685;331,688;330,695;330,697;330,700;330,704;329,709;330,715;328,718;331,721;331,724;330,728;328,735;330,736;331,742;328,746;328,748;328,754;330,756;329,761;328,765;329,770;328,772;328,778;331,782;331,786;330,788;331,795;331,796;330,801;328,806;329,809;329,813;330,816;329,823;329,825;329,830;329,833;328,836;328,843;330,847;329,851;330,854;328,859;329,863;328,866;329,870;328,875;329,876;328,880;328,887;330,891;329,894;329,897;330,900;329,907;328,908;330,914;328,918;330,920;330,925;329,929;330,932;329,936;330,942;329,945;331,948;329,952;331,957;330,962;331,965;328,970;329,975;331,976;328,980;331,986;330,989;331,995;329,998;331,1003;331,1004;328,1008;330,1014;330,1018;329,1022
333,3;333,6;332,11;332,14;332,16;333,21;333,25;332,30;335,33;333,37;333,42;333,47;334,48;333,52;333,57;333,62;333,66;333,68;335,75;335,78;332,82;334,85;333,88;333,93;335,97;333,103;333,104;332,110;334,114;334,119;332,122;334,127;335,128;335,134;332,139;332,140;334,146;332,151;332,154;335,156;333,160;332,167;332,168;334,174;335,178;333,180;334,185;333,190;334,193;334,199;333,202;333,204;333,208;334,214;334,219;333,223;333,227;334,231;335,235;332,236;332,241;335,245;332,251;335,255;335,258;333,261;335,265;332,269;335,273;335,277;333,280;333,285;334,291;332,295;333,296;335,303;334,305;332,310;335,313;335,319;335,322;334,327;333,330;334,333;333,336;333,342;334,344;335,351;335,355;332,357;333,361;333,365;332,368;333,375;333,377;333,381;333,384;334,391;333,395;335,397;333,400;334,404;332,410;333,412;333,419;332,421;333,426;333,429;332,435;332,438;334,442;333,446;333,451;334,452;335,457;334,460;334,466;333,471;333,473;332,479;335,480;334,484;333,489;334,492;333,499;332,500;332,504;334,511;334,514;335,516;332,521;332,525;335,530;334,533;332,538;332,542;334,547;332,549;332,553;334,558;335,562;333,567;332,569;333,572;334,578;333,582;335,586;334,590;335,592;333,598;334,600;332,604;332,608;334,615;332,616;332,622;334,624;332,629;335,634;335,637;333,640;332,647;332,648;332,655;333,658;335,661;334,666;334,670;335,673;332,679;334,682;333,687;334,690;335,692;335,696;335,702;333,704;332,710;335,715;332,718;333,721;332,726;335,730;334,734;334,739;333,740;334,744;332,748;333,754;334,756;334,762;334,764;333,770;335,773;333,777;332,783;333,787;333,791;333,792;333,796;335,801;332,806;333,808;332,813;335,818;332,821;333,827;332,830;332,835;333,839;333,843;333,846;333,850;334,854;333,858;334,862;333,864;333,868;333,874;332,876;332,881;334,886;333,888;335,894;334,896;335,901;334,906;333,909;334,915;333,919;332,922;334,924;334,929;332,935;334,938;334,940;335,947;333,951;334,955;335,958;332,961;334,965;335,971;335,973;335,976;334,983;334,984;333,990;335,994;335,999;334,1000;333,1006;332,1009;334,1014;334,1019;334,1020
338,1;339,6;339,8;337,12;338,19;336,23;338,24;336,31;336,32;339,38;339,43;339,44;338,50;339,53;339,56;338,61;338,66;339,69;338,74;339,76;336,80;337,86;339,91;338,95;337,97;339,102;339,105;336,109;339,112;336,116;338,121;337,126;339,129;339,134;336,137;338,141;337,147;338,148;337,152;339,156;338,163;339,165;338,168;336,175;338,177;338,182;339,184;337,189;338,192;337,198;338,202;338,204;338,210;338,212;338,219;338,221;339,226;338,229;337,235;337,237;337,241;338,245;337,249;337,255;338,256;339,262;336,264;337,268;339,274;338,277;338,283;336,287;337,291;338,295;337,296;338,300;337,306;337,308;339,315;339,317;336,322;339,324;339,330;339,335;337,338;338,341;337,344;339,351;337,354;338,356;339,361;337,364;337,369;338,373;338,377;337,380;338,384;338,390;336,392;338,396;336,402;337,405;337,408;336,412;336,416;337,423;337,424;338,431;338,433;338,438;337,441;336,447;339,448;336,454;339,458;337,463;337,464;338,470;339,473;337,477;337,481;337,485;337,489;339,495;339,497;339,500;339,506;339,509;339,514;338,518;338,521;339,527;339,528;338,532;339,536;339,540;338,545;338,550;339,553;338,559;339,560;339,566;339,571;339,572;338,578;339,582;339,584;336,591;336,592;336,597;338,602;337,604;339,610;339,613;339,619;336,620;338,626;338,629;337,635;337,638;337,642;337,645;337,650;337,655;336,658;336,662;337,667;337,670;336,672;337,677;336,682;337,686;339,690;339,695;339,698;338,703;339,704;338,711;339,713;338,718;337,723;339,725;336,729;336,734;337,736;338,743;338,744;337,749;338,752;336,757;339,761;339,767;338,771;336,773;339,779;336,783;336,786;339,789;336,794;338,798;339,801;338,807;336,810;338,812;336,817;337,823;337,827;336,829;337,832;339,837;338,842;337,845;337,848;338,855;338,858;337,860;338,865;339,868;337,874;336,879;339,881;337,886;336,891;338,892;336,899;338,902;336,904;336,909;339,913;337,918;339,922;339,927;337,931;336,935;338,939;338,940;339,947;337,951;337,955;337,956;337,962;338,966;337,970;336,973;339,976;336,980;339,985;336,991;339,995;338,998;339,1003;336,1004;336,1011;336,1012;339,1018;338,1020
342,3;343,5;340,9;340,15;341,16;342,23;341,24;340,28;343,33;340,39;341,43;341,45;341,50;341,53;341,57;340,60;341,66;340,70;341,72;340,76;341,81;341,85;341,90;340,94;340,97;341,101;343,104;342,110;340,114;341,117;343,121;342,125;343,128;342,132;341,136;342,141;342,144;340,149;340,153;340,157;343,163;340,166;341,170;340,174;342,176;340,183;343,185;342,190;341,192;340,199;343,202;342,206;343,210;342,212;341,219;341,221;342,226;341,229;342,235;342,236;340,243;341,247;341,250;341,252;342,257;343,262;343,267;343,268;342,272;343,277;343,281;341,285;343,291;340,295;341,298;343,303;341,307;341,309;343,312;341,319;342,323;342,324;343,331;343,332;340,338;340,340;342,344;343,350;343,355;343,358;343,360;342,365;340,368;341,374;341,377;343,382;341,385;341,388;341,395;342,397;340,401;341,405;340,409;343,412;340,418;342,421;341,424;340,429;342,432;341,438;343,442;340,445;341,449;343,455;340,457;340,461;340,465;340,470;341,473;343,476;341,481;343,484;342,489;340,495;340,497;340,500;340,505;340,508;343,515;340,517;340,520;340,524;341,529;341,533;340,538;341,540;340,544;340,548;340,554;340,558;340,563;342,566;340,570;342,575;341,576;340,581;341,585;341,590;340,594;340,596;343,601;340,607;342,610;340,614;341,616;343,623;340,625;343,629;341,633;342,636;342,642;341,647;343,649;341,652;341,658;341,663;340,667;340,670;341,674;342,679;342,683;342,687;341,688;343,695;343,698;342,703;342,707;340,710;343,712;342,718;340,722;342,724;343,731;341,732;343,737;341,740;340,745;343,749;343,755;342,756;343,762;341,766;342,769;343,775;343,777;343,780;343,786;341,788;343,794;343,796;341,801;343,806;340,809;343,814;340,819;342,823;343,824;342,829;340,833;343,837;342,841;341,847;343,849;340,854;340,859;341,863;343,864;340,870;342,874;342,876;342,882;340,887;342,891;341,894;341,898;340,900;342,906;342,910;341,913;341,919;343,920;340,926;342,931;340,932;343,938;342,942;340,945;342,950;342,954;343,956;342,962;342,965;341,970;342,974;341,976;340,980;341,986;341,988;343,995;343,998;342,1003;343,1006;341,1010;340,1013;340,1018;340,1021
347,0;345,5;347,9;344,12;344,16;346,20;347,25;344,30;345,33;344,37;345,43;347,46;344,50;344,55;344,59;345,60;344,64;344,68;344,72;347,79;345,82;345,84;345,90;344,92;347,97;347,100;346,105;345,110;346,112;346,119;344,120;345,127;347,128;347,132;345,137;346,140;344,146;344,150;344,155;345,157;345,160;347,167;344,168;346,173;345,178;347,182;344,184;346,191;346,192;345,196;346,201;346,206;346,210;345,213;344,218;345,221;345,226;346,228;347,233;347,236;346,242;346,245;344,249;347,253;344,258;344,260;345,265;345,269;345,272;345,277;345,283;347,286;347,288;345,294;346,298;347,303;346,307;345,309;345,315;346,317;347,320;347,326;347,330;344,333;345,336;346,341;346,344;346,350;344,353;346,356;346,363;347,366;347,369;346,373;346,376;345,381;346,386;346,388;346,394;346,396;346,400;347,404;347,408;346,414;345,417;347,421;346,426;344,428;345,434;346,439;347,440;346,444;345,451;347,454;347,456;347,462;344,464;346,469;344,473;344,478;347,483;346,485;346,490;346,495;346,496;344,500;345,504;344,510;344,515;345,517;345,521;344,524;344,531;344,535;347,536;344,541;344,547;347,548;346,552;347,559;347,560;347,567;347,569;345,572;346,577;345,581;346,587;346,591;347,593;347,598;344,601;347,606;344,611;345,614;347,616;347,621;346,624;346,631;347,634;345,636;346,640;346,645;345,650;344,655;345,657;346,661;345,667;346,670;345,673;347,679;346,682;346,685;347,688;344,694;344,697;347,702;347,705;347,709;345,712;347,719;345,723;346,726;346,729;344,733;345,738;346,740;346,744;345,750;345,755;347,759;345,761;347,767;347,769;346,774;346,776;347,783;345,785;347,791;345,795;344,796;344,802;347,807;347,811;346,813;344,816;344,820;347,825;344,828;345,834;345,837;347,843;344,847;347,849;345,855;345,859;346,860;344,867;344,871;344,875;346,877;346,883;347,886;346,889;347,893;344,897;346,903;345,904;346,910;344,913;346,917;347,920;345,924;346,931;347,934;346,938;344,942;345,945;344,950;347,952;344,957;344,963;346,966;346,969;345,973;345,977;347,983;346,985;346,990;346,992;344,997;347,1002;344,1006;344,1011;345,1014;347,1019;345,1022
349,2;349,7;348,8;350,15;348,18;350,20;351,27;348,30;350,35;350,37;348,43;350,47;350,50;350,54;348,56;348,62;350,66;349,71;350,72;348,79;348,83;348,84;349,91;348,93;348,99;351,103;350,104;350,109;348,115;348,118;351,120;350,127;351,128;351,134;348,138;349,143;348,146;351,149;348,153;348,157;349,161;351,164;348,170;350,174;348,179;350,181;350,184;350,191;350,194;349,197;349,201;349,207;349,208;350,212;351,216;349,221;350,225;351,228;351,235;350,236;350,240;351,245;349,248;350,254;350,256;351,262;348,264;348,268;350,274;351,277;350,281;349,285;351,290;349,292;350,298;351,303;348,306;351,311;348,313;348,316;350,322;348,326;349,329;348,332;349,338;350,342;351,346;350,350;348,355;351,356;348,362;350,365;350,371;348,372;349,378;351,380;351,385;348,388;349,393;348,397;351,402;350,407;351,409;348,412;350,418;350,423;349,424;349,431;348,433;351,436;350,441;350,445;348,448;349,453;348,457;350,460;349,467;351,469;351,475;351,477;349,481;348,487;349,491;351,495;348,498;348,500;351,506;348,511;349,512;351,518;350,522;351,525;350,528;351,535;351,536;351,540;351,544;350,549;351,553;350,556;350,563;350,566;349,568;349,574;351,576;350,580;349,586;351,591;350,595;350,596;350,602;350,605;351,609;351,615;348,618;349,620;350,626;348,629;348,635;348,638;350,641;349,647;349,651;349,653;348,659;351,661;350,665;348,671;349,674;351,676;351,682;351,686;350,688;350,693;351,698;351,703;348,704;348,708;351,712;350,718;348,723;351,726;349,728;349,733;349,737;348,742;350,744;348,748;350,753;349,758;351,760;351,767;351,768;348,775;348,779;351,780;348,786;348,789;351,794;349,799;350,801;351,807;349,809;348,815;351,819;349,823;349,826;348,829;349,834;350,838;351,843;348,846;351,848;351,853;348,856;349,863;349,867;350,868;348,872;349,877;351,881;348,885;349,891;351,895;351,899;350,902;350,907;349,911;349,913;350,916;348,922;349,926;351,928;348,932;348,936;351,941;351,944;351,951;350,952;350,957;348,963;351,964;351,970;351,973;350,976;351,982;349,986;351,990;350,992;349,996;351,1002;350,1004;351,1011;351,1014;349,1018;349,1022
354,2;355,7;354,10;352,12;355,17;354,20;353,27;354,28;355,35;354,38;354,41;353,44;352,49;352,55;353,56;352,63;353,64;352,69;353,72;353,77;353,83;354,84;352,90;352,93;352,97;353,103;354,106;352,109;353,114;352,117;353,123;354,126;355,130;352,135;354,136;352,142;355,146;355,148;355,155;353,157;353,162;354,167;354,171;354,174;352,176;352,181;354,185;352,190;352,194;352,197;355,201;355,204;355,208;355,212;352,219;353,223;352,224;354,228;355,235;352,239;352,240;352,247;355,250;355,253;352,258;353,261;355,266;352,268;355,274;352,278;354,280;355,286;354,289;353,293;355,297;355,302;352,304;354,309;355,312;353,319;354,322;353,324;353,328;355,334;355,338;355,343;353,347;352,349;352,352;355,358;355,362;352,364;354,369;354,374;352,378;352,382;354,386;354,390;354,395;355,397;354,401;354,407;353,410;352,412;353,419;355,422;355,424;355,428;353,435;352,438;354,440;355,445;353,451;353,452;352,457;354,461;354,467;355,471;353,473;355,478;354,481;353,487;354,489;355,493;355,498;354,502;355,504;354,510;354,512;352,519;353,520;352,527;354,531;352,534;355,536;353,540;353,544;354,548;355,552;353,557;355,563;352,567;355,569;355,572;353,579;353,580;353,587;355,590;355,593;354,597;352,602;353,604;353,611;352,615;355,616;354,622;352,627;354,631;353,635;353,639;352,640;354,647;355,651;352,653;352,658;353,661;354,666;355,668;352,675;355,679;353,683;352,686;352,691;352,693;354,699;352,702;355,706;354,710;354,715;352,718;355,721;354,725;352,729;353,733;355,739;352,743;355,744;353,750;354,754;354,758;353,762;355,766;353,771;355,774;355,779;355,783;355,787;355,790;354,792;354,798;353,803;354,804;354,810;352,814;354,816;353,821;354,827;352,831;352,834;355,837;353,841;353,847;353,849;353,852;354,857;353,861;355,864;354,868;354,874;355,876;355,880;355,884;353,888;354,895;354,898;354,900;354,905;353,910;354,915;354,918;355,921;354,924;354,931;352,933;352,937;354,940;354,945;355,951;354,954;352,958;352,963;355,964;354,971;352,975;353,978;354,983;354,987;352,990;352,995;355,999;355,1000;354,1007;353,1009;353,1013;353,1016;352,1023
357,1;358,5;358,8;359,12;358,19;357,23;358,24;356,28;358,35;358,38;359,42;356,45;356,48;358,55;356,56;359,62;358,64;356,68;358,75;358,76;357,83;356,86;358,91;359,95;358,97;356,103;359,106;356,108;356,112;356,119;356,122;356,124;356,130;357,134;356,136;358,142;356,146;359,149;357,154;356,157;359,163;356,165;357,168;359,175;359,177;359,182;357,184;359,189;359,192;359,197;357,201;356,207;357,210;357,215;359,218;358,221;358,225;358,231;358,234;357,236;358,240;356,247;356,251;357,254;357,257;357,260;358,267;356,271;358,273;357,277;359,283;358,284;357,288;357,293;359,296;357,301;357,306;357,310;358,314;358,316;357,322;359,326;357,331;356,332;359,339;356,340;358,344;357,351;359,353;358,356;356,363;359,364;359,369;358,372;356,376;359,382;358,385;357,389;359,393;356,399;359,402;357,404;358,410;359,413;357,417;358,420;356,424;356,429;358,434;357,439;359,442;357,447;356,449;356,454;358,458;356,462;356,467;358,470;357,472;358,479;357,480;356,487;356,491;358,494;356,498;359,500;356,505;358,510;359,513;359,518;359,520;357,525;358,531;357,533;359,538;356,541;358,547;358,550;359,555;358,556;358,561;359,566;358,571;358,574;359,578;359,580;357,586;359,591;359,595;356,598;359,603;358,605;356,609;357,613;357,617;357,620;356,624;359,631;359,632;356,637;357,640;356,647;358,651;356,655;358,656;356,662;359,664;356,669;359,675;356,679;357,681;357,687;356,691;358,693;357,697;358,702;359,704;359,708;358,712;356,717;356,723;356,727;359,731;358,732;358,736;357,740;358,745;359,749;358,755;357,758;357,762;356,766;357,769;357,775;357,777;359,780;358,785;357,789;357,795;359,796;359,802;357,807;357,808;357,813;357,816;358,820;358,827;358,831;358,833;358,839;357,841;359,845;359,851;357,854;358,857;357,863;356,865;359,868;359,874;358,879;359,880;357,885;357,890;357,895;358,897;357,900;359,904;356,910;356,913;358,917;356,921;359,926;358,928;358,932;359,936;356,940;356,944;359,950;358,954;356,958;358,962;359,964;359,970;359,974;358,978;359,980;359,987;358,989;356,995;359,997;357,1003;357,1004;356,1011;359,1014;357,1016;357,1023
362,3;362,7;363,9;363,15;360,18;362,23;362,26;362,28;360,35;362,37;362,40;362,45;363,51;360,53;361,59;362,63;360,65;363,69;361,73;363,79;363,81;362,87;362,91;363,95;361,98;361,103;362,105;360,111;362,112;362,119;363,120;362,124;362,131;363,133;360,136;362,140;362,144;363,148;360,155;362,159;362,161;362,167;363,168;363,173;361,177;361,181;362,186;360,188;360,195;360,199;363,202;363,206;362,208;360,212;361,219;360,221;361,225;360,229;360,232;362,237;361,243;361,246;363,248;363,253;360,259;363,262;360,266;360,268;360,274;361,279;361,281;360,287;361,288;361,295;363,299;362,302;361,304;361,309;361,314;360,316;362,323;362,326;363,331;360,335;360,337;363,341;362,346;360,351;360,353;360,356;362,360;361,365;363,370;363,374;361,378;361,382;362,386;362,388;361,392;361,398;360,403;361,405;363,408;361,415;363,417;363,420;363,426;360,428;363,434;362,437;363,441;362,444;360,451;363,454;363,458;363,463;363,465;360,470;360,472;360,477;362,481;360,487;361,490;363,493;361,496;363,502;360,504;361,511;363,515;361,518;360,522;361,525;363,528;362,533;360,539;361,542;361,545;360,548;362,555;361,559;363,563;361,565;362,568;363,574;363,576;360,580;362,584;360,591;363,593;360,599;360,600;362,604;360,608;361,612;363,619;362,623;360,626;360,631;360,635;360,636;361,641;362,645;363,648;362,654;363,657;360,661;363,665;361,669;360,675;363,676;361,680;361,687;361,690;361,694;363,698;361,701;360,704;363,709;361,713;362,716;363,721;362,724;361,731;360,734;361,738;360,740;362,745;360,751;361,754;362,758;362,762;361,764;363,769;362,772;362,777;360,783;362,786;360,789;363,793;362,798;360,801;363,806;363,808;363,813;363,817;361,821;361,826;362,829;361,833;362,837;362,840;361,846;363,851;362,853;361,859;361,861;363,865;361,870;363,874;362,877;361,880;362,887;361,888;362,892;362,896;361,900;360,906;363,908;362,915;361,919;361,923;362,926;361,928;363,933;363,937;360,942;363,947;362,950;361,955;360,957;363,961;363,964;360,971;361,972;363,977;361,982;361,986;360,988;362,994;362,997;363,1002;360,1004;361,1010;361,1012;363,1018;362,1023
367,0;365,6;365,8;364,12;365,19;367,22;365,25;367,29;364,33;366,36;367,42;367,44;365,49;364,54;367,56;364,61;364,66;365,70;367,73;367,76;367,82;367,86;367,91;366,93;366,98;365,103;366,107;365,110;366,114;365,117;365,122;366,124;365,130;364,135;364,139;364,142;366,146;364,148;364,153;365,159;365,160;367,167;367,168;366,174;364,179;366,181;367,184;366,191;365,192;365,196;366,203;367,207;367,210;366,212;366,218;367,223;365,227;366,231;367,235;366,239;365,243;367,247;365,248;367,254;367,258;365,260;365,267;367,271;365,274;365,278;367,283;365,285;366,289;364,295;364,299;364,301;365,304;364,311;366,315;367,317;366,323;365,324;366,329;364,333;367,338;366,343;366,345;364,348;366,352;365,357;367,363;366,366;366,370;364,372;367,376;364,383;365,386;366,391;367,394;366,396;364,400;364,407;364,409;365,415;365,416;367,423;367,425;367,428;366,432;366,439;366,440;364,444;367,451;365,452;367,459;366,460;367,467;365,469;366,475;367,477;367,481;365,487;365,488;366,495;364,498;366,503;367,504;367,511;365,512;364,518;366,523;366,526;367,530;367,535;366,538;366,540;367,544;366,549;367,553;365,558;367,562;367,565;366,571;365,575;367,578;364,581;366,584;367,589;367,592;366,598;366,600;367,606;367,611;367,614;366,616;367,621;367,625;364,628;366,635;364,639;366,642;365,646;366,649;364,655;365,659;365,661;364,664;367,670;364,672;367,678;364,683;365,687;364,689;364,692;367,697;365,701;366,707;366,708;367,713;365,717;364,721;367,725;366,730;364,732;364,736;367,741;367,747;367,748;365,753;365,759;367,761;365,764;365,769;364,774;365,776;365,783;364,786;366,789;366,795;367,796;364,802;364,807;364,809;366,813;367,817;367,822;365,827;365,829;367,834;367,837;364,843;366,845;365,849;365,853;366,857;367,861;367,865;364,870;366,873;364,878;366,882;367,887;365,890;364,893;365,899;364,900;366,904;366,909;365,913;366,916;366,921;364,927;366,931;364,932;364,939;365,941;367,947;365,949;367,955;367,959;366,963;365,966;365,969;366,973;365,979;365,981;367,986;366,991;367,995;365,996;365,1003;367,1006;364,1009;364,1012;365,1019;365,1020
369,0;369,5;369,10;369,15;371,16;371,22;371,24;371,28;371,35;368,36;369,43;369,44;370,50;371,54;368,56;370,61;368,65;371,69;369,72;370,78;371,82;370,85;371,90;371,93;370,96;370,100;369,104;368,110;371,114;371,117;371,120;371,127;370,130;369,133;371,137;368,141;370,144;371,148;371,154;370,156;370,162;369,167;370,170;369,172;371,179;371,182;369,187;371,189;369,195;369,198;371,201;371,206;368,210;369,212;369,219;368,221;370,226;371,228;369,235;368,238;371,240;369,244;370,248;368,255;370,258;371,260;369,267;370,268;369,274;371,278;371,280;371,284;370,289;371,293;370,296;369,300;370,307;369,308;370,312;368,316;371,320;370,324;368,329;369,334;369,339;370,341;368,346;371,351;369,354;368,359;370,361;369,365;368,369;369,372;369,376;369,382;369,385;369,391;370,393;370,396;368,402;368,405;370,411;369,415;371,418;368,420;370,424;368,429;369,432;371,437;371,441;370,444;368,449;369,454;368,458;370,461;371,466;371,468;370,472;371,478;370,480;371,485;371,489;369,495;369,497;370,500;369,504;368,511;369,512;369,516;370,523;370,525;371,531;368,534;371,537;368,543;368,545;371,551;369,553;370,557;369,560;371,566;371,569;370,573;370,579;368,582;369,585;369,588;370,593;368,597;370,602;369,604;371,611;368,612;369,616;371,620;368,624;370,631;371,634;370,639;368,643;370,646;369,649;369,655;370,658;370,663;368,665;369,670;368,673;369,678;371,680;368,685;371,689;370,695;368,698;370,700;369,705;369,709;368,715;368,718;369,720;371,726;369,730;370,733;370,738;369,741;368,746;371,750;370,755;369,756;369,760;371,767;370,769;371,774;369,778;370,781;369,785;368,791;369,795;368,797;369,802;370,804;371,809;368,812;370,816;369,820;370,827;368,831;371,834;371,836;370,843;368,844;369,850;368,853;369,856;369,863;368,866;369,868;368,874;370,878;370,880;369,884;368,890;368,895;368,898;370,903;371,906;370,911;370,914;370,919;371,923;371,927;371,931;371,934;368,938;369,943;369,945;370,948;371,952;368,956;371,960;371,964;371,971;369,974;371,977;370,981;371,987;368,991;371,994;369,998;370,1003;371,1005;369,1011;368,1014;369,1017;368,1021
373,3;375,7;373,10;374,14;375,16;372,23;374,26;372,29;375,34;375,38;375,41;373,46;375,49;374,55;375,59;374,61;375,67;374,68;375,75;373,78;373,82;373,86;375,91;374,92;372,97;375,100;372,107;374,111;374,115;373,119;375,120;373,127;374,129;373,135;375,136;373,142;375,147;373,149;373,153;375,157;373,163;374,165;372,170;374,175;373,177;374,183;372,185;375,190;374,192;375,199;375,202;373,207;372,209;375,212;374,216;372,220;375,224;374,228;375,235;373,239;373,240;373,244;373,249;375,254;373,258;374,261;373,264;375,269;375,275;372,278;372,281;374,284;373,291;375,292;374,298;372,300;375,306;375,311;375,312;374,316;374,321;375,327;373,329;375,333;374,337;373,342;372,347;374,348;372,353;373,358;374,362;372,367;375,371;374,372;372,376;373,381;375,386;375,390;375,392;375,397;373,400;373,405;373,408;372,414;374,416;374,422;372,425;375,431;372,433;372,439;372,441;374,447;373,449;375,453;372,459;374,460;374,465;374,469;372,472;375,477;374,480;374,485;374,489;372,493;373,499;373,501;373,506;373,508;372,512;375,519;375,523;373,527;372,529;373,534;373,539;375,542;375,544;373,550;373,555;373,557;375,562;374,566;375,571;374,575;374,576;374,581;372,586;372,588;373,595;375,597;375,603;373,604;375,608;373,615;373,618;375,622;374,624;374,629;375,635;375,638;373,643;373,647;374,649;374,654;374,656;373,662;375,665;372,671;372,675;373,676;375,682;375,686;374,688;372,692;374,699;375,703;374,705;372,709;374,714;375,717;374,721;372,724;375,730;375,733;373,739;372,741;372,746;375,750;372,753;374,756;374,763;375,766;374,768;373,774;372,776;374,783;372,784;373,791;372,794;372,797;375,800;373,806;375,808;373,814;372,819;372,822;373,825;375,828;373,833;375,839;372,841;372,846;374,848;375,855;374,857;373,863;372,864;374,870;375,874;375,879;375,881;373,885;375,888;374,893;374,896;374,901;375,906;373,910;374,915;375,918;374,923;372,926;372,931;373,933;374,937;373,943;374,946;374,950;374,952;374,957;375,961;372,964;372,969;374,972;372,976;374,983;375,985;373,989;375,992;373,997;373,1001;374,1004;373,1011;374,1015;374,1018;375,1020
377,0;377,7;379,8;378,15;377,19;376,20;377,27;379,28;379,33;378,37;377,42;379,46;378,49;377,52;378,57;379,63;379,67;377,69;379,72;376,79;378,80;377,87;379,90;376,95;378,96;379,101;377,107;379,110;378,114;378,119;376,123;378,126;379,130;376,132;378,136;379,142;376,147;378,150;376,154;379,158;379,160;377,164;376,171;379,174;377,178;376,180;376,187;376,191;377,194;379,197;376,203;377,205;377,209;379,215;377,217;377,223;377,225;378,229;379,233;377,236;378,241;377,245;379,250;377,253;378,258;378,260;377,264;377,269;378,275;379,279;378,282;379,287;379,290;376,292;378,297;378,300;378,307;377,308;376,313;378,316;379,322;376,326;379,331;378,334;378,336;379,342;377,345;376,348;376,354;378,358;376,360;379,366;378,370;379,372;379,377;379,381;376,385;379,391;377,394;377,399;377,401;379,405;379,409;379,413;376,416;377,423;378,427;376,429;376,434;379,439;378,442;379,444;378,449;376,453;377,458;376,463;376,464;377,468;379,474;376,478;379,480;376,485;376,489;378,492;377,499;379,503;376,507;379,508;378,514;377,518;377,521;379,524;377,531;376,535;376,537;376,541;377,544;378,549;379,555;378,556;379,563;377,567;379,571;376,572;377,578;377,580;379,586;376,589;377,595;379,597;376,600;376,606;378,608;379,614;377,619;376,621;376,625;377,628;376,632;377,638;376,643;376,646;378,650;378,655;376,659;376,660;378,667;378,671;376,673;377,679;378,682;377,684;377,691;377,692;379,699;377,703;379,704;377,711;379,715;376,719;377,722;378,727;377,730;377,735;377,737;377,741;376,746;376,751;376,754;376,757;378,762;376,764;379,771;379,775;378,776;379,783;376,787;378,789;379,795;379,798;377,802;377,806;378,811;377,815;379,819;377,822;376,825;379,830;379,832;377,838;379,843;379,844;378,851;377,855;377,859;377,860;378,865;379,871;378,874;379,879;377,883;379,884;379,888;379,893;379,897;378,903;378,904;378,909;379,914;378,919;376,921;377,925;378,931;378,932;377,937;379,941;378,947;379,950;376,952;378,956;376,962;377,967;378,968;379,975;378,977;379,983;379,987;378,988;379,993;376,996;376,1001;376,1005;376,1010;377,1015;376,1018;379,1020
383,2;381,4;382,8;380,14;383,19;383,22;383,27;381,29;381,34;380,38;383,40;380,46;383,51;383,54;381,58;381,63;381,66;382,69;380,72;382,77;383,81;383,87;383,89;381,95;383,97;383,101;383,107;382,111;383,115;380,118;380,122;383,124;383,128;382,132;380,136;381,141;381,145;383,151;383,153;381,157;382,160;382,164;381,168;382,172;380,176;381,180;381,187;383,191;380,194;383,196;383,203;383,205;380,209;383,214;383,216;381,221;382,227;380,229;380,235;381,239;381,242;380,246;380,249;383,254;383,258;383,260;383,266;382,270;381,274;382,276;380,283;380,284;383,288;381,292;380,299;381,300;381,307;381,310;380,313;380,316;382,322;381,327;381,329;383,335;383,337;382,340;381,346;381,349;382,354;383,358;380,362;380,367;382,368;382,372;381,379;382,383;380,384;382,389;383,394;382,399;381,403;380,406;383,409;380,415;381,419;380,423;380,424;381,430;381,432;380,436;381,443;380,445;381,448;383,453;383,459;382,460;380,464;383,471;381,473;380,478;382,480;381,485;380,491;383,492;381,498;381,501;383,506;383,510;381,512;380,517;380,523;382,525;382,528;380,532;383,538;382,540;381,547;383,548;382,554;383,556;380,562;380,567;381,571;380,575;380,578;380,583;381,584;382,591;383,592;380,596;381,603;383,606;381,609;380,615;381,616;382,621;383,625;382,628;380,633;380,639;382,643;380,647;383,648;383,652;381,659;381,662;380,667;381,669;382,672;380,679;383,680;380,685;383,688;382,694;383,697;383,700;381,707;382,708;381,714;380,716;382,723;381,726;383,731;382,735;382,738;382,742;382,744;383,751;383,755;381,756;381,760;381,767;381,769;383,775;381,778;381,783;382,785;382,791;383,795;380,798;381,803;380,804;380,808;380,812;382,819;382,823;380,825;381,828;383,832;380,836;382,841;382,846;380,851;381,854;383,859;381,860;381,864;383,871;380,872;383,879;381,883;380,887;381,889;380,892;381,896;380,903;380,906;381,910;380,912;381,918;380,921;383,926;383,929;381,932;382,937;382,940;382,947;380,949;380,955;382,959;380,963;381,966;382,970;383,974;381,979;383,983;381,985;380,989;381,995;382,996;383,1001;381,1006;381,1010;380,1014;382,1018;381,1021
386,1;387,6;386,9;387,12;386,19;384,21;386,26;384,31;386,35;385,36;387,43;385,46;384,48;385,53;385,56;384,60;385,67;385,71;384,75;387,78;386,82;385,84;384,89;384,95;386,99;387,102;385,107;387,110;385,114;385,117;387,123;385,127;387,129;384,133;384,139;387,143;384,146;386,150;384,152;385,156;386,163;386,164;385,169;386,172;384,177;385,181;387,185;386,189;386,195;386,198;387,201;384,206;386,209;386,213;385,216;385,223;387,227;386,228;384,232;386,238;385,242;386,245;385,249;387,255;387,259;387,260;384,265;384,269;387,272;387,277;387,282;384,285;387,291;387,292;386,297;386,303;387,307;385,309;386,314;384,318;385,321;384,327;387,331;385,332;386,339;385,341;386,344;386,351;387,353;385,356;386,360;387,365;385,371;386,373;387,379;387,382;386,387;384,388;386,392;384,399;386,401;387,405;387,408;387,412;384,418;385,423;386,424;386,429;386,432;384,437;385,443;386,446;385,448;385,455;384,459;386,462;384,467;386,469;386,473;384,478;387,483;386,485;387,491;387,492;384,496;386,500;384,507;385,510;387,514;387,518;386,523;387,526;387,529;385,534;385,539;385,541;386,545;387,549;386,553;385,557;385,563;387,566;386,571;386,575;386,577;384,580;385,585;386,588;387,593;385,597;385,601;386,606;387,609;386,613;386,619;384,623;384,626;387,628;385,634;384,636;386,642;387,646;387,650;387,652;384,656;387,662;384,667;387,669;387,672;386,676;387,682;387,685;385,691;385,694;385,697;387,700;385,707;387,708;386,714;386,718;387,722;387,727;386,729;385,732;386,739;384,742;384,745;384,751;385,752;384,756;386,762;386,767;387,771;384,775;386,778;387,783;385,787;387,788;387,792;386,798;386,803;385,806;384,808;386,812;385,819;387,822;386,826;384,831;384,832;387,836;385,840;386,845;386,849;386,852;387,858;386,860;384,867;386,871;384,872;387,876;385,883;386,885;385,888;386,892;387,899;384,902;384,904;387,911;384,912;386,917;387,920;386,926;386,930;384,934;386,938;386,941;386,946;386,949;384,955;386,957;385,961;384,965;384,971;385,975;385,979;385,982;386,984;386,989;386,992;387,998;384,1000;385,1006;385,1009;386,1013;387,1016;387,1020
388,2;391,5;391,10;389,13;388,18;391,21;388,26;391,31;390,35;389,38;388,42;391,44;389,48;389,52;391,59;390,60;389,64;389,70;388,72;389,79;390,81;390,84;391,88;389,94;391,96;388,101;391,107;390,108;390,114;388,119;389,123;389,127;391,128;389,134;388,138;390,140;389,145;390,148;390,155;389,158;390,163;388,166;389,169;390,172;390,176;390,181;390,186;390,189;390,194;391,197;391,200;390,205;390,208;391,215;390,217;388,223;389,225;390,231;388,232;390,239;390,241;390,244;391,248;391,255;388,256;390,261;390,267;391,270;390,273;390,278;388,282;390,284;388,290;388,293;388,297;388,303;389,307;390,308;389,313;388,318;390,320;391,326;390,331;390,333;389,339;388,342;390,345;389,348;391,355;391,356;389,362;389,367;389,370;390,374;388,376;391,380;388,386;388,391;390,392;390,399;390,400;388,405;391,410;390,412;389,419;388,423;389,424;388,431;388,432;388,438;390,440;391,447;390,451;388,454;390,459;389,460;388,466;388,468;391,475;391,476;388,483;388,485;388,488;388,492;391,499;389,502;388,506;388,511;388,512;391,517;391,520;388,524;390,531;391,532;390,537;388,543;391,546;391,549;391,555;391,558;391,563;388,564;388,568;391,573;391,579;389,582;390,584;388,589;391,595;389,596;389,602;389,607;389,608;390,614;388,616;391,621;388,624;389,628;389,634;388,639;391,642;390,647;388,650;389,654;388,656;390,663;388,664;391,670;391,672;390,677;389,682;388,686;389,689;389,695;390,699;390,703;390,704;391,708;390,712;389,719;391,720;389,726;389,728;389,733;391,739;388,740;391,744;389,750;388,753;391,757;388,762;391,766;391,771;388,775;388,776;388,780;391,784;391,790;390,792;390,799;389,802;390,806;389,808;391,812;390,817;391,821;388,824;389,828;391,833;389,838;391,840;388,845;388,848;389,853;391,857;390,861;390,865;388,870;391,873;389,877;388,882;390,885;391,890;390,892;389,897;390,900;390,904;390,909;389,912;390,918;390,923;391,927;390,929;389,934;388,939;388,943;391,947;388,949;388,955;391,958;389,962;390,967;391,970;390,974;391,976;391,980;388,987;389,991;390,994;389,996;390,1003;388,1006;389,1008;388,1015;388,1018;389,1020
392,2;394,5;393,11;393,13;395,18;393,20;392,26;395,30;393,35;392,39;393,42;394,45;394,49;395,54;394,59;395,62;394,64;392,68;395,74;395,76;393,81;392,85;394,88;392,93;395,96;393,100;394,105;394,108;393,114;392,117;395,123;392,127;392,130;394,134;393,138;393,141;394,146;394,151;393,153;395,158;392,160;392,167;395,169;394,173;395,179;392,183;392,187;392,190;393,194;394,199;393,203;392,204;393,208;394,212;394,217;394,222;393,226;394,228;394,235;394,236;394,241;395,247;394,251;393,255;394,259;393,262;395,265;392,270;392,275;395,276;392,281;395,285;395,289;394,292;395,299;393,301;395,307;393,311;394,313;395,316;393,321;392,324;395,328;393,334;395,337;395,342;393,345;393,350;392,354;392,358;393,362;394,367;395,371;395,375;394,376;394,380;395,386;394,391;394,393;395,398;392,403;392,404;392,409;393,415;395,417;395,422;395,427;395,430;395,432;394,439;394,440;393,445;395,448;394,452;392,459;392,461;392,465;395,468;393,475;392,478;393,481;395,487;394,488;395,493;392,496;395,503;392,504;392,508;393,515;393,518;394,522;395,527;393,530;392,534;392,538;392,541;393,546;392,551;394,555;393,557;393,561;395,566;394,568;394,572;392,578;393,582;393,584;395,591;392,595;395,599;393,601;393,607;395,608;395,613;393,618;393,620;393,624;392,629;395,635;394,636;393,640;395,647;395,650;395,655;393,659;395,663;393,665;395,670;395,675;395,678;394,683;394,684;393,691;395,695;395,696;392,702;393,706;394,708;395,713;392,717;395,722;392,726;395,729;392,735;395,736;394,742;392,746;395,751;393,752;392,758;395,761;394,765;394,769;393,772;395,779;394,783;394,786;395,791;395,792;393,798;395,803;394,805;392,809;395,814;395,818;393,823;395,826;393,830;392,832;393,837;395,842;394,847;395,851;392,854;393,857;392,861;392,864;395,869;393,875;394,876;394,881;395,886;393,891;395,894;393,896;395,900;395,906;395,908;394,913;393,918;395,921;392,927;394,930;393,935;393,939;393,941;395,947;394,950;395,955;393,958;394,963;392,965;392,971;394,975;395,979;394,980;393,985;395,990;394,993;393,997;392,1002;394,1007;394,1008;392,1015;395,1018;395,1020
396,1;397,4;396,11;397,12;398,19;399,20;399,25;398,29;399,34;398,38;398,43;396,47;397,49;398,52;399,57;397,60;396,67;399,69;399,72;398,77;396,83;399,84;397,89;397,92;396,99;396,103;399,105;397,109;396,112;396,118;398,123;396,125;399,131;398,135;398,136;398,140;396,144;399,148;397,152;398,159;399,162;399,167;396,169;399,172;397,177;399,181;398,186;399,189;396,194;396,198;398,203;396,204;397,208;398,212;396,218;399,223;399,227;399,231;398,234;397,239;398,240;397,245;399,251;397,252;396,257;396,260;396,265;397,269;398,274;396,279;398,281;399,284;397,290;399,295;399,298;398,301;399,305;398,310;396,312;398,316;397,320;398,326;396,330;396,332;399,337;399,341;396,345;399,350;398,352;397,356;397,361;397,364;398,370;397,373;396,379;398,382;397,385;397,390;398,392;396,399;399,400;399,404;398,410;399,415;397,418;398,420;398,425;397,428;396,432;398,438;397,442;398,444;398,448;398,454;399,457;398,460;396,465;399,470;399,474;398,476;396,483;397,487;398,490;399,492;396,496;396,501;396,506;398,511;399,513;396,517;396,523;398,527;396,530;396,533;396,536;397,542;396,545;396,551;399,552;398,559;396,561;396,566;398,568;396,574;399,579;397,581;397,586;396,588;397,592;398,597;399,600;399,604;397,609;399,615;397,619;398,622;399,627;399,631;398,635;396,637;399,643;399,645;398,650;399,653;398,658;398,663;396,666;398,671;398,673;399,678;396,683;396,684;399,688;399,694;399,698;397,700;396,704;397,708;397,714;397,719;396,721;397,725;398,729;397,732;399,736;398,743;396,744;398,751;399,752;398,757;398,760;399,764;397,768;399,773;397,776;398,780;397,784;397,790;397,793;397,797;398,801;399,807;398,811;397,814;398,819;399,820;396,827;398,831;397,834;399,839;398,840;397,846;397,849;397,854;397,857;398,863;397,867;399,871;396,874;398,877;397,882;398,885;397,889;398,892;397,896;396,902;398,905;398,909;396,915;398,919;397,923;397,924;397,931;399,932;396,936;399,943;398,944;396,948;397,953;397,959;397,963;398,967;399,969;399,975;399,977;398,983;398,984;396,989;396,992;399,996;399,1000;398,1007;398,1011;399,1013;399,1019;396,1020
403,2;400,5;401,11;403,14;401,18;400,22;401,27;401,31;400,33;403,39;402,42;401,46;402,48;400,55;400,56;403,61;403,66;400,69;403,72;400,79;402,81;402,87;403,91;400,92;402,97;403,100;403,105;401,110;400,113;400,118;403,123;403,125;402,130;401,135;400,138;403,140;402,145;402,148;402,152;400,156;401,162;400,164;403,171;403,174;403,176;402,182;401,185;403,190;402,194;400,197;403,202;400,207;400,208;400,215;400,219;400,223;403,227;403,231;403,233;403,236;403,240;400,244;403,249;403,254;402,259;403,262;403,265;401,270;401,272;402,276;402,282;400,284;402,290;403,292;400,298;401,300;403,306;403,310;401,313;402,319;402,323;403,327;402,330;403,334;401,338;401,340;402,346;401,349;403,354;401,359;402,363;400,366;403,371;401,375;403,376;403,382;401,387;401,388;402,393;402,397;403,402;401,406;401,409;403,414;400,417;400,423;403,424;400,429;400,435;401,436;401,441;403,445;401,450;402,452;403,459;403,460;403,467;403,468;403,474;403,479;402,483;401,484;402,488;402,494;401,499;401,502;403,504;403,511;401,513;400,517;403,522;401,524;401,531;401,534;401,538;403,543;400,544;401,548;401,555;403,558;401,562;400,567;401,569;403,574;401,579;400,580;401,584;401,591;402,593;402,597;403,603;400,607;403,608;401,613;401,616;400,620;400,626;403,631;400,633;401,637;402,642;401,647;400,651;403,652;401,657;403,661;402,665;400,671;401,672;401,677;403,683;403,685;400,688;402,694;402,699;402,702;402,707;401,711;403,715;403,716;402,723;403,724;401,729;401,734;401,736;403,743;402,744;400,750;401,753;400,756;403,761;400,766;400,771;402,774;403,778;400,783;403,786;400,791;400,795;402,796;401,800;400,807;401,811;400,812;400,817;400,820;403,824;402,828;401,834;403,838;402,843;400,847;402,848;403,852;400,856;402,862;400,866;401,871;402,875;400,877;403,883;400,885;403,891;400,895;403,896;402,903;403,907;402,909;400,912;401,916;401,923;400,927;401,930;401,932;401,938;403,941;401,946;403,950;403,952;402,957;402,962;402,966;401,971;403,973;402,978;403,981;402,986;402,989;402,994;401,996;402,1000;402,1004;401,1010;403,1015;403,1019;402,1021
407,3;406,5;405,8;404,12;407,18;406,20;404,24;406,29;406,33;407,38;406,42;407,46;404,51;407,52;405,58;404,61;404,67;407,70;407,75;404,79;406,80;405,86;407,90;407,95;406,96;406,103;407,107;404,111;407,112;407,116;404,122;405,127;407,128;407,133;405,138;407,142;407,145;407,151;404,152;405,159;407,161;405,165;406,169;407,174;404,176;405,183;407,184;407,190;406,194;407,196;404,202;404,207;406,209;405,214;406,218;407,223;404,225;405,229;404,235;404,236;405,240;407,247;405,249;407,252;404,259;405,261;404,264;407,270;404,275;405,276;405,283;404,285;407,291;407,293;406,298;405,303;407,306;407,311;407,312;406,317;405,321;406,325;405,331;407,333;406,337;405,341;406,347;407,351;404,354;407,359;406,361;406,367;405,369;405,374;405,377;405,381;407,386;404,389;406,393;405,398;407,400;406,407;407,410;405,412;407,418;406,423;406,427;405,431;407,433;407,436;405,441;405,446;406,448;404,455;407,458;404,461;406,465;404,468;407,474;406,477;404,481;407,486;407,490;404,495;407,497;407,500;407,506;406,508;406,514;407,519;406,521;405,525;406,531;405,532;406,537;404,541;407,546;407,549;407,555;405,556;406,562;406,564;404,571;404,572;404,578;407,583;407,585;407,590;404,595;406,597;404,600;404,607;406,608;405,615;407,619;405,621;404,624;406,628;405,632;407,638;407,641;404,644;405,648;404,654;406,656;404,662;405,664;405,670;407,672;406,677;404,680;406,685;407,691;407,695;405,696;407,701;404,706;407,710;405,713;406,716;406,720;404,726;404,728;406,735;407,737;405,743;407,746;407,751;407,754;404,757;406,763;405,764;405,771;405,774;405,777;406,783;404,784;406,791;405,793;406,796;405,803;404,805;407,810;405,814;407,818;406,821;407,825;407,831;404,835;405,839;404,841;406,847;405,850;405,852;407,859;404,863;407,866;405,869;406,873;407,879;406,883;407,884;405,891;405,892;406,896;404,901;404,906;407,909;406,915;406,918;407,921;407,924;404,931;404,933;404,939;404,943;405,944;407,948;404,954;404,957;404,963;407,966;406,969;405,972;407,978;407,981;407,985;404,988;404,992;404,996;407,1002;406,1006;407,1011;404,1015;406,1019;406,1022
411,1;408,4;409,11;411,14;409,17;409,22;411,27;409,31;409,32;411,38;411,40;409,47;411,50;411,53;409,57;411,63;411,66;410,70;409,73;411,77;409,82;408,87;411,90;409,95;409,99;410,103;408,106;409,111;410,113;408,117;408,123;409,126;411,131;409,134;408,138;411,143;409,144;408,148;409,152;408,156;408,162;409,167;410,169;408,174;409,179;409,182;408,184;408,188;409,195;410,196;410,201;408,207;411,210;410,214;411,217;411,223;410,226;411,231;408,235;409,237;410,240;408,246;408,248;410,252;408,258;408,262;411,267;408,269;408,275;411,278;410,281;408,284;410,290;410,292;409,298;410,300;408,306;409,311;410,313;411,319;411,321;411,325;409,330;408,334;410,336;408,341;409,344;409,351;411,353;409,356;410,362;408,367;410,368;411,374;409,377;411,381;411,386;410,388;411,392;411,399;411,401;411,404;411,409;409,412;409,417;409,420;410,424;411,430;409,432;408,437;411,442;410,447;410,448;409,454;408,458;411,460;409,466;411,470;408,474;409,479;411,481;409,487;409,490;408,495;408,498;409,501;411,505;410,511;411,513;409,518;410,520;410,525;411,528;408,535;408,537;411,542;408,547;410,551;408,555;409,558;409,563;409,565;408,568;409,575;410,576;409,582;411,584;411,589;409,593;410,596;411,601;410,607;408,611;411,614;411,619;409,620;410,625;409,630;408,634;411,637;411,643;410,644;410,649;410,653;409,657;408,661;408,667;411,671;409,673;410,678;408,682;411,685;410,688;409,695;409,697;410,700;410,705;408,709;410,712;409,716;410,721;410,725;409,730;411,732;408,737;409,743;410,746;409,750;408,752;410,758;409,762;410,765;410,768;409,774;409,779;408,783;408,785;410,788;411,792;409,799;411,801;409,806;410,808;411,812;409,819;408,820;410,827;410,828;411,835;410,838;410,842;410,846;410,849;409,854;409,858;409,860;410,867;409,870;409,874;410,879;410,880;408,884;411,889;408,892;409,896;409,902;411,904;410,908;411,913;410,917;409,922;409,925;410,928;409,933;409,937;408,941;408,947;411,950;410,952;411,956;409,960;409,967;411,971;411,972;409,979;409,980;409,984;410,989;408,995;409,997;409,1003;408,1006;409,1011;409,1015;411,1017;408,1023
415,0;415,6;412,8;412,13;414,19;415,21;414,24;415,31;414,34;412,39;413,43;415,44;414,48;413,53;415,57;412,62;414,64;412,68;413,73;413,79;414,83;413,87;414,89;412,93;414,96;414,100;415,104;413,109;413,114;415,119;412,123;415,127;412,129;412,132;415,139;415,143;415,144;413,148;412,152;413,158;412,161;413,164;413,170;415,172;415,179;413,182;413,184;413,188;412,192;415,196;414,203;415,204;414,210;414,215;415,216;415,221;415,226;412,230;413,234;412,239;412,243;415,247;412,248;415,254;415,258;415,262;414,264;415,269;415,274;413,276;413,281;413,286;412,288;414,294;413,296;412,302;413,305;414,308;414,315;412,316;414,320;414,327;413,330;415,332;413,336;413,343;415,344;414,350;415,353;414,359;415,361;413,365;413,369;412,372;414,377;412,380;413,386;415,389;414,394;414,396;413,401;415,405;415,410;415,414;412,419;414,423;414,425;413,430;414,432;415,437;414,442;413,447;414,449;412,452;415,458;414,460;415,465;413,471;413,475;412,476;415,480;413,484;413,491;415,492;412,497;415,500;415,504;415,509;415,513;412,519;414,520;414,527;413,531;413,535;414,537;413,540;413,544;414,550;413,553;414,557;412,560;413,567;413,568;414,572;415,578;415,582;413,586;414,588;415,593;413,599;412,601;414,606;412,609;414,612;413,618;413,620;413,624;412,628;415,635;412,637;415,643;413,644;412,651;414,652;414,657;415,662;415,667;414,668;413,675;412,678;415,683;413,685;412,690;412,695;415,698;414,703;413,707;414,708;413,715;413,719;414,722;414,724;414,731;413,735;414,736;415,740;415,744;415,751;412,755;415,756;412,761;412,765;415,771;412,773;412,779;414,782;414,785;413,790;412,794;413,796;414,802;414,805;412,808;414,815;415,816;414,823;413,825;413,831;412,835;415,839;412,843;415,846;415,848;412,853;414,859;413,860;413,867;412,871;412,872;412,876;414,882;413,884;413,888;413,895;414,898;415,903;414,906;412,908;412,915;415,918;414,922;413,924;413,931;414,934;412,937;415,941;415,946;415,949;413,953;415,958;414,960;414,964;414,970;414,972;415,979;412,981;412,987;413,989;415,995;412,998;413,1003;415,1006;415,1010;413,1013;412,1018;413,1021
417,3;419,4;418,9;418,12;418,16;417,22;419,26;416,30;419,35;418,36;416,43;416,47;419,51;419,53;418,57;419,61;418,66;419,69;417,73;419,77;418,82;418,84;419,91;418,94;418,96;418,100;416,105;416,109;419,112;417,117;418,120;419,126;418,128;419,134;416,139;419,143;419,147;416,148;417,152;419,158;417,163;417,167;416,169;419,175;418,179;418,182;416,187;417,190;416,194;416,199;416,203;417,204;417,208;419,212;416,218;416,221;416,224;419,230;419,234;419,236;416,242;418,244;417,250;419,252;416,256;416,262;418,266;417,269;417,273;419,277;418,282;419,284;418,291;419,292;416,296;417,300;416,304;418,310;418,315;418,318;419,323;418,326;417,329;419,333;418,339;417,341;418,346;418,351;416,355;416,359;418,362;418,366;419,369;416,374;419,379;417,383;416,387;417,390;417,394;417,396;419,400;416,405;418,409;416,413;416,419;416,421;416,425;418,430;417,432;417,436;418,441;418,447;419,451;418,453;419,457;418,460;419,467;419,471;416,475;418,478;417,481;419,484;419,490;417,493;417,499;417,502;417,504;418,510;417,515;419,519;416,520;417,524;416,531;417,535;417,538;416,541;419,547;418,548;416,554;416,557;418,561;418,566;419,569;417,575;418,576;419,582;418,585;416,588;417,593;416,596;418,602;416,605;417,609;416,614;418,617;418,621;416,626;418,630;419,635;416,636;416,643;416,645;418,651;417,655;418,658;417,660;418,666;416,669;418,672;419,677;417,681;418,685;417,688;419,694;417,698;419,700;417,704;417,709;418,714;417,717;419,723;416,727;419,730;419,734;418,737;416,741;419,744;418,751;417,752;419,757;419,762;418,766;417,768;416,773;418,778;418,782;418,786;419,791;417,794;416,796;416,803;417,806;417,811;418,813;417,817;418,821;419,824;417,828;417,832;418,837;416,841;417,844;419,851;419,855;419,856;418,861;416,866;417,871;418,874;416,877;416,883;418,884;416,889;416,893;416,899;419,902;418,906;419,908;419,915;418,919;416,921;417,926;418,931;416,934;419,938;416,940;416,944;419,948;417,953;419,957;417,960;416,966;416,969;418,972;419,976;419,981;419,986;418,988;417,994;419,997;417,1002;416,1004;419,1010;418,1012;419,1016;418,1022
423,1;422,5;420,11;421,15;421,19;422,21;423,24;421,30;420,35;421,38;421,43;423,47;421,49;422,55;420,57;423,60;421,65;421,70;422,73;422,78;420,82;421,85;423,90;420,95;421,98;423,100;423,104;420,108;421,113;422,116;420,121;423,126;422,128;423,132;422,138;422,143;422,145;420,148;423,155;422,158;422,162;420,165;421,168;422,174;423,177;422,181;423,185;420,190;420,194;421,196;420,203;420,205;422,211;421,213;422,216;421,223;422,225;420,228;423,232;421,238;422,241;423,244;423,250;422,255;422,256;420,263;420,267;421,271;420,275;423,276;422,283;420,286;423,289;422,292;420,299;420,303;422,307;420,310;422,314;423,319;423,322;420,324;422,329;421,334;421,338;421,343;422,347;421,351;420,352;420,359;420,363;422,367;423,369;421,372;420,376;423,383;421,385;422,390;423,395;423,396;420,402;422,404;421,410;420,415;421,418;421,420;420,425;422,430;423,434;422,439;421,442;421,447;422,451;422,453;420,459;420,463;420,467;421,470;420,475;420,478;422,483;420,485;421,488;421,494;422,499;420,502;421,505;420,508;423,513;421,516;422,522;421,526;422,531;422,534;421,539;420,543;423,544;420,551;422,555;421,557;422,562;420,566;422,570;423,572;422,576;422,580;423,587;423,590;423,593;422,598;420,602;421,605;421,609;422,615;420,617;423,620;421,625;421,629;422,635;423,638;420,640;423,645;420,648;421,653;420,656;421,662;420,666;421,669;421,674;420,678;420,682;423,686;422,690;420,695;422,697;422,703;422,705;422,708;423,715;423,717;421,721;423,727;423,730;420,733;420,738;421,741;420,744;422,748;422,754;423,758;423,762;422,766;422,768;422,772;422,778;420,780;420,787;421,789;421,794;423,798;423,803;422,804;423,809;423,813;423,818;420,823;421,826;423,830;421,833;420,837;420,842;421,847;422,850;421,852;422,856;420,862;423,865;421,869;421,872;421,877;420,882;422,887;423,890;422,892;420,896;423,902;422,905;422,911;420,913;423,918;420,922;421,925;423,928;422,932;422,937;420,940;420,946;421,949;421,955;422,956;421,963;423,965;423,968;422,974;420,979;421,980;420,987;422,988;423,993;422,999;423,1000;423,1004;423,1010;420,1014;423,1016;421,1021
427,1;426,4;426,9;424,15;424,19;425,23;427,25;427,31;425,35;425,36;426,42;427,46;427,48;426,55;425,56;424,60;425,65;427,71;425,74;426,79;427,83;427,85;427,88;425,93;425,96;427,101;424,107;425,108;425,112;427,119;426,123;427,125;425,129;425,134;425,137;424,140;425,144;424,149;425,155;426,157;427,160;425,167;424,170;424,172;424,177;426,182;427,185;424,189;426,194;424,198;425,202;426,207;426,210;426,213;427,218;427,222;425,224;425,229;427,232;425,239;427,243;426,244;424,249;425,255;427,259;425,262;427,267;424,269;425,273;427,278;427,281;426,284;427,291;427,295;427,296;424,303;425,306;427,309;425,315;426,317;424,322;426,327;426,330;424,332;425,338;427,341;427,346;427,348;426,355;424,358;425,360;425,364;424,368;424,373;426,379;424,383;426,387;424,391;426,392;427,397;426,402;427,406;427,408;424,414;426,417;427,420;424,425;425,431;427,434;425,436;426,443;425,447;424,450;426,453;425,458;426,463;426,467;424,468;424,473;427,479;426,483;426,484;425,489;427,492;424,496;427,501;426,504;427,511;427,515;426,519;427,522;426,524;427,529;424,534;425,538;426,540;425,547;424,548;426,555;425,559;424,563;424,566;426,570;424,572;424,577;426,581;424,586;425,590;427,592;425,597;424,601;426,606;425,609;426,615;426,617;424,623;425,625;427,631;424,635;424,638;427,643;427,647;427,650;424,653;427,657;427,663;425,666;427,670;424,673;427,679;427,681;424,687;424,691;424,692;424,697;426,701;425,705;424,711;425,714;427,718;427,720;425,725;424,728;424,735;425,737;426,740;425,745;426,750;425,753;426,759;426,761;427,766;425,768;427,775;427,776;427,782;427,784;424,788;424,793;426,797;424,803;426,804;425,809;426,812;424,817;424,820;427,826;427,830;425,833;425,839;426,843;424,844;426,849;424,854;424,857;426,863;427,865;427,868;426,874;426,876;426,881;425,884;426,890;425,892;424,896;425,902;424,906;424,911;426,914;427,918;427,922;424,927;424,928;425,935;424,939;427,943;424,946;426,949;427,952;425,956;427,960;427,967;425,968;425,975;426,977;427,983;425,985;427,991;425,992;426,996;424,1002;424,1005;425,1011;427,1014;426,1016;425,1021
428,1;431,5;431,9;431,13;428,16;431,23;431,24;429,28;429,32;430,38;430,43;429,45;428,49;431,54;431,59;429,61;429,65;429,69;431,74;431,79;428,82;428,84;431,88;430,94;431,97;431,102;431,105;428,111;429,112;430,119;428,120;428,124;428,128;430,132;431,139;429,143;428,146;431,148;429,155;430,157;431,162;431,167;429,170;429,172;429,176;429,183;429,185;431,188;430,192;430,199;431,203;428,207;428,208;431,215;428,219;429,220;428,224;429,230;428,235;429,239;429,242;431,246;429,248;428,252;429,256;430,261;430,267;428,271;429,275;430,277;428,281;428,287;430,291;429,293;428,299;428,301;431,306;429,311;429,315;429,316;429,322;429,327;428,328;431,332;430,336;429,343;429,344;431,350;428,354;431,357;430,361;430,367;429,368;430,372;429,377;429,380;430,385;431,388;428,393;428,397;428,402;431,406;428,409;430,413;430,419;430,420;430,426;431,428;429,433;430,438;431,443;429,446;428,451;430,454;428,459;431,463;431,464;430,470;430,472;431,478;429,482;430,485;429,491;430,495;430,496;430,501;429,506;428,509;430,512;430,516;429,521;428,527;429,528;429,534;431,539;431,540;429,544;431,550;428,553;429,559;428,561;431,564;431,569;429,575;430,577;429,580;429,585;430,588;429,595;431,597;428,602;428,604;431,610;429,614;428,619;431,622;431,627;430,629;431,635;428,637;431,642;430,646;430,648;431,652;428,657;431,661;428,664;428,671;428,674;430,678;430,682;431,686;430,690;428,693;428,696;429,702;428,705;428,709;429,712;430,719;430,720;431,727;431,728;429,733;428,738;428,741;429,746;431,750;428,753;429,756;431,762;431,764;429,769;429,773;429,778;431,783;429,787;431,788;430,794;428,796;430,802;431,806;429,808;429,813;430,816;431,820;430,826;428,831;429,832;431,836;428,840;429,846;430,849;430,853;431,858;430,862;431,864;431,870;429,875;429,877;429,883;428,886;428,889;430,893;431,896;431,901;428,904;430,909;428,914;431,919;431,920;431,927;431,928;428,934;431,939;428,942;430,947;431,948;429,952;428,957;429,961;428,965;429,970;430,973;431,979;430,983;429,984;429,988;429,995;431,997;428,1003;431,1007;428,1009;429,1014;431,1016;429,1021
434,3;434,6;434,10;433,13;435,19;435,23;432,24;434,28;433,34;433,36;434,42;435,46;433,51;432,52;434,58;434,60;433,66;433,71;434,72;433,77;432,83;435,84;433,91;434,92;434,96;435,103;432,106;433,109;432,114;432,119;434,120;434,127;435,130;435,133;432,136;432,141;435,146;433,150;434,153;434,157;432,160;435,164;433,171;434,175;434,178;433,182;433,187;432,191;434,193;435,199;435,202;432,207;433,209;435,214;434,217;434,223;435,227;434,228;435,233;432,238;434,241;435,244;435,248;435,253;434,257;435,260;435,266;433,269;433,273;433,277;432,280;432,284;433,288;432,293;432,296;435,301;432,304;435,308;432,314;433,316;433,321;432,324;435,331;435,332;434,338;432,340;433,346;432,350;433,352;435,356;434,363;435,366;435,368;434,373;434,378;432,380;434,385;434,388;433,392;435,396;435,403;432,404;433,408;433,414;434,417;433,420;435,424;434,430;434,435;432,439;434,440;432,445;434,449;432,452;432,459;432,460;432,466;432,471;433,472;432,476;432,483;435,487;434,489;435,494;433,497;434,500;435,507;435,511;432,515;435,517;432,523;432,525;433,531;433,535;432,538;433,540;434,546;434,548;432,552;435,558;435,560;432,564;435,568;433,572;432,576;433,583;435,587;432,590;433,594;435,597;434,603;432,606;432,609;433,614;435,619;433,622;435,626;435,630;432,635;434,639;434,641;432,645;433,651;434,655;435,659;432,662;433,664;432,670;434,674;432,677;433,683;435,684;433,690;433,692;435,698;435,702;432,704;433,710;432,713;432,716;433,720;435,727;432,730;435,732;435,739;435,741;432,744;432,750;433,755;435,758;434,763;434,764;434,770;432,773;433,778;435,782;433,787;435,790;435,795;435,798;433,803;435,805;432,808;432,812;433,818;435,822;433,825;435,830;433,832;434,836;435,843;433,845;435,851;435,854;433,856;432,860;433,866;433,870;432,874;432,876;432,883;432,887;435,890;434,893;434,898;435,902;435,904;434,911;432,915;434,918;433,922;432,927;432,931;433,932;433,939;432,943;433,946;435,949;433,953;432,956;433,963;433,966;435,968;433,973;435,978;435,982;434,984;434,991;433,992;433,998;435,1002;434,1007;433,1008;432,1012;434,1016;435,1021
438,0;436,7;436,11;438,15;436,19;436,22;437,24;436,31;437,35;436,38;436,41;436,46;438,51;436,53;438,59;437,62;437,64;436,71;437,75;436,79;438,80;438,86;436,88;437,93;436,97;439,102;437,107;439,111;437,114;439,118;438,121;438,126;437,129;439,135;439,137;439,141;439,147;436,148;438,152;439,157;439,162;438,164;439,168;438,173;439,177;438,180;437,187;437,191;439,192;437,196;439,202;436,207;439,209;437,214;436,218;438,223;436,224;438,228;438,235;437,236;439,242;439,247;437,248;439,255;437,258;436,260;438,265;439,271;438,272;436,276;439,283;437,284;438,291;437,292;438,299;437,303;439,304;436,308;438,313;438,317;436,321;438,325;436,329;437,335;437,338;438,342;438,346;437,351;436,355;437,356;438,361;438,365;439,371;437,372;439,377;436,380;438,384;437,390;437,394;436,398;437,402;439,406;436,411;439,414;439,417;439,422;439,424;436,428;439,432;439,437;439,441;438,447;437,451;436,454;436,458;439,460;439,467;437,468;438,475;436,477;436,483;438,485;439,489;439,495;439,499;436,500;437,505;439,510;437,514;439,516;436,520;436,524;436,531;437,534;439,537;439,541;437,545;439,549;439,552;439,556;437,560;438,566;436,569;436,572;436,578;438,583;438,584;436,589;438,593;439,597;438,603;439,604;436,608;439,614;439,617;439,623;437,624;437,630;436,634;439,637;438,642;436,647;439,649;439,655;437,659;438,661;439,665;437,668;439,672;436,678;438,681;438,685;438,690;436,694;438,698;437,703;437,705;438,710;436,715;437,719;437,722;437,725;436,729;438,734;438,736;436,743;436,744;439,748;438,752;436,756;438,762;436,766;437,769;438,774;439,777;437,781;436,784;436,788;439,795;438,798;437,801;436,804;438,811;438,815;438,817;436,821;438,825;437,830;437,833;439,837;439,843;439,844;437,849;438,853;436,859;436,862;438,867;438,869;437,872;437,879;436,882;438,884;437,891;439,892;439,898;439,900;438,905;439,911;437,912;436,919;437,923;436,926;438,930;436,934;437,939;439,943;438,946;436,950;436,952;437,959;439,961;437,964;439,968;437,973;438,979;439,980;439,984;439,991;439,993;439,998;437,1001;438,1007;437,1011;439,1012;437,1019;439,1021
441,1;441,5;440,11;441,15;440,17;440,23;442,26;441,30;442,33;442,36;440,42;443,44;441,51;440,55;442,58;442,61;442,64;443,70;442,73;441,79;441,80;442,87;441,89;440,93;441,98;443,103;442,105;440,109;441,113;440,116;443,122;442,124;442,131;441,133;441,137;440,143;442,146;440,149;443,154;442,156;440,163;442,167;443,168;440,172;443,178;440,183;443,187;440,191;441,192;443,197;442,201;442,206;443,211;442,215;440,219;443,221;443,225;441,230;442,232;440,236;443,242;441,247;443,248;441,254;441,256;442,262;442,267;441,271;440,275;443,278;440,280;441,284;441,291;441,293;441,296;440,301;441,307;441,311;443,314;441,319;440,320;443,326;440,328;441,334;442,339;441,340;440,346;441,349;440,355;443,359;441,363;442,366;443,371;441,374;443,376;440,381;443,386;440,390;441,392;441,397;442,401;443,407;441,409;442,415;440,416;443,423;441,427;443,431;441,433;443,439;441,443;443,445;443,449;440,452;440,457;443,463;440,464;441,470;443,472;440,479;442,481;441,487;440,490;442,494;441,496;442,500;443,507;441,509;440,513;442,519;440,521;440,527;440,531;442,533;442,538;442,541;440,547;442,549;442,552;441,558;441,560;440,566;440,571;442,572;440,578;442,581;440,584;442,588;443,594;440,599;442,601;440,606;441,609;441,614;443,617;440,623;441,624;443,629;443,633;443,637;440,643;443,646;442,650;442,655;443,658;442,662;443,665;440,668;443,672;443,676;441,683;442,686;443,690;440,695;442,698;443,701;440,704;443,709;441,712;441,716;443,722;442,726;440,731;441,734;440,737;442,742;440,744;442,749;441,752;441,758;441,762;442,767;440,769;441,773;441,778;440,782;441,784;441,789;440,795;442,797;443,801;440,807;442,809;442,812;443,818;443,820;441,826;440,830;440,835;442,836;443,841;441,846;440,849;440,853;442,856;440,860;443,867;442,868;440,875;440,877;442,881;443,885;440,890;440,895;440,897;440,900;441,906;440,911;441,913;440,919;440,923;443,924;443,929;443,934;441,938;443,942;441,946;440,949;443,952;443,959;443,961;442,964;440,968;441,973;443,977;440,980;442,984;441,989;441,995;440,997;441,1003;441,1007;442,1010;443,1015;443,1019;441,1021
445,2;447,4;445,11;447,14;446,18;444,23;447,25;445,31;447,34;444,36;447,41;446,44;446,49;444,54;447,56;447,60;444,65;447,71;444,72;445,79;447,83;447,87;447,89;446,94;444,98;445,100;445,104;444,108;447,112;446,117;444,121;444,126;447,128;445,134;445,138;445,140;445,145;447,150;444,154;445,159;445,162;447,166;446,170;445,172;444,176;446,180;446,185;447,190;447,193;446,199;446,202;447,205;446,208;446,215;446,217;445,220;446,226;444,231;446,233;446,236;447,241;446,247;444,248;447,253;445,257;447,260;444,266;445,269;447,275;445,278;444,282;446,287;444,288;445,292;446,296;446,303;445,306;446,309;444,312;446,319;445,321;444,327;444,328;445,333;447,339;447,342;445,347;446,350;445,354;447,359;446,363;447,367;447,371;447,375;445,379;447,380;446,385;445,389;444,392;446,397;445,403;445,407;444,408;447,414;445,416;445,423;446,424;446,430;446,432;446,437;445,443;445,445;444,448;444,454;447,456;447,461;445,464;445,468;444,475;444,476;447,480;447,487;445,489;447,494;444,497;445,501;445,506;445,509;446,512;446,519;446,521;446,524;446,528;447,534;445,536;447,543;446,544;446,550;446,554;447,556;446,562;447,565;446,570;445,575;446,577;444,583;445,587;445,589;447,594;445,598;444,602;445,605;447,609;446,615;445,618;446,621;447,627;444,630;447,635;444,637;444,643;446,647;445,648;444,654;445,657;447,660;444,665;446,669;447,675;446,678;446,682;444,684;447,690;445,692;444,696;447,702;444,705;445,708;447,714;445,718;446,721;446,725;446,729;446,732;446,738;445,740;444,746;445,749;447,753;446,758;447,763;444,767;447,769;445,773;445,777;447,780;445,784;446,790;446,792;447,799;444,801;447,806;447,811;445,812;444,817;444,821;444,825;445,830;446,833;446,838;444,840;444,847;445,851;447,855;447,856;446,863;447,866;446,868;446,874;444,878;444,881;445,884;446,889;445,892;447,896;444,900;446,905;446,909;445,914;446,919;447,923;444,927;445,928;444,935;446,937;447,940;444,947;444,951;447,954;446,959;446,960;446,967;447,970;447,972;447,978;447,982;447,985;446,989;447,993;446,998;445,1003;446,1007;445,1011;447,1013;447,1019;446,1020
449,2;448,7;451,9;450,12;451,19;448,21;449,26;448,28;450,33;451,38;451,40;448,44;451,51;451,53;450,57;450,61;450,67;450,71;449,73;450,76;450,82;448,84;448,88;450,94;450,98;451,101;450,104;450,108;448,112;451,119;448,121;451,127;450,131;449,135;450,138;448,142;450,145;451,149;449,152;450,156;450,162;451,164;450,168;448,173;449,177;448,180;450,187;449,191;448,195;451,197;449,201;450,207;451,209;450,214;450,216;448,221;449,224;451,228;448,232;451,236;449,242;450,246;449,248;449,253;451,258;449,261;451,267;451,268;448,275;449,278;451,283;450,287;450,291;450,293;448,299;451,302;450,305;449,309;449,313;450,317;448,323;449,327;448,331;450,333;451,336;449,343;449,346;451,348;451,354;448,359;449,363;450,366;451,370;449,374;451,379;449,383;449,387;451,390;451,392;451,397;451,402;451,404;449,409;448,412;451,419;448,421;449,427;448,428;451,432;451,439;451,443;448,447;449,450;448,455;449,457;451,461;449,466;451,470;450,472;450,478;449,480;449,486;450,489;450,495;449,496;451,501;451,504;449,510;448,513;449,516;448,521;451,526;451,531;451,535;448,539;450,543;451,545;448,550;448,552;450,557;448,563;449,566;448,571;448,573;448,578;450,580;448,586;450,589;451,594;449,596;448,601;450,606;451,608;451,614;448,616;449,620;449,627;448,628;451,633;451,637;450,640;448,644;450,651;449,653;448,659;448,663;451,665;448,671;448,672;449,679;450,681;450,687;448,691;448,693;448,697;448,701;451,705;449,709;450,712;448,716;448,723;449,727;451,730;448,734;449,736;451,740;448,746;450,749;451,755;448,757;448,763;448,767;449,771;449,772;451,779;449,781;451,787;450,791;451,792;449,799;448,802;450,804;449,808;449,815;448,816;448,821;449,826;448,830;451,832;450,839;450,840;451,845;451,849;449,854;449,859;450,863;451,865;451,870;450,872;450,878;451,880;451,886;451,890;448,893;451,896;451,902;450,906;448,909;451,913;449,919;451,921;448,926;448,930;448,932;449,937;450,941;450,945;449,951;451,952;448,958;450,960;449,966;451,970;448,972;451,978;451,981;451,984;448,988;451,993;451,998;449,1001;451,1004;448,1009;448,1012;448,1016;450,1021
455,0;455,4;452,11;454,14;452,18;455,22;453,25;452,29;455,35;454,39;453,41;453,46;452,51;452,52;452,57;452,60;455,65;454,69;452,74;454,77;453,82;454,84;455,89;453,95;455,96;454,102;453,106;454,109;452,113;454,119;455,120;452,126;454,130;455,132;455,139;453,143;452,146;452,150;453,154;452,159;455,160;453,164;453,170;453,174;454,179;454,180;453,186;452,190;452,194;452,198;453,201;452,205;453,209;452,212;455,218;453,221;454,224;453,230;452,232;453,238;455,240;453,246;453,251;454,254;454,256;452,261;455,264;452,270;452,272;453,279;453,281;452,287;452,291;454,293;454,296;452,302;453,304;452,308;453,314;455,319;452,320;453,326;452,328;452,334;452,336;453,341;454,346;452,348;454,355;452,359;455,362;454,364;454,371;452,372;454,378;452,380;452,386;453,389;452,392;453,398;454,403;454,405;455,411;453,412;452,419;452,422;453,424;453,428;455,433;452,437;453,443;455,447;454,451;454,453;453,459;455,461;453,465;453,469;452,475;452,478;453,481;454,487;455,491;454,492;454,496;455,502;455,507;453,509;454,513;454,517;455,522;452,524;454,529;455,534;452,539;452,542;454,544;452,550;454,553;452,558;454,560;452,564;453,569;452,575;453,577;452,582;455,587;453,588;452,595;453,599;455,601;453,607;454,609;453,613;454,616;455,622;455,625;455,631;454,635;453,636;453,640;452,647;454,649;452,654;453,658;455,660;453,667;453,668;452,673;453,679;453,681;454,687;455,691;454,695;452,697;452,702;455,706;453,711;452,714;452,719;452,721;452,725;452,730;454,733;453,739;452,740;453,744;452,750;455,752;454,756;452,762;452,767;452,771;454,775;454,776;452,782;454,786;453,788;455,794;455,797;455,801;454,807;454,808;455,812;455,818;454,821;454,827;452,829;453,832;453,836;453,843;454,845;453,850;453,853;453,856;453,861;454,866;455,868;453,872;453,878;455,882;453,886;454,890;452,892;455,897;455,902;453,905;454,908;455,915;453,916;454,922;453,924;455,929;455,934;453,936;454,940;453,947;453,949;454,953;452,956;454,963;452,967;452,971;452,972;455,977;455,981;454,985;452,988;455,993;455,996;455,1003;455,1006;452,1011;454,1012;455,1018;452,1022
458,0;459,7;458,11;458,15;459,19;456,22;456,27;457,30;459,33;459,38;459,42;459,45;457,48;459,53;459,57;456,61;457,64;459,68;458,73;457,79;457,81;457,84;456,88;459,92;459,98;457,103;456,104;458,108;459,112;458,117;456,122;459,125;457,129;456,135;458,137;459,142;459,144;457,151;458,153;456,159;459,163;458,167;459,168;456,174;459,177;456,182;458,187;459,191;457,192;456,196;458,202;458,207;457,208;457,212;457,216;456,220;456,224;456,230;457,232;458,236;457,240;459,244;458,250;456,255;458,258;459,260;458,267;459,271;458,272;458,278;457,280;459,284;459,291;458,293;457,296;456,300;457,306;456,311;458,315;457,317;459,321;457,326;457,329;456,333;456,336;459,343;458,345;457,348;458,353;456,358;458,363;459,365;457,371;458,373;458,376;456,382;458,384;458,391;458,395;456,397;456,400;457,407;457,411;458,413;459,419;456,421;458,424;457,428;459,434;456,438;459,443;456,446;458,449;456,452;458,457;457,461;459,466;457,468;457,475;457,477;457,482;459,485;459,491;458,495;459,496;457,502;457,504;458,509;457,514;459,518;459,521;457,524;457,528;457,535;457,537;456,543;456,544;457,551;459,555;458,559;459,560;459,566;457,569;457,573;456,576;458,581;459,586;456,588;458,593;459,596;458,603;456,607;459,610;457,613;458,616;459,623;457,625;456,628;459,632;458,639;457,643;457,645;456,649;456,652;456,659;458,660;457,664;457,668;459,674;458,678;459,682;456,687;459,690;458,695;458,697;457,700;456,704;458,708;459,715;456,717;456,720;456,724;458,731;456,734;457,739;459,743;456,745;459,749;456,752;459,757;458,763;456,764;457,768;459,772;458,779;456,783;459,785;458,790;457,794;459,797;457,802;457,804;456,808;457,815;458,818;457,822;459,827;456,830;456,835;458,838;456,840;458,846;458,848;457,855;457,858;458,860;457,864;459,868;456,874;457,878;456,881;457,884;456,890;458,893;457,899;459,902;458,904;458,908;456,912;456,919;459,920;459,924;459,928;456,935;456,937;456,941;459,946;457,948;457,954;458,957;458,962;456,964;456,970;456,975;457,978;458,981;456,984;458,990;456,993;457,999;456,1003;458,1004;457,1010;459,1014;459,1019;456,1023
462,0;460,6;461,9;462,14;461,19;461,21;461,25;462,29;462,35;460,36;462,43;460,46;461,49;463,54;461,59;461,60;462,64;460,69;460,75;462,76;463,80;461,87;463,90;463,92;463,98;462,103;460,104;463,109;460,112;462,116;461,121;462,124;461,129;460,132;460,137;462,143;462,145;463,151;461,153;461,156;460,161;461,167;460,168;461,173;462,179;463,180;460,187;461,189;460,194;460,197;461,202;462,204;463,210;460,213;462,217;462,220;462,225;461,230;462,233;460,239;463,243;460,244;462,250;461,252;461,256;463,260;461,267;460,271;461,273;461,276;462,281;462,287;463,289;462,293;460,299;461,300;460,305;461,308;462,313;461,318;460,320;461,324;461,331;461,335;460,336;460,343;462,347;461,351;461,355;463,358;460,363;460,366;463,370;461,375;461,376;462,380;463,386;460,391;461,394;461,399;462,403;462,407;461,410;462,413;463,416;463,421;463,424;463,430;463,434;462,436;460,441;460,447;463,451;461,453;463,456;461,460;460,467;462,471;460,474;463,477;462,483;461,486;461,491;461,492;461,497;461,502;460,507;462,509;463,512;461,516;461,520;461,525;460,531;460,535;463,538;463,540;463,546;462,550;461,555;462,556;462,560;462,567;461,568;462,574;460,576;462,582;462,585;463,589;460,594;462,599;461,603;463,607;461,610;463,614;460,617;460,622;461,625;460,630;462,632;460,638;461,642;460,647;461,648;461,654;462,658;461,661;461,667;462,668;463,673;463,678;463,680;460,687;460,688;463,693;461,699;461,702;460,707;460,708;461,713;460,716;461,723;463,725;460,730;460,732;460,738;462,741;463,746;460,750;462,754;463,757;461,763;460,765;462,768;462,772;462,779;462,781;460,786;460,791;463,794;460,796;461,801;462,805;460,809;460,812;461,817;463,821;462,824;460,828;463,833;463,836;463,842;462,844;460,849;461,852;462,858;460,860;461,865;460,871;461,875;460,876;461,883;460,884;461,889;461,893;460,898;463,903;461,904;463,911;463,915;462,919;461,920;462,925;462,929;461,933;461,939;460,941;462,946;460,948;461,953;461,958;460,963;460,966;462,969;461,974;461,977;463,982;460,984;461,988;460,995;461,996;460,1000;461,1004;461,1009;462,1013;460,1017;461,1022
465,1;467,6;464,9;466,15;464,19;464,22;466,26;464,30;466,33;466,38;465,41;464,47;465,48;466,52;466,59;466,62;465,67;464,69;465,73;465,77;465,80;465,87;465,90;466,92;465,98;465,100;465,104;465,110;465,114;464,116;465,123;464,126;465,131;466,133;465,139;464,142;464,146;465,150;466,154;464,156;464,163;466,167;467,171;467,173;464,178;464,183;464,184;466,188;464,194;467,198;465,202;464,204;465,210;464,213;464,219;464,220;466,225;464,230;464,235;467,239;467,243;466,244;465,249;465,255;465,257;464,263;466,265;467,269;467,275;465,276;466,280;467,284;467,288;465,293;466,297;467,301;467,304;465,309;467,315;466,316;465,320;467,324;465,331;464,334;465,338;464,340;465,346;465,351;467,354;466,359;467,361;465,364;467,369;464,372;466,377;464,381;467,386;467,389;467,394;464,396;465,400;466,405;466,410;466,414;465,418;467,423;467,425;464,428;465,432;466,437;464,442;467,444;464,448;466,453;465,457;465,460;467,465;465,471;466,473;467,477;466,480;465,487;466,491;467,492;464,496;464,500;464,507;467,509;465,515;464,519;466,520;467,526;467,528;465,533;466,537;466,540;464,545;467,550;467,553;464,559;466,562;465,564;465,570;466,574;464,577;466,580;465,585;464,589;465,595;466,597;465,603;464,605;466,610;464,612;464,616;464,620;466,626;465,629;465,632;465,639;466,643;465,646;466,650;467,654;465,659;467,661;465,666;467,671;467,672;465,676;467,682;467,684;464,691;464,692;465,698;464,703;464,705;466,710;464,712;466,717;467,722;466,725;464,730;467,735;466,737;465,743;465,744;467,750;464,754;467,759;467,762;465,767;464,768;464,775;464,779;464,780;467,787;467,789;464,793;464,796;464,802;465,807;464,810;464,812;466,818;466,821;467,824;464,830;465,835;467,836;464,842;467,844;466,849;465,852;467,856;467,862;466,865;465,871;467,875;464,876;467,881;464,884;467,888;465,893;464,898;465,901;466,907;464,908;465,912;464,916;464,922;464,925;464,930;464,932;467,936;466,940;464,944;467,951;465,953;467,957;464,962;464,967;464,969;467,974;467,979;464,980;467,986;467,988;464,993;466,999;466,1000;464,1006;464,1011;464,1013;467,1016;467,1023
469,3;469,7;470,9;471,12;470,16;471,22;469,27;470,28;468,33;471,37;469,42;470,46;471,51;469,54;470,56;469,62;468,66;469,71;470,74;471,77;468,81;469,84;470,88;469,94;471,98;468,103;469,107;470,109;468,115;468,118;470,120;468,126;468,129;470,135;471,138;471,140;469,145;468,148;470,153;470,157;471,162;470,165;468,168;471,175;470,178;471,183;468,186;468,191;469,194;471,196;468,201;470,205;468,210;469,212;468,219;468,220;469,224;471,230;468,233;468,236;471,240;468,244;471,249;469,254;468,257;471,263;471,265;469,269;471,274;471,278;471,280;471,286;469,291;469,292;471,298;471,300;468,306;470,309;469,313;469,318;470,321;471,325;469,328;468,335;470,339;471,340;471,346;469,348;468,355;471,359;469,361;469,364;468,368;468,375;468,379;470,383;468,386;469,388;468,393;468,397;469,401;469,405;468,408;469,415;468,416;471,423;471,424;468,429;471,433;468,436;469,441;470,447;468,448;469,453;469,458;469,460;468,465;470,468;471,472;469,479;469,480;470,487;470,488;471,494;471,498;469,501;471,507;469,511;468,514;471,519;469,520;470,525;471,530;470,534;471,537;470,541;471,545;471,551;469,553;468,556;468,563;469,564;469,568;470,573;471,578;471,582;470,586;471,591;469,595;471,596;471,602;471,607;470,609;468,612;470,618;470,623;468,625;470,631;471,632;468,637;468,643;468,645;468,651;470,652;471,659;470,663;470,666;470,669;469,672;468,678;470,680;471,686;471,689;470,695;468,698;468,702;471,707;469,710;470,713;469,719;470,722;468,727;471,729;471,732;470,736;468,742;469,747;468,748;470,754;471,759;471,763;470,766;469,771;469,775;468,777;471,782;471,787;468,788;468,795;471,799;470,802;468,807;468,809;468,813;470,818;468,821;471,827;468,831;469,833;469,838;469,840;470,845;469,849;469,854;469,856;468,860;470,867;469,868;470,875;470,879;468,883;468,887;471,891;470,895;468,898;468,900;468,907;471,909;471,914;471,919;470,921;469,925;470,928;470,935;469,936;469,941;471,946;469,949;471,954;470,957;468,960;468,965;470,970;468,974;471,978;471,983;468,986;469,990;469,994;469,996;471,1000;468,1007;469,1008;469,1015;468,1016;470,1022
474,2;473,6;475,11;474,14;473,16;475,23;474,24;474,31;472,34;472,36;474,42;474,46;472,49;473,55;475,59;472,61;474,64;473,69;474,73;472,76;474,81;472,84;475,91;474,93;475,96;473,101;472,105;473,108;474,114;475,118;472,122;475,126;475,129;475,132;472,136;475,142;472,147;475,151;473,153;472,156;475,162;472,167;473,168;472,175;474,176;472,180;475,187;473,190;474,192;475,196;475,202;474,207;472,211;474,215;474,219;475,220;474,226;473,231;472,234;475,239;473,240;474,246;473,250;475,254;472,257;474,261;474,266;474,271;473,272;472,277;475,280;473,287;474,288;472,293;474,297;474,302;473,305;474,308;475,312;472,319;475,320;472,325;473,330;474,333;472,337;472,342;473,347;475,348;474,354;473,358;472,363;472,364;474,371;472,372;472,376;475,380;474,384;472,388;474,395;473,398;472,401;473,405;474,411;474,412;473,417;474,422;473,426;474,428;473,433;472,437;473,442;475,447;473,449;474,452;474,458;474,463;472,465;472,471;473,472;472,479;474,482;472,485;473,491;472,493;473,498;475,501;475,505;472,509;475,515;472,519;472,523;472,525;473,531;472,532;475,537;472,540;472,544;472,548;472,552;474,557;474,561;475,566;472,568;473,573;473,577;474,583;475,585;473,589;472,592;472,599;475,601;474,606;474,610;473,615;474,619;475,623;472,626;475,630;474,633;472,639;473,642;475,645;475,649;472,653;472,659;473,662;475,667;472,671;473,673;475,678;474,681;473,684;475,691;474,692;472,696;474,701;475,707;473,708;472,714;475,718;475,721;474,724;475,729;472,734;475,738;475,743;472,746;472,751;473,752;472,756;473,763;474,767;475,770;475,774;472,778;474,783;473,784;475,788;475,793;475,797;474,801;475,806;474,809;475,812;474,818;474,821;475,824;472,829;474,834;472,837;474,840;473,844;474,850;473,855;475,857;472,862;472,864;474,871;473,875;474,879;474,883;475,885;473,891;475,894;475,896;472,901;474,905;473,910;473,915;475,918;473,922;474,927;475,931;475,934;474,936;473,943;473,947;473,951;473,954;472,959;474,962;474,966;475,971;474,975;475,979;473,982;473,986;475,988;473,995;474,996;473,1003;472,1006;472,1011;474,1013;474,1019;472,1023
479,3;479,7;476,11;478,12;479,17;477,23;478,25;477,29;477,32;479,37;476,41;477,47;477,50;477,54;476,58;479,61;478,65;477,69;476,75;479,78;478,83;478,85;476,91;479,92;477,96;478,102;478,105;479,108;479,114;478,118;478,121;478,125;477,128;477,135;479,138;477,143;479,146;477,148;477,154;477,156;478,161;476,164;476,171;477,174;479,179;479,182;479,186;478,189;478,194;478,198;477,201;477,206;477,209;479,213;476,219;477,223;477,224;476,229;479,232;477,238;477,242;479,244;478,250;479,255;478,258;479,262;479,266;479,271;478,275;477,276;478,280;477,285;479,290;478,295;479,297;478,301;478,304;478,309;478,313;479,318;479,321;477,327;477,330;478,332;479,339;479,342;479,345;477,348;476,355;476,358;479,363;476,365;476,369;478,372;477,378;476,383;477,386;479,388;478,394;476,398;476,403;478,406;479,408;476,414;478,417;476,420;479,427;479,428;476,435;479,437;476,443;479,447;477,451;478,452;479,457;476,463;479,467;477,470;479,475;476,478;479,481;477,487;478,490;478,493;478,499;479,502;478,505;476,511;477,515;477,518;476,520;478,524;478,530;479,534;477,539;479,543;476,544;477,550;477,553;478,558;477,561;478,566;476,569;477,574;477,577;477,581;476,584;476,590;476,592;479,596;477,601;476,607;476,608;478,614;476,617;477,623;476,625;476,628;477,633;479,637;476,642;479,645;479,648;477,654;477,656;476,663;479,665;479,669;478,674;478,677;477,683;477,684;478,688;479,693;476,696;478,700;479,705;478,710;479,714;476,718;477,720;478,726;479,731;477,733;479,736;478,740;477,746;479,748;478,752;477,757;477,763;477,767;476,771;478,774;477,779;476,780;478,786;478,789;477,792;476,796;478,802;479,804;477,809;479,812;477,816;477,822;479,827;478,830;477,835;479,838;477,842;476,845;478,850;478,854;478,856;476,860;478,865;479,871;478,872;478,878;479,880;477,887;479,888;479,892;479,899;477,903;478,906;479,908;478,914;476,919;477,920;476,924;477,931;477,934;478,938;479,943;476,946;479,950;477,952;479,956;476,960;477,965;477,968;476,972;478,978;478,981;476,985;476,990;479,995;477,998;476,1003;479,1004;478,1009;478,1013;476,1016;477,1021
481,2;480,4;483,9;481,15;483,18;482,23;481,26;483,31;480,35;482,36;483,43;480,46;482,50;481,55;483,59;483,61;482,67;480,68;482,75;481,76;480,83;482,86;482,91;481,95;481,98;483,102;483,105;483,109;480,115;483,118;483,122;483,126;482,129;482,132;481,139;482,140;480,147;481,150;480,155;481,156;483,160;481,165;483,168;480,173;483,177;480,180;483,186;480,190;480,194;480,198;481,201;483,205;483,209;481,212;481,217;483,222;480,224;480,229;480,233;482,239;480,242;483,246;483,250;480,253;481,257;483,261;480,266;481,269;481,274;480,279;483,280;482,287;482,291;480,295;483,296;481,301;481,307;482,309;483,312;483,318;481,321;483,324;480,328;482,333;480,336;481,341;483,345;483,349;482,355;483,356;480,360;483,364;481,370;481,373;482,377;481,380;480,386;483,391;483,394;482,398;482,401;482,407;481,408;482,413;480,417;481,420;480,425;480,431;481,432;483,438;482,440;481,447;482,448;482,455;483,456;481,462;483,465;482,470;480,475;481,477;483,480;480,487;483,491;481,495;481,499;483,501;481,505;483,508;483,515;483,516;481,523;483,525;482,531;480,533;480,539;483,542;481,544;480,550;483,554;480,558;480,561;481,567;482,571;480,575;483,577;483,583;482,586;481,591;481,595;481,597;480,602;481,607;480,609;480,615;481,619;480,623;480,626;480,629;480,634;480,636;482,640;483,646;480,650;483,653;480,659;483,660;483,664;481,671;482,673;483,676;482,681;480,687;480,689;482,695;482,697;482,700;480,707;482,710;481,713;481,716;480,723;481,726;483,729;483,733;481,738;480,742;481,747;480,751;480,752;481,758;483,760;482,766;483,769;482,773;480,776;483,781;483,787;483,788;480,793;481,799;482,801;482,806;480,809;482,812;481,819;482,823;481,825;480,831;483,833;480,838;482,840;481,847;480,851;483,854;482,858;482,860;481,866;482,869;481,872;480,878;483,881;483,884;483,888;482,894;482,899;483,903;480,906;482,908;483,915;483,917;480,921;483,926;482,928;480,935;481,938;480,941;481,946;482,949;480,955;480,957;481,962;481,964;482,969;483,973;481,979;480,980;480,984;483,991;483,993;480,996;483,1001;483,1004;483,1008;480,1013;482,1019;482,1020
487,0;485,6;485,8;486,13;484,17;487,20;484,25;487,29;485,35;484,36;484,41;485,46;486,51;487,52;486,58;485,60;484,66;485,70;486,72;485,76;487,82;484,84;485,89;486,93;485,96;487,101;487,105;485,110;487,114;487,116;486,120;484,125;486,128;486,134;485,137;485,140;487,145;484,151;487,153;485,157;485,161;485,166;485,170;487,174;485,177;487,180;486,186;486,190;484,192;485,196;486,202;486,205;485,208;486,215;484,217;487,222;484,224;487,228;487,234;487,238;485,240;485,247;485,251;484,254;486,259;485,262;486,266;487,269;486,275;486,278;484,281;485,287;485,289;485,295;487,297;484,302;484,306;487,309;484,313;486,316;487,322;484,324;485,330;486,334;486,339;486,343;487,344;486,349;486,352;486,356;484,360;486,366;486,370;486,373;486,377;484,383;485,387;486,390;484,395;487,396;487,401;486,405;487,409;486,412;485,417;486,423;484,425;487,429;484,434;486,436;484,441;484,445;484,448;487,453;487,458;487,462;486,467;485,471;485,475;486,479;487,481;485,484;485,491;486,494;485,499;485,502;484,507;486,510;484,514;484,517;487,520;484,526;486,529;485,533;484,536;484,541;485,545;484,551;487,554;485,559;484,560;486,567;485,571;485,573;485,579;487,581;486,586;484,589;487,595;486,597;487,602;487,607;487,608;484,614;487,617;484,622;487,625;484,628;484,633;487,637;487,642;487,647;487,649;487,654;487,656;485,663;485,667;487,671;484,675;484,679;485,681;484,685;486,690;485,694;487,699;485,700;484,706;487,711;486,714;487,717;487,722;485,727;484,731;485,733;486,739;485,742;484,745;486,748;486,754;486,759;485,763;484,765;485,770;486,772;485,777;485,783;486,785;484,789;484,793;485,799;487,800;487,805;485,808;484,815;484,816;486,820;484,825;485,828;487,832;485,837;486,840;486,845;487,849;486,855;487,856;484,860;487,865;487,870;486,875;486,879;485,883;485,887;487,891;486,892;487,896;487,903;487,906;485,909;484,914;487,919;485,922;487,927;487,930;487,934;484,937;486,941;487,946;486,950;487,952;486,957;487,962;486,964;486,969;484,975;487,976;484,983;487,985;486,990;485,994;487,996;484,1002;485,1007;487,1011;486,1014;484,1018;486,1021
490,1;488,7;491,10;490,15;491,18;488,23;489,26;489,31;491,33;490,36;490,41;490,44;491,51;489,54;490,58;489,62;488,67;491,69;491,73;489,76;489,83;490,87;488,88;489,95;490,99;489,102;491,106;490,108;490,115;490,116;490,121;490,127;489,130;488,135;491,136;491,143;488,147;490,150;488,155;490,157;489,163;490,164;490,170;488,175;490,178;490,180;489,187;490,190;490,194;491,198;490,203;490,204;491,211;491,215;490,219;488,220;489,224;489,231;491,233;490,236;490,243;488,245;490,249;489,255;488,259;488,261;491,265;488,268;489,275;490,277;490,280;491,287;491,288;489,295;488,297;489,303;490,305;488,309;488,312;490,316;491,320;491,324;490,330;490,332;488,339;489,343;489,347;488,350;489,352;491,356;490,362;488,365;490,369;491,375;489,379;489,383;489,385;488,388;491,393;491,399;491,401;490,407;489,410;491,412;490,419;491,422;489,425;491,429;489,433;490,437;488,442;489,446;489,450;490,455;489,459;490,461;490,466;490,471;490,475;489,478;488,480;491,484;490,489;489,492;491,496;488,500;490,504;490,509;488,514;490,517;490,521;489,525;490,528;491,533;491,538;488,540;489,546;488,550;490,552;489,556;488,563;490,564;488,570;491,572;491,577;490,580;488,585;491,588;489,595;491,597;490,602;491,606;491,611;489,615;488,617;490,622;491,626;490,629;491,632;488,639;488,643;491,644;490,649;491,653;491,659;490,663;491,664;489,670;491,672;488,676;488,681;490,684;490,691;490,692;488,696;491,703;488,704;491,710;489,715;489,717;489,721;489,725;490,731;491,734;488,737;490,741;490,747;490,750;490,754;491,756;490,762;490,765;489,770;489,775;491,776;489,783;490,785;491,788;490,795;491,799;488,803;490,807;490,808;490,815;491,817;488,823;490,827;491,830;491,835;491,838;491,843;491,844;491,851;488,855;490,857;489,861;490,865;489,868;490,875;490,876;491,880;488,886;489,889;490,895;491,898;489,902;490,906;490,911;490,912;491,918;490,920;490,925;491,931;491,932;488,937;490,940;490,944;488,948;490,955;489,959;490,960;490,964;490,968;490,973;488,978;490,982;490,987;489,989;490,992;490,997;488,1001;488,1005;490,1011;488,1014;491,1016;489,1020
494,2;493,4;492,9;492,13;492,19;493,23;495,27;493,28;494,32;495,37;493,40;493,47;492,51;495,54;493,58;492,62;493,65;495,69;495,75;495,78;495,83;495,86;494,90;495,95;495,97;492,103;494,107;493,108;495,114;495,117;492,123;494,126;493,129;495,132;495,137;492,141;495,146;494,149;494,154;493,159;493,162;495,166;492,170;493,173;492,176;492,182;495,187;494,190;495,195;495,196;492,203;493,206;492,210;494,213;494,219;495,221;495,226;492,229;494,234;492,236;494,243;492,247;493,250;495,255;492,257;492,261;493,264;493,270;492,272;495,276;495,280;494,286;495,289;493,292;495,297;492,302;492,306;495,308;494,315;494,318;495,320;492,325;493,329;494,335;495,337;494,341;492,346;495,350;493,352;494,358;494,361;493,365;493,368;495,373;492,376;494,381;494,385;494,390;492,392;494,398;492,402;494,407;495,410;495,415;495,419;492,421;493,424;492,428;495,435;495,438;493,441;492,445;495,451;493,453;495,457;493,462;493,464;493,471;495,474;492,479;494,480;493,486;492,489;494,493;492,496;495,500;494,504;494,511;495,512;495,516;495,523;492,527;495,528;493,535;494,537;492,542;494,545;492,550;494,553;492,558;492,562;494,566;493,570;495,572;493,577;495,581;494,585;495,588;492,593;494,598;495,601;495,604;492,609;495,613;493,618;495,621;495,626;493,631;492,633;494,636;493,641;492,647;492,651;495,654;495,656;495,662;494,665;492,668;493,672;492,676;492,681;493,686;495,690;493,692;494,696;495,702;492,705;493,711;495,713;495,717;494,723;495,726;492,730;493,735;492,736;492,740;494,747;493,751;493,753;493,757;495,761;495,767;494,769;494,772;495,778;494,780;495,785;492,790;493,794;493,796;493,803;494,807;493,809;492,812;495,818;494,820;493,826;493,829;494,833;493,838;493,843;492,844;495,851;494,855;492,856;495,860;493,864;492,869;494,875;494,879;494,882;493,885;494,889;493,895;492,899;494,902;494,907;493,911;494,912;494,918;493,921;492,925;493,929;494,935;495,938;493,940;492,947;492,950;494,953;494,958;494,961;493,967;495,970;494,974;492,977;492,981;495,987;493,991;493,995;494,999;495,1000;494,1004;495,1010;494,1014;494,1016;492,1021
496,1;499,7;499,11;497,14;499,17;496,20;496,26;496,28;499,34;498,37;499,40;499,46;498,49;497,55;496,56;497,63;497,64;497,69;498,75;498,77;498,81;498,87;498,88;497,92;498,96;498,101;497,104;499,110;496,112;499,117;499,123;498,124;499,131;499,132;496,136;499,140;496,146;499,151;496,153;499,157;497,163;496,165;496,169;498,172;497,179;498,182;496,186;496,189;499,193;499,198;496,202;497,204;497,211;497,214;496,218;496,221;499,225;496,229;499,234;496,237;499,240;497,246;497,250;497,255;499,258;498,260;497,267;497,268;496,274;496,276;499,281;497,286;497,288;497,294;496,298;498,301;496,307;499,308;496,312;497,318;497,321;496,325;497,330;499,332;498,337;497,341;498,344;498,350;499,353;499,356;496,363;498,364;496,369;499,374;497,376;499,383;497,384;498,390;497,392;499,396;497,403;499,404;496,409;498,414;496,419;497,420;497,424;498,429;498,435;499,437;498,441;498,445;499,450;497,452;498,458;497,463;499,464;499,471;499,473;496,478;498,483;497,486;497,490;497,494;499,496;498,502;498,506;499,508;499,515;496,519;499,523;496,524;499,528;499,533;499,538;496,541;497,546;497,550;498,552;499,558;496,561;497,567;498,569;498,572;499,579;497,583;499,584;499,589;499,594;499,596;499,601;498,606;498,610;497,612;498,617;498,623;496,626;496,628;497,633;499,639;499,642;496,646;498,648;499,654;498,658;496,660;496,664;498,669;499,674;497,677;496,681;499,687;497,690;498,693;499,699;497,701;496,705;499,710;498,712;497,718;499,722;497,724;497,728;496,734;497,737;496,742;499,744;496,748;499,754;499,759;497,762;497,765;498,770;499,773;497,779;496,781;496,784;496,789;499,794;499,799;499,800;498,806;499,810;498,814;497,818;497,821;497,827;498,831;496,833;497,837;499,840;499,847;497,848;497,854;497,856;497,860;499,866;496,869;499,873;496,878;499,882;496,887;499,891;498,892;497,898;499,901;496,905;497,909;498,913;499,916;496,923;497,924;499,928;498,934;496,937;499,942;498,944;498,948;496,952;496,958;498,961;498,967;497,970;499,973;498,979;497,983;497,987;499,990;497,994;498,996;497,1001;499,1004;499,1011;496,1015;497,1018;499,1021
503,1;502,4;502,10;500,14;503,18;503,21;501,27;502,29;502,35;500,36;502,41;503,44;503,50;501,52;503,57;502,60;503,64;500,70;500,73;502,79;500,82;503,85;500,88;503,95;500,96;503,102;503,106;501,111;501,112;500,118;503,122;503,125;503,130;502,133;502,137;502,140;503,147;503,150;500,154;502,156;502,160;500,166;501,168;500,172;502,176;501,182;500,185;502,189;500,195;501,197;503,201;500,205;500,210;502,215;501,218;503,222;502,224;501,229;503,234;502,239;502,243;501,246;502,251;501,253;503,256;503,262;502,267;503,268;502,274;503,276;500,283;500,286;500,289;502,294;502,297;500,303;500,307;502,311;503,312;500,316;503,321;503,326;500,329;502,335;500,338;502,343;501,344;500,348;500,352;501,356;500,361;500,364;503,370;502,373;501,379;502,382;502,387;501,390;501,393;501,396;502,400;500,404;503,411;503,414;500,417;500,421;500,424;502,428;502,434;501,438;500,442;500,445;500,450;502,453;502,459;500,460;502,464;502,471;503,474;500,478;503,481;502,485;501,489;500,493;503,499;501,503;502,504;500,510;500,512;503,517;503,522;500,527;501,528;503,534;502,539;501,542;502,545;500,548;501,552;503,558;502,563;503,564;501,571;503,575;502,576;501,581;501,587;502,590;501,592;500,598;502,602;500,607;502,608;502,615;503,617;502,621;501,624;501,629;501,633;501,637;501,643;502,647;503,651;500,653;501,659;500,660;502,665;503,670;500,675;501,678;503,683;502,684;503,691;503,694;502,698;500,702;501,706;501,708;503,712;503,716;500,722;502,727;500,731;503,734;503,737;503,741;500,745;503,749;502,755;501,756;501,761;502,767;500,768;503,772;503,779;503,780;501,785;502,790;502,795;500,799;503,800;502,805;500,808;503,815;500,818;503,820;502,825;502,831;500,834;503,837;503,843;503,845;501,849;503,855;500,859;503,862;502,865;502,870;500,873;500,876;501,880;500,886;500,889;502,893;502,899;503,903;503,906;502,908;502,914;503,917;501,921;503,924;500,931;500,933;500,939;500,940;501,945;501,948;503,952;500,957;502,960;503,966;503,970;503,974;502,978;501,981;503,985;501,988;503,994;500,996;500,1003;502,1004;500,1009;502,1013;502,1016;500,1021
505,3;506,6;506,10;504,15;505,18;506,22;505,25;505,30;506,32;506,36;506,41;507,45;506,48;507,55;505,58;506,61;507,65;504,69;504,74;505,76;507,82;506,85;507,91;504,95;506,98;504,100;507,105;504,108;507,113;507,116;507,123;507,126;507,130;507,133;506,137;504,141;507,146;504,150;506,153;505,158;507,161;505,167;504,170;507,173;504,178;507,183;504,187;504,191;506,194;504,199;504,200;504,205;506,211;506,215;505,218;505,221;506,226;507,230;507,234;504,237;505,243;507,246;506,251;506,253;506,256;504,260;504,265;504,269;507,275;506,278;505,280;504,287;507,290;506,294;506,298;506,300;506,306;506,308;505,315;507,319;506,322;504,326;507,330;504,334;504,339;506,342;505,347;506,349;505,353;507,358;507,360;506,367;506,369;507,372;507,379;507,382;507,386;507,389;504,392;507,396;505,401;506,404;504,409;507,413;507,419;504,422;504,426;505,428;507,432;504,439;506,441;506,446;507,451;507,453;505,458;507,463;506,467;506,469;505,472;507,477;506,482;505,485;507,489;504,493;507,496;506,503;505,505;506,509;504,515;505,517;507,523;506,524;507,529;507,534;504,537;505,541;506,545;504,549;507,554;506,558;504,563;507,564;504,569;504,575;507,577;506,582;506,585;506,589;505,595;505,599;504,602;507,607;507,611;505,612;506,616;507,622;504,627;507,629;505,632;507,638;507,641;507,645;504,648;505,653;507,657;504,661;505,666;505,668;504,674;506,678;506,680;506,687;506,690;507,695;507,697;507,700;507,705;507,708;507,712;506,718;505,723;507,726;505,729;506,732;507,738;506,740;505,744;507,751;504,755;506,758;504,761;506,767;507,768;504,774;506,779;505,783;505,784;504,788;506,795;506,797;505,803;506,804;505,808;506,813;504,817;505,822;507,826;506,831;506,832;507,836;505,841;505,846;507,849;504,855;504,859;505,862;504,866;506,870;506,873;506,879;507,881;504,887;506,889;504,893;505,899;504,902;505,907;504,910;506,914;505,919;505,920;507,924;504,931;505,934;505,937;506,941;506,946;505,950;504,952;507,959;507,962;504,967;507,969;506,973;506,976;507,982;507,985;507,990;507,994;505,998;504,1003;504,1004;507,1008;505,1014;507,1017;504,1022
509,2;509,4;510,8;509,13;508,19;508,23;510,24;508,31;509,32;508,36;510,41;511,44;511,48;510,52;508,56;508,62;508,66;511,70;509,74;510,79;510,82;510,84;511,88;510,92;511,98;510,100;509,105;511,111;508,115;508,118;510,123;509,124;511,130;511,132;508,137;510,141;511,144;510,150;509,155;508,156;511,160;511,164;509,171;509,172;511,177;508,182;508,186;509,188;509,195;509,199;511,200;508,207;509,211;508,215;511,217;509,222;508,227;509,230;509,232;511,236;511,243;510,247;511,249;509,255;509,256;509,261;511,264;509,270;509,274;510,277;511,281;511,287;511,288;511,295;511,296;510,300;509,306;509,310;508,312;510,319;508,322;509,325;510,331;510,332;510,336;509,343;508,346;510,350;508,355;508,359;508,361;510,364;510,369;511,372;510,379;510,383;509,386;508,391;511,394;510,397;511,401;511,407;510,410;509,414;508,418;508,423;510,427;509,428;508,435;508,437;509,440;508,444;509,450;508,452;508,457;509,460;510,464;510,470;510,472;511,479;509,481;508,487;511,490;509,493;511,497;509,501;511,506;510,509;510,512;509,518;511,520;510,527;511,531;510,535;510,537;510,540;511,545;510,548;510,555;508,556;509,563;508,565;510,569;510,575;510,576;509,581;511,585;508,589;508,593;509,599;508,601;510,605;511,610;510,612;511,618;510,623;508,627;511,628;508,634;509,638;510,640;510,647;511,650;511,653;509,657;510,662;509,667;511,669;509,672;511,676;510,681;511,685;510,691;509,695;510,698;511,702;511,705;508,710;511,713;511,718;511,720;510,725;511,729;509,732;509,739;511,742;510,744;510,750;511,752;509,756;508,763;509,764;509,769;510,774;509,776;510,781;510,784;510,791;509,792;508,799;511,800;508,805;509,810;510,813;511,818;509,821;509,827;511,831;508,834;509,836;511,840;509,844;511,849;509,852;511,859;510,860;508,867;511,868;511,874;509,877;511,882;509,886;511,888;508,894;508,896;510,902;509,905;511,909;508,912;510,918;508,922;509,927;511,930;509,934;511,939;509,940;509,946;511,951;510,955;510,958;508,963;509,966;508,970;511,973;511,979;510,982;508,984;509,990;508,992;510,998;508,1002;510,1005;510,1008;511,1014;509,1017;509,1022
512,1;515,7;512,10;514,13;512,16;514,22;515,26;513,31;513,35;513,36;515,42;515,46;513,50;512,55;513,59;514,61;515,64;512,70;512,72;513,77;514,83;512,87;514,88;513,93;514,96;512,100;512,107;512,111;512,114;512,117;512,123;515,127;514,130;514,132;512,138;514,140;515,146;512,151;513,152;515,159;515,162;513,164;513,169;514,174;512,177;515,182;515,184;515,189;512,194;515,199;515,203;513,204;512,209;515,212;513,217;515,221;514,225;513,230;515,233;514,236;514,243;513,246;515,250;512,253;515,258;514,263;512,267;514,270;512,275;513,278;514,282;515,285;514,291;515,293;514,297;513,301;513,304;513,308;512,315;512,319;512,323;513,327;512,329;514,335;513,339;514,341;515,347;512,348;514,355;512,356;515,363;513,364;514,371;512,373;514,376;513,381;513,384;514,391;514,395;513,398;512,400;515,405;512,409;513,413;512,416;514,421;512,424;515,431;513,433;515,439;513,441;512,446;512,451;513,453;514,459;514,461;512,465;513,469;512,475;512,476;515,481;514,486;513,489;512,493;514,499;514,500;512,505;513,509;513,513;515,518;514,522;513,527;513,529;515,533;514,537;512,540;514,546;514,548;513,552;514,556;514,562;515,567;513,570;515,573;515,576;515,580;514,584;512,591;512,592;515,596;512,600;514,605;515,608;513,614;512,617;515,621;515,625;514,631;514,633;515,638;512,640;512,644;514,651;515,655;514,659;513,662;512,664;514,670;515,672;515,676;515,683;515,684;513,690;514,692;513,696;514,702;514,706;515,708;512,713;514,718;514,723;515,727;515,731;515,733;515,737;513,742;515,744;513,750;512,752;512,759;513,760;515,767;512,768;515,773;514,776;513,782;512,785;513,791;513,795;512,798;513,801;512,805;512,809;515,814;513,818;513,821;515,825;514,831;514,834;513,839;514,840;512,846;515,851;513,854;512,857;512,863;514,864;515,871;513,875;514,876;513,883;513,884;514,889;515,892;512,899;513,901;512,906;515,911;514,915;514,916;515,923;513,924;515,930;515,933;512,939;512,940;515,946;513,948;515,952;513,959;514,961;515,964;515,971;514,972;515,978;515,980;512,984;513,991;512,995;515,999;512,1003;513,1006;514,1010;514,1014;515,1019;512,1022
517,1;517,6;517,9;519,14;518,17;516,21;519,27;518,29;518,32;518,38;519,40;518,44;519,49;516,54;519,59;519,61;518,66;518,69;518,73;516,79;518,82;516,86;517,88;518,92;518,98;517,101;518,106;518,108;516,114;516,118;519,123;519,125;516,131;516,135;519,138;518,142;518,147;518,148;519,153;518,156;517,163;517,165;519,168;516,174;517,178;516,181;519,187;518,189;517,192;516,199;517,202;518,207;516,208;516,215;518,216;518,223;516,225;516,228;518,234;518,237;516,240;517,245;518,249;516,254;519,257;519,262;518,267;516,271;519,272;519,277;518,282;518,285;516,290;519,292;517,298;518,300;517,305;516,310;519,315;519,316;519,323;517,327;519,330;516,332;517,339;518,342;518,347;519,351;516,353;517,356;516,360;516,366;516,370;518,375;516,377;519,382;518,386;516,389;517,392;516,399;519,401;516,407;516,408;516,412;518,419;516,420;518,425;518,428;516,435;518,438;519,440;517,446;517,450;517,454;518,458;518,462;517,465;517,469;519,472;519,476;518,482;518,486;516,488;518,494;519,497;517,503;516,506;517,509;516,513;517,516;518,522;516,525;517,528;518,532;516,537;518,542;519,546;517,548;517,552;517,558;519,562;518,567;519,568;518,574;519,577;518,581;518,585;516,591;517,594;518,599;519,600;519,607;517,609;518,612;519,616;518,621;516,626;518,629;519,634;519,637;518,642;516,647;518,650;516,654;517,658;519,663;517,667;518,670;517,672;518,679;516,682;516,686;517,690;519,692;516,698;519,701;516,707;518,708;516,712;517,718;516,723;516,725;519,731;519,734;518,738;518,742;517,744;516,749;519,754;519,758;519,761;519,766;517,771;517,774;517,777;518,780;516,784;517,791;519,793;519,799;518,803;519,807;519,808;518,813;519,819;518,822;518,827;517,831;517,833;517,838;518,840;518,845;518,851;518,855;517,856;518,862;517,866;518,869;516,872;519,878;516,883;517,886;517,889;516,894;516,899;519,902;519,905;518,909;517,912;516,918;516,921;517,924;519,928;517,935;517,937;519,942;516,945;518,948;518,952;518,959;517,963;517,965;519,971;518,972;517,977;518,981;519,987;518,991;516,994;519,996;519,1000;516,1007;518,1011;518,1013;519,1017;518,1021
520,1;520,6;522,9;522,15;523,18;522,20;522,25;523,28;522,33;520,39;520,43;522,44;522,48;522,52;520,59;522,63;521,67;521,68;520,72;521,78;523,82;521,87;523,91;523,92;521,97;521,101;523,105;522,111;521,114;521,118;521,120;522,127;521,128;521,132;520,136;522,140;521,144;520,151;523,153;522,159;522,160;521,164;521,168;523,172;520,179;523,180;522,187;521,188;523,195;522,199;523,201;520,207;523,208;520,214;521,217;520,223;520,224;523,230;522,234;521,239;520,242;521,244;522,249;521,252;523,258;521,262;521,266;523,271;520,274;522,277;523,282;523,284;523,290;520,294;521,298;520,301;520,307;520,309;522,315;520,316;521,320;522,325;521,330;523,334;521,339;521,342;522,344;522,351;523,353;521,359;520,362;521,365;521,371;523,372;522,376;522,383;520,385;521,391;520,395;521,399;521,403;520,407;521,408;522,412;523,417;522,423;523,424;521,431;522,433;523,437;523,440;522,444;521,450;520,453;523,457;520,462;521,466;520,469;523,474;523,479;520,480;520,485;522,490;523,493;523,497;522,503;521,507;521,510;523,514;520,519;523,522;521,527;523,528;522,534;522,536;520,541;522,544;521,549;521,553;520,558;521,563;520,565;522,569;520,573;521,576;522,582;521,587;522,591;522,594;521,597;523,601;522,605;521,611;523,615;523,618;522,620;521,626;520,631;521,635;522,637;521,640;521,645;520,648;521,652;523,657;522,661;523,666;520,669;521,673;521,677;521,680;523,684;522,689;520,695;521,699;522,701;521,705;521,710;523,713;522,719;521,721;523,724;521,731;522,732;522,739;523,741;522,744;523,751;521,755;521,756;523,762;520,766;523,769;523,772;522,777;520,783;521,787;521,791;520,793;522,798;521,801;523,804;520,808;522,814;522,818;523,820;520,825;523,831;521,835;521,836;523,841;521,847;520,848;523,855;520,856;521,862;521,865;520,870;522,872;521,876;521,883;523,886;522,890;520,893;523,897;520,901;523,907;521,910;521,915;521,918;520,920;521,924;521,930;522,933;520,936;521,941;523,946;522,948;520,952;521,958;520,963;520,967;522,971;520,972;521,977;520,982;523,984;520,990;520,992;523,997;522,1003;522,1004;520,1009;520,1013;521,1018;523,1020
524,1;525,6;527,11;524,12;526,19;525,21;525,25;527,28;525,32;526,37;525,42;524,45;524,51;524,52;526,56;526,62;526,64;527,68;524,72;527,78;527,81;527,84;526,91;525,92;524,99;525,102;526,106;526,109;525,113;526,117;524,121;527,124;527,130;524,132;526,139;525,141;524,146;524,150;524,155;524,156;527,161;527,166;527,169;524,174;526,179;527,181;527,185;525,190;527,193;524,198;526,201;527,207;526,210;524,214;527,218;525,220;527,224;526,229;524,232;524,237;525,242;527,246;525,248;524,253;524,256;524,262;524,266;525,270;525,272;525,279;527,282;524,285;524,288;524,292;525,297;524,301;524,307;525,311;525,313;526,319;524,321;525,327;527,329;526,335;524,337;525,343;524,346;524,349;525,352;526,359;524,360;524,364;526,370;526,374;524,376;526,380;525,385;525,388;526,394;524,398;524,402;525,404;525,409;525,414;526,417;525,420;526,424;527,428;525,435;525,439;526,441;524,444;525,451;526,455;527,459;527,463;527,466;527,469;525,475;526,476;524,482;527,484;527,491;527,492;525,498;526,500;526,504;524,508;527,512;526,516;527,522;524,525;524,531;525,532;526,538;524,543;526,544;524,549;527,555;527,559;527,561;524,564;526,569;524,573;527,578;524,583;525,584;524,590;524,592;526,599;526,602;526,606;527,609;527,614;524,619;526,622;525,625;526,630;527,634;525,636;524,643;524,645;526,649;526,654;527,659;526,662;524,666;527,670;524,674;527,678;525,681;524,684;524,691;526,692;524,699;526,702;526,705;524,710;524,713;525,719;526,722;527,726;524,730;527,732;527,737;527,743;527,744;527,749;526,754;524,757;527,763;526,764;527,770;526,775;526,777;524,782;524,786;525,788;526,795;524,799;526,801;524,807;525,809;525,814;525,817;526,820;526,824;524,831;527,834;527,837;526,842;525,847;527,848;527,853;527,856;527,862;524,866;526,868;525,873;524,877;527,882;524,885;525,888;524,893;524,898;525,901;526,907;525,911;525,914;527,916;524,922;527,924;525,930;525,933;524,937;527,942;527,944;525,950;524,955;525,959;525,963;524,966;527,971;527,975;526,976;527,981;526,984;526,990;527,992;524,996;526,1002;525,1007;525,1009;525,1012;526,1016;527,1020
529,3;530,7;531,11;530,12;529,16;528,23;530,25;530,29;529,32;528,38;528,41;528,44;529,48;531,52;528,58;530,61;531,66;529,68;529,75;531,78;530,82;529,86;528,89;529,92;530,98;531,103;529,104;528,111;531,114;529,116;528,120;531,125;531,129;528,133;531,139;530,143;530,144;529,148;528,154;528,157;530,160;529,167;530,169;528,173;529,177;529,182;530,186;531,191;528,195;530,199;530,200;531,207;531,211;528,214;528,218;530,222;528,225;529,231;528,233;528,239;531,241;531,244;528,249;529,253;531,256;528,260;531,265;531,271;528,274;531,277;528,283;528,287;530,290;529,292;529,298;530,300;528,304;529,309;530,315;531,319;529,320;530,326;530,329;528,332;531,337;530,341;531,346;529,349;528,352;528,358;528,361;529,366;528,369;531,375;531,378;531,380;531,385;529,391;529,395;531,398;528,400;529,405;531,411;528,414;530,416;530,421;531,426;531,428;528,435;528,436;530,440;528,444;529,448;529,454;529,457;528,461;528,467;531,469;530,475;528,476;529,480;531,486;528,490;531,492;530,496;529,500;529,507;528,509;530,513;531,518;531,520;530,525;531,529;529,533;530,539;529,540;531,547;531,548;528,555;528,557;529,560;528,566;529,568;529,572;531,579;529,582;529,585;531,591;528,594;529,598;529,603;529,605;529,608;530,612;531,618;530,623;529,627;530,630;530,634;528,639;531,640;530,645;529,650;529,655;528,659;529,662;528,666;531,671;530,675;529,679;529,682;530,686;529,689;530,694;531,696;529,703;530,706;528,710;529,714;531,719;531,722;530,724;531,729;529,732;530,737;528,742;529,746;528,751;531,754;529,758;531,763;530,767;531,771;528,772;529,779;531,782;531,786;531,790;530,794;528,797;529,801;530,806;530,811;530,814;531,816;529,820;530,824;529,831;530,833;530,839;531,842;530,844;530,851;530,852;528,859;530,861;529,865;531,869;531,873;529,876;531,883;528,885;529,890;530,893;530,896;529,900;531,907;528,911;528,915;529,917;528,920;529,926;531,930;528,932;528,938;530,941;531,946;529,950;530,952;528,956;531,963;531,965;530,971;528,973;529,979;530,981;531,984;528,990;528,994;530,997;531,1000;528,1007;530,1011;528,1013;529,1017;530,1020
532,2;535,5;535,10;533,12;535,19;533,20;533,25;534,28;535,32;534,37;532,41;534,47;533,51;533,54;533,58;535,62;532,66;534,70;535,74;535,79;535,80;534,84;535,88;534,92;535,99;535,103;534,107;532,111;533,114;535,117;532,122;534,127;534,129;532,135;532,138;534,143;534,144;533,149;533,152;535,156;535,163;534,164;535,169;534,172;532,177;533,183;534,187;534,190;535,193;535,199;532,200;534,207;533,210;533,213;535,216;533,220;535,227;532,230;533,233;532,239;534,243;534,246;533,249;534,254;532,257;534,261;532,264;532,270;533,273;533,276;532,281;533,287;533,288;534,292;535,297;534,301;535,307;535,308;533,313;533,319;534,323;534,324;534,330;532,335;535,339;533,343;532,347;533,348;532,354;534,359;534,362;532,365;532,369;532,372;532,379;535,382;534,387;533,390;533,392;534,399;532,400;534,404;534,408;534,414;532,419;532,421;533,427;532,428;535,433;534,438;534,440;532,446;533,448;532,454;535,458;533,463;534,465;534,468;535,473;533,477;533,481;532,487;533,488;535,494;533,498;533,502;534,505;533,510;532,515;535,517;532,522;535,525;533,529;534,534;535,539;535,540;533,546;532,551;535,553;534,557;533,560;532,567;533,571;533,574;535,577;535,582;532,586;533,588;533,595;533,598;533,600;535,605;532,610;533,613;535,616;533,621;533,625;535,628;532,635;535,637;533,641;532,647;532,651;533,652;532,659;535,663;533,665;535,669;533,673;532,677;535,682;532,684;532,690;533,692;532,697;532,700;532,705;535,708;535,713;533,716;533,720;535,726;533,728;532,735;535,736;535,740;534,745;533,748;535,754;534,757;533,763;533,766;534,771;534,772;535,777;535,780;533,787;535,788;532,795;532,799;535,803;534,805;533,808;533,814;533,818;532,823;533,824;534,831;532,832;532,838;534,840;534,847;535,851;532,854;533,857;535,862;534,865;532,868;534,873;532,877;532,881;535,884;533,890;535,892;532,896;532,900;535,906;533,911;533,912;532,918;532,922;535,927;532,929;535,933;533,938;532,940;533,945;534,950;532,954;532,958;533,963;533,967;534,971;532,972;534,977;535,983;534,986;534,990;533,995;534,998;533,1001;532,1007;534,1011;532,1015;534,1016;532,1020
539,2;537,7;537,8;536,12;539,19;538,20;539,24;538,29;536,33;539,36;539,41;537,46;536,49;536,54;537,59;539,62;539,67;537,69;538,72;537,79;537,80;537,84;537,89;538,94;538,99;537,100;537,107;537,109;539,114;539,119;539,120;538,124;537,128;539,132;538,139;536,141;537,146;539,149;536,155;538,156;539,160;536,164;536,170;539,172;539,178;539,182;537,186;536,191;536,194;538,199;539,203;539,207;536,211;536,212;537,218;539,221;538,227;536,228;536,235;538,239;536,242;538,246;538,248;539,254;537,257;537,263;536,264;539,271;537,274;539,276;539,283;539,285;539,288;537,294;538,297;537,301;539,307;537,309;539,314;536,317;536,322;536,327;537,330;538,332;539,338;537,343;536,344;539,349;537,355;536,357;539,360;538,365;538,368;538,375;536,379;539,380;536,386;539,390;539,395;539,399;538,403;536,404;538,408;538,414;537,418;538,422;537,427;537,428;538,434;539,436;536,443;536,446;537,449;539,452;536,459;536,463;538,465;538,468;538,474;536,478;538,482;536,485;536,488;536,493;536,496;537,502;537,505;539,511;538,513;536,519;539,521;536,527;539,528;539,534;537,536;536,542;539,546;536,548;537,554;537,556;536,560;537,567;538,570;538,572;539,577;538,583;536,585;539,588;538,594;536,598;539,601;538,605;538,608;537,614;536,619;539,620;536,625;537,630;538,635;537,638;538,640;538,645;537,649;537,654;536,658;539,663;537,666;538,668;536,675;537,677;539,681;536,685;539,689;536,695;537,698;539,702;538,704;538,710;536,712;536,718;537,723;538,726;537,729;536,733;538,736;539,741;538,744;538,748;538,755;538,756;537,763;537,764;539,771;539,774;537,776;537,780;538,787;537,791;538,792;537,796;538,801;539,805;539,808;539,815;539,819;538,823;539,827;536,830;536,833;536,836;538,841;537,844;537,850;537,852;538,856;536,863;539,866;539,869;539,872;536,878;536,880;537,884;536,889;539,895;536,899;537,901;537,907;536,911;538,915;537,918;539,923;538,924;536,929;539,932;538,939;536,941;537,946;538,951;539,953;536,957;536,962;537,967;539,971;537,975;537,979;539,980;536,984;536,989;537,992;538,999;538,1000;537,1007;538,1008;539,1015;538,1017;537,1023
540,2;541,6;540,11;543,15;543,19;541,23;540,26;543,30;542,35;542,37;541,42;543,45;541,48;542,54;541,59;540,63;543,64;542,69;540,75;541,79;543,83;543,87;542,89;540,92;543,97;541,103;543,107;543,108;543,112;541,116;540,122;542,126;542,128;540,132;542,137;541,141;541,145;543,149;543,155;542,156;540,161;543,165;541,169;541,173;542,179;542,182;540,187;540,191;541,192;543,197;541,203;540,206;543,209;540,214;540,219;540,221;543,227;540,228;542,232;541,238;541,240;540,247;541,250;540,252;542,256;541,263;542,266;543,270;543,272;540,276;542,281;543,285;542,289;542,294;542,299;541,302;543,307;541,308;541,315;541,316;543,322;542,327;542,330;543,333;541,339;542,341;542,345;543,350;543,355;541,356;540,362;543,366;543,371;540,372;543,379;543,380;540,386;543,388;542,394;542,399;543,402;543,407;543,411;541,415;541,417;541,422;541,426;542,430;540,435;540,439;542,443;541,444;540,448;541,455;542,458;543,462;541,466;543,468;543,475;542,476;543,483;542,486;541,490;541,493;541,496;543,501;543,507;541,508;543,513;542,516;541,520;540,526;541,529;540,534;543,538;541,542;540,545;543,548;542,552;540,557;542,562;542,567;541,571;541,575;542,579;540,582;542,587;540,588;540,594;540,597;541,602;541,605;542,611;542,612;540,617;541,620;542,627;541,628;541,635;540,637;541,641;540,646;541,649;543,655;543,656;542,663;540,664;543,668;541,675;541,677;543,680;542,686;543,691;542,695;542,697;542,700;543,705;541,711;541,713;541,717;540,721;541,727;541,728;543,732;541,738;540,740;542,746;543,748;540,755;540,758;543,761;540,765;542,769;541,773;541,776;540,781;542,787;541,789;541,795;540,798;543,802;540,806;541,808;541,812;543,817;543,821;543,827;543,831;541,834;543,838;542,842;542,845;543,849;541,855;540,857;543,860;542,865;541,869;542,874;541,878;541,880;540,886;543,889;540,892;542,898;542,901;541,906;542,908;542,914;540,919;540,920;540,927;541,930;540,932;543,938;542,941;542,945;541,948;541,953;542,956;542,960;542,967;540,970;541,972;540,979;543,981;543,984;541,990;541,994;541,999;541,1003;540,1004;543,1009;540,1014;540,1016;543,1021
546,2;544,6;545,9;547,12;547,17;546,23;545,25;547,30;547,34;547,37;544,42;547,47;547,48;545,52;547,58;547,61;544,67;546,69;544,75;547,77;544,82;544,84;544,88;547,92;547,97;544,100;546,105;544,109;546,112;545,118;544,121;544,124;544,129;544,134;546,139;545,142;547,144;544,149;546,154;544,157;545,163;544,164;546,170;545,172;544,177;546,181;547,187;547,191;544,192;547,199;544,201;544,207;546,211;544,215;546,216;547,221;547,225;544,229;546,232;544,238;544,240;546,245;544,249;546,252;544,256;544,261;545,264;545,268;544,272;544,278;544,280;544,284;544,288;544,294;546,298;547,303;544,307;544,309;545,313;546,316;547,320;546,327;545,331;545,335;545,337;547,340;545,345;545,350;545,352;546,357;545,362;547,365;546,370;545,375;547,378;544,382;544,387;545,390;546,393;547,397;547,401;545,405;545,408;547,412;544,418;545,423;545,427;544,430;547,435;547,439;544,442;546,446;547,449;546,455;545,459;545,463;547,467;547,471;545,473;546,478;546,481;547,485;544,491;547,495;547,498;544,501;547,504;547,509;546,512;544,517;546,520;547,524;545,531;544,533;544,538;547,541;544,547;545,551;545,554;544,559;545,563;545,564;546,571;545,575;545,577;544,582;546,585;546,591;547,593;547,597;546,603;545,606;544,608;547,614;544,616;545,623;547,626;547,629;546,634;545,637;546,641;544,646;547,649;545,655;546,656;544,661;544,666;545,668;544,672;545,679;544,680;544,687;545,691;545,692;546,697;544,702;546,707;545,711;547,714;546,716;546,721;547,727;547,731;546,732;546,736;544,740;544,747;547,750;546,754;545,759;547,763;545,766;547,771;547,773;547,777;545,781;544,786;546,789;545,794;545,799;544,800;544,806;547,811;546,814;546,817;545,820;545,827;546,831;546,833;546,839;545,841;547,845;546,850;546,852;547,857;546,860;547,864;545,869;547,873;545,876;545,880;546,884;545,891;547,895;544,896;544,901;545,906;545,911;546,914;545,919;547,923;544,926;546,930;546,933;544,936;544,943;547,947;546,948;544,955;547,959;544,963;544,964;546,971;547,973;546,977;544,981;544,985;544,991;546,995;546,997;545,1000;546,1007;545,1008;545,1014;547,1018;545,1023
548,3;549,7;550,8;551,15;551,17;551,21;549,26;548,28;548,35;551,37;551,40;549,47;548,50;550,55;549,56;551,63;550,67;551,68;550,72;548,76;549,82;548,84;548,88;550,94;548,98;551,101;550,106;551,108;548,112;551,119;550,121;549,125;548,130;550,135;551,136;551,141;549,145;551,150;550,152;551,156;549,162;551,165;550,168;549,174;548,179;551,183;551,187;550,190;549,193;550,196;550,203;549,204;550,209;548,212;551,219;550,222;548,226;551,231;549,232;550,238;549,242;550,246;551,251;548,253;549,257;548,260;548,267;550,269;548,272;549,279;549,280;548,287;550,290;548,294;549,297;549,301;550,307;551,308;548,313;551,316;550,322;549,327;549,328;549,332;548,336;548,342;550,346;550,349;551,352;550,359;550,362;549,366;548,369;551,373;548,376;548,380;550,384;548,388;549,393;550,399;551,402;551,406;551,408;548,415;549,416;548,422;550,425;549,429;549,432;548,438;549,442;548,447;551,451;550,455;550,459;548,463;548,464;548,471;548,473;551,477;549,483;549,487;550,491;550,492;549,499;549,500;550,504;548,509;550,512;550,517;551,521;550,527;551,529;548,535;550,536;548,540;548,545;550,549;550,554;548,559;550,563;548,566;548,571;550,573;549,578;549,581;551,587;548,589;550,594;549,597;549,603;551,606;550,608;548,615;548,619;549,622;550,627;550,628;551,635;550,638;551,642;550,647;549,649;551,654;551,656;550,660;550,665;549,670;551,673;549,676;550,681;551,685;551,689;549,695;550,699;548,701;551,704;549,710;550,714;548,719;549,722;550,725;550,730;548,734;551,739;551,740;551,747;548,748;548,753;551,756;551,760;549,764;549,770;550,774;548,777;551,780;548,785;550,790;548,793;549,798;549,800;550,806;550,810;549,812;548,818;550,821;550,826;549,830;551,834;550,838;548,843;548,847;549,851;550,854;549,858;548,862;549,864;549,871;550,874;549,877;548,882;551,884;548,889;550,894;549,899;551,901;549,905;551,911;551,915;548,916;551,921;550,925;550,930;549,934;551,936;549,942;548,944;551,951;548,954;548,959;548,961;550,966;551,969;550,974;549,977;551,980;548,985;550,990;550,995;549,998;548,1001;548,1004;550,1009;550,1015;548,1018;549,1022
555,3;554,5;555,10;552,12;552,17;553,20;552,26;554,31;552,32;553,36;554,42;554,44;554,49;554,54;553,57;552,61;553,64;553,69;552,75;552,79;555,80;552,86;555,89;555,95;553,99;555,103;555,106;555,110;552,112;555,119;555,122;554,127;554,128;553,135;554,137;555,143;552,146;555,149;552,155;554,157;552,163;555,167;555,168;552,174;554,177;555,182;555,184;555,188;555,192;552,196;555,200;552,206;554,210;553,215;553,219;553,222;553,224;553,228;552,234;554,236;554,240;555,246;554,250;554,255;555,257;554,260;552,266;552,271;553,272;554,276;554,283;554,286;552,291;555,292;554,297;553,300;552,307;555,310;553,313;554,317;553,322;554,325;552,331;554,332;553,338;552,341;552,344;554,348;554,354;553,356;555,363;553,365;552,370;553,374;553,376;553,382;555,384;555,390;553,394;554,399;552,400;553,406;554,411;554,414;552,416;554,423;553,426;555,430;554,435;552,436;555,441;555,447;555,450;554,454;552,459;554,462;554,466;553,470;554,475;554,476;555,482;555,486;553,488;552,492;554,496;555,502;552,506;552,511;555,513;555,517;555,521;554,526;553,528;555,532;553,537;553,541;554,544;553,549;553,553;555,556;553,563;553,564;554,568;555,575;554,576;555,583;552,587;555,589;553,595;555,597;554,603;554,606;553,610;552,612;554,619;555,622;553,625;555,628;553,635;555,636;553,641;552,645;553,650;555,654;555,656;554,661;553,664;552,671;555,675;555,677;553,682;552,687;554,691;554,694;553,699;552,702;552,707;555,709;554,714;552,719;552,722;553,725;552,729;553,735;555,738;552,740;553,746;555,749;554,753;553,756;555,762;554,766;553,769;553,775;555,779;552,780;553,784;553,788;553,795;552,799;554,802;553,806;553,811;555,815;552,817;553,821;554,825;554,831;554,832;554,836;553,840;553,845;552,848;552,852;554,858;555,863;555,864;552,871;552,873;552,879;553,881;553,885;553,889;553,894;552,896;553,902;555,904;553,909;555,915;555,917;552,922;554,924;554,931;554,935;554,936;555,940;555,945;553,951;552,953;555,956;555,960;552,964;552,970;552,975;553,979;553,983;552,986;555,988;555,995;552,997;552,1002;552,1004;555,1010;554,1014;553,1017;555,1020
559,1;556,7;557,11;558,15;559,17;559,20;559,27;559,29;556,34;556,36;557,41;556,46;559,50;557,52;558,58;556,61;559,64;558,71;556,74;556,78;559,83;559,87;559,90;557,95;557,97;557,102;559,105;556,111;556,113;558,117;559,121;557,124;558,128;558,134;559,139;559,142;558,144;558,148;556,154;556,156;559,162;557,167;559,171;558,175;557,179;557,180;559,184;557,188;559,192;556,198;557,202;558,206;559,209;559,212;557,219;557,223;559,225;556,229;559,234;559,237;557,242;559,244;556,248;558,252;559,258;556,261;556,264;556,270;556,274;559,276;557,282;558,286;557,289;558,292;556,296;556,303;557,307;557,311;558,315;559,317;556,323;556,324;558,329;556,335;558,337;558,340;558,347;556,348;557,353;559,358;556,362;559,364;558,368;558,375;559,379;557,381;556,385;556,388;557,392;557,399;559,400;558,404;557,411;558,415;557,417;559,420;556,427;556,429;558,434;558,437;557,442;558,445;557,449;559,455;559,458;556,463;557,464;556,471;557,474;556,477;558,481;556,484;557,491;556,494;559,498;558,502;557,505;559,509;559,512;558,517;559,523;556,526;558,530;559,534;557,536;556,540;558,547;559,551;556,555;557,559;559,561;559,566;556,568;558,572;556,579;558,583;559,585;557,591;558,594;558,598;556,603;557,604;559,611;559,612;556,619;558,620;559,626;557,629;559,634;556,638;556,640;556,644;559,650;556,653;559,656;556,660;557,667;558,668;557,673;556,676;558,683;559,684;556,691;556,694;556,699;556,701;559,706;557,708;558,713;557,716;556,722;558,725;556,731;558,732;556,739;557,741;559,747;557,750;559,752;559,758;558,762;556,767;557,771;559,773;559,776;559,782;557,786;558,791;557,794;559,796;558,800;559,805;559,810;559,814;556,817;558,823;557,824;556,831;556,832;556,838;559,841;558,846;556,848;558,853;559,857;558,862;556,867;558,870;559,872;557,876;559,882;559,887;559,890;558,894;556,897;558,900;557,905;556,908;559,912;557,917;559,922;558,926;556,931;556,933;557,939;559,941;559,945;557,951;557,955;556,959;556,961;556,967;557,968;559,972;556,979;558,982;556,985;559,990;559,992;559,996;559,1002;556,1006;559,1009;558,1014;558,1019;559,1023
563,3;560,4;561,9;560,13;561,16;562,23;563,27;562,28;563,35;563,36;561,40;561,46;560,50;560,52;562,56;562,61;560,67;561,68;560,72;560,77;563,80;562,84;560,91;562,92;561,96;560,103;562,107;562,111;560,115;560,117;562,122;560,124;563,131;560,133;561,139;562,142;561,145;562,148;560,152;563,156;562,160;563,166;563,169;560,172;560,178;561,180;560,185;562,190;562,192;562,198;561,200;561,205;562,208;563,212;561,218;560,220;561,227;563,229;562,235;561,237;562,240;561,245;561,249;561,253;561,258;560,262;561,264;563,270;561,272;561,277;562,281;563,286;563,289;562,292;562,299;562,301;561,304;560,309;560,313;563,317;563,320;563,326;562,331;563,335;560,339;560,343;560,344;562,350;562,352;562,357;561,360;563,364;560,371;562,374;560,377;561,382;560,387;562,391;561,395;562,397;560,401;563,404;562,408;562,412;560,417;563,421;562,424;561,428;563,435;563,438;560,441;560,447;560,448;563,452;560,459;562,463;562,466;562,471;562,475;563,477;562,482;563,484;562,489;563,492;563,498;563,501;563,505;561,511;560,515;561,517;563,521;561,524;562,530;560,532;562,538;562,542;561,545;562,551;563,553;560,558;560,560;563,566;562,570;560,572;560,576;563,582;560,586;563,591;562,593;563,596;561,600;561,604;562,610;562,612;560,616;561,621;561,625;560,630;562,634;560,638;560,643;560,647;561,649;562,654;562,657;562,662;562,664;562,668;561,674;563,677;560,683;562,687;560,688;562,692;561,697;560,701;563,705;563,709;562,715;563,718;560,723;561,726;560,730;560,734;563,739;560,743;561,744;560,749;562,755;560,758;560,763;562,766;560,770;561,774;560,778;562,780;562,784;560,791;562,795;561,796;563,800;563,805;560,810;562,813;562,816;561,822;561,824;561,831;562,832;563,838;563,843;561,847;562,851;563,852;560,857;561,863;562,864;560,870;561,873;560,878;561,881;563,886;562,891;562,894;560,899;561,901;562,907;561,910;563,912;561,918;560,923;560,927;560,929;560,932;562,936;561,943;560,944;562,951;563,955;563,957;563,961;563,967;560,970;563,973;563,978;563,980;563,984;563,988;563,992;563,996;563,1002;563,1005;563,1011;563,1013;563,1016;561,1022
565,1;566,6;566,8;564,14;567,17;566,21;565,27;567,30;565,34;564,39;567,42;567,44;567,51;565,55;564,59;564,60;564,66;567,68;564,72;567,78;564,81;564,87;564,91;566,94;564,97;567,100;565,104;564,108;565,115;567,118;564,122;567,124;567,128;566,132;564,138;567,142;565,145;564,151;567,154;565,158;567,160;564,164;567,170;564,173;566,177;567,182;566,187;564,190;567,194;564,199;567,200;567,205;567,211;564,214;565,218;566,223;565,226;567,230;565,234;566,239;567,241;564,246;565,248;565,252;564,257;567,260;564,266;566,268;565,275;565,278;566,283;567,287;566,290;566,292;564,299;566,302;567,306;567,309;564,315;564,318;565,323;567,326;566,328;566,335;567,337;564,343;565,344;567,351;564,354;564,357;567,363;565,366;567,369;564,372;565,377;565,381;566,385;566,389;567,394;566,397;564,402;564,404;567,410;566,414;567,416;566,422;566,427;565,429;565,435;566,438;564,441;564,447;566,448;566,455;564,457;566,461;564,467;564,471;567,475;566,476;565,480;567,486;566,491;567,494;566,499;565,502;566,505;564,509;567,512;565,519;565,520;565,524;564,530;567,533;565,538;565,542;566,546;565,548;566,553;566,557;565,562;564,564;564,571;564,575;564,576;567,581;567,584;564,589;564,592;564,598;564,601;566,606;564,610;564,612;565,618;566,620;564,627;567,631;564,634;564,639;566,643;565,645;567,649;565,653;566,657;567,662;567,665;566,668;564,675;564,678;567,681;566,687;567,688;566,695;567,697;566,702;566,704;565,709;567,714;567,717;565,722;567,726;564,731;567,735;567,738;564,740;566,744;566,749;564,752;565,757;567,761;564,765;565,768;567,775;564,776;565,782;564,784;566,788;567,792;566,798;567,803;565,804;566,809;564,813;565,818;566,820;567,826;566,830;567,835;565,839;566,841;566,845;566,850;567,852;566,858;567,861;565,867;566,869;565,875;566,878;567,880;567,884;565,890;564,893;567,898;565,903;567,907;567,909;566,915;565,918;564,920;566,925;565,929;567,935;565,936;566,940;564,944;565,950;565,955;565,957;565,963;565,967;564,968;565,972;565,977;564,980;565,985;564,988;564,994;564,997;564,1003;565,1004;565,1010;565,1014;564,1016;566,1023
570,3;571,5;570,10;571,12;571,19;571,23;568,25;569,28;570,35;571,37;568,41;570,45;571,51;569,55;568,56;570,60;569,65;569,68;571,75;569,78;568,82;571,84;568,90;571,95;569,97;571,101;571,106;571,108;569,113;570,117;570,121;569,126;571,131;568,135;569,138;569,143;568,145;570,148;569,153;568,156;568,162;570,166;568,171;569,174;569,178;569,181;569,184;571,188;569,195;569,199;568,201;571,206;571,210;569,214;568,218;569,221;570,224;571,228;571,233;568,239;568,242;571,245;571,251;570,253;568,256;570,262;570,265;568,270;569,273;570,277;568,280;568,284;568,288;570,292;568,298;571,302;571,307;568,308;571,312;569,319;569,321;568,326;571,328;570,335;571,338;570,340;571,344;570,349;569,352;568,357;570,363;570,366;568,369;571,373;568,378;568,382;571,386;568,388;568,394;570,399;570,401;570,407;568,411;568,415;569,417;568,423;571,427;569,430;569,433;570,439;571,441;571,447;568,450;569,453;570,456;571,461;568,467;571,471;568,475;569,478;568,483;570,485;568,490;569,492;568,498;570,501;571,504;569,510;571,515;570,517;570,521;569,526;570,530;571,533;568,537;568,543;569,544;570,549;570,552;571,556;568,561;568,567;568,569;571,575;571,578;568,581;571,586;568,591;570,592;569,597;570,603;568,604;571,611;571,614;570,619;571,620;571,625;571,629;571,632;568,636;569,641;569,644;570,648;568,652;568,658;569,661;571,664;570,669;570,673;571,676;568,683;569,685;568,688;570,692;570,696;570,701;569,707;568,709;571,715;569,717;569,720;568,725;571,729;571,733;568,738;568,742;568,744;569,749;569,753;571,756;571,761;570,764;571,768;570,775;568,779;571,783;570,784;568,788;570,795;571,799;568,800;568,804;568,808;568,815;570,818;569,821;568,826;570,829;569,833;571,839;568,843;568,846;568,849;571,855;570,857;570,862;571,864;570,870;568,872;570,878;571,883;568,885;569,891;571,892;571,897;569,903;569,904;570,911;568,912;569,919;569,920;568,925;570,931;568,932;570,938;569,943;569,944;568,951;569,952;569,958;570,962;569,966;571,969;569,973;569,977;569,980;570,985;569,989;571,992;569,998;570,1003;569,1004;569,1010;571,1013;568,1019;569,1023
573,2;572,6;574,11;575,15;572,17;575,22;573,26;573,28;572,35;574,36;572,42;575,44;572,51;572,52;574,59;573,63;572,65;575,70;573,75;573,79;574,82;573,84;573,91;573,92;572,96;574,103;575,104;573,111;573,113;575,118;572,121;574,124;574,128;575,132;574,138;572,140;575,147;575,149;573,152;572,158;575,161;575,165;575,169;575,175;573,177;572,180;572,186;573,188;573,192;574,197;574,201;575,207;572,210;574,214;572,217;575,223;573,225;573,229;574,232;572,237;575,243;573,244;575,249;572,254;572,257;575,263;575,264;575,269;573,273;572,279;572,280;573,286;573,289;572,294;574,296;573,303;575,306;575,308;574,312;575,317;575,323;572,327;573,328;575,335;572,337;573,341;574,346;575,348;572,353;574,359;572,360;575,367;574,370;575,375;573,378;575,381;575,385;575,390;573,394;575,398;575,402;572,404;574,411;573,415;575,416;574,421;572,424;575,428;573,433;574,438;574,442;572,446;574,449;575,452;573,459;572,461;572,466;574,470;572,472;572,476;574,482;574,485;573,490;575,493;574,497;573,503;574,507;572,509;574,512;572,518;574,523;572,525;572,530;573,532;572,538;573,543;572,545;572,548;575,554;572,558;573,560;572,567;574,571;574,575;572,579;575,583;572,585;573,589;575,595;575,597;573,600;572,607;572,610;573,615;575,617;572,623;572,626;572,628;574,633;574,636;575,640;575,647;573,651;572,653;573,659;575,660;575,665;574,669;572,672;573,679;574,681;574,687;572,690;573,693;572,698;574,700;575,707;573,710;574,713;573,716;574,722;572,725;575,728;574,733;574,737;573,742;573,746;572,750;574,755;573,757;575,763;572,765;573,769;575,773;573,779;573,780;572,785;573,791;574,794;575,799;573,800;573,806;574,809;573,814;572,817;573,823;573,827;572,831;574,834;575,838;573,841;574,847;573,850;573,854;572,857;573,863;572,864;572,869;574,874;573,877;574,881;573,885;574,891;574,894;574,899;572,900;575,904;572,909;574,913;574,919;573,921;572,925;572,929;573,934;572,938;574,941;574,946;575,951;574,954;574,959;573,963;575,964;574,971;573,975;573,979;572,983;573,984;573,991;574,994;573,996;574,1003;574,1007;572,1010;572,1012;575,1016;574,1021
576,3;579,6;579,9;577,15;577,19;577,22;578,26;577,29;577,34;579,37;579,41;578,45;579,50;578,54;576,56;577,61;579,65;579,68;579,73;578,77;579,83;576,84;578,88;579,95;578,98;577,101;579,105;579,109;577,114;578,117;577,121;579,124;578,128;579,132;579,137;578,140;578,147;578,149;577,152;576,158;578,163;576,165;578,170;578,175;577,178;578,182;576,185;577,188;579,195;577,199;576,201;576,206;577,211;579,213;579,217;578,220;579,226;579,231;579,235;576,236;576,240;578,245;579,249;579,254;576,257;578,261;576,265;576,271;579,274;578,279;576,283;578,285;579,289;579,292;576,299;579,301;577,307;579,309;576,314;578,316;579,323;579,324;578,328;578,334;579,338;576,341;579,346;578,350;576,353;578,359;577,362;578,367;578,368;577,373;579,379;578,380;579,384;576,390;578,394;579,399;578,402;577,407;579,409;579,415;576,419;576,422;577,424;579,428;576,433;577,438;579,440;577,447;579,448;577,454;578,459;577,462;579,467;576,471;578,472;577,477;578,480;578,484;578,491;576,492;578,496;576,501;576,507;576,509;579,513;579,519;578,523;578,525;576,529;578,534;578,538;576,541;579,545;577,549;577,552;577,559;577,560;579,566;579,569;579,573;577,579;579,581;577,585;578,591;579,592;579,596;578,603;576,605;578,611;579,612;576,618;578,620;578,626;579,630;576,634;576,639;579,643;577,646;576,650;577,653;576,656;576,660;579,666;579,670;576,674;576,676;578,682;579,685;578,689;579,692;576,697;576,701;578,705;577,711;577,712;578,716;579,720;576,725;577,730;576,733;578,737;577,742;579,746;577,751;579,752;576,759;577,763;579,767;578,768;578,773;579,778;577,780;577,787;576,791;579,795;578,797;576,801;577,804;578,809;576,814;579,819;579,820;578,825;578,828;577,834;578,836;576,841;577,847;579,848;578,852;576,858;578,861;578,864;579,868;576,874;578,878;577,880;577,886;576,891;577,892;576,898;579,903;579,904;577,911;579,914;578,918;579,923;577,927;579,928;578,934;578,938;578,942;577,945;576,950;576,953;578,957;578,960;579,966;578,969;579,972;579,977;577,982;578,987;578,988;576,993;578,996;578,1001;579,1004;578,1010;578,1015;579,1017;578,1020
581,0;583,6;582,10;583,15;583,18;580,21;582,24;583,31;583,32;582,39;581,40;580,46;581,48;581,53;582,58;583,61;582,64;582,69;580,75;581,78;580,81;582,87;582,91;583,93;583,97;582,102;580,107;582,109;582,112;580,117;580,121;583,124;582,128;582,135;583,136;580,141;580,144;583,148;583,153;580,156;582,161;582,167;582,168;581,174;581,176;582,181;582,185;583,189;580,194;582,197;581,200;580,205;580,208;581,214;581,216;581,223;583,225;580,228;580,234;583,239;582,240;580,247;583,249;582,253;580,256;582,263;580,267;580,271;582,272;581,277;581,282;581,287;582,288;580,295;583,298;583,300;583,307;583,308;583,315;582,319;583,321;580,326;580,330;583,332;580,336;582,341;580,346;583,350;580,355;583,357;580,362;582,364;581,368;581,373;582,376;582,383;581,387;580,390;582,395;582,397;583,400;580,404;581,410;581,413;583,419;582,421;583,427;580,428;581,433;580,438;582,442;581,444;582,451;583,455;580,458;581,460;581,467;582,469;581,473;580,479;582,481;580,487;582,490;580,492;582,496;581,500;583,505;582,508;583,512;582,519;580,522;580,524;582,528;583,534;581,536;580,542;582,546;580,550;580,552;582,556;581,563;581,566;583,568;583,573;583,578;582,581;583,584;583,591;581,593;582,596;580,603;580,605;581,608;582,614;582,619;580,621;583,624;581,628;581,635;580,636;583,643;580,645;582,648;583,655;583,657;583,660;581,665;581,669;580,674;582,676;583,681;581,684;580,691;580,695;581,699;582,703;582,706;581,710;581,713;583,717;581,722;581,727;580,731;580,732;582,738;582,742;582,745;581,748;582,755;583,758;582,760;582,765;580,768;580,775;583,779;580,782;581,785;580,790;580,795;580,797;583,800;582,806;581,810;581,812;582,817;582,822;580,824;582,830;582,835;580,836;580,843;580,844;582,848;582,852;580,856;580,860;583,866;583,868;580,873;580,876;581,881;581,884;582,891;581,895;583,897;582,903;580,906;582,910;583,913;583,917;583,920;582,926;583,931;583,935;581,938;583,941;583,944;580,950;581,955;580,957;580,960;580,964;583,969;580,974;580,976;580,983;580,986;580,991;580,994;580,999;581,1002;581,1004;581,1008;581,1012;580,1017;583,1021
586,3;584,5;584,8;584,12;587,17;585,21;584,27;586,29;586,33;586,37;587,40;585,46;584,51;584,55;587,56;584,60;585,66;587,70;586,72;585,79;586,83;587,87;586,90;584,93;585,99;584,103;586,104;586,111;586,113;584,118;585,123;585,126;585,130;585,135;587,139;585,143;586,145;586,151;587,153;584,157;584,163;585,166;585,171;584,173;587,177;584,180;586,185;585,190;585,192;584,197;586,200;585,206;584,208;584,212;585,217;584,220;584,226;585,228;585,235;584,237;585,243;587,245;586,250;585,255;587,258;587,260;587,267;585,271;584,274;585,276;586,283;584,287;586,290;587,293;586,296;585,300;585,306;587,311;584,314;587,317;587,321;584,324;586,328;586,335;584,337;585,340;586,345;585,349;585,352;585,356;585,363;587,365;587,369;584,375;585,376;584,382;585,384;586,388;584,394;586,399;587,400;584,405;587,409;586,413;587,419;584,423;585,424;586,428;584,433;584,439;586,440;584,447;584,449;585,454;586,457;587,461;585,465;586,471;584,473;586,479;584,480;585,485;584,490;584,493;584,499;584,500;585,505;584,509;587,513;587,517;586,522;584,525;584,530;584,534;584,536;586,543;586,546;584,549;587,554;584,558;585,561;587,564;587,570;586,575;584,578;584,580;587,586;587,590;586,592;587,596;584,600;586,606;584,608;585,614;584,619;585,621;584,626;584,628;584,632;584,638;586,642;587,644;584,650;586,655;584,659;584,660;584,667;586,668;586,672;585,679;585,683;584,687;587,690;587,694;586,699;584,702;584,704;584,710;584,712;587,719;587,723;586,725;586,728;584,735;585,736;586,740;584,744;584,750;584,754;584,759;584,762;584,764;584,770;584,772;584,777;584,783;587,785;586,790;586,793;587,798;584,801;584,807;585,809;586,813;586,819;586,820;584,826;586,830;584,833;587,836;586,840;587,847;584,851;584,853;584,856;587,860;587,866;585,869;587,875;585,877;586,881;585,884;584,890;586,892;587,898;584,903;584,905;587,908;584,915;584,916;584,921;586,926;585,931;584,935;586,937;584,942;584,947;587,948;584,955;586,957;584,963;585,964;584,971;584,973;587,977;585,980;584,986;584,989;586,993;587,999;586,1002;587,1005;586,1010;587,1013;585,1019;584,1022
588,3;588,5;589,10;590,12;589,16;590,21;588,26;588,30;588,33;591,36;590,41;589,45;591,50;588,54;588,56;591,61;589,65;589,69;591,72;591,76;590,81;589,87;588,90;588,95;591,96;588,102;591,104;588,108;588,113;588,116;591,122;590,125;590,131;589,133;588,137;588,142;589,146;590,149;588,155;591,159;589,162;588,166;589,171;590,174;590,176;588,183;588,184;588,191;589,192;590,199;589,201;590,207;591,210;589,213;589,217;588,220;590,227;591,229;588,235;588,238;588,241;591,246;588,250;588,253;590,256;588,260;590,265;591,269;590,274;591,279;589,282;588,285;589,291;591,294;590,298;591,300;588,304;591,309;590,315;591,318;591,320;590,324;588,328;591,333;589,336;590,343;591,346;590,350;588,354;590,358;590,363;588,365;590,371;591,374;588,378;588,381;589,386;589,391;590,395;590,396;591,403;588,404;588,409;588,415;588,419;591,423;588,426;591,429;588,435;589,439;591,443;591,446;588,449;588,453;590,459;589,461;591,466;591,470;591,472;588,477;589,482;589,484;591,489;590,495;589,499;588,501;591,507;591,508;590,512;591,517;588,523;590,524;590,528;588,532;591,536;589,540;588,547;589,549;589,553;589,558;590,561;590,565;591,570;591,575;590,578;588,583;588,584;591,590;591,594;589,598;590,603;588,606;588,608;588,613;588,618;588,622;589,627;589,629;589,634;588,639;588,643;590,644;588,651;589,652;588,659;588,662;589,665;590,669;591,674;589,677;588,681;591,686;590,690;591,692;589,698;590,700;590,705;590,708;589,712;588,717;588,722;591,724;591,728;590,733;588,736;588,741;589,746;588,748;591,752;590,757;588,763;589,766;589,770;589,775;589,779;589,783;588,784;589,789;588,795;591,798;588,803;589,804;589,809;588,814;588,816;588,823;591,825;591,828;591,833;588,837;590,842;591,844;588,850;588,854;591,858;590,863;590,867;588,870;589,874;590,878;588,880;589,886;591,888;588,894;588,897;590,900;590,907;590,910;591,915;590,917;589,922;588,927;591,929;590,935;589,937;588,942;588,946;588,951;590,953;589,959;590,962;590,965;589,968;588,972;589,977;589,981;589,985;589,989;591,993;589,996;588,1001;589,1007;591,1011;589,1014;590,1016;590,1020
592,0;592,7;592,8;594,13;592,17;592,23;593,25;594,28;594,34;592,38;595,43;595,44;593,50;593,52;593,58;592,61;592,65;592,71;595,73;592,78;595,83;595,84;594,88;595,92;594,96;595,101;593,105;592,111;592,113;595,118;592,122;594,126;595,131;595,132;592,138;592,143;594,146;595,150;592,154;592,157;593,162;592,165;594,170;592,172;595,178;592,181;592,187;594,190;593,194;595,197;593,200;592,206;594,211;594,212;592,217;595,220;594,226;592,230;594,232;595,237;595,243;595,244;593,251;594,255;594,259;595,263;593,266;592,268;592,273;593,276;592,283;595,284;592,291;593,292;593,296;595,301;595,306;595,309;595,315;593,317;595,321;595,327;593,329;592,334;595,339;593,341;592,345;594,349;593,355;595,357;593,363;594,365;594,368;594,373;593,376;594,381;595,385;595,390;594,392;595,399;594,402;593,404;592,408;593,415;594,417;595,423;595,427;594,428;595,432;594,438;594,442;592,445;592,450;593,453;592,459;595,461;595,466;595,471;592,472;592,479;593,481;592,485;593,488;594,492;593,496;595,503;593,504;595,509;593,515;594,519;595,522;593,524;594,531;592,535;595,539;593,540;593,546;595,548;594,553;593,558;592,563;593,566;593,570;594,572;593,579;592,583;595,587;595,589;595,594;592,596;595,602;593,606;595,608;592,614;593,616;592,620;595,626;592,630;594,632;594,637;595,641;593,647;595,648;595,652;592,659;592,662;593,666;593,669;592,675;592,679;592,680;592,686;593,691;592,692;592,697;592,703;594,704;595,711;594,712;594,717;592,723;594,726;595,730;595,735;595,738;595,741;593,744;594,749;593,754;595,757;595,762;593,765;593,769;595,775;592,778;592,782;593,785;595,791;593,795;593,799;592,801;595,804;594,810;595,813;592,817;594,820;592,825;595,831;594,833;594,839;592,843;593,847;595,851;595,854;595,859;594,861;594,864;592,871;594,874;592,877;592,883;592,885;592,891;593,893;595,897;592,901;593,904;594,911;594,915;595,917;594,920;592,925;595,928;595,935;595,938;593,942;595,945;593,950;593,955;593,958;592,962;595,966;592,968;592,974;595,976;595,982;593,987;595,989;594,994;595,999;592,1001;595,1007;595,1010;593,1014;594,1016;593,1021
599,1;598,6;596,11;598,12;597,16;596,21;597,27;598,29;598,35;599,39;599,40;597,45;598,48;596,54;597,58;599,62;596,65;598,68;596,74;596,77;599,81;596,85;597,88;599,94;596,99;598,100;599,107;597,108;598,113;598,117;597,120;599,127;597,130;596,133;599,137;598,143;599,146;598,151;597,153;597,158;598,161;596,166;599,169;596,173;597,176;599,183;597,186;596,188;598,193;598,198;597,203;596,204;598,208;599,213;596,218;598,223;596,224;599,230;596,232;596,239;597,240;596,245;598,250;597,253;597,258;598,262;597,265;598,271;598,273;598,278;597,281;599,285;597,290;599,292;597,296;599,302;599,304;599,308;599,315;597,316;598,320;596,327;596,328;598,335;599,338;597,341;596,346;599,350;599,354;597,356;598,360;597,366;599,369;596,372;597,377;596,382;597,386;596,390;598,394;599,399;598,401;599,407;599,411;597,412;597,417;596,420;599,424;596,430;596,432;599,436;599,442;597,446;596,448;599,453;598,456;598,462;597,465;599,470;598,472;599,479;597,483;598,484;596,491;596,494;598,498;598,502;597,507;599,510;596,514;599,519;598,523;599,524;596,530;597,535;596,537;598,540;598,547;596,549;596,554;599,556;597,562;598,564;597,568;597,574;596,579;597,582;599,586;599,588;596,593;599,598;599,603;598,607;596,610;598,615;597,617;597,622;598,626;598,628;597,632;599,639;598,640;598,647;596,650;597,652;599,656;596,660;597,664;596,669;596,675;599,679;598,680;598,686;598,691;597,694;596,696;596,702;598,706;597,709;598,714;599,716;596,720;597,724;599,728;597,734;596,736;596,743;599,745;596,751;598,752;598,759;599,761;597,764;596,768;597,772;599,776;596,782;599,787;597,788;597,793;598,799;599,802;597,804;599,811;598,815;599,819;597,820;597,826;599,828;596,834;596,836;597,843;596,845;599,851;597,852;597,859;596,863;597,867;599,871;598,874;596,876;598,883;598,887;598,891;596,895;598,898;599,903;597,907;597,910;599,913;599,916;598,922;599,927;599,930;597,933;596,938;597,941;599,945;598,951;597,952;599,959;597,960;596,964;599,970;596,972;599,977;598,982;599,984;599,989;596,995;596,998;599,1003;599,1006;596,1010;598,1014;599,1016;598,1022
601,2;600,7;600,11;603,13;601,19;602,23;601,25;601,28;602,35;602,39;603,41;603,44;600,50;602,55;603,58;601,62;601,65;602,70;601,72;600,78;600,83;601,84;603,90;602,94;600,97;602,102;600,105;602,109;603,114;603,116;601,122;601,124;601,129;603,132;603,139;602,142;602,147;601,148;600,154;603,156;600,163;603,164;601,171;601,175;601,178;603,180;600,186;601,188;601,195;602,199;602,203;603,205;600,208;601,213;601,219;603,223;603,224;603,231;603,232;602,237;602,241;602,245;603,250;603,254;600,259;600,260;603,264;601,268;603,274;603,278;600,283;602,285;602,289;603,293;603,298;603,303;603,307;603,311;600,315;603,316;600,321;601,327;600,329;602,335;600,338;600,340;602,344;600,350;601,352;603,357;603,362;602,367;603,368;601,374;601,378;603,381;602,384;603,389;601,392;601,396;603,401;603,405;600,411;602,414;602,418;602,421;603,426;603,428;603,432;601,437;603,442;600,445;603,451;602,452;603,459;600,461;601,467;602,468;603,472;601,478;600,480;602,486;601,491;601,492;600,496;603,501;602,505;603,509;601,513;602,516;601,520;601,526;601,530;602,535;602,538;600,541;602,545;603,549;603,555;602,558;602,560;602,567;600,568;600,575;603,579;602,580;601,587;600,589;600,595;601,596;603,602;602,606;601,609;603,613;602,616;601,620;602,626;601,631;600,634;601,637;603,643;603,647;602,649;600,655;602,658;600,663;601,665;601,671;603,674;600,676;603,680;603,686;602,691;601,692;602,699;601,703;601,707;601,708;601,715;603,718;601,721;601,727;601,728;601,734;601,737;603,742;602,744;603,750;600,752;600,757;600,762;603,767;603,769;601,772;600,776;602,783;600,784;602,789;602,792;603,796;601,801;602,805;603,811;601,812;600,819;601,820;603,824;602,829;600,834;601,837;603,843;603,845;603,848;602,854;600,857;601,863;601,866;603,870;600,872;601,877;601,883;600,886;602,888;601,894;603,897;600,903;602,904;600,911;601,912;602,917;602,920;601,926;601,929;603,932;602,938;602,940;603,945;600,949;601,952;603,958;603,962;601,967;602,968;603,972;600,977;603,980;602,987;601,988;600,995;602,999;600,1001;601,1007;601,1011;600,1015;603,1016;601,1022
604,1;607,5;607,11;606,15;607,19;606,23;605,26;607,28;607,32;607,38;605,42;607,45;604,51;606,52;607,58;607,63;607,66;606,71;604,74;607,76;605,83;606,84;607,88;604,93;606,96;606,102;605,104;607,111;606,115;606,119;604,120;607,126;607,131;605,134;604,136;606,143;604,147;607,148;605,152;604,158;604,160;606,165;605,169;607,174;605,178;604,183;606,186;604,188;604,192;604,198;605,201;605,204;604,211;607,215;606,218;605,223;607,225;607,231;606,233;605,238;607,240;604,246;605,251;605,254;606,258;605,261;605,267;606,269;607,274;606,277;604,280;604,287;606,288;604,292;606,299;607,302;605,305;607,309;605,314;607,319;604,320;607,326;607,329;604,335;607,336;607,342;606,347;604,349;606,352;606,358;606,360;604,365;606,371;607,373;606,376;606,383;607,384;607,391;604,395;607,396;606,401;604,405;605,411;604,412;605,416;604,421;604,425;605,431;606,433;604,436;606,442;606,445;604,450;607,455;605,457;604,462;604,466;605,469;605,475;604,476;606,481;604,485;605,488;605,493;607,496;604,503;604,507;607,510;606,514;605,517;604,523;605,527;606,529;606,535;605,537;605,541;607,544;605,548;605,553;607,559;607,562;607,565;607,569;604,573;604,576;607,583;606,587;607,591;606,592;604,599;605,603;604,607;605,610;605,614;606,617;604,621;604,626;605,631;604,635;604,636;607,643;605,646;607,648;607,653;604,657;607,660;605,666;606,671;604,672;606,676;606,680;604,686;605,689;605,692;605,699;605,703;605,705;607,708;606,715;605,717;607,723;607,724;606,731;605,735;607,739;604,740;605,747;605,748;607,753;607,756;607,760;606,764;605,768;606,773;607,777;606,782;605,786;606,790;607,794;605,796;605,801;605,807;607,811;606,814;606,817;605,823;606,824;607,829;607,834;605,838;605,842;607,845;604,848;606,855;607,858;607,861;606,867;605,871;605,873;606,879;606,882;607,886;605,889;604,895;604,899;604,900;604,906;605,910;604,912;607,917;604,923;606,926;607,928;606,933;604,936;604,941;606,945;607,949;604,952;604,957;605,963;606,965;607,968;605,972;606,978;606,980;606,986;607,991;607,992;606,998;604,1003;607,1005;605,1009;604,1015;604,1016;607,1021
610,3;611,4;610,10;608,15;608,19;610,20;611,25;608,28;609,35;609,38;609,40;610,46;610,51;611,54;609,56;611,62;608,64;611,69;611,75;610,77;610,80;611,84;610,88;609,94;609,99;610,101;610,104;611,108;608,114;611,119;610,123;610,127;610,130;610,134;609,139;610,141;608,147;610,151;608,152;610,158;609,163;608,165;609,169;609,172;611,178;609,182;609,185;611,188;608,192;611,197;611,202;608,205;608,210;608,214;610,218;609,221;611,224;609,230;609,232;611,238;610,241;608,244;608,250;610,253;608,257;611,262;608,266;611,270;608,274;611,279;610,282;609,285;611,290;609,294;610,298;611,303;610,306;608,308;611,312;609,317;609,321;608,327;609,329;611,333;609,336;610,342;609,346;610,350;608,353;609,357;611,362;611,365;610,368;611,373;609,379;609,383;610,386;610,388;610,395;610,399;609,403;611,407;608,411;608,415;610,418;610,423;610,424;608,431;608,435;611,438;608,440;610,445;610,451;611,455;610,456;611,460;608,465;610,468;610,474;609,479;608,482;611,485;609,489;610,492;611,498;608,503;609,507;611,509;611,513;611,516;610,520;609,525;611,531;609,534;608,538;611,543;609,545;611,550;609,555;608,559;610,560;609,566;610,569;608,574;611,577;608,583;611,587;608,588;609,594;610,598;611,602;610,606;610,608;609,612;608,618;609,623;611,624;610,631;609,632;610,638;611,640;610,646;611,650;610,654;608,656;611,662;608,667;610,669;608,672;610,678;610,681;610,685;611,689;608,695;611,696;611,703;610,707;609,709;610,715;610,719;610,723;609,724;611,731;609,732;608,738;608,741;611,747;611,748;609,755;611,757;610,763;608,765;608,768;608,773;610,778;609,780;609,787;611,788;610,794;611,796;611,802;611,804;611,811;611,812;609,818;609,823;609,824;610,830;611,835;609,838;609,842;609,845;611,851;610,852;609,859;611,862;610,865;611,871;609,875;610,878;609,881;610,884;611,889;611,892;609,896;610,903;610,906;611,910;611,915;608,917;609,922;609,925;609,928;609,934;610,938;611,941;610,945;611,951;609,952;609,957;609,960;608,967;609,968;608,974;609,976;611,983;608,986;608,990;608,993;608,996;610,1002;609,1007;611,1009;608,1013;610,1019;608,1021
613,2;615,7;614,8;614,12;615,19;614,22;615,25;613,28;614,32;612,36;612,40;614,47;614,51;614,55;613,56;613,60;612,64;615,70;615,74;612,78;613,80;614,86;612,89;613,93;615,97;614,101;615,105;614,109;615,113;614,116;613,121;613,127;614,129;615,134;615,139;615,143;613,146;613,150;612,152;612,156;615,161;614,164;612,169;615,172;615,176;612,181;614,187;612,189;612,193;615,199;614,201;612,205;615,209;614,215;614,218;614,223;615,225;614,230;615,235;613,236;613,240;612,247;615,251;615,252;615,257;615,263;615,264;615,268;615,274;615,279;614,283;613,285;615,291;614,292;615,296;612,303;613,307;612,309;612,313;612,316;612,323;615,327;614,329;612,335;613,337;613,342;612,345;614,351;615,355;613,358;614,361;612,365;615,369;614,372;612,377;613,383;613,386;612,390;613,392;615,398;612,400;614,407;614,410;612,413;613,419;615,423;614,425;615,428;615,435;612,439;612,443;612,447;613,450;615,452;614,456;612,462;615,464;614,469;614,472;615,477;612,481;614,484;613,490;612,492;613,498;614,500;615,506;613,511;614,513;615,519;612,521;612,526;612,528;612,533;612,537;612,541;614,545;615,550;614,555;613,557;612,563;615,564;613,571;614,572;613,579;615,581;612,585;615,590;613,592;615,597;615,600;612,607;615,610;613,614;612,617;615,623;613,626;613,631;615,634;615,637;614,643;614,647;612,651;613,654;613,657;615,663;613,666;615,668;612,674;612,678;612,681;612,685;612,689;614,695;614,698;615,701;612,706;613,708;613,714;614,717;612,721;612,727;612,729;614,735;613,739;612,740;614,745;612,749;613,755;613,756;613,763;615,764;615,770;614,775;614,778;615,783;613,787;615,789;612,794;614,797;615,801;612,807;614,809;615,815;612,819;614,823;612,827;615,829;614,835;615,839;613,843;614,844;615,851;614,853;613,859;613,862;613,866;613,870;614,874;615,879;614,883;612,886;615,890;614,892;613,897;612,901;612,904;612,910;614,913;614,918;613,921;613,926;614,930;615,935;615,936;614,941;612,945;613,950;613,952;614,956;615,962;614,967;613,971;613,974;612,977;612,983;615,986;613,991;614,995;615,996;613,1000;614,1007;615,1009;612,1012;615,1018;614,1021
616,0;617,4;619,8;619,15;619,16;616,20;619,24;618,30;617,33;618,39;617,40;617,44;617,50;618,52;617,59;619,62;619,67;617,70;616,73;619,77;616,83;617,84;616,91;616,94;616,97;616,101;617,107;619,111;618,115;617,118;617,120;616,124;618,130;617,135;617,138;617,141;617,147;619,149;618,154;619,156;617,163;618,167;617,170;617,172;616,177;616,180;618,186;618,190;619,193;618,198;617,203;616,206;618,211;616,213;616,217;617,223;619,225;617,231;616,233;618,237;619,240;619,247;619,249;618,254;618,257;619,263;618,266;616,268;616,275;617,279;619,282;616,287;617,290;618,294;619,298;618,303;616,304;618,310;616,313;619,318;616,320;616,325;617,329;616,333;618,336;616,340;619,346;616,351;618,354;617,357;619,363;619,364;617,370;619,372;617,378;618,380;619,387;616,389;619,394;618,396;618,401;619,404;618,409;617,413;619,419;619,420;616,424;618,428;616,435;618,438;618,442;617,444;619,449;616,453;618,457;619,460;619,464;616,471;617,474;619,479;617,483;618,486;616,489;618,492;617,497;616,501;616,505;616,508;618,512;619,517;616,523;617,525;616,531;618,533;616,537;616,542;618,544;616,548;616,555;616,557;616,563;619,565;616,570;619,573;616,578;617,581;617,586;617,588;619,592;616,599;617,600;619,604;619,609;619,612;616,617;616,623;616,626;616,629;616,635;618,638;619,643;618,644;619,648;618,655;618,656;618,663;618,665;617,669;616,672;618,677;618,681;618,684;617,689;619,692;617,698;619,700;616,705;619,709;619,715;616,719;619,721;616,726;618,731;616,733;618,739;619,741;616,747;619,749;618,753;616,756;619,761;617,764;616,769;616,774;619,777;617,783;618,784;618,791;616,793;617,797;618,800;617,807;619,809;618,814;617,816;619,823;617,826;616,829;619,834;619,837;618,840;618,847;619,851;616,853;617,857;616,863;618,864;616,870;618,873;616,879;617,881;617,887;618,891;618,893;619,896;616,901;618,907;618,910;618,915;616,918;616,923;618,925;619,928;617,934;618,939;616,941;616,944;618,950;619,952;619,958;616,962;619,966;619,970;616,975;616,979;617,981;617,984;616,991;618,993;618,997;616,1001;619,1007;618,1011;619,1014;616,1017;616,1022
623,0;621,5;621,10;620,14;620,17;620,23;621,27;622,31;623,35;623,38;623,42;621,44;621,49;620,55;621,57;622,61;621,66;623,68;621,74;623,76;623,80;623,85;620,89;622,94;623,97;622,100;620,104;622,111;621,115;622,117;622,122;623,124;620,128;622,133;620,137;621,141;621,144;622,149;620,153;623,156;622,163;623,164;621,168;620,172;621,177;622,182;623,185;621,189;621,195;622,199;620,201;621,207;622,208;623,215;623,216;623,222;623,227;622,231;623,232;623,239;621,243;621,245;622,250;623,253;623,257;621,261;623,265;621,268;622,275;623,279;623,282;622,287;623,290;620,294;622,298;622,301;622,305;623,309;622,314;622,316;622,323;622,327;623,331;623,332;620,336;623,341;621,346;620,348;622,353;620,357;620,363;623,367;620,369;623,374;621,376;621,380;620,387;621,388;620,393;622,398;622,402;623,405;621,409;620,415;622,416;620,422;622,425;623,429;621,433;622,436;620,443;620,446;621,449;621,455;621,457;620,463;621,464;620,468;623,472;620,476;621,482;621,486;621,490;623,494;620,499;621,502;623,506;622,510;622,515;623,517;621,522;620,527;620,529;621,535;622,537;622,543;621,547;623,549;621,555;622,558;621,560;621,564;620,571;622,573;623,579;622,581;622,586;623,591;621,593;623,599;622,600;623,607;621,611;621,614;623,619;623,621;622,627;622,629;623,633;623,637;621,641;620,646;623,648;622,655;623,656;620,661;620,664;620,668;623,674;620,679;621,683;621,685;622,688;623,694;620,697;622,700;620,707;623,709;622,714;622,718;623,723;621,726;620,730;623,735;621,739;620,742;620,745;622,751;622,752;623,758;622,763;621,766;623,769;620,773;623,778;622,783;620,786;622,789;620,792;621,798;620,801;620,806;623,810;621,815;621,819;620,820;620,827;622,829;623,832;623,838;621,841;623,844;623,848;622,852;623,856;622,863;622,864;620,870;621,873;620,879;621,881;622,887;621,888;620,895;620,898;620,901;620,906;622,909;620,914;620,919;620,923;620,925;622,930;621,935;620,936;620,940;622,946;620,948;620,954;623,956;622,961;621,966;621,969;621,973;620,978;621,980;623,984;621,990;621,994;623,996;622,1003;622,1007;620,1009;621,1014;622,1017;620,1020
625,1;625,4;624,9;625,14;624,16;624,23;627,25;625,28;627,35;625,36;624,41;624,46;625,48;627,53;625,57;627,61;626,65;624,68;626,75;626,76;625,80;626,86;625,89;625,95;627,96;624,103;627,107;627,109;626,115;624,117;625,123;626,125;625,128;625,133;626,138;626,143;624,147;625,150;626,152;627,157;626,162;624,164;624,170;626,173;624,176;626,182;627,184;627,189;627,195;624,199;627,200;625,206;626,209;624,213;625,216;624,221;627,227;627,230;624,235;624,238;625,241;624,244;625,248;627,252;625,256;624,260;625,266;624,268;626,273;626,279;624,281;624,287;625,290;626,295;625,299;624,303;625,304;624,308;626,314;624,319;624,320;625,324;627,330;625,332;626,336;624,341;627,346;627,348;627,355;625,357;625,361;626,367;627,369;624,373;625,377;626,383;624,386;624,389;627,395;625,396;624,401;625,404;626,410;626,413;625,419;625,420;626,427;627,431;626,433;624,438;627,441;626,445;627,449;625,454;625,458;624,463;625,467;627,469;625,472;625,477;627,483;626,485;624,488;627,494;624,499;627,502;624,504;624,508;627,513;626,517;624,520;624,526;624,531;626,535;624,538;624,541;626,546;626,551;627,553;625,559;625,560;627,566;626,570;627,574;624,577;626,581;624,584;626,588;625,595;626,597;627,601;627,604;627,611;627,614;624,616;627,623;627,627;624,629;627,633;626,639;626,641;625,647;627,649;624,655;624,656;624,660;625,665;624,669;624,673;624,679;626,682;625,686;625,688;626,692;627,697;627,701;624,705;624,711;624,712;624,717;624,723;625,724;627,730;625,734;624,737;625,740;627,746;626,751;627,753;624,757;625,762;625,764;626,771;627,774;624,778;625,780;626,787;627,789;624,795;627,799;626,802;626,805;625,808;627,815;627,817;626,823;625,826;624,828;627,834;626,839;624,842;626,844;625,849;627,855;627,856;625,861;624,867;627,871;624,873;627,878;625,883;625,884;624,891;625,892;624,897;627,902;624,906;626,911;625,912;626,916;624,923;627,924;624,931;624,935;626,937;626,943;626,944;627,950;625,954;625,957;624,963;626,965;624,968;627,973;625,979;625,981;627,984;627,990;627,993;626,996;624,1003;626,1005;626,1011;627,1013;625,1016;624,1021
629,2;630,4;628,8;630,15;628,18;630,21;629,26;631,29;630,35;631,38;630,40;629,46;630,51;631,52;631,56;630,63;628,65;630,70;631,74;628,77;631,83;630,85;628,89;628,92;628,97;631,103;629,107;629,111;631,113;631,117;628,120;630,124;631,129;628,135;629,136;628,140;629,147;631,149;630,154;631,158;631,163;630,164;628,171;630,172;630,176;631,183;628,187;629,189;629,192;628,199;631,202;630,205;629,208;628,215;631,217;628,222;629,225;628,229;631,235;628,236;630,242;628,245;628,250;628,253;628,257;630,263;631,265;630,268;628,275;630,279;628,280;631,287;629,290;630,294;628,299;630,301;628,306;630,311;630,312;631,318;631,320;628,327;631,328;629,335;630,338;630,341;629,347;629,351;629,352;631,356;628,362;630,367;630,368;630,375;630,377;631,383;628,385;630,389;629,393;629,399;628,401;628,405;628,411;628,415;630,416;631,422;628,424;631,429;628,434;630,439;629,440;630,446;628,450;631,454;628,459;628,462;630,467;631,469;628,475;629,478;629,480;629,485;628,489;629,494;628,496;630,501;631,505;630,508;629,513;628,517;629,521;631,527;630,529;628,532;631,537;628,543;631,547;630,550;629,553;630,556;628,560;628,564;629,570;628,574;631,578;628,580;628,586;631,590;629,593;629,598;630,600;630,604;631,608;628,614;628,617;628,622;630,627;631,630;629,634;630,636;629,640;629,645;628,649;628,654;629,658;629,663;629,667;628,671;631,672;631,679;631,682;628,687;629,691;629,694;629,696;631,701;631,707;631,709;630,714;628,717;629,721;631,725;628,729;630,735;630,739;629,743;628,744;630,750;631,755;631,756;630,762;631,765;630,768;630,772;628,779;631,783;629,787;629,790;631,794;631,799;631,801;631,805;630,808;631,812;628,818;631,820;629,824;629,829;629,835;631,836;631,841;629,844;630,848;628,855;629,857;629,862;630,865;630,868;628,875;630,879;631,883;629,886;630,888;629,892;630,899;628,903;628,906;629,909;630,913;630,916;629,923;630,926;630,931;629,935;628,939;629,942;629,944;628,948;628,954;631,958;631,961;629,964;629,968;628,972;628,977;630,980;629,985;628,991;628,993;628,996;630,1002;629,1006;628,1008;629,1012;630,1017;631,1020
632,2;632,5;632,8;633,13;632,19;633,23;632,26;634,31;633,33;634,38;632,43;633,45;633,48;632,54;632,57;632,63;633,66;634,68;632,72;632,76;634,83;635,85;632,89;635,94;633,97;635,103;635,104;635,110;633,115;634,119;632,121;632,124;632,129;633,133;634,136;634,142;633,146;632,149;632,152;632,158;633,163;632,165;635,169;632,172;633,177;634,181;635,187;634,188;635,195;632,199;633,202;633,205;635,210;633,213;633,217;633,221;633,224;633,230;635,234;635,236;634,240;635,247;632,251;634,252;635,256;632,262;632,266;634,271;634,273;635,277;632,281;634,286;634,288;632,293;633,298;632,300;632,305;632,311;634,312;634,319;632,320;635,327;635,330;633,332;635,339;634,342;632,346;633,350;632,353;634,356;635,362;635,365;634,369;635,372;635,378;633,381;634,386;633,388;632,392;634,399;635,402;633,406;633,409;634,412;635,419;634,423;632,427;634,431;632,432;632,438;632,443;633,447;635,450;635,453;635,458;634,462;632,466;632,468;634,473;635,477;635,482;634,487;634,488;634,494;632,499;635,500;632,505;633,509;633,514;632,516;635,521;632,524;634,531;635,533;635,538;635,543;632,547;634,549;635,554;635,559;635,563;635,564;632,570;632,573;633,579;633,583;632,586;634,588;634,595;633,596;633,602;633,606;634,608;633,612;633,618;635,621;633,627;632,628;635,635;634,637;633,640;635,645;633,650;635,653;634,659;632,663;634,664;632,670;633,673;632,677;632,683;632,685;635,688;632,694;633,698;632,703;634,706;635,710;634,714;632,719;635,721;633,725;635,729;635,733;635,738;634,743;633,746;634,749;635,752;634,756;633,761;635,764;634,770;635,774;635,778;633,783;632,784;635,790;634,795;632,799;632,800;633,805;635,808;635,814;632,816;635,820;635,824;635,829;634,832;634,837;632,840;632,844;634,848;632,852;633,856;635,862;632,866;632,869;632,873;632,879;635,883;635,886;634,889;634,892;635,896;635,903;633,907;635,910;635,915;634,916;635,922;632,927;632,930;634,934;633,936;632,942;632,947;634,948;634,955;632,959;633,962;632,966;635,969;635,972;635,979;633,980;634,987;632,988;633,992;632,996;635,1003;634,1004;632,1008;634,1013;634,1018;633,1023
637,3;639,5;639,10;638,14;639,18;638,20;637,25;636,28;639,32;639,39;637,42;637,45;637,50;637,52;639,59;637,60;638,64;636,69;636,72;636,76;637,82;639,85;639,90;637,94;636,99;638,103;637,105;639,108;636,115;637,119;636,121;639,125;639,128;639,135;638,137;639,140;636,145;638,149;636,154;637,158;637,163;639,164;636,170;637,173;639,177;638,183;638,187;638,191;636,193;637,198;636,202;637,205;639,208;638,214;639,217;636,220;637,224;638,229;638,233;636,239;637,242;637,247;638,248;636,255;636,257;638,260;638,266;636,270;639,273;637,278;638,282;638,285;637,290;636,292;639,298;637,303;638,307;639,311;639,312;638,316;637,323;639,324;638,328;636,334;636,338;639,341;639,347;636,350;639,355;638,356;637,362;636,364;637,368;638,374;639,379;639,383;638,386;638,388;639,393;636,396;637,401;638,407;639,408;637,414;637,419;638,422;638,426;638,431;637,434;638,437;637,440;636,444;639,451;637,452;636,458;636,462;637,467;639,468;639,472;636,479;637,481;637,484;639,489;637,493;637,496;637,500;637,505;638,509;636,512;639,519;636,521;639,527;638,531;637,532;637,539;638,541;639,544;637,548;637,552;638,559;639,561;639,564;639,569;638,575;637,577;637,581;638,584;638,590;638,592;636,599;637,600;639,607;637,608;638,615;639,618;639,621;638,624;636,631;636,634;638,636;639,641;637,646;637,650;637,654;639,658;637,663;636,665;637,668;638,672;637,679;636,681;637,684;637,691;638,693;637,699;638,701;638,707;637,708;636,712;639,717;639,722;636,727;636,728;636,732;639,738;636,743;639,746;637,750;638,753;639,758;637,760;639,764;639,771;636,772;639,776;637,782;639,786;637,789;637,794;638,797;638,803;639,806;636,811;637,812;637,817;637,823;636,824;637,830;639,834;638,837;636,840;638,847;637,851;636,854;639,858;636,860;638,864;636,868;638,875;637,877;637,882;638,885;636,890;636,893;638,897;636,902;638,905;639,911;638,912;638,917;639,921;639,926;636,929;639,934;637,939;636,942;639,944;636,951;639,955;639,956;637,961;636,966;637,969;637,974;639,978;639,983;636,984;638,988;637,995;638,998;638,1003;639,1004;636,1008;636,1012;636,1018;639,1020
642,0;640,6;641,8;640,15;641,16;643,21;643,26;641,31;641,34;640,39;643,41;640,45;643,50;640,55;640,57;640,62;641,64;642,71;640,72;643,77;643,83;642,86;640,90;641,95;640,97;640,103;641,106;641,108;643,113;643,117;643,121;642,127;643,130;643,133;641,139;643,143;640,145;642,148;641,153;642,159;640,163;641,164;642,170;642,173;641,176;643,183;643,186;642,188;640,195;642,196;641,201;643,206;641,210;643,215;641,217;642,221;643,225;642,231;642,234;641,236;642,241;643,244;643,248;642,254;640,258;642,261;643,264;642,271;640,272;642,276;643,283;643,286;643,289;643,293;642,297;642,303;640,305;643,308;643,313;643,317;641,321;643,327;642,329;643,335;640,339;642,341;643,346;641,349;641,353;642,359;641,363;643,367;641,369;641,373;641,376;640,383;641,387;642,388;640,392;642,397;643,403;640,406;642,408;641,414;640,419;641,422;642,426;640,430;643,433;640,436;643,443;641,446;643,451;642,455;642,457;640,463;640,465;643,471;640,475;642,478;641,480;642,484;640,491;643,495;643,496;640,503;642,505;640,508;643,515;642,519;643,523;643,526;640,530;640,533;640,536;643,541;641,546;643,548;641,553;642,558;642,561;640,564;640,571;641,574;642,576;641,582;642,585;643,589;642,593;641,596;642,603;642,606;642,608;640,613;641,616;643,620;643,625;640,630;642,634;641,636;640,641;642,646;641,651;641,653;642,657;641,661;640,664;641,670;641,673;641,676;641,681;642,686;642,689;640,694;642,697;641,700;641,705;641,711;641,714;640,717;643,720;641,727;641,728;643,733;642,739;642,743;643,747;641,751;642,754;640,756;643,761;641,766;640,770;643,775;641,777;643,782;642,786;643,791;643,793;642,797;643,802;640,806;641,809;641,812;643,818;640,821;641,826;641,831;643,833;642,838;642,842;642,845;643,850;643,852;640,858;642,862;642,865;643,871;643,872;641,879;640,883;643,885;641,891;641,892;640,899;641,903;641,904;642,911;640,913;641,916;642,923;640,924;642,930;643,932;641,937;642,941;642,947;642,949;643,954;640,956;640,960;641,964;641,969;640,975;642,978;640,982;640,986;640,988;642,993;643,996;640,1003;640,1005;643,1010;642,1014;640,1019;642,1020
646,1;644,7;644,9;644,12;645,19;647,20;644,24;644,29;645,34;645,37;646,41;647,44;645,50;644,55;645,58;644,62;644,64;647,70;647,72;647,77;646,83;644,84;645,89;646,94;644,97;647,102;644,107;644,110;647,112;646,118;646,120;644,124;644,131;644,134;646,139;644,143;646,146;645,150;647,153;647,157;647,163;646,165;644,170;645,173;644,177;646,182;647,184;646,191;644,194;646,198;644,203;646,207;644,210;647,213;646,216;645,222;645,225;644,230;645,232;647,237;644,241;644,246;644,251;644,252;647,259;646,260;646,267;646,270;644,274;644,279;647,281;647,287;647,288;647,294;646,299;647,302;644,304;647,311;647,315;647,317;647,322;646,324;644,331;644,333;644,339;647,340;644,345;646,350;645,353;645,358;646,361;645,367;647,368;646,374;647,377;647,382;647,384;644,388;647,395;646,397;647,400;644,404;647,410;646,415;646,418;646,421;646,427;644,431;645,433;644,436;647,441;645,444;644,451;645,454;646,458;645,462;647,467;645,471;644,472;646,477;646,481;647,485;644,490;645,494;644,496;644,501;645,506;644,508;645,513;645,517;645,523;645,526;646,529;646,535;646,536;646,543;644,544;645,548;647,553;644,557;647,563;647,565;647,570;644,573;647,577;646,581;646,585;645,589;647,592;645,596;647,602;645,607;647,608;645,613;646,616;645,622;647,627;646,629;646,633;645,639;647,640;647,647;646,651;647,655;644,658;646,662;645,665;647,668;644,675;647,676;646,680;644,687;647,690;646,694;644,697;646,702;645,705;647,709;647,713;645,718;644,722;647,724;647,729;645,735;646,739;647,743;644,747;646,751;644,755;647,756;647,761;647,765;645,770;646,775;646,777;645,780;646,784;644,791;646,795;645,796;645,803;645,807;647,810;645,814;645,818;646,822;646,827;645,829;647,832;645,837;644,842;647,844;645,849;645,852;644,857;645,862;644,864;647,871;647,872;647,877;647,881;646,886;645,888;646,895;646,898;647,901;647,907;644,909;644,913;645,916;644,922;645,926;644,929;646,935;645,939;644,941;647,944;644,951;644,955;645,956;646,962;644,964;647,971;647,974;644,976;647,980;644,987;646,991;644,993;644,998;644,1003;645,1007;645,1008;646,1013;644,1018;646,1022
650,1;651,4;651,11;651,15;650,19;650,22;648,25;651,31;650,35;651,38;649,41;651,44;649,50;650,54;648,58;649,60;650,67;651,70;651,73;648,78;651,83;651,85;650,89;649,94;649,99;651,102;651,107;648,108;651,115;651,117;648,121;649,127;649,131;648,132;651,138;651,140;649,144;648,150;649,154;649,158;649,162;649,166;648,170;650,172;650,176;648,183;648,185;648,189;649,193;651,197;648,203;651,207;651,208;651,212;651,216;650,222;651,227;650,231;651,235;648,236;648,240;651,244;649,248;648,252;650,258;648,260;649,267;650,271;649,273;649,277;649,280;650,286;651,288;649,292;651,298;648,301;650,306;649,310;649,314;650,316;651,323;651,324;649,331;649,332;650,337;651,341;650,344;648,350;650,352;648,358;649,360;648,367;650,370;648,374;650,379;651,383;650,384;648,388;651,394;648,399;649,400;648,404;651,409;648,412;650,418;648,423;651,425;650,430;648,434;649,439;650,441;648,445;648,448;648,455;648,459;649,462;649,464;650,468;651,473;651,478;649,483;648,486;649,490;651,494;649,499;649,502;648,506;648,509;649,515;649,518;648,521;648,526;649,528;651,534;648,536;650,540;649,544;651,548;648,554;650,559;648,560;649,564;650,568;649,575;649,576;648,580;649,587;649,588;649,593;651,599;648,602;649,605;648,608;649,613;651,618;650,622;651,627;651,631;651,633;649,636;649,640;650,646;651,648;649,652;650,658;648,662;650,665;648,668;649,672;650,678;651,682;650,686;649,691;648,692;649,696;651,702;648,705;650,708;648,712;651,717;648,722;649,727;649,728;648,732;651,736;650,742;648,747;648,748;651,754;649,759;649,762;649,764;649,769;650,774;648,779;648,782;648,787;650,788;651,792;648,797;649,800;649,806;648,810;649,812;650,816;648,823;648,824;648,831;650,835;648,837;649,841;650,844;650,850;650,855;651,857;650,863;651,866;651,870;648,875;649,877;649,881;649,886;651,890;650,895;650,896;648,903;650,907;651,910;651,912;649,917;649,923;648,927;651,929;648,935;648,939;651,943;649,945;648,950;649,954;648,957;651,962;648,965;648,968;650,975;651,979;648,982;651,984;648,989;651,992;649,997;651,1002;651,1004;649,1008;651,1013;650,1018;649,1022
652,1;652,5;655,11;653,12;653,18;654,21;655,25;654,31;655,34;655,38;655,42;654,45;653,50;653,55;653,57;655,60;653,67;653,69;652,72;653,77;655,83;652,85;655,90;652,93;654,99;655,101;653,104;654,109;652,115;655,119;655,122;655,125;655,131;653,132;652,139;654,140;652,144;653,148;653,155;652,159;652,160;654,164;654,171;653,174;652,177;653,181;653,185;653,189;653,194;654,197;655,203;655,207;655,210;653,213;655,219;652,221;652,226;652,231;653,234;654,236;653,241;655,247;653,251;653,254;655,257;652,260;655,264;652,271;655,275;654,278;652,282;652,285;653,290;654,293;655,298;655,300;652,304;652,309;654,312;654,318;654,322;653,327;652,329;655,332;652,336;654,340;652,346;655,349;653,354;653,359;655,362;652,366;655,368;654,373;655,379;654,381;653,387;652,390;654,395;654,398;652,402;654,407;654,408;652,412;653,418;654,421;654,424;652,431;654,434;653,437;652,443;652,447;653,450;652,454;655,459;653,461;655,465;654,468;652,472;655,476;655,480;653,486;652,490;652,494;652,498;652,501;654,504;655,511;655,514;655,519;653,522;652,525;653,530;654,533;654,537;655,543;653,545;654,550;654,554;652,558;655,562;654,564;654,570;654,575;655,576;654,582;652,586;652,590;652,592;654,598;654,601;652,607;653,609;654,613;652,619;655,622;652,624;653,629;655,634;655,636;652,640;654,645;655,650;653,655;652,656;654,660;653,667;652,668;653,673;653,677;653,683;655,684;655,690;654,692;655,697;652,701;655,705;654,709;654,714;653,718;654,720;654,727;652,728;655,735;653,738;652,743;654,747;655,749;653,753;655,758;655,760;655,765;653,770;653,772;655,776;652,783;655,787;652,791;652,792;653,798;652,803;653,806;653,810;652,813;652,818;653,822;653,825;655,829;653,835;653,838;653,841;655,845;653,849;652,854;654,859;655,861;654,867;652,871;653,874;655,878;652,881;652,885;654,889;655,892;654,899;655,902;653,906;652,909;654,912;655,918;655,922;652,926;652,929;654,934;655,939;653,942;652,944;655,950;652,952;654,957;652,961;652,964;654,970;655,972;655,979;653,982;655,986;654,989;655,993;655,997;652,1002;655,1007;653,1011;655,1013;653,1017;652,1023
659,3;658,4;656,10;657,14;656,19;658,23;656,26;656,28;659,34;658,38;658,42;658,46;657,48;657,53;658,56;657,62;658,64;656,69;658,73;656,79;656,83;656,84;658,91;657,94;659,99;658,100;656,107;659,108;656,112;657,119;659,121;656,127;656,128;657,135;657,138;656,143;656,144;657,149;658,152;656,156;657,163;657,167;658,171;658,173;657,177;659,181;656,186;656,191;659,195;659,197;659,202;656,206;658,210;659,213;658,216;658,223;658,224;659,228;656,232;659,237;657,242;657,245;657,249;657,255;656,259;659,261;658,266;656,270;659,273;657,279;657,283;659,287;658,290;659,294;657,297;658,301;659,305;658,309;659,314;659,316;658,322;659,327;658,328;657,334;659,336;657,343;657,345;659,350;658,354;658,358;659,361;659,365;657,368;656,374;659,377;656,380;659,384;659,389;656,392;657,397;658,402;656,406;658,408;657,414;656,418;659,423;657,426;659,428;658,434;656,436;658,442;658,445;656,449;656,452;657,458;658,463;656,465;656,470;658,474;659,478;656,483;656,487;656,488;656,492;657,499;659,502;657,507;659,510;659,513;658,518;659,522;658,524;657,530;656,534;659,537;656,543;657,547;658,548;656,554;659,558;657,561;658,565;657,569;658,573;656,579;657,580;658,586;659,590;658,592;658,596;658,601;657,607;658,610;656,612;656,618;656,623;656,625;657,630;657,635;656,639;656,642;656,645;659,650;659,654;658,657;657,662;656,667;658,669;658,673;656,678;658,683;659,684;658,691;656,695;657,697;657,700;659,705;657,711;658,712;656,719;658,723;657,726;658,731;656,735;656,736;659,740;657,746;657,749;659,752;656,756;657,762;656,764;656,770;659,774;659,778;656,783;656,787;658,791;659,794;659,797;656,803;657,804;656,808;657,814;656,818;659,822;659,825;659,829;659,833;657,838;658,840;656,845;659,849;659,853;656,857;657,862;656,866;657,870;658,872;658,876;656,880;657,886;658,890;658,892;659,899;658,901;657,907;657,908;657,912;656,917;656,920;657,926;659,929;656,934;657,939;658,943;657,945;656,951;656,954;658,958;656,963;658,967;658,968;659,973;658,978;656,981;656,986;658,991;659,993;658,996;657,1002;656,1007;656,1008;658,1013;657,1016;656,1022
661,0;661,7;662,11;663,12;663,18;662,20;663,27;663,28;660,33;661,36;663,40;660,44;663,48;663,52;663,56;661,61;662,66;661,68;663,72;662,78;663,83;661,87;660,89;662,94;661,99;660,101;662,107;663,109;663,115;663,116;662,123;662,126;660,130;661,132;662,138;661,140;660,145;660,150;663,152;660,156;661,162;663,166;661,171;660,172;663,176;662,182;661,186;660,191;663,193;661,198;660,201;662,206;663,211;661,212;663,219;661,222;661,226;663,231;661,234;660,239;663,241;663,244;660,250;660,255;663,259;662,263;662,266;661,270;661,272;660,278;661,280;663,287;661,291;661,295;660,296;660,300;661,305;662,308;660,313;663,316;660,320;661,324;663,331;660,332;663,336;662,343;661,347;662,351;661,353;660,359;661,362;660,367;661,370;662,374;662,379;662,382;661,387;662,390;660,394;663,399;663,402;662,406;663,408;661,413;661,417;661,422;661,424;661,428;662,432;661,438;660,442;660,445;661,451;661,454;663,456;663,460;660,466;660,469;662,472;661,479;662,483;663,486;662,491;662,494;661,496;661,500;663,507;663,510;660,512;662,517;662,522;660,527;661,530;661,535;660,536;662,541;660,547;661,548;663,554;660,557;661,562;660,564;662,568;660,574;662,576;661,580;660,584;661,590;662,593;661,597;662,600;663,604;663,610;662,615;661,617;663,621;661,624;663,629;660,632;663,636;660,642;663,645;662,649;661,655;661,657;661,662;662,665;663,669;663,672;663,676;660,683;663,687;661,688;660,694;663,696;661,702;660,706;662,708;662,715;660,717;662,722;660,727;662,729;661,734;660,739;662,743;661,747;662,748;660,753;660,759;662,763;662,766;663,770;661,773;661,776;663,783;663,787;661,789;662,793;662,799;661,800;661,805;663,810;663,812;663,819;662,820;661,825;663,828;661,833;661,836;660,842;661,845;661,848;660,853;663,856;662,863;661,866;662,869;660,875;660,876;663,883;660,885;660,888;661,892;663,897;660,900;663,904;661,908;661,915;663,916;660,920;662,924;661,928;662,933;661,938;662,943;661,944;663,950;661,952;660,956;661,960;661,965;661,968;663,973;663,977;663,983;662,986;661,991;662,995;661,997;663,1003;662,1004;663,1011;663,1012;662,1017;663,1023
664,1;664,7;664,11;665,14;667,19;665,21;666,25;666,30;664,34;666,36;664,41;665,46;665,51;664,52;667,57;666,63;666,64;665,68;665,75;665,77;664,83;665,85;665,90;667,93;666,99;667,100;667,106;666,108;666,112;667,118;664,122;664,124;667,131;667,132;666,139;665,142;664,147;664,151;664,155;667,157;665,162;666,164;664,168;665,175;665,177;667,182;666,185;666,191;664,192;664,197;666,203;665,204;666,208;665,212;664,219;666,220;666,225;666,231;666,232;666,238;664,243;666,244;667,251;666,252;664,258;667,261;664,264;666,270;667,273;667,277;666,283;666,287;664,288;666,294;664,296;665,301;664,305;666,311;665,314;667,317;666,322;667,324;667,331;665,333;666,337;667,341;666,345;667,351;664,353;665,357;667,363;664,364;665,369;665,372;664,378;667,381;667,387;665,388;667,392;667,397;667,401;666,407;667,411;665,415;665,419;666,423;666,425;666,430;664,435;665,437;664,443;664,447;665,448;666,453;666,458;664,463;664,464;667,468;666,474;664,479;666,483;667,486;665,489;664,493;667,497;666,503;667,504;666,511;667,512;665,519;666,523;667,527;666,529;664,535;664,537;664,540;666,544;667,550;664,553;664,558;667,563;664,567;667,568;665,574;665,579;664,580;664,586;666,589;667,595;667,599;664,602;664,607;666,611;667,614;666,616;667,620;667,624;667,630;665,632;665,639;667,643;666,644;664,651;666,653;666,658;665,660;667,664;665,668;665,674;664,679;667,681;666,686;665,690;666,694;666,696;665,701;666,705;665,708;667,715;667,719;664,721;667,725;664,729;667,735;665,736;666,740;667,747;666,749;665,752;664,756;664,763;664,764;665,769;665,773;667,777;666,783;666,784;666,791;664,792;664,798;664,803;666,807;665,808;666,815;666,817;664,822;665,826;665,828;666,834;664,837;666,843;666,846;667,849;665,854;664,857;667,862;665,866;664,870;665,873;666,877;664,881;664,884;665,891;664,893;667,898;666,903;664,904;664,911;664,915;664,918;667,920;664,927;664,929;667,934;667,939;665,943;665,946;664,951;664,952;666,956;665,963;666,964;664,971;665,973;667,977;667,982;664,987;664,989;667,992;666,996;666,1002;664,1006;664,1011;664,1012;666,1016;665,1022
668,2;669,7;668,9;669,12;671,17;670,22;671,25;670,29;671,35;668,36;670,43;671,47;670,49;670,53;669,59;668,62;671,64;669,70;668,73;671,77;669,83;669,84;670,91;670,92;669,96;669,103;669,106;669,108;671,114;668,118;670,123;671,125;670,131;671,134;669,139;671,143;671,146;670,149;671,152;669,157;670,163;671,166;668,171;670,175;671,179;671,180;668,187;668,191;668,194;668,199;670,200;669,207;668,211;668,213;670,217;670,223;671,227;670,229;671,232;671,237;669,242;670,245;670,248;668,255;668,256;669,262;670,267;669,270;670,275;669,276;668,280;668,287;669,291;669,293;670,298;668,300;669,305;671,310;668,313;669,316;671,322;669,324;671,331;670,334;668,338;670,341;670,347;668,349;668,352;668,356;668,361;668,365;669,368;670,375;671,378;670,383;668,384;669,391;671,394;670,396;669,400;669,404;670,409;669,413;670,419;669,423;668,427;668,430;670,432;670,439;669,441;671,447;668,451;668,453;668,458;669,460;671,466;671,471;670,472;668,477;670,483;671,487;668,491;670,492;668,498;671,503;670,504;669,508;668,515;668,516;671,521;670,527;670,531;671,532;668,536;668,540;671,546;669,549;668,552;670,558;670,563;669,565;668,570;671,573;669,579;668,583;668,587;669,590;669,593;671,596;668,601;668,604;668,611;670,613;668,619;669,620;668,627;670,629;671,632;668,639;668,642;668,646;669,650;668,652;671,658;671,663;670,667;670,671;669,675;668,679;668,682;668,684;671,689;671,694;668,697;668,701;671,704;671,708;669,712;670,719;668,721;670,725;669,731;668,735;671,738;668,740;671,747;670,748;668,752;671,757;670,761;670,764;669,768;669,775;669,776;669,780;671,785;670,791;671,794;671,798;668,802;671,804;671,811;671,812;668,816;671,823;671,825;671,828;670,832;670,837;668,843;670,846;671,850;670,852;671,857;671,863;669,865;670,868;669,872;671,878;671,881;670,885;671,888;671,894;671,899;668,901;670,907;670,909;671,913;670,918;671,922;671,927;670,929;670,934;671,936;669,941;669,946;670,949;669,955;671,959;671,963;671,965;669,970;670,972;669,978;671,983;669,985;669,990;670,995;670,998;669,1002;671,1006;671,1008;671,1013;668,1017;669,1021
674,2;675,7;672,11;675,12;673,19;675,21;672,26;672,30;675,32;673,36;672,42;673,47;673,49;675,52;673,56;672,62;674,66;674,71;672,72;673,79;674,83;675,84;672,91;673,95;675,96;672,102;673,106;673,111;673,113;675,118;674,121;672,124;675,131;673,135;672,139;672,140;674,145;673,148;672,153;673,157;673,160;674,167;673,170;675,172;674,179;673,180;675,186;672,189;672,192;674,198;673,200;673,207;673,211;674,213;675,217;672,221;672,227;672,230;673,232;675,237;675,240;672,244;673,249;674,255;674,259;674,263;675,266;674,270;675,272;675,276;672,281;675,284;672,291;672,295;674,299;672,301;672,304;674,308;672,313;674,317;673,321;673,324;673,329;672,335;674,336;672,343;675,347;672,351;673,353;672,356;673,360;672,365;675,369;672,375;673,377;672,382;672,384;674,389;675,392;675,399;674,403;673,404;672,411;674,412;675,416;675,422;672,425;672,431;674,432;675,439;673,442;673,445;674,451;673,452;675,456;674,463;672,465;674,469;675,475;672,478;673,483;673,485;672,490;672,495;673,496;674,500;675,505;673,508;672,514;674,518;673,520;672,527;674,531;675,533;675,537;675,543;674,544;672,551;674,555;675,558;672,560;675,567;675,571;674,575;675,578;673,580;673,587;675,590;673,595;673,596;673,601;673,606;673,609;673,614;673,617;674,623;672,627;673,631;673,633;672,637;673,640;675,647;674,650;673,653;673,659;674,663;674,667;675,670;672,674;674,677;674,680;673,684;673,690;675,695;672,699;675,701;672,707;672,708;672,712;673,719;672,721;674,727;674,728;672,733;673,739;673,740;673,746;674,749;673,752;672,756;674,762;674,767;672,770;672,775;674,776;674,783;674,784;674,788;672,793;672,798;672,800;674,805;673,809;675,812;673,817;673,822;673,825;672,830;673,834;674,837;674,841;673,845;672,851;672,852;672,857;674,860;673,866;672,871;672,873;672,878;672,883;672,885;673,888;672,894;672,897;672,902;673,906;674,908;672,912;673,917;675,922;672,927;672,928;672,935;674,938;672,942;672,947;672,948;672,954;675,959;673,960;672,965;672,968;675,973;675,978;675,980;675,986;675,989;673,994;673,996;674,1001;674,1007;672,1011;672,1012;674,1016;672,1020
679,1;679,6;678,10;676,13;676,18;678,20;678,24;679,31;676,34;677,38;678,42;679,44;676,51;678,53;677,59;677,63;676,66;676,68;677,73;677,76;677,83;678,85;679,90;676,93;677,98;676,102;678,104;676,109;676,115;677,117;677,122;678,126;678,129;677,132;676,136;678,140;677,147;676,151;679,155;677,156;679,162;679,164;678,171;679,175;676,177;676,180;677,185;679,189;678,194;677,199;677,203;676,204;678,210;677,215;676,219;677,221;678,225;677,228;676,235;678,239;676,243;676,247;677,249;676,255;677,258;677,263;679,267;677,271;678,273;677,278;678,280;677,284;677,290;676,292;677,296;678,302;676,306;677,310;679,315;678,316;676,320;676,325;677,331;677,332;678,338;678,343;678,345;676,350;678,354;676,358;678,363;678,367;679,370;677,372;677,379;676,380;678,387;678,391;678,393;678,396;677,402;678,407;679,409;679,415;678,419;679,421;676,425;676,429;677,432;676,438;677,441;676,446;676,448;676,452;677,456;678,462;677,464;678,468;677,475;676,476;676,481;678,487;677,488;676,495;679,497;679,502;676,505;679,508;678,515;678,517;677,520;679,526;678,530;679,535;676,539;677,541;679,545;679,548;676,554;676,556;679,562;677,565;676,570;676,572;678,578;678,580;677,587;676,591;677,592;676,597;677,600;678,605;676,608;677,612;677,616;676,623;677,624;679,628;677,634;676,638;676,640;676,645;676,651;676,655;676,657;679,661;678,664;676,671;679,675;676,677;679,683;679,684;678,691;678,694;677,698;676,701;677,707;679,710;677,712;678,716;678,721;677,727;678,730;676,734;677,738;678,740;678,745;678,751;679,752;679,757;676,760;676,765;678,771;676,775;678,777;676,783;679,786;676,789;679,794;678,797;678,802;678,804;679,809;676,814;676,817;676,821;676,824;676,831;679,833;676,837;679,840;676,846;676,851;679,852;676,856;677,862;677,864;677,871;678,875;679,876;679,882;678,884;676,890;678,895;677,898;678,900;676,906;679,910;676,915;679,918;677,923;679,926;678,931;677,935;677,937;676,940;678,947;678,950;676,953;678,959;679,960;679,965;678,969;676,974;679,979;679,981;679,987;676,988;678,995;676,999;679,1000;676,1005;676,1011;676,1013;678,1016;678,1020
681,3;681,4;680,8;682,15;683,19;681,22;682,27;680,31;681,35;681,37;683,43;680,44;682,50;683,52;683,59;683,63;681,64;681,69;681,73;682,76;682,80;683,85;682,91;681,94;680,96;682,100;680,105;682,108;680,114;680,118;680,123;682,125;680,128;680,135;680,136;682,143;682,147;680,149;681,155;680,159;682,163;680,167;680,169;683,172;681,178;682,183;681,186;683,189;681,192;680,199;682,201;683,205;680,211;683,215;681,216;680,223;680,225;680,229;681,233;682,238;682,242;682,246;681,249;681,253;681,257;680,263;681,265;681,270;680,272;681,279;681,281;681,286;680,289;680,295;680,297;682,302;682,307;683,308;681,314;682,317;683,321;680,324;681,328;680,334;680,336;680,340;683,344;683,351;682,354;681,359;681,360;683,367;680,368;682,372;680,376;681,381;683,385;682,390;682,394;683,398;683,403;682,405;683,409;682,413;683,417;680,421;683,425;683,429;682,434;682,437;681,440;682,445;682,450;682,452;680,459;682,462;682,465;682,470;680,473;681,478;681,480;680,485;680,490;683,495;682,498;681,502;682,504;682,508;683,515;681,516;681,522;680,527;681,529;681,535;680,539;682,542;682,547;680,550;683,552;682,557;682,560;682,567;680,568;681,573;683,577;682,582;680,585;681,591;682,594;682,598;680,600;680,606;680,608;680,612;681,618;680,623;681,626;680,630;683,634;682,636;680,642;683,644;682,651;681,655;681,658;682,661;681,664;680,668;681,675;682,679;680,681;683,686;683,690;683,694;682,698;680,701;682,707;680,710;680,712;682,719;681,723;681,724;683,730;681,732;680,737;683,740;683,744;682,750;683,753;680,759;683,762;681,765;682,768;682,775;680,778;682,780;680,786;680,788;681,795;683,798;683,800;682,804;682,810;682,812;682,816;681,823;682,824;680,831;681,833;682,836;681,843;681,844;682,850;682,854;681,856;683,862;681,866;683,868;683,875;683,878;683,883;683,886;680,890;683,895;683,899;680,902;680,906;683,910;683,913;680,916;680,921;683,924;680,928;681,932;680,936;680,942;681,946;681,951;680,953;682,956;682,962;680,966;681,968;681,973;682,977;683,980;682,987;682,988;682,994;680,997;682,1002;682,1004;680,1011;683,1013;680,1016;680,1023
687,2;686,7;686,11;685,13;684,17;684,21;687,24;685,31;685,32;685,36;686,41;684,45;687,48;685,55;687,56;687,60;685,64;687,68;687,75;686,79;684,83;687,87;685,88;687,94;686,98;685,103;684,107;685,111;685,115;687,118;686,120;686,125;685,130;685,133;685,139;687,143;686,144;685,151;685,154;685,156;687,160;685,166;687,168;686,174;685,177;684,183;687,184;684,188;687,192;687,199;687,201;686,206;686,208;686,214;687,219;684,221;687,227;687,231;685,235;684,236;684,241;684,247;687,248;684,252;684,256;685,263;685,266;686,271;687,273;687,279;685,280;687,284;685,289;686,293;686,296;684,301;684,306;684,308;687,312;684,319;684,320;686,326;685,331;685,335;685,337;687,343;687,346;686,350;686,352;684,356;686,361;685,367;685,369;686,372;685,376;686,381;685,387;685,390;685,392;684,397;684,403;685,407;684,408;684,412;685,419;687,421;684,427;684,430;685,435;684,436;684,443;685,446;684,448;687,452;686,458;684,461;684,465;685,468;685,475;684,477;687,482;687,485;685,490;684,493;685,496;684,503;687,505;685,508;686,512;686,516;685,521;687,525;685,529;684,534;686,539;687,543;687,545;684,548;687,555;684,558;685,562;686,565;685,568;687,575;687,577;684,580;685,585;685,590;684,593;687,596;687,601;685,604;687,611;685,614;684,616;684,622;685,627;686,628;685,635;685,636;685,642;684,644;686,648;684,654;686,658;687,663;686,665;684,668;686,672;685,676;686,681;684,684;684,690;685,692;685,696;684,703;687,704;686,710;685,714;686,719;686,721;685,725;687,730;685,733;685,739;687,741;687,745;686,749;684,754;687,758;686,760;684,765;686,769;685,773;685,778;686,781;687,787;684,790;684,792;686,799;686,801;687,805;684,809;684,815;687,819;685,820;685,824;684,830;685,832;685,836;687,843;685,844;686,849;685,855;687,856;684,861;685,864;687,869;684,874;686,878;687,880;685,886;687,891;687,894;686,897;684,902;686,904;685,910;686,912;684,918;686,920;686,927;687,929;687,935;685,938;684,941;686,944;687,951;687,952;687,959;687,960;687,966;686,970;687,973;686,979;686,982;685,984;686,991;687,992;687,998;685,1002;687,1007;687,1010;686,1012;685,1018;684,1020
691,3;688,6;691,8;690,13;690,18;690,23;688,26;691,29;690,35;689,36;691,43;691,45;688,50;688,55;688,57;688,62;691,66;690,70;691,73;689,79;688,82;689,86;690,89;690,93;691,99;690,102;689,105;691,108;690,112;690,117;689,120;688,125;688,130;688,133;688,137;691,140;691,147;690,151;690,153;689,156;688,162;689,165;691,171;690,175;690,178;690,180;691,185;690,189;688,193;690,198;688,200;691,207;688,208;689,213;688,219;688,220;688,226;688,231;688,234;688,238;688,243;690,247;690,249;689,255;690,257;689,260;690,266;688,269;689,274;691,276;691,282;689,285;690,291;690,293;690,299;691,301;690,305;688,310;690,314;689,319;689,321;688,324;688,331;690,334;688,337;691,340;689,344;690,350;690,353;691,357;691,362;690,365;691,368;691,375;690,379;691,383;689,385;690,389;688,394;691,398;691,402;691,407;688,408;691,414;691,416;691,422;689,426;690,428;688,434;688,437;689,441;689,444;690,450;689,452;688,457;688,461;691,464;688,469;691,473;689,478;688,482;689,487;690,489;689,493;689,498;691,503;688,507;689,508;688,512;688,518;691,520;690,526;688,531;691,533;689,538;689,542;691,547;690,551;690,552;689,558;688,563;690,567;691,571;691,574;690,577;688,581;691,586;690,590;691,593;691,596;689,603;691,605;689,610;689,614;690,616;689,621;690,626;691,630;689,633;689,636;689,642;688,645;689,648;688,652;691,657;688,660;691,667;688,671;689,673;688,677;689,681;689,684;690,689;690,695;689,699;690,701;690,704;688,709;690,712;689,716;689,721;690,726;690,729;691,732;690,739;691,740;690,745;691,750;688,754;691,757;690,762;688,767;688,768;690,775;689,779;691,781;690,787;691,790;690,795;689,796;688,800;691,805;690,809;688,815;688,818;691,820;691,824;689,828;688,833;689,838;691,841;689,847;688,849;688,853;688,857;691,861;691,865;688,869;691,872;690,877;691,882;689,885;691,890;688,894;689,899;688,902;691,907;690,911;689,915;688,917;689,921;690,926;689,928;688,932;689,939;690,940;689,944;688,950;690,955;690,956;691,963;688,964;688,971;689,972;688,979;691,980;689,987;691,988;691,995;688,999;688,1003;691,1005;688,1009;691,1012;691,1018;688,1023
692,1;693,7;692,10;692,12;695,17;693,21;694,27;694,31;694,35;693,36;692,42;695,44;692,48;693,52;694,57;692,63;694,64;694,70;692,75;692,77;694,80;693,84;692,89;692,93;695,97;693,103;695,104;692,109;695,115;695,117;695,123;694,124;695,129;692,135;694,138;692,143;694,147;694,149;693,155;692,157;692,162;692,166;694,168;692,174;693,177;693,183;694,185;692,190;695,195;693,196;695,200;694,206;694,208;695,215;693,217;692,223;692,224;694,231;694,232;695,237;694,240;692,246;693,249;692,252;692,258;694,263;692,266;692,271;695,274;692,277;692,281;695,285;692,291;693,292;694,297;692,300;694,307;693,310;694,315;694,319;693,322;695,327;694,330;693,333;694,336;693,340;695,345;692,348;693,355;694,356;694,360;693,367;695,368;695,375;693,379;693,382;693,387;695,390;692,395;692,396;693,402;692,404;694,408;692,412;694,418;694,422;692,425;693,430;693,432;693,439;693,441;692,445;692,449;692,455;692,459;695,461;695,464;694,468;695,472;694,476;692,480;694,486;693,490;694,495;692,498;693,502;692,506;693,511;695,515;693,516;692,520;693,526;695,529;695,532;694,537;694,541;693,544;693,548;693,554;694,558;692,560;694,567;693,569;694,572;693,579;693,580;694,586;693,591;694,595;694,598;693,603;692,606;694,608;695,614;692,619;695,623;694,624;694,628;692,634;695,638;693,643;694,646;692,648;695,655;692,659;693,660;695,664;695,671;692,675;694,677;694,682;695,684;693,689;695,695;695,697;694,700;693,705;695,708;693,713;694,719;694,722;695,727;695,731;695,732;692,737;692,743;695,745;693,751;692,753;695,757;694,761;695,764;695,770;695,773;694,776;694,780;694,785;692,791;694,794;695,796;695,803;694,806;692,811;692,814;693,817;692,823;695,826;695,831;695,832;695,836;695,843;694,845;694,851;694,854;692,859;695,863;693,867;695,871;694,872;695,876;692,881;693,886;692,888;695,893;693,897;693,901;695,906;693,911;693,914;692,919;693,923;694,926;695,930;692,935;692,936;693,940;695,944;692,949;693,952;694,956;693,961;695,965;694,971;694,973;693,977;695,982;695,987;695,990;692,994;693,998;693,1002;692,1004;694,1011;694,1014;694,1018;694,1022
696,3;696,6;698,10;699,12;699,16;699,21;697,26;696,28;696,33;698,38;697,41;696,45;698,49;696,55;696,59;696,63;698,66;696,71;699,72;697,76;698,83;697,85;697,90;699,94;698,98;699,103;697,104;696,110;697,112;696,116;699,120;696,127;699,131;698,135;698,136;697,140;697,144;699,149;697,155;698,157;697,160;697,167;698,168;697,175;699,179;699,183;699,184;698,188;699,195;697,197;697,202;699,207;698,208;698,212;698,217;697,221;697,225;699,230;696,234;697,237;697,243;697,246;698,250;698,255;697,259;699,261;697,264;696,268;699,273;697,279;698,283;699,286;697,291;699,293;698,296;696,303;698,307;698,309;699,313;696,318;696,321;699,326;698,328;698,334;697,338;699,343;697,344;699,351;699,354;699,359;697,363;696,366;697,371;699,374;697,376;697,381;697,384;696,388;696,392;696,396;697,402;698,407;699,411;696,415;698,418;699,422;696,424;699,428;697,432;697,437;698,443;696,444;696,450;696,453;699,457;696,462;697,465;696,468;698,474;697,479;698,480;699,485;699,490;697,493;696,497;699,501;698,507;697,508;698,512;698,518;699,521;698,526;698,528;698,534;698,539;697,540;696,546;698,551;696,553;697,557;699,563;699,566;696,568;696,572;699,576;698,581;698,587;697,589;696,594;699,596;697,602;698,607;696,610;697,612;698,619;698,622;699,626;699,629;699,632;696,636;697,641;698,646;699,650;698,654;699,656;697,663;696,664;697,671;697,674;697,678;697,681;696,684;696,688;699,694;699,696;696,702;698,707;697,711;697,715;697,716;696,720;699,726;699,731;698,732;699,738;696,741;699,747;696,748;699,754;699,759;697,762;699,766;699,768;696,775;696,779;696,780;697,785;698,788;696,793;698,797;698,800;696,804;696,810;699,813;696,819;696,821;697,827;698,829;698,833;699,836;698,840;697,844;698,851;698,854;698,859;699,861;696,865;699,869;699,872;699,876;699,881;696,884;698,891;698,893;699,899;698,902;698,904;697,910;699,914;697,918;699,923;697,925;699,929;697,935;698,936;697,943;699,946;699,948;698,952;699,956;699,962;696,965;697,969;697,973;699,977;698,983;699,985;698,990;696,992;699,999;698,1002;699,1007;699,1011;696,1013;697,1017;697,1022
703,2;701,4;700,10;700,14;703,18;700,21;702,24;703,30;702,35;701,36;701,42;703,44;703,51;703,54;701,56;701,63;702,65;702,70;702,74;702,78;703,80;700,84;700,89;701,94;703,98;700,103;703,105;701,109;703,115;703,118;700,122;703,124;702,131;703,134;700,137;702,143;701,147;700,150;702,154;700,157;700,162;703,165;703,171;701,175;700,178;703,183;703,185;703,191;701,195;703,196;701,200;700,204;701,208;703,212;700,218;700,222;700,226;702,228;701,233;701,238;703,242;700,246;702,249;703,252;702,259;701,262;703,266;703,270;701,272;703,278;703,281;700,285;701,289;701,293;700,299;701,300;703,304;702,308;700,315;702,319;700,323;702,324;701,331;703,333;703,338;701,343;701,347;703,348;700,354;703,358;701,363;701,365;703,371;702,374;701,376;700,382;703,385;703,388;703,392;702,399;702,400;700,406;703,410;703,415;700,418;700,422;700,425;700,429;701,434;703,438;702,441;700,445;701,450;703,453;702,459;701,462;701,464;700,470;703,473;702,478;700,481;703,486;702,491;702,494;700,497;701,502;702,505;703,508;703,513;701,516;701,523;703,527;703,531;703,533;701,537;703,541;700,547;701,548;701,555;700,557;701,561;701,567;703,568;702,572;701,578;702,582;700,584;700,588;703,594;703,599;703,602;703,607;703,609;701,612;701,616;700,622;700,627;701,631;703,632;703,636;701,643;703,647;702,650;701,652;700,658;701,660;701,667;703,668;702,675;702,677;700,681;701,684;700,689;701,694;701,697;701,700;703,705;703,711;703,715;703,718;702,723;700,724;700,730;702,732;701,737;703,741;700,745;701,750;701,752;700,759;703,763;702,767;703,769;700,773;703,777;703,781;702,787;700,790;702,794;703,797;700,803;702,804;701,808;701,813;702,817;703,823;703,826;703,831;701,833;701,838;702,840;700,844;700,848;703,855;702,858;703,863;701,866;703,869;700,874;702,879;701,883;702,884;702,891;700,892;702,896;702,903;702,907;702,911;700,913;701,916;700,920;702,926;703,931;702,933;702,938;702,942;702,945;703,948;703,952;703,956;703,960;700,966;700,970;701,975;701,978;702,982;702,984;702,989;700,994;700,996;703,1003;701,1007;702,1008;701,1014;703,1017;702,1022
704,3;706,4;705,8;704,13;707,17;704,23;706,27;705,31;707,33;706,38;705,40;706,44;704,48;707,55;706,59;707,63;705,66;704,68;705,74;704,77;705,82;707,84;706,88;706,92;707,98;707,103;705,104;705,109;705,112;706,117;706,120;707,125;707,129;707,135;707,137;704,141;706,145;707,150;705,155;704,157;704,161;704,167;706,170;706,172;707,176;707,183;707,185;707,189;705,194;707,196;704,200;705,204;706,209;707,215;707,216;705,220;704,224;707,231;705,233;706,237;705,242;706,244;704,249;707,255;705,259;705,262;707,266;706,268;705,272;707,277;705,283;706,284;706,291;705,295;704,299;706,302;705,306;707,310;704,315;704,316;706,320;706,326;706,328;705,333;706,336;704,342;706,345;707,349;706,355;706,359;706,361;705,367;705,368;704,373;705,376;705,382;704,386;705,388;707,395;707,397;705,401;706,405;705,410;707,415;706,416;705,421;704,425;707,431;707,432;705,438;707,440;705,444;704,450;706,453;706,456;706,461;704,466;705,469;707,474;705,479;707,480;707,484;706,490;707,494;707,498;706,502;705,506;706,509;707,512;706,518;707,523;706,527;707,528;707,535;704,538;704,540;704,544;707,548;705,552;707,558;704,561;705,567;704,569;704,573;704,576;706,583;707,585;705,591;707,593;706,597;706,602;705,605;704,609;706,614;706,618;705,622;706,627;706,628;707,632;707,638;704,641;704,646;705,649;704,655;706,657;705,660;707,665;707,670;707,672;704,679;707,681;704,685;705,690;705,692;705,697;705,702;707,707;707,708;705,713;706,717;705,721;707,725;704,729;705,732;704,739;704,741;707,747;707,750;706,754;706,759;706,761;706,764;707,769;706,775;706,776;704,782;707,785;706,791;707,794;707,799;706,801;707,804;705,808;706,812;704,818;707,821;704,825;705,828;707,833;705,838;704,840;707,846;705,849;704,855;704,856;706,862;704,867;705,870;704,875;704,876;705,882;706,887;707,891;706,894;705,896;704,902;707,907;706,910;704,914;706,918;706,923;707,927;704,930;706,933;705,938;706,943;704,945;705,948;707,953;704,959;705,960;706,967;706,969;707,973;707,977;706,981;705,986;704,988;707,992;704,996;706,1003;706,1006;707,1010;706,1014;704,1016;705,1023
709,3;710,7;711,9;708,14;709,17;710,21;710,25;709,31;711,35;711,36;710,43;710,46;708,48;710,54;708,59;709,60;710,64;708,71;708,73;711,79;709,80;711,84;710,88;708,95;709,97;708,103;710,107;710,109;709,112;711,116;709,123;708,125;709,128;711,132;709,137;708,140;709,147;710,148;710,152;708,158;708,163;710,167;709,171;710,175;711,176;709,183;708,186;708,189;711,194;708,196;711,203;710,205;711,208;711,215;710,219;709,220;710,227;710,231;709,233;709,237;711,241;708,247;711,249;710,255;710,256;711,263;711,264;709,270;708,275;710,276;710,281;709,286;709,288;709,292;708,296;711,302;708,307;711,310;708,313;708,319;709,322;711,325;708,328;708,333;711,337;710,341;708,345;711,351;711,353;711,357;711,362;708,366;709,368;709,372;710,379;709,382;711,387;708,388;708,392;711,398;708,400;708,404;710,408;709,413;710,418;710,422;709,425;709,429;708,434;710,436;711,441;709,445;708,450;709,455;710,457;709,461;709,465;708,468;709,472;709,477;710,481;711,484;710,490;709,494;711,498;710,501;709,504;709,508;710,512;708,517;708,522;711,525;708,529;709,535;711,536;710,543;708,545;709,551;711,552;708,559;711,560;708,567;708,568;708,573;708,577;708,581;709,586;709,591;711,593;711,597;711,600;711,607;708,609;710,613;711,619;709,622;709,627;710,630;710,635;708,637;711,642;708,644;709,651;711,655;710,659;711,660;710,665;708,670;708,673;711,677;710,683;711,684;711,690;708,692;709,699;708,700;710,707;711,710;709,715;709,719;711,723;708,726;711,730;711,734;711,736;711,742;709,746;708,749;710,755;708,757;710,760;710,766;708,770;711,774;711,777;708,782;711,784;711,791;710,794;711,798;711,800;710,805;708,810;711,813;711,818;711,821;710,827;708,828;711,834;711,836;708,840;711,847;709,851;709,854;710,858;711,861;708,864;708,870;710,875;708,877;711,880;709,886;708,889;710,893;709,896;709,901;711,906;709,910;709,914;710,916;708,923;710,925;710,929;710,934;711,937;710,942;708,944;710,948;711,955;708,956;709,962;708,964;710,971;710,973;708,977;709,981;710,985;708,988;708,992;708,999;711,1003;708,1004;708,1009;710,1014;708,1017;710,1022
712,3;715,6;713,10;714,13;712,19;712,20;715,27;715,31;712,34;712,37;714,40;713,45;715,51;713,55;713,56;714,61;712,66;715,69;712,72;715,77;714,81;712,87;715,89;714,95;715,96;712,102;712,106;712,110;712,112;714,116;715,122;714,124;714,129;713,134;712,136;712,142;712,145;714,148;715,153;713,158;715,163;713,167;715,170;715,175;712,179;715,182;712,186;713,190;714,193;712,196;713,203;713,204;714,209;713,214;714,219;714,221;714,226;714,229;715,235;715,237;713,242;712,247;713,250;712,255;715,257;714,261;712,265;712,270;712,274;713,276;715,281;714,285;714,288;712,294;715,297;715,300;712,306;715,309;714,313;714,318;714,320;714,325;712,331;715,334;712,339;714,341;713,344;715,350;713,354;715,359;714,360;715,366;713,371;715,374;712,376;712,381;715,386;714,389;713,392;714,397;714,400;714,407;714,410;714,415;714,416;713,423;715,425;714,431;713,435;715,436;715,442;713,445;715,451;714,453;713,456;712,460;712,467;713,471;715,472;712,479;712,480;713,487;712,489;714,494;712,498;713,500;715,507;713,511;715,514;713,516;714,522;712,525;712,531;715,534;713,536;715,543;715,547;714,549;715,555;712,558;715,560;712,565;712,568;714,573;713,576;712,583;714,587;714,590;712,592;714,598;713,603;712,606;715,611;715,612;714,616;715,623;713,627;715,629;712,633;714,638;715,640;713,645;713,648;712,655;712,656;713,660;715,665;714,671;712,675;712,676;715,680;712,685;714,691;712,694;714,698;713,703;714,707;715,711;713,715;715,718;714,723;713,725;713,730;712,734;713,737;714,741;712,746;712,750;715,753;714,758;713,760;715,766;713,768;715,772;715,776;713,781;713,785;712,790;712,794;712,799;712,800;714,804;712,809;712,812;714,817;714,823;713,824;712,831;714,832;714,838;712,841;713,847;714,851;713,855;712,856;714,861;714,864;715,871;715,874;712,876;713,882;712,886;712,891;713,894;712,896;715,902;714,904;715,909;715,915;712,919;715,920;714,925;713,931;714,933;714,939;712,942;714,945;714,951;713,955;714,958;712,962;715,966;714,971;714,972;712,977;714,981;712,986;714,988;713,993;713,999;713,1002;713,1005;712,1008;712,1012;715,1016;712,1021
718,1;717,6;718,10;717,13;716,17;719,21;718,27;716,29;718,34;717,38;716,42;717,47;719,50;717,54;717,58;716,62;717,66;719,70;717,75;718,79;719,81;719,86;716,88;717,94;718,99;719,100;718,105;719,110;718,115;717,118;716,120;719,124;717,129;717,133;718,136;717,143;719,146;718,151;719,152;719,159;718,162;719,166;717,170;718,172;719,179;717,180;716,186;717,191;717,192;716,198;716,202;719,204;716,209;718,214;717,216;719,222;718,224;718,229;717,233;717,236;716,243;718,246;718,248;718,255;719,258;717,261;716,265;716,271;718,275;718,278;716,283;716,285;718,289;719,294;719,299;719,301;718,306;716,310;716,312;717,317;716,320;719,324;716,330;716,335;716,337;717,340;718,344;718,349;716,355;716,359;718,362;716,367;717,369;716,373;719,377;718,380;717,386;716,389;718,393;719,398;716,403;719,405;716,409;718,414;717,418;716,420;717,426;718,430;718,433;719,439;716,442;719,445;717,450;716,455;716,458;716,462;719,465;718,470;717,474;718,476;719,483;717,485;719,489;716,493;719,497;717,501;716,505;719,510;717,514;719,518;719,520;716,525;717,530;716,535;719,536;717,541;716,546;719,549;719,555;716,556;719,560;716,566;716,569;717,572;716,578;718,580;716,585;719,589;718,595;717,597;718,601;718,607;716,609;719,614;716,616;719,622;719,627;718,630;717,632;719,639;719,643;717,644;717,650;717,652;716,656;718,663;718,666;717,668;716,673;716,676;719,683;718,687;716,691;716,693;719,698;719,701;716,706;718,709;717,715;718,717;717,722;716,724;716,728;718,732;717,738;718,740;716,744;719,751;718,755;717,759;716,761;718,764;717,768;717,773;716,776;717,780;717,787;717,791;717,792;718,796;717,802;716,807;718,808;716,812;719,816;719,820;716,827;717,830;717,832;717,837;718,840;719,844;718,848;717,854;716,856;718,860;719,867;717,868;717,874;717,879;719,883;718,886;719,890;719,895;718,896;716,902;718,904;716,910;718,914;718,918;719,921;717,924;719,928;716,935;719,939;716,941;719,945;719,951;717,955;717,959;718,961;717,964;718,971;717,975;718,978;716,980;717,985;716,991;717,995;716,996;719,1003;719,1005;717,1009;718,1013;719,1019;719,1022
723,3;722,4;720,8;723,12;722,18;721,23;723,27;720,31;721,33;722,39;722,43;720,46;720,49;722,55;720,56;723,62;723,64;720,71;723,72;721,76;721,80;721,85;720,90;722,92;722,97;720,102;720,105;722,111;723,114;721,118;723,123;723,124;722,129;720,132;720,137;720,142;721,146;720,151;722,152;720,159;722,163;723,165;722,168;720,172;722,178;720,180;723,185;722,189;722,194;720,196;722,202;721,205;723,208;723,215;722,217;721,220;722,225;722,228;723,234;723,238;722,242;722,247;720,248;722,252;722,257;723,263;723,264;722,268;723,273;722,277;720,280;721,285;720,290;723,294;720,296;722,301;720,307;723,308;721,314;723,317;723,320;721,324;722,330;721,333;723,338;720,341;720,344;722,348;721,355;720,359;720,362;720,366;722,369;722,372;723,378;723,383;722,384;720,390;720,392;722,398;721,401;721,406;723,408;720,412;720,418;723,423;722,424;721,428;723,434;720,436;720,442;720,445;721,451;723,454;720,458;723,462;721,465;720,470;723,474;723,478;720,483;723,486;721,488;722,494;722,499;723,500;723,505;723,508;721,514;723,517;723,522;721,526;723,528;720,532;723,538;723,543;723,545;721,549;722,553;723,556;720,560;720,566;722,568;723,574;723,576;722,583;720,587;720,590;721,593;722,596;723,601;722,606;721,608;722,613;720,618;721,623;720,626;722,630;723,635;721,636;721,641;720,646;720,650;722,653;721,659;722,660;721,664;721,669;723,674;720,676;721,681;721,684;721,689;720,692;723,698;722,703;723,707;720,710;720,712;721,718;722,723;721,726;723,728;723,732;720,737;721,741;721,745;720,748;720,753;720,757;722,763;721,765;723,768;720,773;723,779;721,781;721,784;722,791;720,794;723,798;721,802;720,807;720,808;721,812;723,818;722,822;723,827;723,830;723,833;721,837;721,842;722,847;721,849;722,854;721,859;723,863;721,867;721,871;722,873;722,876;722,880;722,885;721,891;723,893;722,899;723,901;723,905;723,909;722,914;721,917;720,923;722,927;721,928;723,934;723,937;723,940;721,945;722,948;722,952;720,956;723,960;722,965;721,970;721,975;720,978;721,982;721,985;720,988;722,995;721,996;722,1003;723,1006;722,1010;720,1012;720,1019;723,1023
724,2;724,7;726,11;726,12;724,18;725,21;725,27;724,29;725,35;725,36;726,41;727,46;725,51;725,55;724,57;724,60;726,65;727,70;727,74;727,77;725,83;727,85;726,88;726,95;724,96;727,100;727,106;725,108;725,112;725,118;726,123;725,124;724,131;724,133;724,137;725,141;724,144;724,151;727,153;727,157;726,163;725,164;727,169;724,174;725,176;725,183;724,185;725,190;725,192;726,196;725,201;725,206;727,208;727,212;727,216;727,220;727,224;726,229;724,235;724,238;725,240;724,246;724,248;726,255;724,256;726,262;725,267;727,270;726,272;727,276;725,283;725,287;724,290;724,293;724,297;726,302;727,307;726,308;726,313;725,319;725,323;725,324;725,330;725,332;726,339;726,341;726,345;725,350;725,352;725,359;726,360;726,366;727,370;726,374;726,378;725,382;727,384;726,388;725,392;725,396;725,400;727,405;727,409;725,412;727,416;724,422;727,427;724,431;727,434;725,436;726,443;725,444;727,450;724,452;726,459;725,462;726,464;724,469;724,474;724,479;726,481;727,485;727,488;725,494;727,496;725,501;725,504;724,511;726,512;725,516;725,520;724,524;725,528;726,532;727,537;726,543;725,545;727,550;724,555;726,558;727,560;724,565;724,569;724,572;725,576;725,582;727,585;725,591;727,594;727,597;726,603;724,606;726,608;727,612;725,616;727,621;725,627;724,629;727,633;724,636;725,641;724,645;726,648;724,655;726,659;725,660;725,666;727,670;727,673;725,679;724,682;725,686;726,691;724,694;726,699;725,700;725,707;727,710;727,712;726,716;726,722;725,726;727,729;727,732;724,739;727,743;727,745;725,751;724,755;726,758;725,763;725,766;727,771;727,774;724,777;725,782;724,787;727,791;724,795;726,798;725,800;726,805;726,809;726,815;727,816;726,820;724,824;724,828;725,835;726,837;724,841;725,847;725,849;724,855;724,857;725,861;724,865;725,871;726,873;726,879;724,882;726,887;724,891;725,892;727,898;726,901;724,905;724,908;725,914;724,916;726,921;726,926;727,931;725,932;725,938;726,943;726,947;726,949;726,953;726,956;724,960;725,967;725,971;727,974;724,976;727,982;727,986;725,989;725,995;727,999;725,1000;726,1004;726,1010;727,1012;727,1016;727,1020
728,0;728,5;731,10;729,14;731,17;730,21;730,26;729,29;731,35;730,36;731,42;729,46;729,49;728,54;728,59;728,60;728,65;728,70;730,72;728,77;730,83;728,85;730,88;729,93;728,98;728,100;728,105;728,111;731,115;730,119;728,122;729,126;731,129;728,132;731,136;731,142;731,146;731,151;731,153;730,159;728,163;730,167;730,169;729,175;730,178;730,183;728,187;731,188;729,195;731,199;728,203;730,205;730,211;729,214;728,217;730,221;731,225;731,229;728,234;730,236;730,243;728,244;728,251;731,254;730,256;728,263;731,264;728,270;731,272;729,277;729,283;731,285;731,291;731,293;729,296;728,301;731,304;731,309;730,312;731,316;728,322;728,324;729,330;729,334;730,337;729,342;728,344;730,348;730,354;731,357;729,362;729,366;730,369;729,375;729,376;728,382;728,387;731,388;729,394;729,396;731,400;731,405;729,411;729,413;730,418;730,421;728,427;730,430;731,432;729,437;729,441;728,447;728,449;729,453;728,459;730,460;728,465;729,471;731,473;730,478;731,483;728,486;731,490;730,492;728,497;730,502;728,505;729,511;728,512;730,517;730,522;730,524;730,528;728,533;728,536;728,542;728,546;731,551;730,554;729,556;728,562;731,565;731,569;728,575;729,578;731,581;730,585;729,590;729,594;729,599;730,603;730,607;729,611;730,615;728,617;729,621;728,627;728,631;731,634;731,636;731,641;728,644;728,650;729,655;730,657;730,662;731,665;728,669;731,675;731,678;730,683;728,685;728,689;730,695;731,696;730,703;728,704;730,709;731,713;728,716;730,720;730,726;730,731;731,734;731,738;729,742;731,747;731,749;730,753;730,758;731,760;730,764;731,768;729,774;731,776;731,783;730,785;731,791;731,795;728,798;730,800;730,806;728,811;728,813;730,816;728,822;731,827;729,831;728,832;730,837;730,841;730,847;730,850;729,852;731,856;728,862;730,865;731,869;728,873;731,879;729,882;729,886;730,888;728,894;728,899;731,902;731,907;731,908;728,912;729,919;730,922;731,927;731,928;729,934;728,937;730,941;730,947;729,948;729,954;729,956;729,963;731,964;730,969;728,973;728,977;731,983;731,984;729,988;728,993;729,996;728,1003;729,1007;729,1010;728,1012;728,1016;728,1021
733,0;734,7;734,8;732,14;732,19;732,23;734,27;733,29;732,32;732,36;734,41;733,45;734,51;732,55;734,58;732,62;732,64;732,70;734,74;732,76;732,82;735,86;732,91;733,93;733,98;735,103;732,105;734,108;733,115;735,116;732,123;732,124;733,129;733,133;734,139;735,141;733,144;732,148;732,154;735,156;734,163;733,167;735,168;732,174;734,177;735,183;732,187;732,188;732,193;733,198;735,201;734,204;732,209;733,212;735,218;732,220;733,224;732,231;735,235;734,237;732,241;733,245;733,250;733,253;732,258;733,260;733,267;735,271;735,274;733,279;735,282;734,285;734,288;733,295;733,296;732,300;732,304;734,311;734,315;733,318;732,321;735,327;732,331;734,334;735,338;732,343;733,345;734,348;734,355;734,357;734,363;733,366;733,369;732,373;732,379;734,381;732,387;734,389;734,394;735,396;732,402;734,405;734,411;735,414;734,418;732,420;734,426;734,429;735,432;734,436;733,443;734,446;735,450;732,452;732,457;733,460;735,465;732,471;735,475;733,477;735,483;734,485;733,490;734,494;734,496;732,502;732,505;733,508;735,515;734,516;733,522;734,526;732,528;732,532;734,539;734,541;735,544;735,551;733,553;732,559;732,563;733,565;734,569;733,575;734,579;733,580;734,586;734,590;734,593;733,598;735,602;732,607;733,610;732,612;734,619;734,620;734,625;734,630;732,635;732,639;734,641;735,644;732,650;733,655;735,656;734,663;733,666;734,671;733,675;735,677;735,681;732,687;734,691;732,695;732,697;734,703;734,704;735,711;735,713;732,716;735,721;732,725;732,731;733,735;732,737;735,740;732,746;733,751;733,755;735,756;732,762;734,765;734,771;732,774;735,778;734,781;732,786;734,790;735,792;732,796;734,803;734,806;733,810;734,815;734,817;734,820;733,827;734,828;732,835;735,837;733,840;734,846;734,851;735,852;732,856;732,860;735,867;735,868;735,875;734,877;734,883;734,885;735,891;735,894;734,897;734,901;732,907;732,909;732,915;735,919;734,923;735,927;734,928;732,933;732,939;734,943;732,945;732,949;733,952;733,956;734,962;735,966;733,968;735,973;734,977;733,982;733,984;735,988;732,995;732,997;732,1003;732,1005;734,1010;735,1012;735,1019;732,1021
738,1;737,7;738,10;739,12;738,19;738,21;737,27;736,28;737,33;739,38;736,40;739,44;739,51;739,54;738,58;739,62;737,64;736,69;739,73;736,76;737,81;739,85;739,88;736,94;736,99;736,103;737,104;737,108;737,112;738,116;738,122;737,124;736,131;739,135;737,138;738,143;739,146;739,148;739,152;739,157;737,163;736,166;737,170;738,173;736,177;739,181;739,186;738,191;738,195;737,198;738,201;737,205;739,210;736,214;738,217;737,221;737,227;737,231;739,234;736,239;738,243;738,247;738,249;736,254;736,256;739,262;739,265;739,270;737,275;737,279;736,282;737,286;737,288;737,292;738,297;739,301;739,304;736,310;736,315;738,319;739,320;738,324;736,331;738,333;738,338;736,343;739,344;739,348;736,354;737,359;738,360;739,367;739,370;739,375;737,379;737,383;739,386;737,391;738,394;739,397;738,402;736,405;738,410;738,414;738,419;736,421;736,424;738,431;738,434;736,438;736,443;736,445;738,451;737,452;739,457;737,462;739,465;737,471;737,474;736,476;737,481;737,487;736,491;736,495;737,499;737,501;739,507;739,510;737,512;739,516;738,521;736,525;737,528;738,535;738,536;739,540;739,546;739,549;737,552;737,559;737,562;739,567;739,571;737,572;736,577;736,582;738,585;737,590;738,592;739,597;736,602;736,607;737,609;739,612;739,617;737,621;737,625;737,629;736,635;736,636;737,643;736,644;738,650;739,655;737,657;738,663;736,664;737,671;737,674;737,677;737,680;738,687;737,691;738,694;736,696;737,702;739,705;736,710;738,715;737,717;736,721;739,727;737,730;739,735;736,737;736,740;736,747;737,749;737,754;738,758;737,760;736,764;736,769;736,774;738,778;739,780;739,784;736,791;737,794;736,799;738,802;738,805;739,809;739,814;738,816;739,823;737,825;736,829;736,832;737,838;739,840;739,845;736,851;738,853;737,859;739,863;738,866;736,868;736,873;736,878;739,881;738,884;739,889;737,892;737,899;736,903;737,905;738,909;736,913;738,918;737,922;738,926;738,928;739,933;738,938;737,940;739,945;739,951;739,953;739,956;737,963;737,967;738,970;739,974;737,978;736,982;736,985;737,988;736,993;737,999;737,1001;737,1006;738,1010;738,1012;736,1019;738,1021
741,3;743,7;742,10;743,12;743,18;740,20;740,26;742,30;741,34;741,37;743,42;741,44;740,48;740,53;743,59;741,61;742,66;740,69;740,75;741,76;740,83;743,86;742,89;742,94;742,98;742,100;741,104;741,110;741,115;740,117;741,121;743,126;740,130;740,132;740,136;741,142;740,144;742,150;740,153;743,158;743,162;742,165;743,168;741,174;741,178;741,182;740,185;743,188;742,195;743,198;740,201;742,206;741,208;741,215;742,219;741,223;742,227;743,231;740,233;743,239;743,241;741,244;743,251;742,252;741,257;742,260;740,267;740,269;742,272;742,277;743,281;743,287;742,290;743,295;742,298;742,300;742,304;743,311;741,314;741,317;742,323;740,324;740,331;742,335;741,337;742,343;742,344;741,348;743,353;742,358;743,362;742,366;741,369;741,372;742,379;742,383;743,384;742,390;740,392;742,397;743,400;742,405;742,409;742,415;742,419;741,420;743,425;741,431;740,435;740,436;743,440;743,447;740,448;742,452;742,457;742,463;742,464;740,468;742,472;741,477;740,480;743,486;742,490;741,493;742,499;742,500;742,504;741,511;740,512;741,517;740,523;742,524;743,531;741,534;740,538;740,543;742,545;740,550;740,555;742,559;743,560;741,564;742,570;742,573;741,576;741,582;743,585;741,588;740,595;740,598;742,602;740,605;742,609;742,613;743,617;743,621;740,627;743,629;743,635;741,637;741,642;740,645;742,651;742,655;740,658;743,661;742,667;743,670;742,673;742,676;742,681;741,684;743,689;743,695;743,699;743,703;743,704;743,708;742,715;742,716;741,723;741,726;740,728;742,733;740,738;743,740;743,746;742,748;742,753;743,756;740,761;742,767;740,770;743,774;743,779;743,780;742,785;740,788;740,793;743,796;742,802;741,807;740,810;741,814;741,817;742,823;742,825;740,831;742,834;740,837;743,841;741,845;740,848;742,854;743,857;741,863;743,867;740,871;741,873;743,876;741,882;743,886;743,888;742,892;741,897;741,903;743,907;741,911;743,915;743,917;742,922;741,926;742,929;743,935;743,939;741,943;741,944;742,950;743,952;742,957;742,963;741,965;743,970;743,973;742,979;741,982;741,985;741,991;742,992;740,998;743,1003;743,1007;740,1010;740,1012;741,1016;743,1021
744,0;747,6;746,10;747,12;746,17;745,23;744,24;747,30;745,33;745,38;745,43;746,47;745,49;746,53;745,59;744,63;746,65;744,71;744,75;744,77;744,81;746,86;747,91;747,93;745,98;746,103;745,104;744,108;745,114;747,117;744,122;747,126;747,131;747,132;745,137;747,141;745,144;744,148;745,154;745,157;744,162;746,164;745,168;744,174;744,177;746,180;746,187;744,188;744,193;746,196;744,200;744,205;746,211;744,215;747,216;744,220;745,224;747,228;747,234;744,238;745,240;745,247;744,249;744,253;747,257;747,260;746,264;745,269;744,273;745,278;746,281;744,285;747,288;744,295;744,298;745,303;746,305;745,311;745,314;746,319;746,322;745,324;747,331;747,335;746,338;747,342;745,345;745,351;747,352;744,357;747,362;747,366;744,369;747,374;744,377;746,383;745,385;744,389;744,393;744,399;744,401;746,404;744,408;746,413;746,418;745,423;746,427;747,431;746,432;747,436;747,442;746,446;745,449;745,452;746,458;747,462;745,465;745,471;744,473;744,477;745,483;745,487;745,488;745,494;744,496;747,501;747,505;747,509;747,512;746,518;745,520;747,526;745,528;745,532;744,538;747,542;745,545;744,549;744,555;746,559;746,563;744,567;745,570;745,574;745,579;745,583;744,584;745,591;746,595;747,597;746,603;745,606;745,609;744,615;747,618;745,622;746,625;746,629;746,634;746,639;747,641;744,647;746,648;747,655;746,659;746,660;746,665;744,669;746,674;744,678;747,681;747,685;744,691;744,692;747,696;746,703;747,705;744,711;746,713;746,716;744,722;746,727;746,728;745,733;745,738;744,742;747,745;744,751;747,755;745,759;745,763;746,765;746,771;745,773;747,776;746,781;744,785;746,788;745,794;744,798;745,800;746,805;745,810;746,815;746,817;746,822;744,824;746,829;745,832;744,837;744,840;747,847;744,851;747,852;744,856;747,863;747,865;745,870;746,873;747,879;747,881;746,887;746,891;745,892;744,898;747,902;744,907;747,908;746,915;744,917;745,923;745,924;746,931;746,932;745,936;744,943;744,944;744,950;745,954;746,959;745,963;745,965;745,969;744,974;745,977;746,982;745,986;745,988;745,992;746,998;745,1003;745,1006;744,1008;747,1014;747,1016;745,1022
751,1;749,6;748,10;749,14;751,19;751,21;750,26;749,28;749,32;749,36;751,40;749,44;749,51;751,52;751,58;749,63;749,66;751,69;749,73;750,77;750,83;751,86;750,91;751,92;749,99;751,101;749,105;750,108;749,115;750,117;751,121;750,126;749,128;751,134;749,137;748,142;750,145;751,150;748,154;748,156;749,160;748,167;751,168;748,175;750,179;750,182;749,185;750,191;749,193;751,196;750,203;750,206;751,208;748,214;750,218;749,223;751,226;748,229;749,233;749,237;750,241;750,244;748,251;749,255;750,257;751,262;751,266;748,269;751,274;748,278;750,280;750,285;751,291;751,292;748,296;748,301;748,304;751,309;749,313;748,316;748,320;751,325;748,328;751,335;748,336;750,343;748,346;751,348;750,352;748,359;749,361;749,367;748,369;749,375;748,379;748,381;750,387;750,388;749,395;748,397;748,401;750,404;751,411;748,413;750,418;748,423;748,424;750,429;748,432;750,438;751,442;751,445;749,451;748,454;750,458;751,461;750,464;749,468;749,473;751,477;749,483;748,487;751,488;748,492;748,499;748,500;748,505;748,509;748,513;750,516;748,522;750,525;748,530;748,535;748,538;748,542;749,545;748,551;749,554;751,559;748,563;751,566;749,568;751,574;751,578;749,583;748,586;750,588;748,592;751,596;748,602;749,606;749,608;751,615;750,617;750,622;751,626;748,629;748,632;751,638;751,642;750,647;749,650;749,655;748,656;749,663;751,665;750,670;750,673;749,679;748,683;748,686;748,689;749,695;749,699;750,701;749,707;751,708;749,715;749,718;748,722;749,727;749,730;748,732;748,738;749,742;751,744;751,749;750,754;748,758;748,761;750,767;751,770;749,775;751,778;749,780;751,787;749,790;750,793;751,797;750,803;750,806;750,811;750,812;749,817;748,820;751,826;748,831;749,834;750,838;748,841;750,845;749,848;749,854;750,856;749,863;751,864;751,868;750,873;749,879;749,882;748,887;748,891;750,892;749,896;748,903;749,905;749,908;748,915;750,917;748,920;750,924;748,928;749,934;750,939;749,942;750,944;749,950;750,952;749,957;750,960;750,967;751,970;750,975;748,976;749,983;750,987;748,988;751,995;750,999;751,1001;751,1006;751,1010;751,1015;750,1016;749,1023
755,0;752,6;755,10;753,14;755,16;752,20;754,27;754,29;752,32;753,37;754,42;754,45;752,50;754,55;753,56;755,63;754,67;752,71;754,75;752,76;755,83;754,85;752,90;755,93;755,98;754,100;753,104;752,110;752,115;752,119;752,122;754,126;754,129;752,134;752,136;752,142;755,144;752,151;755,154;755,157;755,160;755,167;755,169;755,174;753,179;753,180;753,184;753,189;753,192;755,197;753,202;754,204;755,211;753,215;752,219;754,221;754,227;755,230;755,233;752,238;752,240;752,246;753,251;753,253;755,257;755,262;754,266;754,271;752,274;752,278;753,282;754,285;753,288;753,295;755,296;754,302;752,307;755,308;754,312;754,316;754,322;752,325;754,329;755,332;755,336;755,342;752,347;755,349;753,353;755,356;754,361;755,367;754,370;755,373;754,378;752,382;754,387;755,390;754,392;754,396;755,402;753,405;755,409;755,414;752,416;754,420;752,427;754,431;753,432;754,436;754,440;755,447;755,450;755,454;753,456;753,462;755,465;753,471;753,475;755,479;753,480;753,487;752,490;752,492;755,499;755,502;753,506;754,510;752,515;752,518;752,522;752,527;755,529;754,533;754,538;753,542;755,544;754,551;753,552;754,558;754,563;754,564;754,568;755,573;755,577;754,581;752,584;755,590;754,595;755,598;754,601;754,606;753,609;753,613;754,617;754,623;755,624;755,631;755,632;755,636;754,640;754,646;753,650;752,654;752,659;753,660;753,664;755,671;755,674;753,677;753,681;752,684;752,690;752,695;752,698;754,703;754,706;753,708;755,713;752,718;755,723;754,727;754,730;755,735;752,739;755,740;754,746;752,750;752,752;754,758;755,763;754,764;752,768;755,775;752,777;754,782;754,786;755,788;753,794;753,797;753,800;753,807;754,809;753,813;752,818;754,820;752,824;752,830;753,833;754,838;753,843;752,846;754,849;755,854;754,856;754,860;752,865;754,869;752,873;752,877;752,882;754,885;753,889;752,892;752,899;754,901;753,905;753,911;754,913;752,917;753,921;754,924;755,929;753,935;755,939;753,940;755,944;752,949;753,955;752,956;752,960;754,967;752,969;753,975;754,979;754,981;755,984;755,990;752,994;752,997;753,1002;752,1007;752,1011;752,1015;753,1017;753,1022
758,2;759,7;757,11;759,14;758,19;757,21;757,24;756,30;758,33;759,39;759,40;756,44;759,48;758,52;757,59;759,62;759,64;759,70;759,74;756,76;757,80;758,84;759,91;759,95;756,98;759,102;756,104;758,109;758,114;758,118;759,123;757,127;759,131;758,135;756,139;757,141;758,146;758,151;759,153;756,159;757,160;756,167;758,168;758,173;756,176;758,182;757,185;756,191;757,193;757,199;758,202;758,205;759,209;758,213;757,218;756,220;757,227;758,228;758,232;757,239;758,240;758,247;758,249;756,255;757,259;756,261;756,267;756,269;759,272;756,278;756,280;756,285;757,289;757,293;757,296;756,302;757,304;757,310;757,312;758,318;759,322;759,326;758,331;757,332;756,336;757,342;759,347;758,349;756,352;759,359;759,361;756,367;757,368;756,372;757,376;756,380;757,386;759,391;759,392;759,396;756,402;758,404;757,408;759,415;759,416;756,423;759,427;757,429;756,434;756,438;757,441;758,447;759,449;759,454;759,458;759,463;759,465;759,471;759,475;759,476;759,481;758,485;757,490;759,494;758,496;759,503;759,507;756,510;756,513;759,519;759,520;756,527;758,529;759,532;758,538;759,541;757,545;759,550;757,555;758,557;756,563;756,566;757,571;758,574;758,576;757,582;756,587;756,590;759,594;759,596;758,601;757,604;758,610;758,614;756,618;759,620;756,627;757,628;756,633;758,638;757,642;756,646;759,650;756,654;758,658;757,660;757,664;756,668;756,675;756,676;757,682;759,685;757,689;759,694;756,699;759,700;756,706;758,711;759,713;757,718;756,720;758,725;759,728;756,733;758,737;757,741;758,746;756,748;759,755;757,759;756,762;756,764;758,770;759,773;756,779;759,780;758,785;757,791;758,792;756,799;757,802;757,806;759,810;757,815;757,818;758,823;758,825;757,828;758,835;757,838;757,842;756,846;757,851;757,852;756,857;757,860;757,864;759,871;759,873;756,877;756,882;759,884;758,889;758,895;759,898;758,900;757,907;758,910;759,913;758,919;759,923;759,924;757,931;759,934;756,939;758,942;757,946;758,949;759,952;757,956;756,960;757,964;759,968;758,974;759,977;756,980;758,985;757,991;759,993;757,997;757,1002;757,1005;758,1011;758,1014;757,1016;756,1021
761,2;762,7;763,10;763,14;762,16;760,21;761,24;760,28;760,32;761,37;760,40;760,45;761,50;762,53;763,59;760,63;761,65;761,70;761,72;761,76;763,83;762,86;760,91;762,94;762,98;763,101;762,105;760,110;763,113;763,116;761,121;760,126;760,131;760,133;762,139;762,142;760,146;763,148;763,154;761,159;763,160;760,164;762,168;762,173;763,179;761,183;761,185;761,188;761,194;762,198;762,200;762,207;760,210;762,214;763,218;760,221;760,227;763,229;761,233;761,237;761,241;761,246;763,249;763,253;760,256;761,260;760,267;760,268;760,272;762,276;763,283;761,285;762,291;760,293;760,296;760,301;761,304;762,309;760,313;760,318;763,321;760,326;760,330;763,335;763,337;763,340;760,346;760,348;763,352;760,357;761,363;760,366;761,369;760,374;760,379;760,382;760,386;760,388;760,393;760,399;763,402;761,407;760,408;760,413;762,417;762,420;761,427;760,428;763,433;761,439;762,441;761,447;761,451;760,453;760,457;763,460;761,464;761,468;760,472;760,476;760,481;762,486;762,491;762,493;761,499;763,500;762,507;760,511;762,513;760,516;760,521;762,527;762,528;761,532;761,537;763,541;763,547;761,549;763,552;762,559;762,561;762,564;760,569;761,572;761,579;760,583;762,584;761,589;763,595;762,599;760,603;763,604;761,608;763,612;761,619;763,621;760,627;762,628;762,633;762,638;761,640;760,645;762,648;761,653;761,657;763,660;762,665;760,669;760,674;760,676;761,683;763,684;761,688;761,695;760,696;760,703;761,705;760,710;760,712;762,719;762,720;762,727;760,729;761,732;762,738;762,742;761,746;761,748;760,754;760,759;760,760;760,766;760,768;762,774;761,777;763,780;762,786;760,790;760,795;763,799;762,803;760,804;760,808;762,812;763,819;763,820;761,825;760,828;763,835;762,837;760,841;763,844;762,849;761,852;763,857;761,862;762,864;760,871;763,872;761,879;763,880;762,884;762,889;761,892;761,896;761,903;761,906;760,910;760,915;763,917;763,922;762,924;760,928;763,932;762,936;763,941;763,944;763,948;761,955;763,956;760,960;763,966;761,971;760,974;763,977;762,983;763,986;761,989;761,992;761,997;761,1003;761,1004;760,1010;762,1014;761,1018;760,1021
765,0;766,7;766,11;764,12;767,16;766,21;764,24;767,28;765,33;766,38;764,41;767,46;767,49;764,53;767,57;765,61;764,64;765,70;766,73;765,79;766,83;764,85;764,91;765,93;765,97;764,100;767,104;767,111;765,115;764,116;764,120;766,124;765,131;765,134;764,137;766,141;766,144;767,151;767,153;765,159;764,160;766,166;764,170;767,172;767,179;764,182;765,184;767,188;766,193;767,198;765,201;767,204;766,209;764,214;765,218;765,223;767,226;764,229;764,233;764,237;767,240;765,246;767,251;766,253;764,259;764,262;765,265;764,271;766,272;766,277;767,281;766,285;767,291;764,294;764,298;765,300;766,305;766,308;767,313;765,318;764,320;767,326;767,330;766,335;765,336;765,342;764,346;765,348;764,355;765,358;765,360;764,364;767,369;765,374;767,379;766,380;764,385;766,389;766,394;766,396;767,403;764,405;766,410;764,412;765,417;765,422;765,427;766,428;765,433;766,437;765,442;764,445;767,451;766,455;766,458;767,463;767,464;767,470;764,475;766,476;767,480;764,486;765,488;767,495;764,499;767,502;764,504;767,510;765,512;765,517;767,520;765,525;767,529;767,533;767,539;767,543;767,545;767,550;766,554;766,559;767,563;765,566;765,568;766,575;766,576;766,580;764,585;765,589;766,592;767,597;767,602;764,607;766,610;766,613;767,616;764,621;766,624;767,628;766,632;767,639;765,643;767,645;766,651;764,653;764,658;765,661;764,664;765,668;766,672;764,676;766,683;766,687;765,690;764,694;764,697;765,701;767,704;765,710;764,715;766,718;766,721;766,726;767,730;766,734;765,736;764,743;764,747;767,749;765,754;767,757;766,761;765,767;766,769;767,772;766,778;767,780;764,787;767,789;766,793;766,797;767,803;766,804;764,811;765,812;766,816;766,822;765,825;765,829;764,832;764,839;765,840;767,846;764,851;764,854;766,856;766,863;765,864;764,870;766,875;765,879;765,883;765,885;764,888;764,893;764,896;766,902;767,905;765,911;764,912;766,916;766,921;765,925;764,931;766,932;767,939;766,942;767,946;767,951;766,954;767,957;766,963;766,966;766,968;765,974;766,979;767,980;764,985;767,990;766,992;766,997;766,1003;765,1004;767,1009;766,1014;764,1017;765,1020
771,3;770,4;769,8;768,12;770,18;770,21;768,27;770,29;768,32;768,36;770,42;771,46;770,51;769,52;771,56;769,60;770,66;771,69;771,73;770,78;771,81;768,86;769,88;770,93;769,97;768,101;771,104;770,109;770,114;770,116;768,120;770,127;770,129;771,132;771,136;770,143;768,146;771,149;771,154;769,156;768,163;771,167;768,168;768,172;769,176;771,182;769,184;771,188;768,192;770,197;771,203;770,204;770,210;770,215;768,216;769,223;771,225;769,230;769,235;771,237;769,240;770,247;770,250;771,254;769,259;768,263;770,265;769,271;769,274;771,278;771,283;771,287;770,289;771,294;769,297;771,301;771,304;771,308;769,315;768,318;768,322;769,327;768,331;769,335;769,337;769,341;770,346;769,351;768,353;768,358;770,363;769,365;768,370;768,372;771,377;769,383;771,385;771,390;771,393;768,397;770,402;769,405;768,409;771,415;769,419;770,420;771,426;770,428;768,432;771,436;771,441;771,447;769,450;768,453;771,459;769,460;769,465;769,468;771,474;771,479;769,482;770,487;771,488;768,495;771,499;770,500;771,504;769,511;768,512;769,519;771,523;771,526;770,531;770,532;771,537;769,541;769,546;770,548;771,555;770,558;768,560;770,567;769,569;768,573;770,579;769,583;769,585;771,589;771,594;770,598;771,603;771,606;770,611;769,615;768,617;771,623;771,624;769,631;771,633;768,637;768,643;771,644;768,650;771,654;771,657;771,661;771,665;769,668;768,672;769,676;768,681;768,685;771,688;769,694;769,699;768,700;769,704;771,708;770,714;768,718;770,721;768,726;768,730;769,733;769,739;771,742;771,747;770,750;769,755;768,758;770,761;771,766;770,768;769,772;770,776;771,783;771,785;770,788;770,793;769,798;769,801;771,806;768,811;770,812;769,816;771,821;770,826;769,830;769,832;771,839;770,841;771,847;771,848;770,854;769,859;770,861;771,867;771,870;771,875;771,879;771,881;771,887;771,889;771,893;771,898;771,903;771,906;771,910;768,913;771,918;771,923;771,926;769,931;769,935;770,938;771,941;770,947;768,948;771,953;771,959;770,960;771,966;769,969;771,973;770,979;771,981;771,984;770,991;771,994;771,996;771,1003;770,1006;769,1008;771,1014;768,1016;771,1022
773,1;773,7;773,9;772,14;772,19;772,20;773,27;772,28;775,34;775,37;773,41;774,45;775,51;774,53;772,56;775,60;773,64;772,68;773,74;775,77;775,83;775,86;775,89;775,94;773,96;773,101;773,105;774,109;775,114;775,119;772,122;773,125;775,128;772,134;773,138;774,142;772,145;773,151;772,155;774,156;773,162;774,167;772,169;775,175;773,178;772,183;772,187;773,190;775,195;775,197;774,201;773,204;775,208;773,212;774,219;772,222;773,224;772,229;773,234;775,236;772,241;775,245;775,250;774,254;772,258;774,260;775,267;775,270;773,273;773,276;774,283;772,285;773,289;775,294;774,299;774,302;773,306;774,311;774,312;772,317;772,323;773,326;775,331;775,335;774,336;773,342;773,346;772,350;774,352;774,359;772,360;773,366;772,371;774,373;772,376;774,383;775,384;774,391;773,392;773,398;774,400;775,405;775,411;775,412;773,418;774,423;773,427;775,430;772,432;775,437;773,442;775,447;775,451;775,455;775,459;774,460;775,466;775,469;774,472;772,478;775,482;774,487;774,489;775,495;775,497;774,500;774,505;772,510;775,514;775,518;775,521;775,526;772,528;772,532;772,539;775,540;772,547;775,551;775,553;772,558;772,560;773,566;775,568;772,572;774,578;774,580;772,587;772,590;775,593;773,599;772,602;773,606;775,610;774,612;774,619;774,623;773,624;775,630;772,632;772,639;773,642;773,646;775,651;774,653;773,657;775,661;775,667;773,669;774,672;773,677;773,682;773,684;773,688;772,694;774,696;774,700;773,704;773,708;773,713;773,719;775,721;774,724;775,728;774,732;773,736;772,740;772,745;775,749;774,752;772,757;774,763;775,765;772,771;772,774;775,776;773,783;772,785;775,791;774,795;774,799;775,802;772,804;773,810;773,813;773,818;773,820;775,826;772,830;775,834;774,839;772,842;774,844;772,851;774,854;774,859;774,861;772,866;775,868;775,873;773,879;775,883;772,887;772,891;775,892;774,898;775,900;773,905;775,909;775,913;772,916;773,920;774,924;774,930;773,934;773,938;775,941;773,945;775,951;775,953;773,959;775,960;775,964;775,970;773,973;775,978;773,980;773,987;772,990;775,992;775,996;773,1003;773,1005;775,1008;774,1015;774,1016;773,1021
778,0;777,5;778,8;779,13;779,19;777,20;779,25;776,30;779,35;779,38;779,42;777,44;777,51;779,54;776,56;776,62;777,67;778,70;778,75;777,77;776,83;777,87;776,91;776,93;778,96;776,101;778,107;776,109;779,113;778,116;777,122;779,125;776,131;776,135;779,138;779,140;779,146;778,150;777,152;779,158;776,163;778,167;778,168;779,175;777,179;778,183;779,187;779,188;777,193;779,197;777,200;779,204;777,210;779,214;778,217;776,223;778,225;777,230;778,234;777,239;776,241;779,244;779,249;777,255;776,256;779,261;777,265;776,269;778,272;779,276;776,283;779,285;779,289;779,295;776,299;776,300;779,306;776,309;776,314;778,316;776,322;777,325;776,329;778,332;777,339;779,340;778,347;779,349;779,355;779,357;779,362;777,366;779,369;779,375;778,379;777,382;778,385;779,390;777,392;776,396;776,403;778,406;776,409;779,413;778,417;779,422;778,424;779,430;777,434;777,439;776,441;776,447;776,451;777,455;778,456;779,463;779,464;779,469;779,475;779,477;779,483;779,486;776,488;779,492;776,496;779,501;777,505;779,509;777,515;777,516;776,520;778,527;778,528;776,533;776,536;776,542;778,546;779,548;777,553;777,556;779,561;779,565;777,571;776,574;776,577;776,583;779,586;778,588;776,593;779,596;779,601;776,606;776,611;778,613;779,618;778,622;776,626;779,629;777,632;779,637;779,642;779,644;778,648;777,654;777,659;776,661;778,664;776,669;779,673;779,676;777,682;776,687;776,691;777,694;777,698;778,700;778,705;779,708;778,714;778,718;776,720;776,726;777,729;778,733;779,739;779,741;777,744;778,749;778,752;776,759;776,760;776,765;777,769;778,774;776,777;778,783;779,784;777,789;776,793;779,797;777,802;778,805;779,808;776,813;777,817;779,823;777,825;779,831;778,834;777,836;778,843;777,844;778,851;779,854;778,857;779,862;779,867;779,869;777,873;776,879;778,882;776,886;777,891;776,892;776,896;777,900;779,904;778,911;776,913;778,916;777,922;779,924;776,929;779,932;776,939;778,942;777,946;776,951;776,952;778,959;776,963;778,965;776,969;779,972;778,978;778,982;779,985;778,990;778,995;778,996;778,1003;779,1007;777,1009;779,1015;779,1016;778,1022
781,1;783,6;783,10;781,13;780,18;781,23;781,24;782,31;783,35;781,38;781,42;780,45;780,50;783,53;782,57;781,63;781,66;783,71;782,75;781,76;780,82;783,86;781,91;781,95;783,98;783,102;781,107;781,108;783,114;782,119;781,123;781,124;780,129;782,132;781,139;781,143;781,145;780,150;780,154;780,157;782,162;780,167;783,171;783,174;780,177;780,183;780,187;781,189;781,195;782,198;783,203;780,204;781,208;781,213;780,216;783,222;781,225;781,228;782,234;783,238;783,240;783,244;781,249;782,253;781,259;782,261;783,265;780,270;783,274;780,276;782,280;780,285;781,288;780,293;783,299;783,300;782,305;781,309;783,313;782,317;780,322;780,326;782,330;781,334;783,337;783,343;783,347;782,351;783,355;782,356;782,363;782,367;780,371;780,374;783,379;781,380;783,385;781,391;782,392;781,396;780,400;783,406;780,411;783,412;783,419;783,420;783,425;781,429;783,433;783,437;781,442;780,447;781,451;780,455;782,458;780,460;782,465;783,471;783,475;780,476;781,480;781,484;780,491;782,493;780,499;780,502;783,504;781,510;781,515;782,517;782,523;780,527;782,529;782,533;783,539;783,541;783,547;781,549;783,553;783,556;780,560;780,564;781,569;782,575;782,579;782,582;781,586;781,588;781,593;783,599;783,603;783,605;783,609;780,614;780,617;781,620;781,624;782,628;782,634;783,638;781,640;783,647;781,648;781,655;783,657;781,662;780,665;783,668;783,672;783,676;783,681;781,687;782,691;783,692;780,696;782,701;782,705;781,708;780,715;780,719;782,720;783,727;782,730;782,733;782,736;780,743;783,747;780,751;783,752;780,758;780,763;782,767;783,771;782,773;781,776;781,781;782,786;780,791;783,792;780,797;780,803;780,804;783,808;781,812;780,818;782,822;780,825;780,830;781,835;783,839;780,842;781,844;783,848;780,853;782,857;780,863;783,864;783,868;782,872;783,878;780,881;780,884;780,890;782,892;780,898;781,902;781,907;781,908;781,915;781,918;782,923;780,924;782,931;781,935;780,937;781,943;783,946;780,951;782,954;781,957;781,961;783,967;781,968;783,974;781,979;782,981;781,984;783,988;781,992;782,996;783,1001;783,1007;780,1009;781,1012;782,1019;783,1021
786,3;786,7;786,10;784,13;785,16;784,22;787,24;785,29;784,32;787,36;786,40;786,44;786,50;786,55;787,56;785,60;785,66;785,68;786,75;787,78;785,82;785,86;787,90;786,94;785,98;787,101;784,105;784,110;786,114;787,119;785,122;787,126;786,128;784,134;787,138;787,142;786,144;785,149;784,152;784,158;784,163;784,164;785,171;787,173;787,177;784,183;786,187;784,189;787,192;786,198;787,200;786,206;786,210;787,214;787,218;786,222;784,227;786,229;784,233;786,236;786,241;784,244;785,251;787,255;787,257;785,262;784,266;785,268;785,274;785,277;784,280;785,285;784,290;785,292;784,299;786,301;785,307;786,309;785,312;787,317;787,320;785,325;786,329;786,335;786,339;784,343;784,347;785,348;784,354;786,356;785,363;786,367;787,371;787,374;787,378;786,381;786,384;785,388;787,394;786,396;786,403;785,404;784,410;784,413;787,416;785,421;787,425;785,431;786,433;786,439;787,443;786,444;786,449;785,454;785,459;787,462;784,465;787,468;784,474;784,477;786,480;785,484;787,490;785,495;786,499;784,500;784,505;787,509;785,512;786,519;786,520;786,524;786,530;785,532;785,538;786,540;786,547;784,549;784,553;784,557;786,562;786,565;786,568;786,573;787,578;784,582;786,586;785,590;786,595;785,599;786,601;784,605;785,609;786,614;784,617;785,622;786,626;786,631;785,634;786,638;785,641;785,647;787,649;787,652;786,658;787,662;787,665;787,668;787,674;785,678;787,683;787,684;787,690;785,693;785,696;786,701;784,706;786,708;786,714;785,718;785,721;784,726;786,730;784,732;785,737;786,740;787,747;787,748;787,752;786,759;786,762;786,767;784,769;787,775;786,776;787,782;786,784;787,788;787,793;784,797;785,802;787,807;785,811;786,813;784,819;787,822;786,826;785,829;784,832;784,838;785,840;784,845;785,850;786,855;785,856;784,861;784,864;784,869;784,872;784,878;786,882;787,884;784,890;784,894;785,896;785,900;786,907;786,909;787,915;784,916;787,923;786,924;784,931;786,935;787,937;785,940;784,946;785,951;787,954;786,958;787,960;784,965;784,970;787,973;787,979;786,981;786,987;785,991;786,993;787,996;786,1002;787,1004;786,1009;785,1015;787,1016;785,1020
788,1;788,5;788,11;789,13;790,16;788,20;789,25;788,30;789,34;789,37;791,40;789,44;791,49;791,55;789,57;789,61;791,65;789,70;790,74;790,76;788,83;791,87;789,91;791,93;790,96;788,101;788,107;788,111;791,114;789,119;791,120;790,126;791,130;788,135;791,139;788,142;788,145;789,151;789,154;789,156;791,162;788,166;789,168;788,175;790,178;788,180;788,185;789,188;790,195;790,197;790,203;790,207;789,210;791,214;788,219;788,221;790,227;791,229;791,232;791,237;791,241;789,245;789,248;790,252;791,257;789,261;788,266;790,269;790,275;789,276;788,281;791,287;791,288;789,294;791,298;789,303;791,306;788,308;791,313;788,316;789,320;790,324;790,329;791,332;789,338;789,342;788,344;788,348;788,355;788,359;788,362;789,366;790,371;791,374;790,379;791,383;790,387;791,388;788,395;788,396;791,403;791,404;789,408;788,413;790,417;789,423;788,427;790,428;791,432;790,438;788,441;791,446;791,450;788,454;790,456;789,461;788,467;788,468;788,473;790,479;789,481;789,486;790,489;790,493;788,496;788,502;789,506;790,509;789,515;790,518;789,521;789,525;788,528;788,533;788,536;791,542;790,546;788,550;791,553;791,559;791,563;790,565;791,569;789,572;790,578;789,582;789,586;788,590;791,594;789,599;790,600;790,606;790,610;789,612;790,618;790,620;790,626;789,628;791,633;791,637;788,640;791,647;791,649;790,652;791,659;789,661;790,667;788,670;791,675;790,678;790,683;789,687;789,690;789,692;790,698;791,703;789,706;790,709;790,715;791,719;789,721;789,725;789,730;789,734;790,736;791,742;791,747;790,748;790,752;791,759;788,761;791,764;788,769;790,772;788,777;788,781;791,784;790,789;790,792;789,796;789,803;788,804;790,809;790,812;791,819;790,820;791,824;789,829;788,835;789,839;788,840;789,847;791,849;789,854;788,859;788,860;789,864;788,868;789,874;789,878;791,880;791,886;789,891;789,892;790,897;791,903;791,907;791,908;789,912;788,919;790,922;791,927;789,928;790,932;791,938;789,941;790,947;789,951;788,952;791,959;788,963;789,967;790,970;788,975;791,976;791,981;788,987;788,990;790,992;789,997;788,1002;790,1005;791,1009;789,1014;789,1016;789,1021
793,3;795,5;793,9;793,13;795,17;793,22;794,27;794,28;794,32;793,36;794,43;794,44;795,49;792,55;795,58;793,60;793,66;792,71;792,73;792,76;795,83;792,84;795,90;793,92;793,99;792,103;793,105;793,111;795,112;793,117;793,120;794,124;793,130;793,133;795,137;793,142;795,145;794,149;795,155;792,159;793,163;795,165;794,168;795,172;792,177;793,183;794,184;793,189;795,193;793,199;792,201;795,205;793,211;792,213;793,219;794,220;795,224;792,228;793,235;795,236;793,241;792,244;793,249;794,253;793,257;794,260;792,264;792,271;793,272;795,279;795,280;795,284;795,291;794,295;792,298;792,302;795,304;794,310;794,314;793,316;792,323;795,324;794,329;795,334;793,336;795,341;792,347;794,350;794,354;794,359;792,362;795,365;795,370;794,373;792,376;794,381;794,387;795,389;792,395;792,396;795,402;794,404;795,411;795,413;795,419;792,422;795,426;795,430;795,432;794,437;792,442;792,445;795,448;794,452;793,456;794,463;792,465;795,468;792,474;793,478;795,483;794,485;795,491;792,494;792,496;793,501;793,504;792,509;795,513;792,518;792,522;792,525;793,531;792,535;795,539;795,540;792,547;792,550;793,553;795,557;795,560;792,566;793,568;795,572;795,578;795,583;793,587;794,591;795,594;792,597;792,602;792,606;792,609;793,613;793,617;792,620;792,627;793,630;793,632;793,638;794,640;795,644;795,650;795,654;795,658;795,663;793,667;795,669;795,675;794,678;794,681;794,685;793,691;795,695;795,699;795,703;794,707;793,708;794,713;793,719;794,721;793,725;795,728;793,735;794,736;792,743;793,745;792,749;795,755;792,759;793,760;792,764;793,769;793,772;794,777;793,781;792,786;793,789;795,794;795,799;794,801;793,806;792,811;793,813;793,818;793,820;792,824;793,831;793,832;794,838;793,841;795,847;795,850;792,853;792,856;792,863;794,865;793,871;793,874;795,878;794,881;795,886;795,891;795,894;792,897;792,903;795,907;795,911;795,912;795,918;794,923;795,924;793,928;795,934;793,939;793,942;795,944;793,950;795,953;792,957;792,960;795,965;792,970;795,975;793,978;795,983;795,984;793,988;792,994;793,997;792,1002;793,1005;793,1011;793,1013;792,1018;793,1023
798,2;799,6;796,10;799,12;797,16;798,23;797,26;798,31;799,34;799,38;799,41;799,46;797,48;796,55;796,58;798,60;797,66;798,71;796,74;799,78;798,81;797,84;796,89;799,94;799,97;798,102;798,105;799,108;799,112;799,116;797,121;798,124;798,129;799,132;798,136;796,142;796,147;798,151;796,153;798,159;796,163;799,165;799,168;799,174;797,176;796,182;799,186;799,190;799,195;799,198;797,203;796,205;798,210;798,214;798,219;797,221;799,225;797,230;798,232;797,238;797,241;798,244;798,248;799,254;799,259;798,261;796,266;796,271;799,275;799,277;796,282;798,285;799,288;796,292;798,299;798,302;799,306;799,308;798,312;797,317;796,320;799,324;798,330;797,335;799,336;799,343;799,345;798,348;798,352;797,357;799,361;796,367;796,369;799,372;798,378;796,383;798,385;796,390;796,392;798,398;796,403;799,405;797,411;796,414;797,416;796,422;799,425;797,428;798,433;799,439;799,443;799,444;798,448;799,454;798,457;797,463;798,467;799,468;799,472;799,479;796,483;797,487;797,488;799,493;796,497;796,500;796,506;798,511;799,514;797,517;798,522;797,527;798,529;798,534;799,539;797,540;797,545;797,551;799,553;799,559;798,561;799,567;799,569;797,572;796,579;798,580;798,587;799,591;796,594;799,596;799,600;797,605;797,609;796,612;796,619;796,622;796,624;797,628;798,633;799,637;796,643;796,646;799,648;798,654;796,656;798,661;797,667;797,668;798,674;798,677;798,682;797,684;797,688;797,693;796,696;797,700;797,707;798,708;797,714;796,718;796,721;798,727;797,731;797,735;797,736;797,740;798,745;796,750;797,754;796,758;799,763;799,767;799,771;797,772;797,778;799,783;797,787;797,790;798,793;797,799;796,800;798,806;796,809;797,812;796,818;799,820;798,824;797,830;798,833;798,839;797,843;796,844;798,851;798,854;798,857;799,860;799,864;796,869;797,872;797,877;796,880;796,886;796,890;798,893;796,899;799,902;798,907;796,908;798,913;799,917;798,923;796,924;799,928;796,934;798,938;796,940;799,947;798,950;799,952;799,957;796,963;798,966;798,968;798,975;798,977;799,980;798,986;796,990;797,992;799,996;797,1002;798,1006;798,1008;797,1012;796,1018;796,1023
802,1;802,4;802,11;801,14;802,18;800,20;801,24;803,31;801,32;803,36;802,43;801,46;801,48;803,52;802,56;800,62;803,65;803,69;802,75;801,78;800,81;800,87;802,90;800,92;801,97;800,102;802,106;801,111;803,112;802,118;802,122;803,124;803,129;803,132;803,136;802,141;800,145;803,151;800,153;800,158;803,160;800,167;800,168;803,175;802,178;801,182;801,186;801,189;800,194;803,197;801,201;801,204;803,210;802,215;803,218;800,222;802,225;803,229;803,235;802,239;802,241;802,245;800,248;800,253;801,258;801,263;803,265;802,268;802,275;801,279;801,281;803,285;802,290;802,292;801,299;803,301;801,307;800,309;800,312;802,316;802,323;803,324;800,331;800,332;801,338;803,343;800,344;803,349;801,352;802,358;802,363;801,364;802,371;803,375;801,376;802,382;801,385;801,388;803,392;801,398;802,401;800,407;803,409;801,413;800,417;800,422;800,427;802,428;803,435;803,436;803,441;802,445;801,448;802,453;803,456;802,461;802,465;801,468;801,474;802,479;803,482;803,486;802,490;800,495;800,497;802,500;802,506;800,510;800,514;802,517;801,520;802,525;800,531;802,535;803,538;803,543;800,545;800,551;803,553;800,558;802,563;803,567;801,569;800,574;801,576;802,580;802,584;803,590;801,592;801,596;800,602;801,605;803,611;803,615;801,618;801,620;803,627;801,629;801,632;800,637;802,642;801,646;803,651;802,653;802,659;800,660;800,666;802,670;802,675;801,678;802,682;800,684;802,691;801,695;802,697;802,700;801,706;803,710;801,714;802,718;803,721;803,725;801,730;802,733;803,737;801,740;801,745;802,748;801,753;802,757;801,762;802,767;800,770;801,773;803,777;803,780;802,786;801,790;803,795;802,796;803,800;803,807;803,810;803,812;803,816;802,822;800,824;803,828;800,832;803,839;800,842;801,844;801,849;802,852;803,857;802,860;803,865;801,870;801,874;802,876;800,882;803,887;803,891;801,893;802,897;802,902;803,907;802,908;800,914;800,918;801,920;802,926;803,929;802,935;800,939;803,943;802,947;801,951;801,954;800,957;802,962;800,964;803,969;800,975;800,979;801,981;803,984;800,991;802,995;800,996;800,1003;802,1006;800,1011;802,1013;801,1017;803,1022
807,1;807,6;805,8;806,12;804,19;804,21;805,24;804,30;804,32;806,39;807,42;805,44;804,48;807,55;805,58;804,60;806,64;807,69;804,74;804,79;806,83;806,86;804,91;806,93;804,97;804,103;807,106;807,108;806,112;807,118;805,123;804,127;804,128;805,132;806,139;805,143;804,147;806,148;807,153;807,157;806,163;806,167;806,168;807,172;806,177;807,181;806,184;806,191;805,193;804,197;807,203;806,204;806,208;806,212;807,218;805,221;804,225;806,231;804,233;805,238;806,240;805,246;807,249;807,253;807,258;807,262;805,266;807,271;804,273;805,279;805,281;805,285;807,288;805,292;804,299;805,300;806,307;807,311;805,313;805,317;806,320;804,324;805,331;805,332;804,339;806,343;806,346;806,350;806,354;804,358;804,361;805,365;805,368;804,374;807,377;806,380;805,386;807,391;807,393;807,399;805,402;805,407;805,411;804,412;805,419;807,423;806,427;807,430;807,434;805,438;805,440;807,446;804,450;807,452;806,457;807,460;807,466;807,469;804,475;805,479;807,483;805,487;804,490;805,493;806,496;804,500;804,504;805,511;804,514;804,516;805,520;806,526;806,529;807,533;805,537;807,541;807,545;807,550;805,552;804,559;804,563;805,564;805,570;804,575;807,578;807,580;804,586;805,589;805,593;804,596;805,600;806,606;804,608;805,615;804,616;806,621;807,627;804,629;804,634;804,637;807,641;807,646;804,649;806,654;807,656;804,662;805,666;804,670;805,675;807,676;806,683;806,686;805,691;804,693;804,697;805,703;804,705;807,708;806,712;804,718;805,722;806,726;806,731;806,732;806,738;805,740;805,746;807,749;805,755;807,757;807,763;804,767;806,770;807,775;807,779;804,783;805,785;806,789;804,793;805,799;806,800;806,805;804,809;806,812;805,818;805,821;804,826;806,830;807,834;807,837;807,840;804,845;805,848;804,852;805,859;806,863;806,866;806,868;805,872;807,876;804,883;804,885;807,891;804,892;805,898;804,903;805,907;807,911;804,914;804,916;804,921;806,927;805,929;805,934;807,936;807,943;806,944;805,950;806,953;807,959;805,963;804,967;805,968;806,972;807,979;804,980;805,986;806,991;804,994;807,998;804,1000;805,1006;804,1008;806,1013;807,1016;806,1022
810,3;811,6;808,10;808,12;808,19;810,20;810,27;810,28;809,32;809,39;811,42;811,45;811,49;810,54;810,56;810,63;809,64;809,71;811,73;811,76;809,80;809,86;808,91;809,93;811,98;810,100;811,104;809,108;811,115;811,116;810,123;810,126;811,131;810,135;811,139;809,141;809,147;810,151;809,152;811,158;809,160;808,166;811,170;809,174;811,179;810,183;810,186;809,191;811,193;811,198;811,200;809,206;809,210;808,213;809,219;810,221;809,225;810,230;811,232;808,237;809,243;809,244;808,249;809,252;810,257;808,263;808,264;809,268;808,274;809,278;809,282;811,284;809,290;808,295;808,298;810,300;811,305;808,310;809,313;809,318;808,322;809,324;808,329;810,333;808,336;810,342;809,347;811,349;810,353;809,359;808,362;811,367;808,368;810,375;811,377;809,382;808,386;808,391;809,395;810,397;810,402;811,405;810,408;811,414;810,417;810,423;811,426;808,430;811,434;811,438;809,442;811,445;810,451;811,454;808,457;809,460;811,466;809,471;810,475;808,477;810,482;811,484;809,490;808,494;808,496;810,502;811,504;811,511;809,513;808,518;811,520;808,524;809,528;808,533;810,536;809,543;808,545;809,548;809,554;809,558;809,562;810,565;810,571;810,574;810,578;810,582;810,585;809,588;809,595;809,598;810,601;809,605;811,608;808,612;808,616;810,620;809,626;808,629;809,635;811,639;808,640;810,646;810,651;810,654;811,656;809,663;808,666;808,668;809,673;809,677;809,682;809,685;810,688;810,695;810,697;808,702;808,707;808,709;809,715;811,716;809,723;808,724;810,729;808,733;808,737;808,740;809,744;810,748;810,752;811,758;809,760;808,766;808,769;808,774;809,779;810,782;810,787;809,790;811,794;811,799;811,801;808,804;808,810;810,812;811,818;809,822;810,824;809,831;810,834;808,839;810,842;808,847;811,850;808,852;808,856;811,860;810,866;809,869;809,873;808,879;810,883;809,884;809,889;808,893;810,896;809,901;810,907;811,908;809,912;809,919;808,923;810,927;810,931;808,935;808,938;809,943;808,947;811,949;811,953;808,956;808,961;810,964;811,971;809,972;809,979;808,981;809,984;809,990;808,993;809,999;809,1003;809,1007;808,1009;808,1013;810,1016;809,1020
814,2;812,4;814,9;815,15;813,17;812,23;812,26;813,29;814,35;814,39;813,42;812,46;813,49;814,55;815,59;815,62;812,65;813,68;813,73;815,76;812,81;815,86;813,90;813,95;815,97;815,100;814,105;813,111;815,113;815,118;812,123;813,124;814,129;815,134;814,136;812,141;813,147;812,151;814,155;814,157;815,163;814,164;814,169;814,172;812,178;812,181;812,185;814,190;814,195;815,196;813,200;815,205;812,211;814,214;815,218;813,223;814,227;812,229;813,234;813,236;814,241;813,247;813,249;813,254;812,257;813,260;812,266;815,271;813,272;815,279;815,282;815,285;814,291;813,294;812,297;812,302;812,306;814,308;813,315;815,318;812,320;814,325;814,328;815,332;812,336;815,342;812,346;812,349;812,353;813,356;812,360;813,364;813,369;812,372;813,376;815,381;814,386;815,391;814,395;813,397;812,402;815,404;814,408;812,412;814,416;814,421;814,425;814,428;812,435;815,436;815,443;813,446;813,451;814,452;815,458;814,460;812,467;814,468;813,475;814,477;813,482;813,485;814,490;812,494;814,496;813,503;812,505;813,508;814,512;815,516;814,520;814,526;813,531;812,533;812,536;812,541;813,547;815,548;813,553;815,559;815,560;812,564;814,568;813,575;813,577;814,581;812,584;815,588;815,592;812,596;812,602;815,606;815,610;815,612;815,617;812,620;815,625;812,629;814,633;815,639;812,643;814,645;813,650;812,653;815,658;814,661;815,666;814,670;812,674;813,676;814,683;813,684;813,689;812,695;814,696;813,701;813,705;815,708;813,715;813,717;815,720;812,726;812,731;815,732;815,738;814,743;813,746;813,751;814,755;815,758;812,761;815,764;815,770;815,772;812,778;814,782;814,787;815,789;812,793;812,798;812,801;815,805;814,809;815,815;814,816;812,821;812,826;813,830;813,832;815,837;812,840;814,846;812,851;815,855;812,856;815,862;812,864;813,870;812,875;813,878;814,880;813,884;813,890;813,892;815,896;812,902;812,906;812,910;813,915;812,916;813,921;812,927;813,930;813,932;812,938;813,943;812,944;814,950;813,954;812,956;812,961;815,965;812,969;815,973;815,978;814,981;813,987;812,990;812,992;812,997;812,1003;814,1005;814,1011;812,1014;814,1018;812,1021
816,1;816,4;818,10;818,15;817,17;817,23;818,24;817,30;817,33;817,39;817,43;817,46;816,49;816,54;816,58;816,62;818,67;819,68;817,73;816,76;818,82;817,87;817,91;817,94;819,96;816,102;817,104;816,110;818,114;818,117;816,122;819,125;816,130;819,132;818,139;816,142;816,146;818,151;816,154;818,159;818,162;819,167;818,168;819,175;819,179;817,183;819,186;818,190;817,194;817,197;816,201;816,207;818,211;817,212;819,218;817,222;817,224;817,229;819,235;817,239;817,240;818,246;819,248;819,254;817,258;818,260;818,265;818,268;816,275;816,279;819,280;816,284;816,290;816,292;818,298;816,300;818,307;817,308;817,314;817,316;817,322;817,327;816,331;818,332;817,337;818,340;816,347;819,351;819,352;817,358;819,360;818,367;818,370;819,372;819,379;818,380;819,385;816,391;817,392;819,396;819,403;819,407;816,409;817,413;819,418;816,421;816,424;818,430;817,432;817,439;817,442;818,445;819,449;817,452;819,459;818,460;819,465;816,471;816,474;817,479;816,482;817,485;816,489;816,495;816,496;817,503;817,504;817,508;817,515;818,516;818,521;816,526;816,531;817,532;819,538;818,541;817,546;819,549;819,554;816,557;819,560;816,567;816,570;816,574;817,578;819,581;819,587;819,591;818,594;818,598;819,600;817,607;819,608;817,615;819,618;817,621;816,624;819,630;816,634;819,636;817,640;816,647;818,650;816,652;818,659;817,662;819,667;818,671;817,675;816,677;816,680;819,687;817,688;816,694;819,696;817,702;816,705;819,709;819,715;816,718;818,723;818,725;819,728;818,735;819,738;816,740;818,747;819,750;816,753;819,759;818,762;817,765;817,771;819,775;817,778;818,783;816,784;819,788;816,792;816,798;817,800;816,804;816,808;818,814;817,816;818,821;817,826;816,831;819,835;818,836;816,841;816,847;817,851;816,852;817,858;816,863;817,865;819,868;816,873;816,878;819,880;817,887;817,890;819,893;819,896;817,900;817,904;816,909;816,913;818,919;818,921;819,924;818,929;818,932;816,936;819,942;819,944;817,949;819,954;818,956;819,961;816,967;817,970;818,973;818,978;817,983;818,984;819,991;816,995;817,999;819,1002;819,1004;817,1011;817,1015;817,1016;819,1022
820,1;823,4;822,9;820,12;823,18;822,22;820,26;822,30;820,33;823,38;823,42;820,45;822,49;821,54;821,58;823,61;820,64;820,70;821,75;820,76;820,80;823,87;823,88;823,95;822,97;821,103;821,105;822,111;822,115;822,117;820,123;820,127;821,129;822,132;821,136;823,142;822,145;820,150;823,153;820,156;821,160;823,166;822,168;822,174;821,177;820,183;822,187;820,190;823,193;820,199;820,200;823,207;821,211;822,214;820,219;822,223;823,224;823,228;820,234;821,238;823,240;820,246;820,251;821,254;823,256;822,262;823,264;822,270;821,274;821,278;823,282;822,285;821,289;820,295;820,297;823,300;820,304;820,310;823,312;823,316;821,321;820,326;821,328;820,332;821,336;823,340;822,345;820,348;820,355;821,356;820,361;820,367;821,368;823,372;820,377;823,383;821,385;821,391;821,395;821,397;821,401;822,406;823,411;821,415;821,416;823,420;820,425;821,431;823,434;822,437;820,440;820,444;823,451;821,454;820,458;822,460;823,464;820,471;820,474;820,476;820,483;821,486;821,489;822,494;822,497;820,501;820,506;821,509;822,512;823,518;822,521;822,526;822,530;820,532;821,539;821,540;823,544;822,548;821,554;822,556;820,561;822,564;820,568;821,575;820,578;820,583;821,586;820,591;821,593;823,599;822,602;820,605;823,610;822,612;820,617;822,622;821,625;823,631;822,633;821,638;821,643;821,645;823,651;822,653;823,659;820,663;821,664;822,670;821,674;820,677;821,682;821,685;822,691;820,695;822,699;821,700;821,707;820,711;820,712;821,717;823,723;823,725;822,729;821,735;823,737;820,742;823,746;823,749;820,752;820,757;820,762;823,766;822,770;820,772;823,776;822,783;823,785;822,789;820,794;821,799;821,803;822,806;823,809;823,815;822,817;823,822;822,827;820,830;821,835;820,836;820,843;822,846;822,851;823,853;820,857;820,862;823,867;822,871;823,874;821,878;822,881;821,885;820,890;822,894;820,897;821,903;822,907;821,909;820,915;820,919;820,923;822,926;820,929;822,933;823,938;822,941;821,947;820,951;821,953;820,959;820,961;821,967;821,969;823,972;820,977;820,980;820,987;821,989;821,994;823,996;820,1003;822,1006;820,1011;820,1013;822,1017;821,1020
825,1;826,6;825,11;827,12;824,18;824,23;827,24;826,30;826,34;825,39;827,43;825,44;826,51;827,54;824,58;824,61;827,67;825,70;824,75;826,79;827,83;825,86;827,91;827,93;824,98;824,101;825,104;824,110;827,112;825,117;826,120;826,127;825,130;825,134;824,137;827,141;827,144;827,148;827,152;827,159;826,160;826,166;826,171;826,172;824,176;825,183;825,185;827,191;827,195;824,198;826,201;825,204;827,209;826,214;825,216;827,221;825,224;827,230;827,234;824,236;827,240;825,247;824,250;827,255;827,258;827,263;824,264;824,271;826,275;824,279;825,280;824,284;825,291;827,294;824,299;824,302;824,306;827,308;825,314;827,317;826,322;824,326;825,331;824,332;826,336;827,341;824,347;824,348;824,355;827,356;826,362;825,364;824,370;824,372;827,377;826,380;824,385;824,390;825,394;826,398;827,403;827,404;824,408;824,414;825,419;826,422;825,427;826,431;825,433;826,438;824,443;825,446;825,450;824,454;824,456;824,462;827,467;827,470;825,472;825,478;824,481;825,486;825,491;824,494;825,497;826,500;827,504;827,509;824,512;825,517;826,523;827,524;827,531;827,533;826,536;824,543;827,546;826,548;827,554;826,559;824,560;824,567;826,570;825,574;824,576;824,583;826,585;824,589;825,594;827,599;824,601;826,606;824,608;827,614;824,616;826,622;826,626;826,628;825,635;824,638;825,641;827,646;824,650;825,654;825,657;826,663;824,665;827,668;827,672;826,676;826,683;825,685;824,690;827,695;824,697;825,702;827,707;827,708;826,715;827,716;825,721;826,726;826,731;826,735;826,737;824,741;824,746;824,748;824,754;827,759;826,762;824,767;825,771;826,774;826,778;825,781;824,787;824,788;827,794;827,796;827,802;825,804;826,810;825,815;824,816;824,822;824,825;826,831;825,833;827,837;824,842;825,844;824,849;825,855;825,858;824,861;825,867;824,870;825,872;825,876;826,882;825,884;826,889;827,893;824,898;827,903;827,904;827,909;824,913;824,919;824,920;826,924;825,930;826,934;827,937;827,941;827,947;827,949;824,955;826,958;827,962;826,966;827,968;827,975;827,978;826,980;826,987;825,991;824,992;827,996;825,1001;827,1006;824,1008;825,1014;827,1017;826,1022
831,2;828,7;831,10;829,14;830,19;831,22;828,24;831,29;829,32;831,37;829,42;830,45;831,49;828,54;828,56;829,61;829,67;830,69;828,73;830,78;829,82;829,85;828,91;831,94;831,97;830,103;828,104;829,109;829,112;828,117;831,120;831,127;831,128;828,132;828,138;831,141;828,147;830,148;828,152;831,159;831,163;829,165;829,170;828,174;831,176;830,181;831,184;830,190;828,194;828,198;830,200;830,205;830,208;829,212;831,218;829,221;831,227;828,230;829,233;829,237;831,243;830,245;828,250;831,252;828,257;830,261;829,267;831,271;831,275;828,279;830,280;828,285;830,288;830,294;830,296;831,301;829,307;830,311;828,312;829,319;828,322;830,324;830,330;828,333;831,338;829,341;831,345;831,350;830,355;830,358;829,362;829,365;828,369;828,374;828,376;831,382;830,386;830,390;829,394;831,396;831,401;830,405;830,410;831,415;830,417;828,421;830,425;831,429;829,434;830,439;831,440;831,446;831,448;831,454;828,459;829,461;829,466;829,469;828,475;829,479;830,480;830,486;830,490;828,494;829,499;828,500;829,507;829,510;831,513;830,518;831,522;831,524;831,529;828,533;829,539;831,543;829,545;828,549;828,555;828,558;829,560;831,565;830,571;831,575;829,576;831,582;828,585;831,588;831,593;829,597;831,601;829,604;831,610;830,614;828,616;828,623;830,625;831,631;829,632;830,636;831,640;831,644;828,649;828,654;830,658;830,660;829,666;830,670;828,674;831,679;828,680;831,685;830,690;830,694;830,698;830,700;830,707;829,708;830,713;828,717;830,721;831,725;828,730;831,735;829,738;831,742;828,747;831,748;829,752;830,758;831,762;829,766;831,770;830,775;828,777;829,781;829,786;830,790;830,795;829,799;829,803;830,807;829,809;830,814;828,817;830,822;828,826;830,830;828,834;829,839;830,840;829,844;831,851;828,853;831,856;830,860;828,864;831,871;830,873;828,879;828,880;829,884;828,889;829,893;830,896;831,901;829,904;829,910;828,912;830,917;828,923;831,925;828,930;830,935;829,938;828,941;828,944;829,951;830,955;831,958;830,962;831,965;829,968;831,975;830,978;830,982;828,984;829,988;828,994;829,999;831,1001;831,1007;829,1008;829,1014;831,1017;828,1022
834,3;835,7;835,11;835,12;832,19;835,21;832,26;833,29;833,33;834,39;833,40;832,44;833,51;835,52;835,56;835,60;834,65;835,69;832,72;834,76;832,83;835,85;832,90;834,94;832,96;834,102;832,107;834,108;833,112;834,116;833,120;833,127;834,131;834,134;834,139;832,140;834,145;834,150;833,152;835,159;833,163;834,164;834,170;835,175;835,178;834,183;832,184;834,190;835,193;833,197;835,200;833,205;835,209;835,213;834,218;834,222;835,227;835,228;832,232;834,238;833,240;833,245;832,250;833,255;833,259;835,263;834,265;834,268;835,274;834,276;832,280;833,284;835,290;833,294;835,297;835,303;832,306;833,308;835,312;835,319;834,323;834,324;834,331;832,335;832,337;834,343;835,345;832,349;834,355;834,357;835,360;835,365;833,370;833,372;833,377;835,383;835,386;835,390;835,395;835,398;835,403;835,406;833,410;835,412;833,419;835,421;835,426;832,429;833,432;835,436;834,441;833,444;835,448;835,455;835,458;832,463;835,467;835,468;835,473;834,477;835,481;835,485;835,488;833,492;835,499;835,503;832,507;834,511;834,514;835,519;832,523;834,526;835,531;832,532;833,538;834,543;834,544;834,551;835,553;835,556;835,560;834,566;832,569;833,574;833,579;832,583;832,585;835,589;833,594;834,596;834,601;833,607;834,609;832,614;832,619;835,620;835,625;834,631;834,632;834,638;834,640;833,646;833,650;832,653;835,656;834,660;835,664;835,669;835,673;832,677;835,682;832,685;832,690;834,695;832,698;835,700;835,707;834,710;835,712;832,716;833,720;832,725;834,728;833,734;834,739;835,740;833,744;835,749;835,755;835,756;834,763;834,766;835,768;833,773;832,778;832,780;833,785;832,789;833,795;833,798;834,801;835,806;835,810;832,815;835,818;835,820;835,826;835,828;833,835;833,837;834,840;835,845;833,849;835,853;832,856;833,863;835,867;835,871;834,873;834,879;832,880;835,887;835,890;832,894;833,899;833,902;832,905;832,910;834,915;832,916;835,921;834,926;834,930;835,934;833,938;832,943;835,944;832,951;835,955;835,959;835,962;834,965;834,971;835,972;833,979;834,983;835,985;834,988;834,994;834,998;832,1001;835,1006;835,1009;834,1015;834,1019;834,1020
838,0;838,4;839,8;839,15;837,19;837,20;837,24;838,31;836,35;838,36;836,40;839,44;837,51;839,52;838,57;839,63;837,64;836,70;838,74;836,76;838,80;837,87;838,90;839,93;837,96;837,101;838,104;837,109;836,112;837,116;838,122;838,126;839,131;836,135;839,138;839,140;837,146;838,149;836,155;836,156;836,162;839,165;838,170;836,172;839,176;836,183;837,187;837,191;839,193;836,196;839,201;837,207;836,211;838,214;838,217;837,221;839,224;839,228;837,235;839,236;838,241;839,247;837,249;839,254;836,257;838,262;836,266;838,270;838,274;838,277;838,280;836,285;838,291;838,292;836,296;836,301;839,306;837,310;838,315;836,318;837,322;839,325;837,329;837,335;838,337;839,342;839,345;838,348;839,353;839,359;839,363;838,365;837,370;836,373;836,379;837,381;838,385;836,388;839,394;839,398;838,400;839,407;836,411;836,415;837,418;837,420;839,427;838,429;838,432;838,439;839,442;837,447;837,449;838,454;839,459;838,463;839,467;837,469;839,475;838,478;839,483;836,485;838,488;838,492;837,498;838,500;839,504;837,511;837,513;838,517;839,522;838,525;837,529;838,535;839,536;836,543;838,547;837,551;836,553;839,556;839,560;839,567;839,570;836,575;838,577;839,581;836,585;838,590;839,594;836,599;839,602;839,606;838,611;839,612;836,617;836,621;837,627;837,628;838,632;839,639;839,640;839,646;838,650;838,654;838,659;837,660;837,665;836,670;839,672;838,679;838,683;837,685;839,690;839,694;837,697;837,702;838,706;837,710;838,714;839,716;838,722;839,724;837,728;838,735;838,737;837,740;836,745;838,749;837,753;837,757;838,762;837,765;837,769;838,775;838,778;838,780;839,787;839,788;837,793;837,796;839,800;839,807;839,809;838,813;839,816;836,822;839,827;836,829;837,832;837,837;839,840;838,846;837,848;839,854;836,857;839,861;839,867;838,868;839,872;839,876;838,881;837,884;839,889;839,895;836,897;838,903;836,907;838,909;838,912;836,917;839,923;839,927;837,931;838,934;839,938;838,943;839,945;839,948;839,952;837,959;838,961;839,964;836,968;837,975;837,977;838,982;837,987;839,991;838,994;839,996;839,1003;837,1005;836,1008;839,1012;836,1018;838,1022
843,1;840,5;843,10;841,15;840,16;840,21;842,24;841,30;842,33;841,39;840,42;840,45;840,48;842,55;842,58;843,61;843,65;840,69;842,74;842,78;841,80;843,87;840,91;841,95;843,96;842,103;843,106;840,111;841,112;840,119;841,122;841,126;840,129;843,135;840,139;843,142;842,146;840,151;841,154;841,157;841,163;841,164;841,168;842,174;841,178;842,182;842,185;840,189;840,193;843,196;840,203;840,206;843,208;843,215;840,217;843,220;842,224;843,229;842,232;842,237;843,241;840,247;840,250;843,254;840,257;841,260;842,266;840,270;840,272;841,277;843,280;841,286;841,289;842,294;842,299;840,302;840,307;843,311;843,314;843,319;842,323;842,326;842,329;843,333;842,337;842,342;840,344;842,350;843,353;840,358;842,360;840,367;843,368;843,375;843,379;843,381;842,387;840,391;842,394;842,398;841,401;843,404;841,411;841,413;841,418;843,420;843,426;843,429;843,432;843,439;842,443;842,447;842,448;842,454;843,458;843,462;842,467;840,471;843,475;841,479;843,483;842,485;840,488;841,494;843,498;840,500;840,506;841,508;841,514;841,517;843,521;841,524;843,528;843,533;840,538;841,542;843,546;840,549;842,554;840,557;843,563;842,566;841,569;843,574;843,577;841,580;841,584;842,588;843,593;841,597;840,602;842,606;842,611;842,613;840,617;842,623;843,624;843,629;840,632;842,639;841,641;840,645;840,648;840,652;842,659;842,663;842,664;840,668;840,674;842,679;842,682;842,685;843,690;842,693;840,698;843,702;840,707;843,709;842,714;840,716;841,722;840,725;842,730;842,732;840,736;843,743;843,746;840,748;843,752;842,756;840,760;840,767;843,770;843,774;840,779;842,783;842,784;843,791;842,792;843,799;843,801;840,807;842,809;842,812;843,816;843,821;841,824;841,828;842,835;843,838;841,841;842,845;840,851;843,852;843,858;843,862;843,866;843,871;843,874;840,879;841,881;841,886;843,888;840,895;842,896;843,900;843,907;842,911;842,913;840,918;841,923;841,925;843,929;841,935;840,939;843,942;840,946;841,948;840,952;842,956;841,961;842,967;842,968;842,975;842,977;842,981;841,987;842,991;841,994;841,996;841,1002;841,1004;843,1010;841,1013;842,1018;843,1022
844,2;846,4;844,9;844,15;844,17;845,20;847,25;844,30;847,32;844,36;847,43;847,44;846,49;846,55;844,57;845,62;845,67;846,69;845,74;846,78;847,82;845,85;844,89;844,92;845,97;844,102;847,105;845,109;847,115;845,119;845,120;847,126;847,128;847,133;844,138;847,142;845,145;844,150;844,152;844,157;844,163;845,167;846,168;846,174;844,176;847,182;844,185;844,188;847,194;845,199;846,203;847,206;844,210;845,213;847,219;845,220;844,226;845,228;846,232;847,239;844,242;845,245;846,251;844,253;847,258;847,262;844,265;847,271;847,273;846,276;846,282;845,286;845,291;844,292;847,299;845,301;846,307;844,311;846,313;847,316;845,322;844,326;844,329;846,334;847,337;844,342;844,344;847,349;844,353;846,359;847,362;847,367;845,371;845,374;846,377;846,381;846,384;847,388;844,395;846,399;847,403;845,404;847,410;844,414;845,418;846,423;845,426;847,428;846,432;845,439;847,443;847,444;847,448;844,453;847,456;846,463;845,466;846,470;844,472;845,479;847,481;844,487;844,488;846,492;846,496;844,500;844,506;847,511;844,512;844,519;844,523;845,527;845,528;845,532;845,538;845,541;844,544;845,551;845,553;845,559;847,562;846,567;847,570;845,573;847,577;844,580;846,587;846,588;844,592;845,596;844,603;844,606;845,608;846,614;847,616;845,621;845,626;845,631;847,635;845,636;846,643;844,645;846,650;846,652;846,656;844,662;846,666;844,671;845,672;845,678;844,681;845,684;844,689;845,692;844,696;847,701;846,707;845,710;845,712;844,716;847,723;845,724;847,731;847,732;844,736;845,741;845,747;846,751;847,753;844,757;847,761;844,767;846,769;844,773;844,779;844,782;845,787;847,791;844,795;846,797;844,800;847,805;846,808;844,812;844,818;844,821;846,824;844,830;844,835;847,836;844,840;844,846;847,849;847,852;847,858;845,863;846,865;846,868;844,875;846,878;845,882;847,884;847,890;846,895;845,899;847,903;844,906;845,908;847,913;847,919;847,923;844,926;846,931;847,935;844,937;847,940;847,947;846,951;845,952;846,956;846,963;847,964;847,970;845,975;847,977;844,980;847,987;845,991;845,992;845,998;847,1003;847,1005;847,1010;847,1012;846,1018;847,1020
849,2;849,5;848,9;849,14;849,16;849,20;850,24;848,29;851,33;848,37;848,43;850,44;850,48;849,53;850,58;851,62;848,64;851,69;851,74;849,77;848,81;849,87;851,88;849,95;849,97;851,103;848,105;849,108;848,113;849,119;851,122;848,126;850,130;849,134;850,136;848,143;851,146;851,150;850,152;851,156;851,162;851,164;850,168;850,172;850,177;848,183;848,186;848,188;848,195;848,198;849,203;851,205;850,211;851,213;849,216;848,223;850,227;848,230;851,235;849,239;849,243;848,246;849,248;850,254;850,258;851,261;851,265;850,268;849,272;848,276;848,283;851,284;850,291;848,294;849,297;849,302;849,307;848,310;848,313;848,316;848,320;851,324;850,329;849,333;851,336;850,343;851,347;851,349;851,355;850,357;849,360;848,364;848,368;851,373;851,379;848,380;851,384;850,391;849,394;849,399;848,400;851,406;848,410;850,415;848,416;848,421;850,426;849,428;851,435;851,438;851,443;850,447;848,448;850,452;849,458;848,463;848,467;850,471;848,475;849,476;851,480;851,485;851,490;850,493;848,496;849,500;851,507;851,508;848,514;851,518;848,521;848,527;851,530;849,532;848,536;850,541;848,545;849,551;850,555;849,558;849,560;850,566;851,568;851,575;851,578;850,580;849,586;850,588;849,592;851,598;851,603;851,607;848,611;850,614;850,618;851,620;849,624;849,629;851,635;849,639;850,641;849,644;848,649;849,654;850,659;851,662;849,664;850,671;850,673;851,679;849,680;850,684;851,688;850,694;849,698;850,702;848,706;850,711;851,712;851,718;851,720;851,724;848,730;850,732;849,737;851,741;850,745;851,751;851,754;851,756;850,760;851,765;850,770;851,773;849,777;850,781;850,785;849,788;850,793;851,799;848,801;850,807;848,810;851,813;850,817;851,820;851,824;849,828;851,832;848,838;850,842;848,847;850,849;850,855;848,858;850,860;849,865;848,869;848,873;850,878;848,881;850,884;850,890;851,893;848,899;850,903;851,906;849,911;851,914;848,918;851,921;849,924;849,931;850,932;849,939;851,943;851,944;850,949;848,954;849,957;848,960;849,967;851,968;849,975;850,978;848,983;848,986;848,990;849,992;851,998;850,1000;851,1005;849,1009;851,1012;849,1019;848,1021
852,2;852,6;854,10;852,13;852,17;855,23;855,27;855,31;853,33;854,37;853,43;852,44;852,51;855,54;854,59;853,60;853,64;854,71;853,73;854,77;853,80;852,87;853,88;852,93;854,98;855,103;855,105;855,109;855,115;852,116;854,120;853,124;853,128;853,134;854,139;855,143;852,145;852,151;852,154;855,156;852,163;855,167;852,168;854,175;853,178;854,180;854,187;855,191;854,194;853,197;854,200;855,206;852,210;852,214;852,217;852,220;853,226;854,231;852,235;855,238;854,240;854,247;855,251;853,252;855,256;852,263;853,265;855,268;854,272;854,278;853,282;855,287;852,291;855,294;853,297;855,302;855,307;852,311;855,314;852,316;852,321;855,327;855,328;853,334;855,336;855,342;853,345;853,348;855,353;854,357;855,362;854,365;854,368;855,375;852,377;853,381;853,385;854,389;852,395;854,397;852,403;852,407;853,409;854,412;853,417;855,422;852,427;852,429;852,433;852,438;854,441;853,445;855,451;854,454;855,458;853,463;854,467;854,470;854,474;854,477;854,482;854,485;852,491;853,495;855,496;853,500;854,506;854,509;854,512;854,519;852,521;854,527;855,529;853,533;854,536;854,543;853,544;855,550;852,554;854,557;852,561;853,564;854,569;852,574;855,578;855,580;853,585;854,591;853,594;855,598;854,601;852,605;855,609;853,613;853,619;854,620;855,625;853,629;855,634;855,639;854,641;854,647;852,648;854,652;855,656;855,660;854,666;852,670;854,674;853,677;852,682;852,684;852,688;853,693;855,696;855,702;855,704;854,709;853,712;854,718;853,723;852,725;854,729;855,735;855,737;853,742;853,745;852,750;854,754;855,756;852,761;855,766;852,770;853,773;855,779;852,781;855,787;854,790;853,795;854,799;852,800;854,806;855,810;853,815;855,819;855,821;853,825;854,831;852,834;855,839;855,841;854,844;854,848;855,853;852,858;855,860;854,866;855,869;854,874;852,878;855,881;854,886;853,891;854,894;854,898;855,901;853,905;853,911;854,912;854,918;852,921;854,926;853,929;852,934;852,936;853,942;854,945;855,949;855,952;852,958;854,960;853,966;853,971;855,973;853,976;854,982;854,987;855,989;854,992;855,999;855,1003;852,1005;853,1009;855,1015;854,1018;852,1020
858,2;858,5;856,9;858,14;856,16;857,23;856,24;856,28;858,33;859,37;856,42;856,46;856,51;859,54;856,56;859,62;859,65;857,69;856,73;857,77;856,82;856,87;856,88;856,92;859,99;857,102;856,105;859,109;858,113;859,116;859,122;859,125;859,131;856,132;857,138;856,142;858,146;857,151;859,152;858,159;856,162;857,164;858,168;857,173;857,179;859,180;858,187;856,189;859,193;857,197;856,201;858,205;858,209;859,214;856,217;857,220;856,226;856,231;858,232;856,239;857,243;859,247;859,248;856,252;857,256;859,263;859,266;858,268;856,275;857,276;859,281;858,286;859,291;858,294;857,297;858,300;859,305;859,309;856,312;857,316;856,322;856,326;858,331;857,332;856,336;858,340;856,345;859,350;856,355;858,358;859,363;858,365;857,371;858,373;858,376;856,383;859,387;859,388;857,393;859,397;856,403;856,407;859,408;859,412;859,418;858,421;859,426;856,431;857,435;857,437;859,442;856,447;856,448;856,453;856,458;857,463;859,465;856,468;858,472;858,479;856,482;857,485;859,491;856,493;856,496;858,502;859,504;858,510;858,515;856,516;858,521;858,527;859,529;857,533;857,536;857,543;859,547;857,551;858,555;857,556;857,563;856,565;857,568;858,574;859,579;857,581;857,585;857,589;859,595;859,598;857,603;856,607;859,610;856,615;856,617;858,620;857,624;857,629;857,635;857,639;857,643;858,646;857,649;858,654;858,657;856,663;856,664;857,670;858,673;856,676;859,682;858,687;857,691;857,692;856,697;856,702;857,706;857,709;859,712;856,719;857,723;856,726;859,730;859,735;858,738;856,740;857,745;858,751;856,754;858,756;858,763;857,765;856,768;858,774;856,778;856,783;856,786;856,789;859,794;858,799;857,801;859,805;856,809;859,814;858,816;856,820;857,824;858,831;856,833;856,836;857,840;856,845;858,849;859,852;857,859;858,863;858,867;859,868;859,872;859,877;856,882;856,885;859,889;857,895;856,898;857,903;857,904;856,911;857,914;857,917;858,921;856,927;858,928;857,934;858,937;856,942;859,947;858,951;859,952;858,959;856,963;859,965;858,971;857,973;857,977;858,980;859,986;856,988;859,993;859,999;856,1001;856,1007;856,1010;857,1012;858,1017;858,1022
863,2;863,7;861,8;862,13;861,19;861,22;863,27;863,29;860,32;863,37;861,41;863,46;863,50;861,54;861,59;861,62;861,64;862,69;862,73;861,77;863,83;862,86;863,88;861,94;862,99;862,102;861,105;861,111;862,113;862,117;860,120;861,124;862,131;863,135;863,139;863,142;860,147;860,149;861,153;860,156;861,163;862,164;862,168;863,172;863,176;861,182;861,186;861,188;861,195;863,196;863,202;860,207;861,211;862,213;861,218;861,222;860,224;860,231;862,232;861,236;863,243;861,246;860,248;860,255;860,256;860,262;862,265;862,269;861,275;862,276;863,283;861,284;861,291;862,295;860,297;861,303;860,305;860,310;860,312;863,319;860,322;862,326;862,331;862,333;863,339;860,343;860,347;863,351;860,355;860,359;861,360;862,365;862,369;860,373;860,378;863,382;860,386;862,388;860,394;862,398;860,403;860,406;861,408;860,412;863,416;863,421;861,427;863,431;862,432;862,437;861,440;861,447;861,449;862,455;860,459;862,462;862,464;862,470;863,475;860,477;862,481;862,485;862,489;862,493;863,496;863,502;861,504;860,511;862,515;863,516;862,523;861,524;862,531;861,535;863,536;862,541;863,545;862,549;861,552;860,557;861,562;863,565;860,571;863,572;860,577;862,583;863,587;863,589;863,593;862,597;860,600;863,605;860,609;863,614;861,619;861,622;863,624;861,629;860,632;863,636;863,641;863,647;862,651;862,654;861,657;860,663;863,667;861,668;863,674;862,679;862,680;863,687;863,688;861,693;861,699;860,700;860,705;861,710;860,715;862,718;860,720;861,725;862,731;862,735;863,738;862,742;863,746;860,751;863,753;861,758;861,761;863,767;862,770;860,773;860,779;860,782;862,786;860,789;860,795;860,797;862,802;863,805;862,808;862,813;861,816;863,822;862,825;861,831;860,832;860,839;861,841;863,845;862,850;860,854;861,858;863,863;861,867;863,868;861,873;862,878;861,883;860,887;860,888;861,894;861,897;862,900;862,907;863,911;860,913;862,916;861,920;863,927;862,931;863,933;863,938;861,943;862,944;863,949;860,955;863,959;862,963;862,966;862,969;861,973;862,976;861,980;863,984;863,989;862,993;863,996;860,1001;860,1005;861,1011;861,1014;861,1017;863,1020
865,1;866,7;865,8;864,12;865,17;865,21;865,25;866,30;865,32;866,39;864,41;865,47;865,49;867,55;867,58;864,63;867,66;867,69;864,73;867,78;865,81;867,86;867,90;866,92;867,96;864,103;866,107;864,108;864,115;864,116;866,122;864,127;866,129;864,133;865,139;864,140;866,144;864,151;867,155;867,156;865,163;865,164;866,168;864,172;865,177;864,183;866,187;864,188;864,195;867,198;864,202;867,204;864,209;866,214;866,216;864,222;866,224;864,228;865,233;866,236;866,243;867,246;866,248;865,254;866,259;866,262;865,265;864,268;866,273;864,276;867,282;864,286;866,288;865,293;867,299;866,300;866,304;865,309;865,314;867,316;867,323;864,325;867,330;867,334;865,336;867,342;867,344;865,350;864,355;865,358;867,362;866,367;865,371;865,373;865,376;865,381;864,385;864,389;867,395;867,397;864,401;867,407;865,409;867,412;866,416;867,420;865,427;867,431;866,432;866,436;864,440;865,445;865,448;864,454;864,459;864,460;866,467;866,470;865,473;864,479;867,483;864,485;864,491;866,493;865,498;867,500;867,505;866,511;864,515;864,517;864,521;867,527;864,530;866,532;864,538;867,542;866,545;864,549;867,555;866,558;865,563;866,564;865,570;865,572;865,577;865,582;866,584;866,588;865,592;865,598;866,600;866,606;867,611;864,612;865,618;864,620;867,625;864,629;866,635;866,638;866,640;864,646;866,650;867,655;866,656;865,661;867,666;865,669;866,674;864,678;864,682;864,687;865,689;866,693;864,699;867,701;865,704;867,710;864,713;867,717;865,720;864,724;867,728;867,735;865,736;867,743;867,746;867,751;867,754;864,758;867,762;866,767;866,770;865,775;865,776;866,782;864,784;867,789;865,794;867,796;866,803;866,804;864,808;867,814;867,817;864,823;865,825;867,830;866,834;865,839;864,842;865,844;864,849;864,852;864,858;866,863;866,864;867,868;867,875;867,876;865,883;864,885;864,888;867,894;866,897;865,900;867,907;867,909;864,915;864,916;865,920;866,925;864,930;867,932;866,939;864,942;867,945;867,950;867,952;864,958;864,962;864,966;865,970;866,972;864,977;864,980;866,987;866,991;864,994;867,996;865,1001;866,1005;865,1011;865,1014;864,1019;867,1022
870,3;870,4;868,11;870,14;869,16;868,20;869,24;871,28;869,33;870,39;871,42;871,44;869,48;870,55;869,56;869,62;869,65;868,69;868,74;868,76;870,83;869,87;871,91;868,94;871,98;869,100;868,104;868,110;868,113;870,117;870,122;869,125;869,131;869,132;871,136;870,140;871,146;868,149;869,154;871,156;870,163;868,167;869,168;869,173;870,177;871,183;871,186;870,188;869,194;868,199;869,203;870,205;870,209;868,215;871,216;870,220;870,227;870,230;870,234;869,239;870,241;870,247;868,250;869,253;870,257;869,260;871,265;869,268;868,274;871,278;869,282;869,285;870,288;868,295;870,297;869,300;869,305;869,309;869,315;870,316;870,321;871,324;870,329;870,333;868,336;868,342;870,346;870,351;869,353;870,358;870,363;869,367;870,369;870,374;870,378;868,383;869,385;871,390;870,394;868,397;869,401;869,406;868,411;868,415;870,417;869,421;869,427;868,430;871,432;868,437;868,440;870,446;870,450;871,455;871,458;870,463;871,467;870,471;871,474;868,476;869,481;869,487;869,488;868,494;869,499;870,503;868,504;869,510;868,512;868,516;868,521;871,525;869,530;868,533;870,537;868,543;869,544;871,550;869,552;870,558;871,562;870,566;869,569;869,574;868,577;869,580;869,584;869,588;870,594;868,598;868,603;868,607;869,608;871,615;871,619;868,622;869,627;871,628;870,633;870,639;868,640;871,644;869,650;868,655;870,656;868,662;871,664;871,668;870,674;870,677;871,680;871,685;870,689;868,694;868,699;868,702;870,706;868,708;869,712;869,716;868,721;868,724;871,731;869,735;871,738;871,740;869,747;871,751;870,752;871,757;871,760;869,765;870,768;868,773;869,778;871,782;868,786;869,789;871,794;871,799;870,800;870,805;869,809;868,813;868,817;869,822;871,826;869,829;870,835;870,836;869,843;868,847;870,851;871,854;871,858;868,863;870,867;868,871;869,872;869,877;871,880;869,884;868,889;869,894;868,899;871,901;870,907;870,909;871,912;868,917;871,921;871,924;871,931;870,934;868,937;868,943;869,945;869,950;871,953;869,958;870,960;869,966;868,969;868,973;868,977;870,982;868,987;871,991;870,993;870,996;868,1001;871,1005;868,1011;868,1013;869,1017;870,1020
874,1;873,6;874,11;875,14;875,19;875,22;872,26;875,31;875,34;873,38;873,42;875,44;874,50;873,55;874,56;874,61;875,64;874,69;872,73;873,79;873,82;874,86;872,89;874,93;872,96;875,101;874,107;875,111;875,115;873,117;875,120;873,127;873,129;874,133;872,137;873,140;874,147;875,151;875,152;874,156;873,162;875,167;874,168;872,173;874,179;872,183;873,184;874,189;874,192;873,196;875,201;875,206;872,210;873,213;872,218;874,221;873,227;874,231;873,235;872,236;873,243;872,247;872,250;872,252;872,259;875,263;873,264;874,268;874,273;875,278;875,283;872,285;873,291;875,295;874,296;873,300;875,306;873,309;874,315;874,317;872,322;874,325;872,329;872,335;872,339;872,343;874,346;874,348;875,352;873,356;872,363;872,366;875,369;874,374;873,376;872,383;874,384;874,388;873,394;874,397;872,403;875,404;873,411;872,415;873,417;872,420;874,427;875,429;873,434;874,436;872,441;875,446;873,450;872,454;872,459;872,463;874,464;875,470;875,475;875,478;875,480;875,486;874,490;875,494;873,496;872,501;874,507;874,510;872,512;873,516;873,523;873,526;875,529;874,533;874,536;874,541;875,547;873,551;875,555;872,559;874,560;874,566;874,570;872,573;875,579;875,583;875,586;873,588;874,594;872,596;875,600;874,604;875,610;872,613;874,618;875,621;874,626;875,630;872,633;874,636;872,640;874,644;872,650;872,652;875,657;875,663;874,666;872,668;874,673;874,678;873,683;875,685;875,690;875,692;874,699;872,703;873,705;872,710;875,715;873,716;872,720;873,727;874,728;874,732;875,738;875,741;875,746;873,748;874,755;875,758;873,761;874,765;874,769;872,772;873,777;873,783;875,786;875,788;873,795;875,799;872,802;874,807;872,810;872,812;872,817;872,820;872,826;875,830;872,833;872,838;872,843;874,844;872,850;873,854;874,857;873,861;873,866;872,871;872,874;872,877;872,880;875,887;875,891;875,893;875,896;875,900;874,905;874,911;872,914;874,917;872,922;874,924;874,931;873,933;874,937;874,941;875,944;872,949;874,955;875,958;874,962;873,967;872,971;873,975;874,976;875,982;875,986;873,990;872,992;875,998;874,1000;872,1007;872,1011;872,1015;872,1016;872,1020
877,2;878,4;879,10;878,15;879,19;878,20;877,27;876,29;876,33;878,37;879,40;877,47;879,48;879,54;877,59;877,61;877,66;876,69;878,73;878,78;876,83;879,85;876,90;879,92;878,98;876,100;878,104;879,110;877,115;878,117;876,123;876,125;879,129;878,132;876,138;877,143;876,144;877,151;879,155;879,157;876,163;876,167;879,168;877,174;878,177;876,183;878,185;878,190;876,194;876,199;876,201;879,204;878,210;877,213;876,218;879,222;878,225;877,230;876,233;878,237;878,240;877,244;876,251;876,254;877,256;877,261;876,264;876,270;879,273;876,277;877,280;879,286;878,288;878,292;876,296;879,303;879,307;878,309;877,315;876,319;879,323;879,326;878,328;879,335;879,339;878,342;877,346;879,350;879,353;876,356;879,362;879,366;878,371;876,375;877,377;877,381;878,384;878,391;877,392;879,398;877,401;878,406;877,410;878,413;876,418;876,420;876,424;876,429;876,433;878,436;879,441;877,444;877,451;877,452;876,458;878,463;878,464;876,468;879,472;877,478;876,482;879,485;879,490;879,495;878,498;876,501;877,506;876,508;877,513;878,516;879,523;876,527;878,531;879,535;879,537;879,543;879,546;878,551;878,552;879,556;879,562;878,564;877,571;878,574;877,576;878,582;876,585;877,590;876,593;877,597;877,601;877,607;879,610;879,615;877,616;878,623;877,627;878,630;879,633;876,636;878,643;876,645;877,649;876,652;878,657;878,660;879,667;876,671;879,673;879,676;877,683;876,685;876,690;878,693;877,696;877,702;878,705;876,710;877,715;876,716;876,721;879,726;876,728;876,733;878,739;876,742;877,744;876,748;876,755;877,756;876,760;879,766;879,769;878,773;876,778;876,780;877,786;877,788;876,795;878,797;878,802;877,807;876,808;877,814;878,817;876,820;876,825;876,830;878,834;877,836;877,843;877,844;877,849;876,853;876,858;876,861;876,867;879,870;877,875;878,876;877,880;879,884;879,888;878,894;879,897;877,900;878,905;876,909;879,913;877,919;877,923;877,927;879,931;877,932;877,938;878,943;879,945;876,948;876,954;876,958;876,961;879,965;877,968;876,972;878,977;877,982;879,987;879,991;876,994;876,997;876,1000;878,1004;878,1011;878,1014;877,1017;878,1021
883,1;882,6;880,9;882,12;883,17;880,21;881,24;881,30;883,32;881,37;880,42;882,44;880,49;881,54;883,59;883,60;881,64;881,71;883,73;881,79;882,81;883,84;882,89;883,95;883,96;881,100;882,106;880,108;882,115;882,117;881,123;883,126;881,131;883,135;883,139;881,140;882,144;883,148;881,154;881,157;883,162;881,167;880,168;881,174;880,177;880,181;882,184;880,189;881,195;881,197;880,203;881,206;882,211;881,213;880,219;881,220;883,227;881,230;882,235;882,238;882,243;881,244;880,249;883,255;883,256;880,261;880,264;882,270;882,272;880,277;883,280;880,286;882,291;883,292;883,296;883,301;880,307;881,308;883,313;881,316;880,320;882,325;882,329;882,332;882,339;883,343;883,345;882,350;883,352;880,359;881,361;880,364;881,369;881,374;882,376;881,380;881,386;883,389;883,395;882,397;881,403;880,406;880,410;882,413;880,416;882,420;880,427;883,428;882,432;880,439;883,441;883,444;882,449;881,455;880,456;880,460;880,467;881,470;880,473;882,477;880,482;881,486;882,489;881,494;883,496;883,500;880,506;882,508;883,515;883,518;881,520;880,527;880,530;883,532;883,538;881,540;880,547;880,551;880,554;880,556;880,563;880,567;880,570;880,573;880,579;880,580;883,585;882,591;883,592;880,597;882,601;882,605;882,611;880,615;880,618;881,621;883,627;880,631;881,634;882,636;880,642;880,647;880,650;880,654;882,659;883,662;880,667;880,670;880,673;881,676;883,683;882,686;880,688;883,693;883,696;880,701;880,707;880,711;882,714;882,719;880,721;880,727;881,730;881,735;880,736;880,740;882,744;881,750;882,754;880,758;880,760;881,765;880,768;880,775;881,776;881,780;883,784;880,790;883,795;881,798;880,800;882,807;882,809;883,813;881,817;881,822;883,826;883,830;880,832;881,837;883,840;880,847;882,851;883,853;882,858;882,861;883,866;881,868;881,874;883,879;881,883;881,884;881,889;883,894;881,896;882,902;880,906;880,911;882,912;881,919;882,921;881,926;882,930;882,934;880,939;883,941;880,945;883,949;881,952;883,959;882,963;882,965;881,968;880,975;881,979;882,980;881,984;881,991;880,994;883,996;882,1000;881,1005;880,1010;883,1012;882,1016;883,1020
885,2;884,4;887,11;885,15;884,18;886,20;887,25;887,28;884,32;886,39;884,42;885,45;885,48;885,54;884,58;886,61;886,65;886,69;884,73;884,78;885,81;884,86;886,89;886,95;886,96;887,100;884,107;886,111;885,115;887,119;885,122;885,126;887,128;887,133;884,139;887,141;886,146;884,149;887,154;885,156;884,162;885,167;887,168;885,174;886,178;886,182;884,187;885,189;885,193;887,197;887,202;884,206;886,211;886,212;884,219;886,223;887,225;885,228;887,235;887,237;887,240;887,245;884,249;884,254;886,257;884,262;885,265;886,271;886,274;884,276;887,281;886,285;887,290;886,295;887,296;887,300;887,306;887,310;887,315;887,316;884,320;884,327;884,331;885,334;885,336;887,341;887,346;884,349;885,355;886,356;884,361;887,365;885,369;885,372;884,376;884,380;885,385;886,391;887,393;887,396;884,403;887,406;884,410;887,412;887,418;885,423;886,427;884,431;886,434;887,436;884,441;886,446;887,450;887,452;885,456;886,463;884,466;887,471;886,475;887,476;884,480;887,484;884,489;884,493;887,496;886,502;886,505;887,510;885,515;885,516;887,521;884,525;887,531;884,533;885,539;884,540;884,545;884,551;887,553;885,559;886,560;887,565;887,568;886,572;886,579;885,580;884,587;887,590;885,592;884,599;884,603;886,605;886,610;887,614;887,618;887,623;887,627;887,628;885,632;885,639;886,640;884,647;887,651;887,655;887,659;886,662;884,667;887,668;886,675;887,678;886,681;885,684;885,688;885,695;884,698;885,700;887,706;886,708;887,713;885,716;887,723;885,727;885,728;885,735;887,737;886,740;887,745;886,750;884,754;884,758;887,760;887,766;885,770;886,775;887,779;885,781;885,785;887,788;887,792;886,798;885,802;887,805;884,811;887,814;887,817;884,823;887,825;884,831;886,833;886,839;886,843;884,844;884,849;885,855;884,857;885,862;884,867;886,871;887,875;887,879;886,881;885,887;885,889;887,895;887,899;886,900;886,906;885,911;887,912;887,918;884,923;887,925;886,931;886,935;887,936;887,941;886,945;887,948;884,955;884,956;885,962;884,964;886,968;887,975;887,977;887,983;887,984;884,990;884,992;884,997;885,1003;885,1007;887,1009;887,1014;885,1019;885,1022
890,0;889,6;891,11;889,13;890,17;888,22;891,27;889,31;889,32;890,37;891,42;890,47;888,51;888,53;890,59;889,61;888,64;888,69;891,73;890,77;889,81;890,87;889,88;890,95;889,96;891,102;891,104;890,111;891,114;889,119;890,121;888,124;889,130;889,134;891,137;889,141;890,144;890,148;889,154;888,156;888,162;888,167;889,168;891,172;890,177;890,182;888,187;890,191;889,192;888,198;889,201;891,204;890,211;890,215;888,217;888,221;888,226;890,231;890,234;891,236;891,243;888,245;888,249;890,254;890,259;891,261;888,266;890,271;889,274;890,276;888,281;889,285;890,290;891,295;888,299;891,300;890,307;889,308;889,312;890,317;890,323;890,326;891,331;888,334;891,337;890,343;891,347;891,348;891,355;888,358;888,363;889,366;889,370;889,373;888,378;888,382;889,385;891,391;889,393;888,399;891,400;888,405;888,408;889,415;889,417;888,421;891,424;890,429;891,432;890,439;890,443;891,444;888,450;891,452;891,459;889,461;889,465;888,471;888,475;889,476;889,480;890,485;891,491;891,493;888,499;890,501;891,505;889,508;889,514;889,519;889,520;888,525;890,529;891,533;890,536;891,543;890,546;889,551;888,552;888,556;888,563;891,567;889,568;890,573;891,579;889,583;889,586;891,589;891,592;889,597;891,600;888,606;888,611;889,615;891,619;891,623;891,624;889,631;890,635;890,636;891,643;889,647;889,648;891,655;891,656;890,660;889,664;888,671;891,672;889,679;891,683;891,684;888,690;888,694;888,699;891,703;888,705;889,710;888,712;889,719;888,722;888,727;891,729;888,732;890,737;890,742;891,744;891,748;888,754;888,758;890,763;891,767;890,768;891,774;889,777;890,781;888,787;889,790;888,795;888,796;889,802;888,807;891,811;891,813;890,817;890,822;890,827;891,828;891,835;889,839;888,841;890,844;888,848;891,855;889,859;890,861;890,864;891,868;891,875;890,879;889,883;890,887;890,890;890,892;888,899;890,900;890,905;888,911;890,912;891,918;890,921;889,924;891,928;891,932;889,939;891,943;891,946;889,948;889,955;889,956;888,960;889,966;891,970;891,975;890,977;891,980;891,986;891,988;891,994;891,996;888,1000;888,1006;889,1008;889,1015;888,1016;889,1020
894,0;892,7;894,11;895,13;893,17;894,21;895,27;895,29;894,33;895,37;893,43;895,44;893,51;894,53;893,58;894,60;893,67;894,70;893,72;894,76;894,82;895,85;893,91;893,92;895,99;895,101;894,106;893,110;892,114;895,117;893,120;893,124;895,129;895,132;895,136;894,143;895,144;893,151;895,154;893,157;895,161;892,167;894,168;894,174;895,177;895,182;892,185;894,191;893,194;895,199;892,201;892,206;894,208;895,212;895,219;893,223;892,226;893,231;895,235;894,237;893,242;894,245;895,250;895,252;892,259;893,260;894,266;895,269;892,273;892,278;892,281;895,284;892,288;895,293;895,297;895,300;895,305;894,309;893,312;895,319;894,322;895,324;895,330;892,335;893,336;894,340;895,346;895,351;895,354;892,358;892,362;893,367;892,369;892,374;894,376;893,381;892,387;893,389;895,393;894,397;893,402;895,407;894,408;892,414;892,416;893,421;895,425;894,430;893,434;895,439;895,443;895,444;892,451;892,452;893,457;893,463;895,464;892,468;893,474;894,479;893,482;895,487;895,491;894,493;893,499;894,502;892,506;895,508;895,514;894,519;893,520;895,527;894,529;892,534;895,537;894,543;894,545;895,549;892,554;894,558;895,563;893,564;895,571;892,573;893,576;895,581;895,587;894,591;893,592;895,596;894,600;892,607;894,610;895,614;892,619;892,622;894,624;895,631;895,634;895,637;894,642;894,644;894,651;893,655;892,656;895,660;892,664;895,668;894,675;894,678;894,682;892,687;895,690;892,695;892,696;895,703;892,704;893,710;893,715;895,716;895,720;892,724;892,731;893,733;894,739;894,743;892,745;895,748;893,752;894,757;893,762;893,766;895,770;895,773;895,776;895,781;895,787;893,791;894,792;893,797;893,802;895,804;894,809;893,812;895,819;894,820;895,824;892,830;892,834;895,838;892,843;893,844;895,851;895,854;894,857;893,863;894,865;895,870;895,874;895,876;895,881;892,887;893,890;892,894;892,899;893,903;892,906;895,911;895,915;894,916;893,922;892,926;892,930;893,935;892,936;893,943;894,947;895,950;893,953;894,959;894,960;895,964;895,971;893,975;894,979;894,983;895,987;894,990;894,992;892,997;893,1002;892,1006;892,1011;895,1012;892,1016;892,1021
896,1;899,5;898,11;899,14;896,17;898,22;899,25;898,31;897,32;897,39;898,41;897,44;896,48;898,54;896,57;899,62;898,64;896,70;896,72;898,79;896,81;899,85;897,90;898,93;899,99;897,102;897,105;898,109;899,115;898,117;896,121;897,125;898,131;899,133;896,136;898,143;898,146;899,148;899,152;899,156;897,161;898,166;896,168;899,175;899,177;896,183;898,185;897,190;898,195;897,199;899,201;899,205;899,209;897,212;896,219;896,220;898,227;898,231;896,233;897,237;896,240;899,247;899,250;899,252;899,256;896,262;896,267;896,268;899,274;897,277;899,280;896,285;896,289;898,295;896,298;899,303;898,307;897,311;898,315;899,317;898,320;896,327;896,328;899,334;899,339;898,341;898,344;898,348;896,352;899,357;896,361;898,365;896,371;897,374;899,376;899,382;896,385;899,390;899,394;897,399;899,403;899,405;899,409;897,414;899,417;899,423;896,424;896,431;896,433;899,439;899,443;896,445;898,451;896,455;897,459;899,463;897,464;899,468;899,472;897,476;899,482;898,487;896,491;896,493;898,498;897,502;896,505;896,508;897,512;896,517;897,523;897,527;898,529;899,533;897,539;899,543;899,544;897,549;899,552;899,558;899,560;896,565;897,568;899,572;899,577;898,582;896,587;898,590;897,594;899,596;899,601;897,604;899,611;897,615;899,617;896,620;898,627;897,628;898,634;899,637;896,642;898,647;898,649;898,652;896,656;899,662;896,665;897,671;896,675;896,676;896,681;896,687;898,690;897,694;897,698;897,701;899,705;897,709;897,712;898,719;899,723;896,724;897,731;898,734;896,738;896,740;899,744;898,749;899,755;898,756;896,760;896,767;899,769;899,775;899,776;899,781;899,787;899,788;899,793;896,797;898,801;896,807;897,811;896,815;896,818;896,821;899,824;896,831;897,834;899,838;897,841;899,847;899,851;899,854;896,858;898,860;898,866;897,870;896,873;898,877;899,881;899,887;897,890;898,892;896,898;896,902;899,907;898,908;896,915;897,916;898,921;897,924;897,931;896,933;896,936;899,941;899,946;898,951;899,952;898,957;896,963;899,965;896,970;899,975;899,976;896,980;898,987;899,991;896,995;898,996;897,1002;896,1007;898,1009;897,1012;896,1017;899,1021
900,0;900,4;901,11;900,15;903,18;903,22;903,27;902,31;901,32;903,39;903,42;900,44;900,48;900,52;903,58;903,63;902,64;902,70;902,74;903,79;901,82;903,85;900,90;903,95;900,97;902,103;901,104;901,110;902,115;903,116;902,120;903,127;900,128;901,132;902,138;903,140;902,147;900,150;903,154;901,156;901,160;902,167;902,169;900,175;900,178;903,182;902,187;901,191;900,192;900,199;900,201;902,205;901,211;901,213;903,216;902,221;903,224;903,229;903,234;903,236;900,243;900,244;902,249;903,253;901,258;900,260;903,265;900,268;903,272;901,279;902,282;902,287;901,289;900,294;901,298;901,300;902,304;903,311;902,315;902,317;903,321;902,327;900,328;900,333;901,339;900,340;903,347;903,349;903,353;902,356;900,360;900,365;900,368;903,375;901,378;900,382;903,384;901,391;901,395;901,396;903,403;901,404;900,409;902,413;902,418;903,421;903,424;903,429;902,432;900,437;900,441;901,444;903,451;902,454;900,456;902,460;900,464;901,468;900,472;901,479;900,482;900,484;903,488;902,495;902,497;902,503;903,507;903,508;903,514;902,516;902,522;903,527;900,531;903,532;901,538;903,543;902,545;900,550;900,554;901,557;900,563;902,566;900,568;900,573;901,579;902,582;900,587;903,591;900,593;901,598;903,602;903,607;902,608;901,613;901,616;900,620;902,626;900,631;901,632;901,639;900,641;901,647;902,648;902,653;900,657;902,662;903,666;901,670;901,674;901,679;903,682;903,684;903,691;901,695;902,696;902,703;902,707;901,710;900,714;903,718;902,720;900,724;903,731;902,735;902,736;900,743;902,744;903,751;902,752;903,759;903,763;903,767;901,771;903,773;902,778;901,781;903,787;903,791;903,795;903,799;901,803;902,807;901,808;901,813;901,818;903,822;903,827;903,829;903,833;902,839;900,840;901,846;900,851;903,852;900,856;900,863;901,866;902,869;902,874;902,876;901,882;901,884;900,891;903,892;902,896;902,900;903,905;903,911;901,912;902,918;901,920;902,924;901,929;903,933;900,938;902,941;903,944;903,950;900,954;902,959;900,961;901,966;901,969;901,973;902,977;901,981;902,987;902,990;901,994;903,997;903,1000;902,1006;903,1010;903,1013;903,1019;903,1021
907,1;907,7;907,8;906,15;904,16;907,20;905,27;905,30;905,33;905,39;907,43;906,46;904,51;907,55;906,59;904,61;905,65;907,70;906,72;904,79;906,81;905,84;905,91;906,94;906,96;905,100;907,105;906,111;907,115;907,119;904,123;906,126;906,128;905,135;907,139;905,140;904,144;905,150;904,153;904,156;907,162;906,165;905,171;905,175;904,179;905,182;905,187;906,191;905,195;907,198;907,200;907,207;906,208;907,212;907,217;907,222;906,227;907,229;905,232;904,238;905,243;906,247;907,250;905,254;904,256;907,263;904,266;905,269;907,274;905,279;907,281;904,286;904,291;905,295;905,296;904,300;907,304;907,308;907,315;905,319;904,321;905,325;906,328;907,335;904,339;905,342;904,347;905,351;906,353;905,359;907,362;904,366;904,370;904,374;905,378;905,380;907,386;906,388;906,392;905,398;904,403;906,407;906,408;906,413;906,417;906,421;904,427;907,429;904,435;907,436;905,441;904,446;904,449;905,455;907,456;904,461;906,466;906,468;907,474;905,479;905,481;906,486;906,489;905,495;904,498;906,503;907,507;905,511;906,513;907,517;906,521;905,526;907,529;907,532;906,537;905,543;907,547;906,548;904,553;905,558;907,560;907,566;905,568;907,573;905,576;904,581;906,586;907,589;904,595;904,598;904,601;904,605;904,610;907,613;905,616;905,620;906,626;904,628;905,632;907,636;907,643;904,644;905,649;906,654;907,659;904,663;906,664;905,669;906,675;907,677;907,683;907,684;905,691;904,695;904,696;904,701;906,704;907,710;907,715;907,718;905,720;907,724;907,729;907,735;904,739;907,743;905,746;905,748;905,752;904,758;907,761;906,765;907,771;905,774;906,777;906,783;907,787;907,788;906,794;904,796;905,802;906,804;905,810;905,812;904,817;904,823;905,824;906,830;905,833;904,838;904,841;905,845;904,849;904,852;906,856;906,862;907,864;904,869;905,872;906,878;907,881;907,885;907,888;907,893;905,896;906,903;905,907;907,911;904,912;907,917;904,923;906,924;907,930;907,935;907,939;907,940;906,944;904,951;906,954;906,957;904,962;904,964;907,969;905,973;904,978;907,981;907,986;906,991;907,994;907,999;906,1001;904,1007;906,1010;906,1015;906,1018;906,1022
909,1;910,5;910,8;911,15;910,19;910,21;908,24;908,31;910,32;908,38;909,42;908,44;909,49;911,55;908,56;910,60;910,64;911,70;909,73;910,78;908,83;909,87;910,91;910,92;911,97;911,102;909,106;910,108;908,112;908,119;908,121;910,124;910,131;911,132;910,138;908,140;909,144;908,149;911,152;910,158;908,163;909,164;910,168;910,173;910,178;910,182;910,185;910,189;910,193;908,199;911,203;909,206;909,209;910,212;909,218;909,221;909,226;909,230;909,233;911,239;909,241;910,244;909,251;911,252;909,256;910,261;909,266;910,271;910,274;911,277;911,281;911,286;909,291;909,293;908,298;909,301;911,304;909,308;909,313;910,317;909,321;909,327;911,328;909,335;909,338;908,341;910,345;909,350;910,355;911,359;911,360;908,366;909,370;908,375;909,379;908,383;910,384;909,388;908,392;911,399;908,403;908,405;908,411;908,413;911,417;911,421;910,425;911,431;908,435;908,439;910,440;908,445;909,449;908,455;909,459;910,462;909,465;908,469;910,474;911,478;908,482;909,485;909,491;909,494;911,496;910,503;908,506;910,510;910,515;911,516;911,523;908,526;909,530;909,535;910,538;908,541;911,547;909,551;909,552;909,556;911,563;908,567;910,570;909,575;909,577;910,580;911,585;910,590;910,593;910,597;910,603;908,607;908,611;909,612;908,617;911,623;911,626;910,630;911,633;910,639;910,640;910,647;911,651;908,654;909,656;911,663;911,665;909,671;909,674;909,676;909,682;910,685;911,691;910,693;909,699;909,703;910,704;909,711;911,715;911,718;910,720;910,726;908,731;908,733;911,738;908,741;908,745;909,751;911,752;911,759;908,763;908,764;911,771;911,772;908,778;911,782;908,787;909,788;909,793;909,797;909,801;910,806;908,809;908,813;910,819;908,820;910,827;909,828;910,835;908,836;911,841;908,845;908,848;908,855;910,859;909,862;908,864;908,869;910,874;908,876;909,881;908,884;908,888;908,894;911,896;908,902;910,907;908,911;910,915;911,919;908,923;908,924;908,928;908,934;911,936;911,943;908,946;909,949;911,952;909,957;911,960;911,966;908,969;911,973;911,978;911,983;908,987;909,990;910,995;909,998;908,1000;908,1004;911,1011;911,1014;911,1018;911,1021
912,1;914,5;915,10;915,14;912,16;913,20;914,26;912,31;912,33;915,37;914,42;913,45;915,48;915,55;912,59;913,60;914,65;912,70;913,74;915,77;913,83;912,86;913,89;915,94;913,97;914,101;913,104;915,108;913,112;915,116;915,122;914,125;913,130;912,134;914,136;914,141;912,144;915,149;915,154;914,158;915,161;914,167;915,168;915,175;914,179;913,183;912,186;913,191;912,195;914,197;915,203;913,205;913,211;914,214;914,216;915,221;915,224;912,230;915,235;915,238;914,241;915,247;912,250;912,252;915,258;912,260;912,264;913,268;913,275;913,279;913,281;913,285;914,288;913,293;912,298;913,300;915,304;912,309;913,312;914,316;913,321;912,326;912,328;914,335;913,338;912,342;913,345;913,348;915,355;915,357;915,360;913,366;913,368;912,375;915,378;914,383;914,385;913,388;912,392;915,399;914,401;915,404;915,408;912,415;913,419;915,423;915,427;912,431;914,432;913,438;912,441;915,445;913,450;912,452;914,459;915,462;915,464;914,469;912,475;914,478;914,480;912,485;915,489;915,495;913,498;915,502;912,505;914,508;913,513;912,516;914,520;912,527;913,530;912,534;914,538;913,543;913,545;915,551;915,553;915,556;914,560;915,564;912,570;912,573;912,578;913,580;913,587;914,589;915,595;915,596;912,602;913,604;915,609;914,613;912,618;914,621;913,625;912,628;915,632;912,639;912,643;914,647;913,649;915,653;913,656;912,663;914,666;913,670;914,674;914,679;914,680;914,684;913,689;912,692;915,696;915,702;913,705;912,711;915,714;915,718;915,722;913,724;912,729;914,733;913,738;913,740;913,744;912,750;913,754;915,759;914,760;912,764;913,768;912,774;912,778;912,783;912,786;912,790;914,795;913,797;912,801;914,807;912,808;914,813;915,819;912,821;915,826;912,831;913,834;913,838;912,842;913,846;915,849;912,854;915,859;913,863;915,867;914,871;912,873;912,878;915,881;915,887;913,891;913,895;915,899;914,901;912,907;914,909;915,913;913,918;914,923;915,927;912,928;914,935;913,936;913,940;913,947;913,948;915,955;915,959;915,962;915,965;912,968;914,974;915,976;915,983;912,985;912,989;912,994;913,998;912,1000;913,1007;912,1010;913,1013;913,1017;912,1021
918,3;917,7;917,10;916,14;916,16;916,23;916,25;916,30;918,32;916,38;918,40;919,47;916,49;918,55;916,59;916,61;917,65;917,69;917,75;917,79;919,80;917,86;916,90;917,95;919,97;917,103;917,107;918,111;919,115;917,118;919,120;916,127;919,128;916,132;918,137;916,143;918,147;919,151;917,155;919,156;918,161;918,166;919,169;918,173;919,177;916,182;916,186;916,190;918,195;916,199;919,200;916,205;916,208;919,215;918,216;917,221;916,224;918,231;916,234;916,239;916,242;919,247;917,250;918,252;918,259;916,262;918,265;917,271;916,275;916,279;916,282;917,286;917,291;918,293;919,298;919,300;917,307;919,311;918,313;918,316;916,323;918,326;917,328;918,333;918,338;916,343;919,347;918,351;916,354;917,356;918,360;917,365;917,368;918,374;916,379;916,380;917,384;917,391;916,393;919,398;916,402;918,406;919,410;918,415;919,417;917,423;918,426;919,431;919,432;919,437;919,442;917,444;918,449;919,455;919,456;919,460;916,464;919,468;919,475;917,479;918,482;916,485;918,488;916,494;918,498;917,503;918,507;918,509;916,512;919,516;916,520;919,525;919,528;919,533;919,536;918,541;918,544;917,549;918,555;916,558;919,563;916,564;916,570;918,572;919,578;919,581;919,586;917,590;918,593;918,596;918,601;916,607;919,608;916,612;919,618;919,623;918,625;919,630;916,632;916,639;916,640;916,647;916,650;919,653;919,658;916,660;916,667;917,670;916,674;918,677;918,681;918,685;919,691;916,693;917,697;917,702;919,704;918,708;916,714;917,718;919,723;917,724;916,728;917,735;919,737;917,743;917,745;916,750;917,754;919,758;918,761;918,764;917,769;919,774;918,778;918,783;916,787;917,789;918,793;919,798;919,802;918,805;916,810;918,813;917,816;917,823;919,827;916,828;916,833;916,836;917,842;918,847;916,850;919,855;917,859;916,863;917,867;919,868;917,872;916,877;916,882;919,885;917,888;918,894;916,898;919,900;917,905;917,909;918,915;916,916;916,921;917,925;916,928;919,934;919,938;916,941;917,945;918,950;918,955;919,958;919,963;917,965;916,970;916,975;917,977;916,983;918,985;917,989;918,995;918,998;918,1003;916,1005;916,1011;917,1013;917,1017;916,1020
921,2;923,6;922,9;921,12;922,18;921,23;921,25;921,30;921,35;920,38;923,42;921,45;920,48;920,53;923,57;922,60;923,64;922,71;923,75;921,78;921,80;923,84;923,91;920,95;920,97;921,100;921,105;920,111;920,112;921,119;922,121;923,124;921,129;920,133;920,136;922,143;920,146;921,150;923,155;921,156;921,160;922,164;920,170;923,175;922,178;922,181;920,185;920,188;922,195;923,197;920,202;923,207;922,208;922,213;922,218;920,221;920,224;923,229;923,234;922,239;921,243;923,247;920,248;922,252;921,256;921,261;922,265;922,271;920,274;922,279;922,282;920,286;920,288;920,295;920,297;922,302;920,306;920,311;920,315;923,318;922,320;922,324;920,328;921,334;921,337;923,343;921,346;922,348;920,355;923,359;920,360;923,366;922,368;920,374;920,379;921,382;920,387;920,391;922,392;920,396;923,402;920,405;923,411;923,413;920,418;920,421;923,424;922,429;920,435;920,436;921,441;921,444;921,450;920,454;920,458;921,460;921,467;922,470;923,473;920,477;922,482;920,484;920,489;920,495;921,498;920,502;920,505;921,508;921,512;923,516;921,520;923,525;923,531;921,533;921,538;923,543;923,546;923,551;922,552;922,556;921,560;920,567;920,571;920,575;921,577;922,581;921,586;920,590;922,593;920,599;920,600;921,604;922,610;921,612;920,616;922,623;921,624;923,628;920,634;922,639;923,641;921,647;922,651;921,655;923,658;921,661;920,667;921,668;922,672;920,678;923,683;920,685;922,688;920,695;923,698;922,703;921,704;921,710;922,715;920,718;923,721;923,725;923,729;921,735;920,738;923,743;923,747;923,748;920,752;923,756;921,762;921,767;920,769;920,774;920,776;921,781;922,787;921,790;922,793;921,796;922,800;921,807;920,810;921,814;920,817;923,821;921,827;921,828;921,832;920,839;920,841;921,844;921,848;920,855;921,856;923,863;921,867;922,868;923,874;920,876;921,882;920,885;920,891;923,895;920,899;920,900;922,905;920,911;923,913;923,916;920,921;920,926;923,930;920,935;921,938;923,942;921,944;920,950;921,955;921,957;923,962;920,965;922,969;922,973;923,977;921,980;923,986;922,988;923,993;920,998;920,1003;921,1004;920,1011;920,1014;920,1016;920,1021
926,3;926,4;925,8;927,12;924,17;925,20;924,24;925,30;924,32;924,38;924,42;925,47;927,51;926,55;925,58;926,63;925,64;927,71;925,72;924,76;925,83;926,86;924,89;924,92;927,98;924,103;924,105;925,110;927,112;925,119;924,122;924,127;924,130;924,134;927,137;927,142;925,147;925,151;926,153;925,159;927,160;926,165;926,169;927,173;926,179;925,183;926,185;924,188;926,194;924,196;926,202;924,207;924,208;925,215;925,217;927,223;927,227;924,231;924,233;927,237;926,243;925,247;927,251;926,253;926,257;926,261;924,264;927,268;924,272;925,278;927,281;926,287;926,289;924,295;924,299;927,300;925,305;927,311;924,313;926,316;926,322;925,324;926,331;924,333;924,337;926,340;925,345;924,351;927,353;927,356;925,361;925,367;924,369;925,375;927,378;925,380;924,386;927,389;926,393;924,399;925,401;925,405;924,409;926,413;925,419;924,421;925,425;924,429;924,435;925,439;926,440;925,446;926,449;927,452;926,457;926,463;925,465;926,471;924,475;924,476;924,483;927,484;926,489;924,492;927,498;924,501;927,505;927,509;924,512;924,516;926,522;925,524;924,530;924,532;926,539;926,541;924,546;925,551;926,553;927,559;925,563;927,567;927,571;926,575;926,577;925,582;927,585;925,591;926,592;926,599;925,600;924,605;925,608;926,613;924,619;926,622;925,624;924,631;925,634;924,636;927,643;926,644;924,651;927,652;927,657;927,661;926,667;926,670;924,673;926,679;924,682;924,685;925,689;926,692;926,698;924,702;925,704;925,709;925,715;925,719;926,720;925,727;925,728;924,732;924,739;925,740;924,747;925,748;926,752;927,759;927,760;927,766;927,771;927,773;925,778;926,781;925,784;924,791;925,792;926,797;926,800;924,805;925,809;924,813;924,819;925,820;927,824;924,830;924,834;924,836;925,843;924,845;926,848;926,853;926,858;925,860;924,867;925,868;927,872;924,878;926,882;925,886;927,891;927,894;926,898;925,901;924,905;926,909;926,915;925,917;924,920;926,924;927,930;927,933;924,937;924,942;924,945;924,949;924,952;924,956;926,962;924,964;926,971;925,975;924,978;927,983;924,984;926,989;926,994;924,996;924,1002;927,1006;925,1008;924,1014;925,1017;925,1023
929,1;931,7;931,8;929,15;929,17;931,21;930,27;928,29;930,32;931,38;929,40;930,46;930,49;929,53;929,58;931,60;931,64;928,70;931,74;929,77;931,80;930,84;930,89;931,93;928,99;930,101;928,104;929,109;928,113;928,118;929,120;928,124;928,131;928,135;929,136;929,142;928,144;931,150;931,154;931,157;929,162;930,165;929,169;929,172;929,177;929,183;930,185;930,190;929,195;929,196;931,202;928,207;929,211;930,212;929,216;929,222;931,224;929,231;930,232;931,239;930,242;929,247;928,251;928,252;931,259;930,260;929,265;928,271;929,272;928,278;930,283;931,284;930,288;931,293;930,298;928,302;929,305;928,310;928,313;928,319;928,320;931,327;929,330;929,333;930,338;930,340;931,345;928,348;929,355;928,356;930,363;930,364;931,370;929,372;931,379;928,380;929,387;930,390;931,393;929,399;928,402;930,405;930,409;928,415;930,418;930,421;928,425;930,430;931,435;928,439;928,441;931,445;930,449;930,454;931,459;928,462;930,467;929,470;930,475;928,477;931,480;930,486;930,489;931,493;928,498;930,501;928,504;928,510;931,515;930,517;928,520;930,525;929,531;929,534;931,537;928,542;929,544;928,551;930,554;931,556;930,561;929,564;928,571;930,575;931,577;931,581;930,584;929,591;928,593;928,599;928,601;929,607;928,609;931,612;928,618;931,620;929,627;930,631;929,634;929,637;930,640;928,645;929,650;930,652;929,658;930,662;929,666;930,669;929,672;929,676;930,682;929,686;928,690;931,694;928,697;930,702;929,705;929,709;928,714;929,716;931,722;931,725;931,729;929,732;928,738;930,741;931,744;929,748;929,755;928,756;931,760;930,767;930,770;929,773;931,776;928,783;930,786;929,788;929,792;930,797;931,802;931,804;928,810;930,812;928,818;930,820;930,824;929,830;931,832;928,839;928,840;930,846;931,850;928,852;929,856;929,860;930,864;930,870;931,874;928,878;929,880;931,887;929,891;931,894;930,896;928,903;930,906;931,908;931,912;930,916;929,923;928,924;928,930;931,934;928,938;930,940;928,946;928,950;930,955;928,959;928,961;930,966;928,970;931,972;930,976;928,980;930,986;930,989;928,994;930,999;931,1001;930,1006;930,1011;931,1013;930,1016;930,1022
934,2;934,7;932,11;933,13;932,18;935,23;934,27;932,28;935,32;933,39;935,43;935,44;932,51;934,52;934,59;932,62;935,66;935,70;932,75;932,77;933,83;934,86;935,89;935,93;934,99;933,101;935,107;934,111;934,115;932,116;933,123;935,127;934,131;934,133;932,137;935,141;935,147;935,151;932,153;935,157;935,163;934,165;933,169;935,174;934,179;935,183;932,185;935,191;935,195;934,196;935,201;935,207;933,210;933,214;932,216;934,222;934,224;933,230;934,235;935,236;934,243;932,244;934,248;935,253;933,259;934,261;933,265;935,271;933,275;935,279;934,281;935,284;935,291;933,293;935,298;935,301;934,305;933,309;932,314;935,317;934,322;934,324;932,330;935,333;935,337;935,340;932,347;932,350;934,354;932,356;932,361;933,366;932,368;932,375;932,376;934,380;932,387;932,391;933,393;934,396;932,400;935,407;934,411;935,413;932,419;934,420;933,426;934,429;935,435;934,439;934,441;934,444;935,451;934,455;934,459;935,461;934,467;933,469;935,473;935,478;935,483;935,485;933,489;934,492;935,496;933,502;932,504;934,510;935,515;935,516;934,523;935,527;933,528;933,532;932,537;933,540;935,547;933,549;933,555;932,556;933,560;932,565;933,569;932,573;934,577;935,583;935,585;934,588;935,593;933,597;932,603;935,604;934,609;934,615;934,618;934,620;932,624;933,628;932,634;935,636;935,641;935,645;932,651;932,652;935,656;934,660;932,666;934,668;932,675;935,676;933,681;932,686;934,691;932,694;933,699;934,700;935,706;934,710;935,714;935,716;934,722;935,725;933,729;934,735;934,737;935,742;935,745;932,748;934,755;933,758;933,763;935,765;932,771;935,774;933,778;934,781;932,786;932,791;934,795;935,799;934,803;935,804;934,809;934,812;935,816;933,822;935,824;935,829;934,832;934,836;934,840;935,846;933,851;933,852;935,858;933,862;934,864;934,868;933,872;932,877;934,881;934,885;933,888;933,892;934,896;934,903;935,904;935,909;932,912;932,917;932,923;932,924;933,931;933,932;934,936;935,941;935,947;933,949;935,952;932,958;935,963;933,965;932,969;935,975;932,977;933,983;933,984;935,991;935,994;932,997;935,1000;933,1004;933,1010;934,1015;932,1018;933,1020
936,3;937,5;937,9;939,13;938,19;938,22;936,27;939,31;939,32;938,39;937,43;938,44;938,49;936,55;937,57;936,61;937,66;938,70;937,73;936,78;936,82;936,86;938,90;936,94;937,96;938,102;937,105;936,109;937,113;939,118;939,121;936,124;939,128;937,132;938,136;939,143;939,144;939,150;939,154;936,159;938,162;936,166;938,171;937,172;936,176;938,183;938,184;937,189;938,195;936,199;938,202;938,205;938,208;938,215;936,218;936,222;937,227;939,230;939,233;938,238;936,240;938,244;937,248;937,254;937,259;936,261;939,267;938,268;938,272;937,278;939,281;936,286;937,289;939,295;939,298;938,301;938,305;938,308;937,314;936,319;939,320;936,324;939,331;939,333;936,337;936,343;938,347;936,351;938,354;938,359;936,362;936,366;936,369;939,374;939,379;938,380;939,386;939,388;939,393;939,397;938,402;939,406;939,410;937,412;937,416;939,420;939,425;937,428;938,434;937,436;937,443;936,444;938,451;937,452;939,456;938,463;938,465;939,471;938,472;936,479;938,480;939,485;939,488;939,495;937,497;938,500;936,505;936,509;939,512;938,518;939,523;937,527;936,528;936,535;937,538;939,541;937,545;936,549;936,553;939,557;936,562;939,566;939,568;939,575;938,577;937,581;939,587;938,588;939,595;936,597;936,603;939,607;937,611;936,615;938,616;938,620;939,624;937,628;938,634;939,639;939,643;937,647;939,651;936,652;938,656;937,662;936,666;937,671;938,674;939,676;936,683;936,684;939,689;936,692;936,697;939,703;938,704;937,709;936,715;939,718;936,720;938,724;938,728;938,735;936,736;939,742;939,746;938,748;939,754;937,759;937,763;938,766;937,768;938,772;939,778;936,780;938,784;938,791;939,795;936,797;939,800;937,806;937,809;937,812;938,819;939,821;939,825;936,828;939,834;938,837;938,840;936,846;936,850;937,855;936,857;939,861;938,864;939,869;936,873;939,878;937,883;937,884;937,888;938,894;937,899;939,903;938,905;938,911;939,912;938,917;938,921;939,926;936,931;936,934;939,938;938,940;937,945;938,951;936,952;938,959;937,961;938,967;938,970;939,973;939,979;938,980;936,987;937,991;936,994;939,996;936,1002;939,1006;939,1008;938,1014;939,1017;939,1020
942,2;943,6;943,8;940,14;942,18;940,22;943,27;942,31;941,32;943,38;940,42;942,44;941,49;943,54;943,56;942,61;940,66;940,68;943,72;943,78;940,83;943,84;941,91;943,93;943,99;941,103;941,105;942,110;942,115;941,119;941,121;943,127;943,131;941,134;942,137;942,142;943,145;940,148;943,152;941,159;942,161;943,166;940,171;942,173;940,177;941,181;940,184;942,188;940,195;943,197;943,203;941,204;943,211;940,215;942,218;941,223;940,227;942,230;943,235;943,237;940,242;940,244;941,249;940,252;942,257;942,262;943,267;941,268;940,272;943,276;940,282;941,287;942,289;943,295;941,298;940,303;943,304;940,308;942,313;942,317;943,323;942,325;943,329;942,335;943,338;940,343;941,346;940,351;942,355;940,359;940,363;940,366;943,370;940,374;943,379;943,380;943,386;942,388;942,394;941,398;940,400;941,405;943,409;943,414;942,418;943,422;941,427;942,429;943,433;943,436;942,442;942,444;943,448;941,454;941,457;940,462;943,464;941,471;941,474;940,479;941,480;942,487;943,488;941,492;941,496;942,501;941,506;940,511;942,515;942,516;940,523;941,526;942,530;941,533;940,538;941,540;943,545;940,548;941,552;943,559;942,560;943,564;940,569;940,575;940,578;941,583;943,586;940,589;940,594;943,598;940,601;940,607;941,609;941,613;942,617;941,620;941,625;941,631;942,635;943,638;943,643;943,647;942,650;942,655;941,656;943,663;941,664;942,671;942,675;943,677;943,681;943,685;941,689;940,692;943,696;941,703;940,706;943,710;943,713;940,717;940,720;940,725;941,728;943,735;943,737;943,742;943,744;940,748;940,755;941,756;942,762;941,767;941,769;942,775;943,778;940,780;940,784;942,790;941,794;940,796;940,803;942,804;940,809;942,812;943,817;941,821;941,825;943,831;943,835;942,838;940,843;942,844;941,850;943,855;942,858;940,862;942,864;942,868;942,872;943,876;940,883;940,884;941,890;942,893;941,899;942,903;941,906;940,910;942,914;940,918;943,923;941,927;940,931;943,933;941,939;942,940;941,947;941,948;941,954;941,958;942,961;940,967;941,968;942,975;942,977;941,980;943,986;943,990;942,995;942,999;940,1003;941,1006;942,1009;942,1015;941,1017;942,1021
946,0;946,7;945,8;946,14;947,16;946,21;944,27;947,29;944,32;946,39;945,43;944,44;947,51;944,52;945,56;947,61;945,64;946,71;944,72;944,77;945,81;945,87;944,90;945,92;946,98;947,100;944,106;944,109;947,115;947,117;945,120;944,126;946,130;947,135;945,136;946,141;947,144;945,149;947,153;946,159;946,160;946,167;945,170;946,175;944,177;947,181;944,187;944,189;946,192;944,197;945,202;947,204;944,208;945,212;946,219;944,222;946,225;947,231;947,232;947,237;944,240;945,247;947,248;944,255;945,259;946,262;947,264;945,269;946,274;947,277;945,281;944,285;947,291;947,293;947,298;946,303;945,304;947,309;944,312;945,318;944,320;946,325;944,331;944,335;945,336;944,340;946,344;944,349;946,353;944,356;945,363;946,364;947,368;945,373;947,379;945,382;946,385;946,391;946,392;944,396;944,401;947,404;947,409;946,413;946,418;946,420;945,427;946,429;944,434;947,436;945,442;944,445;944,448;945,455;946,459;947,461;946,467;946,469;945,472;947,476;947,482;945,485;947,488;945,495;944,496;947,502;945,504;947,510;944,515;946,516;947,520;947,527;946,531;946,532;944,538;947,540;944,544;945,550;947,553;944,557;944,562;947,566;947,568;944,573;945,579;944,580;944,586;945,591;944,594;946,597;944,601;944,606;944,611;945,615;946,618;947,621;947,627;945,628;947,633;946,639;945,642;947,644;947,648;947,654;946,657;946,660;945,667;944,671;944,674;945,678;946,680;944,684;946,691;945,692;946,698;944,701;945,704;945,710;944,713;946,716;945,722;945,725;946,728;947,732;945,738;944,742;945,745;947,750;947,752;947,759;945,763;947,766;947,770;945,774;947,776;946,781;944,785;944,790;944,795;946,799;947,801;944,805;946,809;944,815;947,816;946,820;946,826;945,828;946,835;946,839;944,841;945,844;944,848;945,854;945,858;944,863;947,866;947,868;946,874;945,877;944,881;944,887;944,889;947,892;947,897;944,903;946,906;947,910;944,912;944,918;944,922;945,927;947,930;944,934;946,938;947,943;944,944;945,951;947,953;944,956;947,960;946,964;944,968;944,974;944,977;945,980;946,987;947,991;945,993;944,998;945,1002;947,1005;945,1009;945,1012;947,1016;944,1021
949,2;949,5;949,9;950,13;951,16;950,23;948,25;951,28;948,35;950,39;950,42;950,44;949,48;951,55;951,58;951,62;951,66;950,68;948,72;950,78;949,81;948,87;951,89;951,94;950,97;949,102;951,106;950,108;951,113;950,117;949,120;948,124;948,131;950,133;949,139;949,140;948,145;951,151;951,152;949,158;950,160;951,166;950,169;948,173;948,177;951,180;948,187;950,190;948,195;949,198;948,201;948,204;950,208;950,214;951,217;948,222;951,224;950,231;951,235;950,239;951,240;951,247;950,248;950,254;951,257;948,263;948,266;951,269;950,275;950,279;949,281;948,287;949,288;949,294;951,296;950,302;949,307;950,308;949,315;949,317;950,321;948,325;949,331;949,333;951,337;948,343;950,344;948,348;950,353;949,356;949,362;951,367;951,370;951,373;950,379;948,380;948,384;948,389;950,392;951,399;951,401;948,404;951,410;948,415;950,417;948,423;949,425;951,428;951,434;949,437;948,443;949,447;951,449;949,454;950,456;950,462;951,464;949,469;950,475;950,476;950,483;948,485;951,489;951,495;948,497;951,503;951,504;950,511;950,512;950,518;951,521;949,525;951,528;948,534;951,537;950,540;951,546;949,550;949,555;950,556;951,561;948,564;948,569;949,574;949,576;951,583;948,585;949,591;948,595;950,596;951,600;949,604;948,611;948,612;950,619;950,623;948,627;948,628;948,633;950,638;949,643;949,647;951,648;948,653;949,656;948,662;951,666;950,668;948,673;950,679;950,682;950,687;951,688;949,692;950,699;951,700;951,704;951,711;950,715;950,717;951,722;948,727;950,729;948,734;951,739;949,743;951,744;951,750;951,753;948,756;950,762;948,767;950,770;950,775;950,777;948,781;951,784;948,789;951,795;950,797;950,802;950,804;950,810;948,815;950,816;949,820;949,826;949,828;950,835;950,839;950,841;948,845;951,848;950,853;948,858;949,862;951,865;949,871;949,872;948,878;951,883;949,884;949,888;948,892;948,897;951,903;948,906;950,908;951,913;951,919;949,923;951,924;948,929;951,933;948,938;951,940;948,946;949,948;950,953;949,957;951,963;951,964;949,970;950,972;948,979;951,983;951,986;950,989;948,993;950,996;951,1000;949,1004;951,1010;950,1013;949,1019;949,1020
953,3;954,7;952,8;955,12;952,19;952,20;953,27;953,28;955,34;955,36;953,43;952,44;953,48;955,53;953,57;955,60;954,67;952,70;952,74;953,78;954,83;952,85;953,91;955,92;954,97;955,101;952,104;953,110;955,112;953,118;954,123;954,124;952,131;953,132;954,137;952,143;952,145;955,150;952,155;955,157;952,163;953,165;955,169;952,173;954,179;954,182;953,186;953,188;954,195;954,199;953,203;955,204;955,210;952,214;952,219;954,221;955,224;954,230;952,234;954,237;955,241;955,247;955,250;952,252;953,258;954,262;955,267;952,268;954,273;955,278;952,283;955,285;953,289;954,292;953,299;952,301;952,306;953,308;952,313;953,319;954,320;953,326;953,328;952,333;952,339;952,343;952,344;954,348;955,354;955,356;955,362;954,365;952,370;954,374;952,376;955,382;952,387;952,390;953,394;952,398;953,402;952,407;955,408;954,413;954,416;955,420;953,424;953,428;953,432;953,437;955,443;953,447;952,449;955,455;954,456;955,460;953,467;954,469;953,473;954,477;955,483;953,484;952,490;953,494;953,496;952,502;952,504;954,510;953,515;954,519;955,521;954,527;953,529;953,533;953,536;954,541;952,546;952,549;954,554;954,559;954,561;955,566;953,570;952,573;954,577;952,583;955,584;953,589;952,594;955,598;955,602;955,605;952,611;953,613;955,618;953,621;954,626;953,628;954,635;954,638;952,642;954,644;955,649;954,654;953,658;955,663;954,664;955,670;952,675;955,678;953,681;954,685;954,691;955,692;954,699;953,703;955,704;953,711;952,713;952,718;954,721;952,727;955,729;954,735;953,736;953,742;953,745;953,751;955,752;952,759;952,763;954,767;952,769;955,774;954,778;954,780;952,786;954,791;954,792;954,798;954,800;952,805;955,810;952,813;955,818;954,821;955,825;953,830;955,832;952,838;955,840;954,847;954,848;955,852;952,856;953,862;952,865;955,870;954,872;953,877;952,883;952,887;953,889;954,894;955,898;955,903;955,904;953,910;954,913;953,919;953,921;952,924;954,929;953,935;954,938;953,941;952,944;952,948;955,954;955,957;955,960;954,964;955,970;953,972;955,979;954,983;955,986;952,989;952,993;955,996;952,1002;952,1004;952,1010;955,1012;952,1016;952,1021
959,1;957,6;958,10;959,15;959,17;956,22;959,27;959,30;958,32;957,39;958,42;956,44;956,51;957,54;956,58;958,63;958,67;959,68;957,72;957,76;956,81;957,87;959,89;957,95;956,98;959,101;958,104;958,110;956,112;956,117;956,120;959,125;958,129;956,134;958,138;959,142;958,147;958,149;957,152;958,156;956,163;957,166;956,170;958,174;958,177;958,181;958,186;959,191;956,192;956,198;956,201;958,204;957,209;958,213;958,217;959,223;957,226;959,231;958,233;957,236;956,243;957,245;956,251;958,252;958,256;958,260;957,267;959,271;957,272;958,279;957,281;956,284;956,290;959,293;959,299;956,300;957,304;956,308;959,312;959,316;959,323;958,327;959,330;956,334;959,339;956,342;956,347;956,348;958,354;957,358;959,360;959,365;958,371;959,373;959,377;959,383;958,384;956,391;957,394;958,399;956,400;957,405;957,409;957,412;957,417;958,420;957,427;956,430;959,433;959,436;956,440;959,444;958,450;958,455;957,459;958,463;958,464;957,469;959,474;956,477;956,481;959,485;956,489;958,492;958,497;957,500;957,507;957,509;958,513;958,517;958,522;956,526;956,530;957,534;957,538;959,540;957,546;958,548;958,555;959,556;959,560;958,564;958,569;958,572;956,578;956,581;959,587;959,591;959,592;956,596;958,603;958,604;958,611;956,614;956,619;957,620;956,627;959,628;956,634;958,638;958,641;956,644;956,650;959,655;957,659;957,663;956,666;956,668;957,672;956,679;957,681;959,685;956,688;957,695;956,698;958,703;957,704;956,711;959,712;959,718;957,721;956,726;959,728;957,733;957,738;958,741;959,744;957,749;956,752;958,758;958,761;956,765;957,770;957,774;957,777;958,780;959,784;958,791;957,794;957,796;958,800;958,806;957,810;956,815;959,819;956,821;958,826;957,829;956,832;956,839;958,842;956,844;958,851;958,852;956,856;956,862;958,867;957,868;956,874;956,878;956,883;959,884;959,891;957,892;959,898;957,900;958,907;957,909;956,913;959,919;958,923;957,927;959,928;958,933;958,939;959,940;957,947;957,951;959,955;959,957;956,960;958,965;956,970;958,975;959,976;957,980;956,984;957,990;958,994;958,999;958,1001;956,1007;956,1008;956,1012;959,1016;958,1021
962,1;962,6;961,11;962,14;962,17;961,22;960,26;960,30;961,32;960,39;960,42;960,44;960,49;962,55;960,57;960,60;960,67;963,71;960,72;961,79;962,80;962,87;963,90;962,93;960,98;963,100;963,107;962,109;961,114;963,117;962,120;960,126;962,131;963,134;963,138;961,142;963,144;961,150;963,154;961,157;960,162;961,166;960,170;962,174;963,178;960,182;960,185;960,190;962,195;961,199;960,203;961,205;960,210;963,214;960,217;961,223;960,225;960,231;960,234;961,236;962,241;962,245;961,249;961,253;960,258;963,260;961,267;961,268;961,272;963,276;960,282;963,287;963,290;961,293;960,298;963,300;962,304;962,310;963,313;961,319;960,320;962,325;960,331;961,334;961,337;963,340;961,345;962,349;960,355;961,359;960,360;963,366;962,369;963,373;963,378;961,382;962,384;960,391;961,394;960,396;961,401;963,404;960,411;961,414;960,416;962,420;962,427;961,430;960,432;960,436;963,442;961,444;960,449;962,454;962,456;962,461;962,465;962,469;960,474;962,476;961,483;960,484;963,488;961,492;963,499;961,500;960,507;960,509;963,514;962,518;963,520;962,526;962,529;961,532;962,538;962,540;962,546;962,551;961,555;962,559;960,562;960,564;962,568;961,572;961,579;962,583;963,585;962,591;960,595;962,597;962,603;960,604;963,611;962,613;962,619;962,622;960,626;961,628;963,633;963,636;962,640;963,645;962,648;963,654;961,658;963,661;961,665;960,669;963,674;960,679;960,681;960,686;961,688;960,692;962,699;960,701;961,706;962,711;961,715;962,718;960,721;963,726;961,728;963,733;963,739;960,743;960,747;961,749;960,752;962,757;962,761;962,767;960,771;960,774;960,777;961,780;961,786;961,791;961,792;961,797;961,800;961,806;960,809;960,815;963,816;963,820;962,824;962,828;960,832;960,838;960,841;961,847;961,851;963,853;960,856;960,862;960,864;961,869;963,875;960,877;963,883;960,884;962,889;962,894;963,896;962,903;961,907;962,910;960,912;960,919;962,923;961,924;963,928;962,935;963,938;963,941;960,947;961,951;960,954;961,956;960,962;960,965;960,969;961,972;960,976;960,982;963,985;962,989;960,995;960,997;960,1001;961,1005;960,1008;961,1012;960,1018;960,1020
967,1;964,7;964,8;967,13;964,19;967,21;967,27;967,28;966,32;965,39;964,40;966,45;964,49;967,53;966,56;966,63;965,65;965,68;967,74;966,78;966,82;965,84;965,90;965,92;967,97;967,103;966,107;965,109;967,112;964,116;967,120;965,124;965,130;967,133;967,138;965,142;966,144;967,149;964,152;967,157;966,161;965,165;964,170;967,173;967,177;965,182;967,186;967,191;966,195;964,199;967,202;965,205;966,208;967,214;967,216;964,223;966,224;964,230;966,234;964,237;967,240;964,245;964,251;966,252;965,256;965,261;965,266;965,270;967,275;966,277;964,282;967,286;965,289;966,295;965,299;964,301;965,307;965,309;964,315;966,316;964,321;965,325;967,331;964,334;964,336;967,341;965,344;964,351;966,353;966,356;965,363;965,365;965,369;964,372;965,378;964,383;966,385;965,389;966,393;964,398;964,402;965,407;967,411;966,414;964,419;966,421;964,425;965,429;967,432;967,436;965,440;965,447;964,451;966,455;966,458;966,460;964,467;964,469;964,472;966,479;964,483;964,485;964,488;964,493;965,496;965,501;966,504;965,511;966,514;966,519;966,520;965,524;964,531;967,532;966,538;964,540;964,544;965,550;964,554;964,557;964,560;964,567;966,569;967,575;966,576;966,580;966,586;964,590;965,593;966,599;964,603;964,604;965,611;964,613;964,618;967,621;967,624;964,628;965,632;967,637;967,641;966,647;967,651;967,655;966,659;964,662;964,667;964,668;965,672;966,678;966,681;964,684;964,689;965,694;967,699;964,701;967,706;965,709;964,715;966,717;965,720;964,726;964,731;965,735;966,737;965,741;964,744;964,750;966,753;966,756;965,761;964,766;967,769;965,773;966,778;967,783;964,784;964,789;964,794;964,796;964,800;965,804;966,809;965,813;966,816;967,822;967,826;966,831;965,835;965,836;964,841;967,846;965,848;965,855;965,856;964,863;966,865;965,871;966,873;966,877;967,881;964,886;965,891;965,895;965,896;964,903;966,905;965,910;964,915;964,917;964,923;965,924;964,929;964,934;967,938;964,940;964,946;964,949;964,955;964,957;965,960;964,966;964,969;964,972;965,979;964,981;967,987;964,991;964,993;964,998;964,1003;967,1005;966,1008;965,1013;967,1019;967,1020
968,0;971,7;969,8;968,15;968,18;971,20;969,24;969,30;968,35;968,36;971,41;971,45;969,48;971,53;971,56;971,61;969,64;970,69;970,74;968,79;971,82;968,87;970,89;969,94;971,97;969,101;969,107;969,111;968,113;970,119;970,120;970,126;968,129;970,135;971,137;970,141;971,147;969,150;968,152;970,156;969,163;968,165;968,170;968,172;970,176;969,181;968,187;971,190;970,193;968,199;968,200;971,204;969,210;969,212;971,216;971,222;971,225;968,231;971,235;968,238;968,243;968,246;968,249;970,255;970,257;970,260;970,265;969,270;968,272;971,276;969,280;969,284;968,291;969,294;968,297;970,303;971,304;969,310;970,312;968,319;970,323;970,327;970,329;969,332;968,337;971,342;970,345;969,350;968,353;970,357;968,363;968,364;968,368;968,372;968,379;969,380;968,385;969,389;971,394;970,399;968,400;968,405;968,408;971,415;969,419;971,420;968,424;969,428;970,435;969,438;968,442;971,444;968,449;970,454;970,457;971,463;968,465;968,471;971,475;969,478;968,480;971,484;971,489;970,493;968,497;971,502;969,505;968,510;970,514;969,516;970,521;970,525;971,530;968,533;968,538;971,542;969,546;969,548;968,554;971,556;968,562;971,564;971,571;971,574;971,578;970,583;968,584;970,589;969,592;968,598;971,602;968,605;971,609;968,615;968,618;969,622;970,624;968,631;970,635;970,639;971,643;970,647;969,648;969,653;968,656;970,660;970,666;970,670;968,675;971,678;968,681;968,686;968,690;969,693;969,696;969,702;970,704;970,711;968,715;970,718;971,723;969,726;968,730;970,732;968,736;969,743;968,747;970,748;971,755;969,759;968,763;971,765;968,768;968,774;969,778;968,780;971,785;970,788;970,792;971,797;970,803;969,805;970,808;971,812;971,818;971,820;971,825;971,830;971,834;970,837;971,842;969,847;970,849;971,854;970,858;969,863;970,864;968,868;969,873;971,877;971,881;969,886;971,889;971,893;970,899;968,902;969,905;971,908;969,912;968,918;969,920;969,926;970,928;971,934;968,937;971,940;969,946;969,950;969,953;971,957;971,962;968,966;970,970;969,973;969,979;971,983;970,985;969,988;968,994;970,997;968,1000;970,1004;969,1010;970,1015;969,1018;968,1022
975,1;973,5;973,8;974,15;974,19;973,22;975,27;975,29;973,33;972,39;973,41;972,47;973,50;975,55;974,59;972,61;975,65;975,71;974,74;975,79;972,80;974,87;972,89;974,95;975,98;972,101;972,106;973,110;975,115;972,118;975,120;973,124;972,130;973,135;972,137;974,140;973,147;975,148;974,152;973,157;974,161;975,166;973,168;974,175;973,178;974,182;974,187;973,189;972,192;972,199;973,201;975,206;973,211;972,213;973,217;974,221;974,227;974,228;973,232;972,238;975,243;974,247;972,249;975,252;973,257;972,260;972,267;972,268;975,272;975,278;974,280;972,287;973,288;975,292;974,296;973,303;972,306;974,310;975,314;972,319;972,320;974,325;975,331;973,334;975,339;975,342;973,346;974,350;974,355;973,356;975,363;972,365;972,370;974,373;974,377;973,382;973,384;974,389;974,394;975,397;974,401;974,405;972,411;975,415;975,416;972,421;975,424;974,428;973,433;973,438;974,443;975,446;974,450;973,452;972,458;972,463;973,466;973,469;973,472;973,479;973,481;974,484;975,491;972,492;973,497;975,503;975,506;974,509;973,513;974,519;975,521;975,527;975,529;975,534;975,539;974,540;974,546;974,549;974,555;975,558;973,560;974,567;972,568;975,574;975,576;974,581;975,584;974,590;975,595;975,599;974,602;974,605;974,609;975,612;974,616;972,620;972,627;975,629;973,635;974,636;974,641;973,647;973,649;975,654;972,656;975,660;972,667;973,669;972,672;975,677;973,683;972,684;974,689;975,693;974,699;975,701;974,704;972,709;975,714;974,717;975,720;973,727;972,728;974,735;972,737;973,743;973,744;975,751;975,755;975,759;972,760;974,767;974,768;975,775;975,779;973,780;975,784;975,790;973,795;975,796;974,800;974,807;975,811;974,814;974,818;974,821;975,827;975,831;975,835;974,836;973,843;973,844;975,850;974,855;973,859;974,862;974,866;972,871;974,873;975,876;974,883;972,884;974,891;975,894;973,899;975,900;975,907;975,910;974,913;973,919;973,920;975,926;972,931;975,935;973,937;975,943;974,946;974,950;974,952;972,959;973,962;973,966;972,971;973,974;972,979;974,982;975,985;975,989;972,993;975,996;975,1003;975,1006;972,1009;975,1012;975,1016;975,1020
979,1;979,7;976,10;977,15;977,16;977,23;976,27;978,30;979,34;978,38;976,41;976,47;976,48;979,55;977,59;977,60;978,66;979,70;979,72;977,79;979,80;978,85;977,91;978,92;977,97;978,100;977,106;976,111;978,115;976,116;977,120;977,124;976,130;976,134;976,137;978,143;978,147;979,150;979,152;976,159;977,161;976,164;978,169;978,174;976,179;979,183;979,184;977,189;976,195;976,197;976,201;978,205;976,211;977,214;976,219;978,220;979,227;979,231;978,235;979,238;979,241;979,247;979,251;979,252;977,259;978,261;977,267;976,270;978,272;979,277;978,283;978,284;978,289;979,293;978,298;979,302;977,305;979,311;979,312;976,316;979,323;979,324;976,329;979,332;977,339;977,340;977,345;977,351;976,355;979,358;978,361;979,364;979,368;977,373;977,377;976,381;977,385;977,389;977,392;976,399;976,403;979,407;976,411;979,415;976,417;977,422;977,427;976,431;977,434;977,436;979,441;977,445;978,451;978,453;979,457;977,463;979,467;978,470;979,474;977,477;976,483;977,484;977,490;979,492;978,499;978,500;979,505;977,508;977,514;976,517;979,523;978,526;976,529;977,534;978,538;979,542;979,547;977,550;978,554;977,559;979,560;977,566;977,569;979,573;978,578;979,580;977,585;978,589;976,593;977,599;978,603;977,607;979,609;978,612;976,617;979,623;978,626;978,631;977,632;976,636;978,641;979,646;977,649;979,653;977,659;979,661;979,666;977,669;979,672;977,679;979,683;977,686;979,688;978,694;979,699;976,700;977,704;978,711;979,713;978,716;978,722;976,725;979,729;976,735;979,738;979,743;976,746;976,749;976,755;978,759;977,761;976,765;978,769;979,775;976,779;976,782;978,787;977,791;978,792;976,796;979,800;979,804;978,808;979,813;977,817;979,821;976,824;976,829;978,832;978,837;979,842;979,844;976,848;978,853;979,856;979,862;977,865;979,870;977,872;977,877;977,883;977,884;978,891;976,892;976,899;978,901;978,904;977,909;978,913;976,916;976,922;978,924;978,930;977,932;978,938;979,943;979,945;977,948;978,953;979,959;977,961;978,965;979,969;977,972;978,977;979,980;978,985;976,991;978,992;979,999;978,1003;976,1005;979,1010;976,1012;978,1017;979,1023
983,2;980,7;983,8;983,12;982,17;981,20;981,27;981,30;981,35;981,37;981,42;983,47;980,48;980,53;981,56;980,60;980,65;982,68;980,72;983,78;982,82;983,87;983,91;981,94;981,99;982,101;983,107;983,111;982,114;983,119;981,121;981,125;983,131;983,133;982,138;982,140;981,147;981,151;981,152;983,159;982,162;982,165;982,171;980,175;980,178;982,183;982,184;983,190;982,192;981,197;981,200;982,206;983,209;980,213;983,216;983,221;982,225;980,229;982,235;982,236;983,241;980,244;981,251;981,253;981,256;981,260;982,264;981,271;981,274;982,276;982,281;983,286;980,290;981,294;981,298;982,303;980,306;983,310;982,312;982,317;982,320;982,326;981,331;982,335;982,338;980,343;981,345;982,350;982,352;982,359;981,362;981,366;980,370;981,372;980,377;981,383;981,384;983,391;981,392;981,399;983,401;982,404;983,410;981,415;981,416;982,421;981,425;983,429;983,433;980,438;981,441;982,445;981,449;983,452;983,456;982,460;981,467;980,470;982,473;981,476;981,483;982,486;982,488;983,495;980,498;982,501;980,507;980,508;981,513;981,519;982,521;980,527;983,530;983,533;981,537;980,540;981,544;981,551;983,555;980,559;983,560;981,564;983,568;982,575;980,579;981,581;982,587;983,589;981,592;981,596;981,602;981,605;983,609;983,613;982,619;982,620;983,625;980,630;980,634;983,636;982,643;982,644;982,649;983,654;981,658;981,660;983,667;980,669;981,674;981,678;983,682;981,687;980,691;980,692;982,699;983,701;983,706;980,711;983,714;982,717;981,720;980,726;983,731;981,732;981,738;983,740;981,744;982,751;983,753;983,759;981,761;983,764;983,768;983,775;980,779;981,782;980,784;982,788;981,794;981,798;981,803;981,805;982,811;982,812;983,817;982,823;981,826;980,828;982,834;981,836;980,840;982,846;980,849;981,855;980,856;980,862;982,867;980,869;981,873;981,879;982,883;981,885;983,890;980,892;981,898;983,901;983,907;982,908;981,913;980,919;982,922;983,924;981,930;982,935;983,938;981,943;980,945;981,951;982,955;982,958;982,961;981,964;980,969;982,972;980,979;983,980;981,987;981,988;983,994;981,999;982,1002;981,1007;981,1009;982,1012;982,1018;981,1021
986,0;985,7;987,10;986,12;985,19;984,20;984,25;986,29;985,32;985,39;985,40;986,45;986,50;987,54;985,56;987,62;987,65;984,69;987,73;986,79;987,81;986,85;985,91;986,94;986,97;984,102;984,104;984,110;984,114;984,117;985,121;987,124;985,130;984,132;986,138;987,143;986,144;985,150;984,152;987,159;985,163;985,167;987,171;984,175;986,178;985,183;984,184;984,191;986,195;984,196;987,202;987,205;987,210;987,214;984,217;985,220;985,225;986,231;987,232;985,238;987,240;986,245;987,251;986,253;984,257;986,262;986,265;986,270;984,274;987,277;984,281;984,287;987,290;986,295;986,298;985,301;985,307;985,311;984,314;987,317;986,320;985,326;985,328;987,332;986,339;987,340;985,344;985,351;986,355;985,357;985,360;987,366;987,369;987,373;985,376;987,382;985,387;986,388;985,392;985,397;984,402;984,404;984,411;985,413;985,419;986,420;987,427;984,429;985,435;987,437;987,440;986,444;985,448;986,455;984,459;986,462;987,466;987,469;984,473;986,479;987,481;986,487;984,490;986,493;987,496;987,503;984,505;987,511;986,512;986,519;984,523;987,527;987,529;986,535;986,538;984,542;984,547;985,549;987,555;984,557;984,562;984,564;984,571;984,574;987,578;987,582;987,584;986,591;986,593;986,599;984,600;984,605;986,611;986,614;984,616;987,623;985,627;987,631;987,632;985,639;986,642;985,646;987,650;985,652;987,657;987,663;984,666;984,668;984,672;985,676;984,681;984,684;984,688;986,693;985,698;985,700;985,706;986,710;984,712;987,716;986,723;986,724;986,730;987,732;987,739;986,742;987,746;985,750;984,752;987,758;985,761;987,765;985,768;986,773;986,778;984,782;986,785;986,788;986,795;987,799;986,801;986,805;987,811;986,812;987,817;986,820;986,824;986,830;986,833;984,838;986,842;987,846;986,851;984,852;986,859;985,863;984,866;984,869;987,875;985,877;984,882;984,885;985,891;986,892;987,899;985,901;986,905;987,911;985,915;986,918;986,921;986,924;987,929;985,934;986,936;987,943;984,947;985,950;984,952;986,957;986,961;985,966;985,968;987,973;987,979;986,981;986,984;984,989;987,992;985,999;985,1001;987,1007;986,1011;987,1013;986,1016;987,1021
990,1;989,7;989,8;989,15;989,19;989,21;991,25;989,30;991,32;988,39;988,42;990,44;991,49;991,55;991,56;991,62;991,67;988,70;989,75;988,79;990,82;990,86;990,91;991,94;991,96;988,100;991,107;991,108;988,114;991,119;989,123;989,127;988,130;988,133;989,138;990,142;989,144;989,149;990,153;988,158;988,161;990,164;991,168;990,173;991,177;988,180;989,187;990,191;991,194;988,196;990,202;991,204;988,211;988,212;990,216;988,220;988,226;990,230;990,234;991,239;989,242;991,244;991,249;988,254;991,258;988,261;988,266;988,271;990,273;991,276;990,280;989,286;991,289;991,293;988,298;990,301;990,307;991,310;988,314;991,317;989,323;991,327;991,328;988,332;989,336;990,342;989,347;989,351;988,352;988,357;990,362;988,364;990,368;988,374;990,376;989,381;990,384;989,389;988,395;991,397;990,401;990,407;990,411;991,413;988,418;988,420;991,427;988,430;990,432;988,437;991,442;990,447;989,449;991,452;991,458;988,463;991,465;989,469;991,473;988,476;988,481;990,487;990,491;990,495;991,496;988,503;991,504;990,511;990,512;989,518;990,523;990,527;989,529;989,535;989,538;991,540;991,547;989,550;991,552;989,557;989,560;988,565;990,568;990,575;991,579;989,582;991,584;991,589;988,595;990,598;991,601;990,605;989,609;988,615;988,617;988,622;988,626;989,628;989,633;989,638;991,642;991,647;990,651;989,654;989,657;989,662;990,664;990,670;990,674;991,676;988,680;989,687;988,688;989,693;990,698;991,702;989,706;988,710;991,712;989,716;991,722;989,726;988,730;991,732;990,738;991,741;990,745;989,750;990,755;988,758;988,763;988,767;988,768;991,775;988,776;990,780;988,786;988,791;990,794;989,796;988,803;990,806;989,809;990,813;990,818;990,821;988,825;991,829;990,834;988,837;991,842;991,846;988,851;988,852;989,858;990,862;990,867;988,870;990,875;990,876;990,883;988,884;990,889;990,892;989,896;989,902;990,906;989,910;991,915;988,919;989,923;988,925;990,929;989,935;988,937;990,943;988,946;991,948;990,952;988,956;988,962;991,967;990,971;991,972;989,976;989,980;988,987;991,989;988,992;990,996;991,1001;989,1006;991,1011;991,1014;991,1019;990,1020
993,0;993,7;994,10;992,15;993,18;994,22;994,25;994,30;992,33;995,38;995,40;994,44;993,51;992,55;993,59;992,63;995,67;994,69;993,74;994,77;995,83;992,85;992,89;992,95;992,98;993,102;993,107;994,110;993,115;992,119;992,123;994,127;994,131;995,133;993,139;995,143;992,144;994,149;992,154;992,158;994,162;994,165;992,169;995,173;994,177;993,180;995,186;992,188;994,192;995,198;993,200;994,204;993,208;994,214;993,219;992,221;993,227;994,231;995,232;995,239;993,241;992,244;992,251;992,252;995,259;995,262;992,267;992,270;994,274;992,278;994,283;995,287;993,290;994,294;995,298;993,302;994,304;993,310;992,314;995,319;993,323;993,327;993,328;992,332;995,336;994,340;992,347;993,349;993,355;993,359;994,360;994,364;993,368;993,373;994,376;992,383;995,386;992,390;993,395;995,399;994,400;995,407;993,410;992,415;992,419;993,423;992,426;993,430;992,434;992,437;992,442;992,447;994,449;992,453;995,456;992,460;992,467;992,468;994,475;995,479;993,483;992,487;995,491;995,493;995,496;994,500;995,506;994,510;992,515;992,517;995,522;994,526;992,530;992,532;993,538;992,540;995,547;994,548;992,552;994,557;993,560;994,567;992,570;992,574;993,577;994,583;992,587;994,588;992,595;992,597;995,603;992,604;993,608;994,614;994,617;994,621;992,624;992,628;994,635;994,636;992,640;992,647;992,648;992,652;992,657;994,661;993,666;994,669;992,672;993,676;994,683;993,687;992,691;992,694;995,697;994,703;993,706;995,708;995,712;995,716;994,723;993,724;992,728;992,735;995,737;993,740;994,747;992,750;992,752;995,759;994,763;994,767;994,768;995,775;992,778;992,781;995,785;992,789;992,795;992,798;992,803;993,806;992,809;992,814;992,817;994,820;992,827;994,829;995,835;995,839;993,843;995,844;992,848;992,853;993,857;993,860;993,867;993,868;995,872;993,876;994,882;993,884;992,890;994,892;992,899;992,901;995,907;993,909;992,913;995,919;995,923;993,926;993,928;994,935;995,938;993,940;992,945;992,950;993,954;992,959;992,963;993,966;993,969;993,972;992,976;992,980;992,987;994,989;993,993;993,997;994,1000;994,1007;992,1011;993,1013;994,1019;993,1020
998,1;996,7;998,10;996,15;996,18;997,21;998,24;997,31;998,33;997,39;999,41;999,46;998,51;996,55;999,56;996,63;998,66;996,68;997,75;999,78;998,81;997,84;996,88;998,95;999,97;998,100;999,104;999,109;999,114;999,119;998,122;996,124;996,130;996,132;999,136;996,140;998,144;996,149;998,152;997,156;997,160;996,166;999,171;998,172;998,179;997,182;998,184;996,191;996,192;998,198;996,200;998,204;997,209;996,215;999,218;999,222;999,225;996,228;996,232;999,239;997,241;998,244;998,249;998,252;996,256;997,263;996,264;998,269;996,272;999,278;996,283;998,284;997,291;999,294;996,299;996,300;998,307;998,311;996,313;998,316;998,323;998,325;997,330;998,334;997,336;996,340;998,347;997,349;999,354;997,358;998,363;998,364;997,371;997,375;998,376;999,380;997,384;999,391;998,393;996,398;997,401;997,406;997,410;999,412;996,418;996,420;999,424;998,431;999,435;996,438;996,443;997,445;999,448;996,453;999,457;998,463;997,464;999,469;998,472;997,477;997,481;997,486;997,490;997,495;999,496;996,500;999,504;999,509;999,515;999,519;996,522;997,524;997,528;997,533;996,536;998,541;996,547;999,550;996,553;996,556;996,562;998,567;996,570;998,573;999,579;999,580;997,584;996,591;997,593;998,596;998,603;997,605;998,611;999,613;996,618;997,623;999,624;999,631;997,635;999,638;997,643;996,644;996,648;998,655;997,656;996,662;997,665;996,668;996,675;996,678;996,682;996,684;998,688;997,692;999,696;999,701;996,704;999,708;996,714;998,718;997,721;996,725;996,731;997,733;999,738;997,740;996,747;999,749;998,752;996,756;998,761;998,764;996,769;998,774;997,779;997,781;998,787;996,789;997,792;996,799;998,802;996,805;999,810;998,815;996,819;997,821;999,825;998,831;997,835;998,837;996,841;996,844;999,849;999,855;997,858;996,862;997,866;997,870;998,872;998,876;996,883;997,884;996,891;996,892;998,898;996,903;997,907;997,908;999,912;996,918;996,923;996,926;998,929;997,932;997,938;997,940;997,945;996,950;996,952;997,956;996,962;997,967;996,968;996,974;999,977;999,980;998,986;997,991;996,994;998,996;996,1003;997,1007;996,1009;996,1014;997,1016;998,1021
1000,0;1000,5;1003,11;1000,14;1000,16;1003,21;1002,24;1001,31;1001,32;1002,39;1003,40;1001,47;1001,51;1003,55;1000,57;1000,60;1000,64;1002,68;1002,73;1001,76;1002,80;1003,84;1000,88;1000,95;1001,98;1001,103;1003,104;1000,111;1003,114;1001,118;1002,120;1001,125;1002,130;1002,133;1001,138;1002,143;1003,145;1002,149;1001,153;1001,159;1000,163;1001,167;1001,169;1002,174;1003,176;1001,183;1001,186;1003,191;1002,195;1001,197;1003,202;1003,206;1003,211;1003,214;1001,218;1003,221;1000,225;1003,231;1001,235;1001,236;1000,242;1001,245;1003,249;1003,252;1003,258;1001,262;1000,264;1003,270;1002,273;1002,279;1002,282;1003,287;1002,290;1000,294;1000,297;1001,302;1001,307;1000,308;1000,312;1000,316;1001,322;1003,327;1002,328;1001,333;1003,339;1003,340;1000,347;1000,351;1000,352;1000,359;1002,360;1002,364;1002,371;1003,375;1001,379;1003,380;1000,387;1000,390;1003,392;1000,397;1003,400;1001,405;1002,408;1000,414;1000,418;1003,421;1000,426;1001,429;1000,432;1000,438;1001,441;1002,445;1003,448;1002,454;1002,459;1003,460;1000,467;1001,470;1002,472;1003,478;1003,481;1003,487;1002,489;1000,495;1000,498;1002,502;1002,504;1000,510;1002,514;1003,516;1001,521;1001,525;1001,529;1001,533;1002,537;1001,543;1001,547;1001,549;1001,554;1000,557;1002,560;1003,564;1000,571;1000,575;1002,579;1000,582;1000,584;1002,590;1001,595;1003,599;1000,602;1002,607;1001,609;1001,612;1003,618;1003,623;1002,626;1001,631;1000,635;1000,638;1000,643;1000,644;1001,649;1000,654;1000,657;1001,661;1001,667;1001,671;1001,673;1003,677;1003,682;1000,687;1000,689;1000,692;1001,698;1000,703;1000,707;1000,708;1001,715;1001,717;1001,723;1000,725;1003,730;1000,733;1002,737;1002,740;1001,747;1000,751;1000,752;1003,759;1000,760;1003,767;1001,770;1001,775;1000,778;1002,783;1003,784;1001,789;1001,792;1001,798;1003,802;1002,807;1002,810;1000,815;1000,816;1001,820;1000,825;1000,831;1000,832;1002,839;1002,842;1000,846;1001,851;1002,854;1003,856;1001,862;1000,867;1000,871;1000,872;1000,877;1003,883;1001,884;1003,888;1001,895;1002,899;1002,900;1000,907;1000,911;1001,915;1001,917;1000,921;1001,927;1000,931;1000,932;1003,939;1003,940;1000,947;1002,951;1000,952;1000,957;1003,961;1001,967;1002,971;1000,975;1000,979;1001,981;1002,986;1002,988;1001,995;1001,999;1003,1001;1001,1004;1000,1009;1002,1012;1002,1016;1001,1020
1005,2;1004,7;1004,11;1005,12;1004,16;1007,20;1006,24;1005,29;1004,34;1007,37;1004,40;1007,45;1007,50;1005,55;1004,57;1004,62;1006,65;1006,70;1004,74;1006,76;1004,81;1005,86;1007,91;1007,93;1006,99;1007,102;1005,104;1004,108;1007,115;1006,119;1007,120;1004,124;1006,128;1006,132;1006,137;1004,140;1004,145;1006,149;1007,153;1007,159;1005,160;1005,164;1004,168;1007,175;1006,179;1004,181;1005,185;1005,190;1007,195;1005,196;1007,200;1005,206;1007,209;1006,215;1006,219;1006,223;1006,224;1006,228;1007,235;1005,237;1004,241;1005,247;1004,251;1004,253;1004,256;1006,260;1005,266;1004,268;1005,274;1004,279;1007,280;1006,284;1004,290;1007,292;1006,296;1005,302;1007,305;1005,308;1007,315;1007,319;1004,323;1005,324;1004,329;1006,335;1004,336;1005,340;1007,344;1007,350;1005,355;1005,356;1006,361;1004,364;1006,370;1005,372;1004,379;1005,382;1004,385;1007,390;1005,393;1007,397;1005,401;1004,406;1005,410;1007,413;1006,419;1007,420;1004,427;1006,430;1005,433;1006,438;1005,441;1005,444;1004,448;1004,454;1006,459;1007,463;1004,467;1004,470;1007,472;1007,477;1006,481;1005,487;1004,489;1007,493;1005,499;1007,503;1004,505;1006,509;1006,513;1007,518;1007,523;1005,527;1005,530;1007,534;1007,538;1006,541;1004,547;1006,548;1006,552;1006,557;1005,560;1004,565;1007,569;1007,574;1004,578;1005,580;1006,585;1004,590;1004,592;1005,598;1005,601;1004,605;1007,610;1004,614;1006,619;1006,620;1004,624;1006,630;1006,634;1007,637;1006,642;1007,646;1006,651;1004,655;1005,657;1007,660;1005,667;1006,668;1007,675;1005,676;1006,683;1005,684;1004,691;1004,693;1007,698;1005,703;1004,704;1006,710;1006,712;1004,719;1006,720;1004,725;1007,729;1006,733;1007,736;1006,743;1007,747;1005,748;1006,755;1004,759;1007,761;1004,764;1006,769;1005,774;1006,777;1007,783;1006,785;1007,790;1004,792;1006,798;1006,800;1007,804;1005,808;1005,815;1006,819;1004,823;1005,827;1004,830;1004,832;1007,838;1005,842;1006,846;1006,851;1007,852;1005,858;1007,863;1007,866;1005,870;1004,872;1005,877;1007,881;1006,885;1006,888;1005,895;1005,898;1007,903;1004,907;1007,910;1007,912;1007,918;1004,921;1007,927;1005,930;1005,935;1006,936;1007,943;1004,944;1005,951;1005,953;1005,958;1006,962;1004,966;1004,968;1005,974;1005,979;1007,982;1007,987;1004,991;1004,993;1006,999;1007,1003;1007,1007;1007,1009;1007,1015;1007,1019;1005,1023
1008,1;1009,4;1008,8;1009,12;1008,17;1010,21;1009,27;1008,29;1011,35;1009,38;1009,42;1010,45;1010,48;1009,55;1011,58;1011,62;1011,64;1009,71;1008,74;1008,79;1009,80;1008,86;1008,89;1009,94;1010,99;1010,100;1010,105;1011,110;1011,112;1010,116;1011,122;1010,125;1008,130;1009,133;1008,136;1010,141;1008,144;1011,149;1008,153;1010,158;1009,163;1009,167;1008,168;1011,175;1010,176;1009,183;1010,187;1009,189;1009,193;1008,199;1008,200;1011,206;1011,210;1009,214;1010,218;1010,220;1011,227;1009,228;1010,234;1008,238;1008,240;1008,244;1010,249;1009,253;1011,256;1010,263;1009,267;1010,268;1010,273;1011,276;1009,283;1010,285;1010,291;1008,292;1008,297;1009,303;1009,304;1010,311;1008,314;1009,318;1009,323;1010,327;1011,330;1009,333;1008,339;1009,342;1011,347;1011,348;1009,354;1010,356;1008,361;1010,365;1011,371;1010,372;1011,378;1009,383;1008,384;1009,389;1008,392;1010,398;1010,403;1008,407;1009,409;1009,412;1009,416;1009,423;1010,426;1009,431;1010,435;1011,436;1010,442;1010,445;1010,451;1008,455;1009,456;1008,463;1010,464;1008,471;1010,474;1009,476;1011,480;1009,487;1010,489;1008,493;1008,499;1008,500;1009,504;1010,511;1009,514;1008,518;1008,523;1008,525;1008,529;1008,533;1010,536;1008,540;1008,545;1010,549;1008,553;1008,557;1011,560;1009,565;1008,570;1010,574;1008,576;1009,582;1008,587;1009,591;1008,594;1008,599;1010,603;1011,606;1011,610;1008,615;1008,619;1009,623;1011,626;1010,628;1008,635;1010,638;1010,641;1011,645;1011,651;1009,652;1011,657;1009,661;1011,666;1008,670;1011,675;1009,677;1011,681;1011,687;1008,689;1009,694;1011,696;1010,702;1009,707;1009,711;1010,713;1009,716;1009,720;1010,725;1010,728;1011,733;1009,737;1009,740;1009,744;1009,748;1009,753;1010,757;1010,763;1009,767;1011,768;1008,772;1011,776;1009,781;1010,784;1008,789;1008,792;1009,799;1008,800;1008,804;1010,811;1008,813;1009,819;1008,822;1008,824;1008,828;1009,832;1010,836;1010,843;1009,845;1010,849;1011,853;1008,856;1011,861;1011,866;1008,871;1011,873;1009,879;1008,883;1011,886;1008,889;1009,895;1009,898;1011,903;1010,904;1009,910;1010,915;1010,919;1008,921;1008,926;1009,931;1008,934;1011,936;1009,942;1008,947;1011,948;1009,952;1008,956;1008,963;1009,966;1010,969;1008,975;1010,977;1009,983;1010,985;1011,988;1008,994;1011,996;1008,1003;1011,1004;1011,1008;1009,1015;1008,1019;1009,1023
1013,1;1015,4;1013,11;1013,12;1014,17;1014,22;1015,27;1015,28;1012,32;1013,38;1012,41;1014,45;1015,51;1013,52;1013,59;1012,61;1014,64;1014,68;1012,73;1013,77;1013,81;1015,86;1015,89;1013,95;1014,99;1014,101;1012,107;1013,108;1015,115;1013,118;1014,121;1012,126;1014,129;1013,135;1015,136;1014,140;1014,144;1013,149;1012,153;1013,159;1013,163;1012,164;1014,168;1014,172;1015,179;1013,182;1012,185;1014,190;1014,195;1013,196;1013,202;1012,204;1012,209;1012,214;1014,219;1012,220;1013,227;1014,229;1013,235;1012,236;1012,241;1013,246;1015,251;1015,252;1012,256;1015,262;1012,264;1014,268;1015,273;1014,279;1013,280;1015,286;1015,291;1012,292;1015,299;1015,303;1015,306;1015,310;1012,312;1015,318;1015,322;1014,327;1013,329;1015,335;1012,338;1013,340;1012,345;1015,351;1012,355;1012,357;1014,360;1014,367;1013,368;1015,373;1014,379;1014,382;1015,386;1012,390;1015,395;1012,396;1015,401;1015,406;1015,408;1012,415;1012,418;1014,422;1012,425;1015,428;1014,432;1015,438;1015,442;1015,445;1015,449;1014,455;1012,458;1012,460;1012,465;1012,470;1014,473;1014,477;1012,480;1015,485;1015,490;1012,493;1014,498;1015,503;1013,504;1015,510;1012,515;1014,518;1014,522;1013,525;1014,531;1014,532;1013,536;1015,540;1012,547;1013,549;1014,555;1012,556;1012,560;1013,565;1012,571;1015,572;1014,576;1012,582;1012,585;1013,589;1013,594;1013,596;1013,602;1015,605;1013,610;1015,614;1014,618;1014,622;1013,624;1013,630;1015,634;1012,639;1014,643;1012,644;1012,649;1012,654;1014,657;1015,660;1014,666;1012,668;1014,674;1013,677;1015,682;1015,686;1013,688;1014,693;1012,698;1012,703;1013,705;1012,709;1014,715;1014,719;1013,720;1014,726;1013,728;1015,733;1014,739;1015,742;1015,747;1015,751;1013,753;1014,756;1014,761;1014,767;1013,771;1015,773;1015,777;1015,781;1013,785;1014,789;1012,792;1014,798;1012,801;1014,804;1015,809;1015,812;1013,816;1014,822;1012,826;1012,829;1012,833;1015,836;1012,840;1012,847;1015,848;1015,855;1013,858;1013,862;1014,866;1014,868;1013,875;1013,878;1014,883;1015,885;1015,888;1014,894;1015,898;1014,903;1015,905;1013,908;1012,912;1012,918;1013,923;1012,924;1014,929;1014,933;1014,939;1015,942;1015,945;1012,950;1012,953;1015,957;1012,963;1015,964;1014,969;1012,972;1015,977;1014,981;1013,987;1014,990;1015,992;1013,999;1012,1003;1014,1007;1013,1009;1013,1013;1012,1016;1013,1021
1018,1;1018,5;1018,9;1018,12;1018,16;1017,21;1018,27;1019,30;1019,35;1019,37;1018,40;1017,46;1016,51;1016,52;1017,59;1019,63;1016,64;1016,70;1019,74;1019,78;1017,82;1017,85;1018,88;1019,92;1017,97;1018,102;1019,106;1017,108;1018,112;1016,118;1019,122;1019,124;1019,131;1019,135;1019,136;1018,141;1017,147;1018,149;1018,153;1017,156;1018,160;1016,166;1019,170;1018,172;1017,178;1019,181;1019,186;1016,191;1017,194;1018,196;1016,201;1019,204;1016,211;1016,215;1016,216;1018,220;1018,227;1019,230;1019,235;1018,237;1019,243;1019,244;1018,250;1018,253;1018,258;1018,262;1016,264;1016,268;1017,274;1019,277;1016,283;1017,285;1017,290;1017,292;1016,298;1018,303;1016,305;1018,309;1018,312;1019,317;1018,320;1018,324;1017,330;1017,335;1018,336;1018,341;1017,345;1018,351;1017,354;1016,356;1016,360;1019,366;1016,370;1016,372;1017,379;1019,381;1016,387;1018,388;1016,393;1019,396;1019,402;1018,407;1018,411;1016,415;1018,419;1016,423;1017,424;1019,429;1017,433;1017,437;1018,441;1019,447;1016,449;1018,455;1017,458;1019,463;1018,466;1016,471;1018,473;1018,477;1016,481;1019,486;1016,491;1017,492;1017,499;1019,501;1016,505;1016,508;1016,515;1018,517;1018,522;1019,526;1016,528;1017,533;1016,537;1017,541;1016,544;1019,549;1017,555;1017,556;1017,561;1016,566;1018,568;1018,572;1016,576;1017,581;1018,585;1018,588;1018,592;1017,597;1018,603;1018,604;1017,610;1019,613;1016,618;1019,623;1016,626;1016,630;1016,633;1019,636;1018,643;1019,647;1016,651;1018,654;1017,657;1018,663;1017,664;1016,669;1019,675;1019,678;1018,683;1018,685;1017,689;1019,692;1019,699;1016,700;1019,707;1018,709;1018,713;1018,716;1019,721;1016,726;1018,728;1017,733;1018,738;1019,743;1018,747;1018,750;1018,752;1017,759;1017,762;1019,766;1017,769;1019,775;1018,776;1018,782;1017,787;1017,788;1018,795;1018,797;1018,801;1017,805;1018,811;1016,812;1016,819;1019,823;1018,826;1018,829;1017,834;1016,837;1019,841;1018,847;1016,849;1019,853;1016,859;1016,862;1016,866;1016,869;1019,875;1019,879;1016,881;1016,886;1018,891;1017,893;1018,897;1018,902;1016,904;1018,908;1018,913;1018,917;1017,923;1017,924;1016,930;1018,933;1019,938;1018,940;1018,945;1017,950;1018,952;1019,957;1019,960;1017,965;1016,969;1017,974;1018,978;1019,982;1019,985;1016,988;1019,994;1017,998;1019,1000;1018,1006;1018,1011;1018,1015;1018,1018;1016,1022
1022,2;1021,6;1020,8;1020,12;1020,16;1020,21;1020,24;1021,31;1020,33;1023,36;1023,40;1022,44;1020,51;1021,55;1020,59;1020,62;1020,64;1020,71;1022,73;1023,79;1023,82;1021,84;1020,89;1021,93;1020,98;1021,100;1020,105;1023,108;1022,112;1022,117;1023,121;1020,125;1020,129;1020,134;1023,137;1020,143;1023,146;1021,149;1020,153;1020,157;1023,163;1022,164;1023,168;1021,174;1021,178;1023,183;1020,187;1021,191;1022,195;1020,199;1021,202;1021,204;1020,209;1020,215;1020,218;1021,223;1021,227;1020,229;1021,233;1022,238;1021,243;1020,246;1021,251;1021,252;1022,257;1023,263;1021,265;1022,268;1021,274;1022,278;1022,282;1022,284;1022,288;1023,294;1022,296;1021,300;1022,307;1021,311;1020,315;1022,318;1021,322;1023,325;1020,330;1022,333;1021,336;1023,343;1022,347;1022,351;1020,354;1020,356;1022,362;1020,366;1023,369;1021,372;1022,379;1020,380;1021,387;1020,390;1020,393;1023,396;1021,403;1023,404;1021,409;1020,412;1023,416;1023,421;1021,427;1021,428;1020,432;1021,436;1023,441;1022,447;1022,448;1022,454;1023,459;1022,461;1020,464;1020,471;1023,475;1020,477;1021,482;1022,484;1023,491;1022,493;1023,496;1020,502;1022,506;1022,511;1020,514;1022,516;1023,521;1023,524;1021,528;1020,535;1020,539;1023,542;1021,544;1022,551;1022,554;1023,558;1022,563;1021,565;1022,571;1023,572;1020,576;1020,581;1023,587;1023,591;1022,594;1021,596;1020,600;1023,607;1021,609;1022,613;1023,619;1021,620;1023,624;1023,628;1020,634;1020,636;1021,643;1020,645;1022,649;1020,655;1020,656;1023,661;1023,664;1020,669;1021,673;1021,676;1022,680;1023,686;1022,688;1022,695;1020,698;1020,701;1021,707;1022,708;1022,713;1021,717;1021,722;1021,726;1023,729;1020,734;1020,739;1021,741;1021,746;1022,750;1021,754;1022,757;1023,762;1022,765;1022,771;1021,772;1020,778;1021,783;1023,786;1020,789;1020,795;1021,797;1020,800;1023,806;1020,810;1021,812;1021,817;1022,823;1021,827;1021,829;1020,832;1020,837;1023,840;1022,846;1020,849;1022,853;1022,856;1020,862;1021,867;1023,869;1022,873;1023,879;1021,880;1020,885;1023,889;1020,894;1023,898;1020,900;1023,907;1021,908;1021,913;1020,916;1023,922;1022,925;1022,929;1021,933;1020,936;1022,940;1023,944;1020,949;1023,952;1020,958;1022,962;1022,964;1020,971;1022,975;1020,978;1021,982;1022,985;1021,989;1022,993;1021,996;1022,1003;1020,1004;1020,1008;1023,1013;1020,1018;1022,1023
