1,0;1,2;1,5;1,7;1,8;0,10;1,12;1,14;0,17;0,19;1,20;1,23;1,24;1,26;1,29;0,31;1,32;0,34;0,37;0,39;0,40;1,43;1,44;0,47;1,48;0,50;0,53;0,54;0,56;0,59;0,61;0,62;1,65;1,67;0,68;1,71;1,73;1,75;1,76;1,79;0,81;0,83;1,84;0,86;0,88;0,91;1,93;0,95;0,96;0,98;0,101;0,102;0,105;1,106;0,108;0,111;0,113;0,114;1,117;0,118;0,120;0,122;1,124;1,126;0,128;0,131;0,132;1,134;0,137;1,138;1,140;0,143;1,144;1,146;1,149;0,150;0,152;1,155;1,157;1,158;0,160;0,162;0,165;0,166;0,169;1,171;0,173;0,174;0,176;0,178;0,180;0,182;0,185;0,187;1,189;0,191;0,193;0,194;0,197;0,199;1,200;1,202;1,204;1,207;1,208;0,211;0,212;1,215;0,217;0,218;1,221;1,222;1,225;1,226;0,228;0,230;0,233;1,234;1,236;1,238;1,241;0,242;0,245;0,246;0,248;0,251;1,252;1,254;1,256;0,258;0,261;1,263;1,264;1,266;1,268;0,271;1,272;1,275;0,276;1,279;0,281;0,283;1,284;1,287;1,289;0,291;0,292;1,295;0,297;0,298;1,300;1,302;1,304;1,306;0,308;1,310;0,313;1,315;0,317;0,319;1,320;1,323;0,325;0,326;0,329;0,331;1,333;0,334;1,336;0,338;0,340;1,343;1,345;0,347;1,348;0,350;1,352;1,354;0,357;1,359;1,361;0,363;1,364;0,366;1,369;0,371;1,372;0,374;1,376;1,379;1,381;1,382;0,384;0,387;0,388;0,391;1,392;1,394;1,397;0,398;1,401;1,402;1,404;1,406;1,408;0,411;1,413;1,415;0,417;0,419;0,420;1,422;0,424;1,426;1,429;1,430;1,432;1,435;1,436;0,439;1,440;0,443;0,445;0,446;1,448;1,450;1,452;1,454;0,456;1,458;1,461;1,463;1,464;0,467;1,468;1,470;0,473;1,474;1,477;0,478;1,481;0,483;0,484;1,486;0,489;0,491;1,493;1,494;0,497;0,498;0,501;0,503;1,505;1,507;1,508;0,510
3,0;3,3;2,4;2,7;2,9;2,11;2,12;2,15;3,16;3,18;3,21;2,23;2,24;3,26;3,28;3,31;2,32;2,35;2,37;2,39;3,41;3,42;3,44;3,47;2,49;3,51;3,53;2,55;3,56;2,59;3,61;3,63;2,65;2,67;3,69;3,70;2,72;3,75;2,77;2,79;3,81;3,82;2,85;2,87;3,89;3,90;2,93;2,95;3,97;2,98;3,100;3,102;2,104;2,107;2,108;3,111;2,112;3,114;2,117;2,119;3,120;2,123;2,124;3,127;3,129;3,130;2,133;3,134;2,137;3,138;3,141;2,142;3,144;2,146;3,149;3,150;3,152;2,154;3,157;2,159;2,161;3,163;3,165;3,166;3,168;2,170;2,173;2,175;2,177;3,178;3,180;2,182;2,184;2,187;3,189;3,190;3,193;3,195;2,196;3,199;2,200;3,202;2,204;3,207;3,208;2,211;2,212;2,215;3,216;2,218;3,221;3,222;2,224;2,226;3,229;3,230;3,232;3,235;2,237;2,238;3,240;2,242;3,245;3,246;3,248;2,250;3,252;3,254;3,257;2,259;2,261;3,263;2,265;2,267;2,269;2,271;3,272;2,275;2,276;2,279;3,280;3,283;3,285;3,287;2,288;2,290;3,292;2,294;3,297;2,299;3,301;3,302;2,304;2,307;3,308;3,310;2,313;3,315;2,317;2,318;2,320;3,322;3,325;3,326;2,328;2,330;2,333;2,334;3,337;3,339;3,340;3,343;3,344;3,347;3,349;2,351;3,352;2,354;2,357;2,359;3,360;3,363;2,364;2,367;2,368;2,371;3,373;2,375;2,376;2,379;3,381;2,383;3,385;2,387;2,388;3,391;3,393;2,395;2,397;2,399;2,401;2,402;2,405;3,406;2,409;3,410;2,413;3,414;3,416;3,418;2,421;2,422;3,425;3,427;3,429;2,431;3,432;2,435;2,436;3,439;3,441;2,443;3,445;2,446;2,449;3,450;2,453;3,454;3,456;3,459;2,461;2,463;2,464;3,467;2,469;2,471;2,473;3,475;3,477;3,479;2,481;2,482;2,484;3,487;2,488;2,490;2,492;2,494;3,496;2,498;3,501;3,503;2,505;2,506;3,508;2,511
4,1;4,2;4,4;4,6;4,8;5,10;4,12;5,14;5,16;5,19;4,20;5,22;5,25;5,26;5,28;5,30;5,32;4,35;5,37;4,39;5,40;5,42;5,44;5,46;5,49;4,51;4,53;5,54;4,56;5,58;4,60;4,62;5,64;4,67;5,69;5,70;4,72;5,75;5,77;5,78;5,81;4,82;5,85;5,86;5,88;5,90;4,93;5,94;4,97;5,99;4,100;5,103;5,105;5,107;4,109;5,111;5,112;4,114;4,116;4,118;5,121;4,122;4,125;5,126;4,128;5,130;5,133;4,134;5,137;4,138;5,141;5,143;4,145;4,147;5,148;5,150;4,153;5,154;5,157;4,158;5,161;5,163;4,164;5,166;4,168;5,171;5,173;5,175;5,177;4,179;4,180;4,183;4,184;4,186;5,189;5,190;4,192;5,195;4,196;5,199;5,200;5,202;5,204;5,206;5,209;5,211;4,212;4,215;4,217;5,219;4,220;5,223;4,224;4,227;5,228;4,231;4,233;5,234;4,237;5,238;5,241;5,242;5,244;4,247;5,249;5,251;4,253;4,255;4,257;5,259;4,261;4,263;5,264;4,267;4,268;4,270;4,272;4,274;5,276;4,279;4,281;5,282;4,285;4,286;5,289;4,290;5,293;5,294;4,296;5,299;5,300;5,302;5,305;5,306;5,309;4,310;4,312;4,315;4,316;5,318;4,320;5,323;4,324;5,326;4,328;5,330;5,332;4,335;5,336;5,338;5,340;4,343;4,344;4,346;5,348;5,351;4,353;5,354;5,357;4,359;4,360;4,362;5,364;4,367;4,368;4,371;5,372;5,375;4,376;5,379;4,381;5,382;5,384;4,387;4,389;5,391;5,392;4,394;4,396;4,399;4,401;4,403;5,404;5,406;5,408;5,411;5,412;4,415;4,417;4,419;5,420;4,423;5,425;4,427;5,428;4,430;5,433;5,435;4,437;4,439;4,440;4,442;5,445;4,447;4,449;4,450;4,452;4,454;4,457;4,459;5,461;4,463;4,465;4,466;5,468;4,471;4,473;4,474;4,476;5,479;5,480;4,482;5,484;5,487;4,489;4,490;5,492;4,494;4,497;5,498;5,500;5,502;4,504;5,507;4,508;4,511
6,0;7,3;6,4;6,7;6,8;6,10;6,12;6,14;6,17;7,19;6,21;6,23;6,25;6,27;7,28;6,30;6,33;7,34;6,37;6,38;6,41;7,42;6,44;7,47;7,49;6,51;6,52;6,55;6,56;6,58;6,60;7,63;6,64;7,66;6,69;6,71;6,73;7,74;7,76;7,78;6,81;7,83;6,84;6,86;6,89;6,91;7,93;7,95;6,96;6,99;6,100;7,103;6,105;6,107;6,109;7,111;7,113;7,114;6,116;7,118;6,121;6,123;7,125;7,126;7,128;6,131;6,133;6,135;7,137;7,139;7,141;6,143;6,144;7,146;6,148;7,151;7,152;6,154;7,156;6,158;6,161;6,162;6,165;7,166;6,168;7,170;7,173;7,174;6,176;7,179;6,180;6,182;7,184;6,187;6,189;6,191;6,192;6,194;6,197;7,199;7,200;7,202;6,205;6,206;6,209;6,210;7,213;7,214;6,217;6,218;7,220;7,222;7,225;6,227;7,229;7,230;6,232;6,234;7,237;7,238;7,241;6,242;6,244;6,246;6,248;6,251;7,253;6,255;7,257;7,259;7,261;7,263;6,265;7,267;6,268;6,271;7,272;6,274;7,276;7,278;6,280;6,283;7,285;6,287;6,288;7,291;6,292;7,295;6,296;6,299;6,301;6,303;6,305;7,306;6,309;6,310;6,312;6,315;7,316;7,319;6,321;7,322;7,324;7,327;7,329;6,330;6,333;6,335;7,337;6,339;7,341;6,343;6,345;7,347;6,349;6,350;7,352;7,355;6,356;6,358;7,360;6,362;7,364;6,366;6,368;7,371;7,372;7,374;7,377;7,378;7,381;7,383;7,384;7,387;7,388;6,391;7,393;7,395;6,397;7,398;6,401;6,403;6,405;6,407;7,409;7,410;6,413;6,415;7,417;6,418;6,420;7,422;6,425;7,427;7,428;6,431;6,432;7,435;7,437;7,439;7,440;6,442;7,445;6,447;7,449;6,450;6,453;7,454;7,456;6,458;7,460;7,462;6,464;6,467;7,469;7,470;7,473;7,475;7,476;6,478;7,480;7,483;7,485;7,487;7,489;7,490;7,493;7,495;6,496;7,498;6,501;7,503;7,505;7,506;6,508;6,510
9,1;9,2;8,4;9,6;8,9;8,10;8,12;9,15;9,17;8,19;9,20;9,22;8,25;8,27;8,28;9,31;9,32;8,35;9,37;9,38;8,40;9,42;9,45;9,46;8,48;9,51;8,53;8,55;9,57;9,59;9,61;8,63;8,64;8,66;8,68;8,71;9,72;8,74;8,77;8,78;9,81;8,83;8,84;8,87;9,89;8,90;9,93;9,95;9,96;8,98;9,100;8,103;9,104;9,107;9,109;8,111;8,113;9,114;9,116;9,119;8,120;9,123;8,124;9,126;8,128;9,130;8,132;8,135;8,136;9,138;9,140;8,142;9,145;8,147;9,149;9,150;8,153;9,155;9,156;8,159;9,160;9,162;9,164;8,166;8,168;8,171;9,173;8,174;8,177;9,178;9,181;9,183;9,184;8,186;9,189;8,190;8,192;9,195;9,196;9,198;8,200;8,203;9,205;9,207;9,208;8,211;9,212;9,214;9,217;8,219;9,221;8,223;8,225;9,226;9,228;8,231;9,232;9,234;9,236;8,239;8,241;9,243;9,245;8,246;9,248;9,250;9,253;8,254;8,257;8,259;8,260;8,262;8,265;9,266;9,269;8,270;8,272;9,275;9,276;8,279;8,281;8,282;9,284;8,286;8,288;8,291;8,292;9,294;9,297;8,299;9,300;8,302;9,304;9,306;9,309;9,311;8,312;9,315;9,317;8,318;8,320;8,323;8,325;9,327;8,328;8,331;9,333;8,335;8,336;8,338;9,340;9,343;9,345;9,347;8,349;9,351;9,352;8,355;9,356;9,359;8,360;9,363;8,365;8,366;9,369;8,370;8,372;8,374;8,377;9,378;8,380;8,382;8,384;8,387;9,389;9,390;8,393;8,394;9,396;8,398;9,400;9,402;8,404;8,406;9,409;8,411;8,413;8,415;8,416;9,418;9,421;9,423;8,425;9,426;8,428;8,430;9,432;8,435;8,436;9,438;8,441;8,443;9,445;9,446;9,449;9,450;9,453;8,455;9,457;8,459;8,461;9,463;9,464;8,466;9,468;9,471;8,472;9,475;9,477;9,479;9,481;8,483;9,485;8,487;8,489;9,491;8,493;9,494;9,496;8,499;8,500;8,503;9,504;9,507;9,509;8,511
10,1;11,3;11,4;11,7;11,9;11,10;11,13;11,15;11,17;10,18;11,20;10,22;10,25;10,27;11,29;10,30;11,33;10,34;11,37;11,38;11,41;11,42;11,45;10,47;10,49;11,50;11,53;11,54;10,57;11,59;10,60;10,62;10,65;10,67;11,68;10,71;10,72;10,74;11,77;10,79;11,80;11,82;10,84;10,87;10,89;11,91;10,92;10,95;11,97;10,98;11,101;11,103;11,104;10,107;11,108;11,111;10,112;10,115;10,117;11,118;10,120;11,123;10,125;11,127;10,129;10,130;10,132;10,134;10,137;10,139;10,140;10,143;10,144;10,146;10,149;10,151;11,152;10,155;10,156;10,159;10,161;10,163;10,165;11,167;10,168;11,170;10,172;11,174;10,176;11,179;10,180;11,183;10,184;11,187;11,189;11,191;11,193;11,195;10,196;10,198;10,201;11,203;11,204;11,206;10,208;11,210;10,213;11,215;10,217;10,218;11,221;10,222;10,224;10,226;10,229;11,231;11,233;11,234;10,236;10,238;11,241;11,243;10,245;10,246;11,248;11,250;10,252;11,254;11,257;11,259;11,260;11,262;10,264;11,266;11,269;10,271;11,273;11,275;10,276;11,278;11,281;11,282;11,284;10,287;10,289;11,290;11,293;11,295;11,296;11,299;11,300;10,303;10,304;11,307;10,309;10,311;10,313;11,314;10,317;10,319;10,320;10,322;11,324;10,326;11,328;10,331;10,332;11,335;11,337;11,339;11,341;10,343;10,344;11,347;10,348;11,350;11,353;10,355;11,356;10,359;11,360;10,363;11,364;11,366;11,368;10,371;10,373;11,374;11,376;10,379;10,381;10,382;10,384;10,387;11,388;11,391;10,392;10,395;11,396;11,398;11,400;10,403;11,405;10,406;11,409;10,411;11,413;10,414;10,416;11,419;10,421;10,422;10,424;11,426;10,428;11,431;10,433;11,434;11,436;10,438;11,440;11,443;11,444;11,446;10,449;10,450;11,452;11,454;10,457;10,458;11,460;10,463;11,465;10,466;10,468;11,470;11,472;11,474;11,477;10,478;10,480;11,483;11,485;11,486;10,488;11,490;11,492;11,495;10,497;10,499;11,500;10,503;10,504;10,506;11,508;10,510
13,1;12,3;13,5;12,6;13,8;12,11;13,13;13,14;12,16;13,18;12,21;13,23;12,24;12,26;12,28;12,31;13,33;13,34;13,37;12,39;12,41;12,42;12,44;12,47;13,48;12,51;13,53;12,54;12,56;12,58;13,60;12,62;12,65;12,67;13,68;13,70;13,73;13,75;13,76;12,78;12,80;13,83;12,84;12,86;12,89;13,91;12,93;12,95;12,96;13,98;13,100;13,102;12,105;12,107;13,109;13,110;12,112;12,114;13,117;12,119;12,121;13,123;13,125;13,126;13,129;13,130;13,133;13,134;12,137;13,138;12,141;12,142;13,144;13,147;13,148;12,151;13,153;12,155;13,157;12,158;12,160;12,163;12,165;12,167;12,169;12,171;12,173;13,175;12,177;12,179;13,180;12,182;13,184;13,187;13,189;13,190;12,192;13,195;12,197;12,199;13,200;13,203;13,205;12,206;12,208;13,210;13,212;12,215;13,217;12,218;13,221;13,223;13,224;12,227;12,229;12,231;12,232;13,235;13,236;12,239;13,241;12,242;13,244;12,246;13,249;13,250;13,252;12,255;13,256;12,259;12,261;12,262;12,264;12,267;12,268;12,271;12,272;12,274;13,276;13,278;12,281;12,282;12,284;12,287;13,289;13,291;13,292;13,295;13,296;12,299;13,300;13,302;12,304;12,306;13,309;13,311;13,313;13,314;12,316;13,319;12,321;12,323;13,325;13,326;13,328;13,331;12,332;13,334;12,336;12,339;13,340;12,343;13,345;12,347;13,348;13,351;12,353;13,355;12,356;12,359;13,361;12,363;13,364;13,366;12,368;13,371;13,372;12,374;13,376;13,378;12,381;13,383;13,384;13,386;13,388;12,390;12,393;12,394;12,396;13,399;13,401;12,402;12,404;12,407;12,409;13,410;13,412;13,415;13,417;12,419;13,420;12,423;12,424;13,426;13,428;13,430;13,433;13,435;12,436;12,439;13,440;12,442;12,444;12,446;13,449;13,451;13,453;13,455;13,456;12,458;12,461;13,463;13,464;12,466;13,468;12,470;12,472;12,474;13,476;13,479;12,480;12,483;12,485;12,486;12,488;13,491;13,492;13,495;12,496;13,499;13,501;13,503;13,504;13,506;12,509;13,510
14,0;15,3;14,5;15,6;15,9;14,10;14,12;14,15;15,16;15,18;15,21;15,22;15,25;14,27;15,28;14,31;15,33;14,34;15,36;14,39;15,41;14,42;14,44;14,47;15,49;14,50;14,53;15,55;14,56;14,59;14,60;15,62;14,65;15,66;15,68;15,70;15,73;14,75;15,76;14,79;14,80;15,82;15,84;15,87;14,88;15,90;15,93;14,94;15,97;14,99;14,101;15,103;15,104;15,107;14,109;14,111;15,112;14,115;14,117;14,118;14,120;14,123;14,124;14,127;14,129;15,131;15,133;15,135;14,136;15,139;15,140;15,142;14,145;14,147;15,148;15,151;14,152;14,155;15,157;14,158;14,161;14,162;14,165;15,166;15,168;14,170;14,172;14,175;15,177;15,178;15,181;14,183;15,184;15,187;14,188;14,191;14,193;14,195;14,197;14,198;15,200;14,202;15,205;14,207;15,208;14,211;15,213;15,215;15,217;14,218;14,220;15,223;15,224;14,227;14,228;15,230;15,233;15,235;15,236;15,239;14,240;15,242;14,244;15,247;15,249;14,251;15,253;15,254;15,256;15,259;15,261;14,263;14,265;14,266;15,269;14,271;15,273;15,275;14,277;14,278;14,281;14,282;14,284;15,287;14,288;14,290;15,293;14,295;15,296;15,298;14,300;14,302;15,305;14,306;15,309;14,310;14,312;15,314;15,316;14,318;14,321;15,323;14,324;15,327;15,329;14,331;14,332;15,334;15,337;14,339;14,341;14,343;14,345;14,347;14,349;14,350;15,352;15,355;14,356;15,358;15,360;15,363;15,365;15,366;14,369;15,371;14,373;15,374;15,377;15,378;14,381;15,382;15,384;15,386;14,389;15,391;15,392;14,394;14,397;15,399;15,400;15,403;14,404;14,407;15,409;15,411;15,412;15,414;15,417;14,418;15,420;15,423;15,424;14,426;15,429;15,430;14,433;15,434;14,436;15,439;15,441;14,443;15,445;15,447;14,449;15,451;14,452;14,455;15,456;15,459;15,460;14,463;14,464;15,467;15,468;15,471;15,472;14,475;14,477;14,479;14,481;14,483;14,484;14,486;14,489;14,490;14,493;14,495;14,496;15,499;15,501;14,502;14,504;14,507;14,509;15,511
16,1;17,2;17,5;16,7;17,9;17,11;17,13;16,14;17,17;17,19;17,20;17,23;17,25;17,26;17,28;16,31;16,33;16,34;17,37;17,38;16,40;17,43;16,45;17,46;17,48;17,50;17,52;16,54;16,56;16,58;16,61;17,62;17,64;16,66;16,68;17,71;17,72;16,75;16,76;16,78;16,81;17,82;17,85;16,86;16,88;17,90;16,92;16,95;17,97;17,99;17,100;17,103;16,104;16,107;17,108;16,110;16,113;17,114;16,117;16,119;17,120;17,123;17,124;17,126;16,128;16,130;16,133;16,134;17,137;16,139;17,140;17,143;16,144;16,147;17,148;16,150;16,152;17,155;16,156;16,158;16,161;16,163;17,164;16,166;16,169;16,170;17,172;16,175;16,177;16,179;17,180;17,183;16,184;17,187;16,189;17,190;17,192;17,194;17,197;16,198;16,201;16,202;16,204;16,207;17,208;16,211;17,213;16,214;16,217;17,218;16,220;17,223;16,225;16,226;17,229;17,231;17,232;16,235;16,237;16,239;16,240;16,243;17,244;17,247;17,248;16,251;16,252;16,254;17,257;17,258;16,260;16,263;17,264;16,266;17,268;16,270;16,272;17,275;16,277;17,278;17,281;17,283;17,284;16,286;17,288;16,291;16,293;16,295;17,297;16,299;16,301;17,303;16,304;16,307;16,309;17,311;17,313;17,314;16,317;17,318;16,321;17,322;16,325;17,326;17,329;17,330;16,333;16,335;16,336;17,339;16,340;16,343;17,344;16,347;17,348;16,350;17,352;17,355;17,357;17,359;17,360;17,362;16,365;17,366;16,368;17,371;17,373;17,375;17,376;17,379;17,380;17,383;17,384;16,386;17,389;16,391;17,393;17,394;17,396;16,398;16,401;17,402;17,405;17,406;17,409;17,410;17,413;17,414;16,417;16,418;16,420;16,423;16,424;17,426;17,428;16,430;16,432;16,434;17,436;16,438;17,441;16,442;16,444;16,447;17,448;17,450;17,453;17,455;16,457;17,459;16,461;16,462;16,464;16,466;17,469;17,471;16,473;17,475;17,476;17,478;16,480;17,483;17,484;17,486;17,489;16,491;16,493;17,494;16,497;16,498;16,500;16,502;17,504;16,506;17,509;16,511
19,1;18,3;18,4;18,6;18,8;19,11;18,13;19,14;18,17;18,18;19,20;18,23;18,25;18,27;18,29;19,31;18,33;18,35;19,36;18,38;18,41;18,42;19,44;19,46;18,49;18,51;18,52;18,54;18,57;19,59;18,61;19,63;18,65;19,66;19,68;19,70;19,73;18,75;19,76;18,78;18,80;19,83;18,84;19,86;18,89;18,90;18,92;18,95;18,96;19,99;19,101;19,103;19,105;19,107;18,108;18,111;19,113;19,114;19,116;18,119;19,121;18,123;19,125;18,126;18,128;19,131;19,133;19,134;18,136;18,138;18,140;19,142;18,145;19,147;18,149;19,150;19,153;18,155;18,156;18,158;19,161;19,162;19,164;19,167;18,169;18,171;19,172;18,174;19,177;18,178;19,181;18,183;19,184;18,187;18,189;18,190;18,193;19,195;19,196;18,198;19,200;19,203;19,204;19,207;18,209;18,210;19,213;19,214;19,216;18,219;18,220;19,223;19,224;19,227;19,229;19,231;18,232;19,234;18,237;19,239;19,240;18,242;19,244;18,247;19,249;18,250;18,252;19,254;19,257;18,259;18,260;18,262;19,265;18,266;19,268;19,271;18,273;18,274;18,276;18,278;19,281;18,282;19,285;18,286;18,288;19,291;18,293;19,294;18,296;18,299;19,300;18,302;19,304;19,306;18,308;18,311;19,313;19,315;19,316;18,319;19,320;18,323;18,325;19,326;19,329;19,330;19,332;19,334;19,337;19,339;18,341;18,343;18,344;18,346;18,349;18,350;19,353;19,355;18,356;18,358;19,361;19,362;18,364;19,366;18,369;19,371;19,373;19,374;18,377;19,378;19,381;18,382;19,384;18,386;19,389;19,390;18,392;19,395;19,397;19,398;18,401;18,402;18,404;19,406;18,408;18,410;18,412;18,415;18,417;18,418;19,420;19,422;18,424;18,426;18,429;18,430;19,433;18,434;18,436;18,438;18,440;18,442;18,445;18,447;19,449;19,451;19,453;18,454;19,456;18,458;19,460;19,462;19,465;18,466;19,469;19,471;18,472;19,475;18,476;19,479;18,480;19,482;19,484;18,487;18,489;19,491;19,493;18,494;18,496;19,498;19,500;18,503;19,505;19,507;19,508;18,510
21,1;21,2;21,4;20,7;20,9;21,10;21,12;21,15;20,16;21,18;21,20;21,23;21,25;20,27;20,28;21,31;20,33;20,35;21,37;20,39;21,40;20,43;21,45;20,46;21,49;20,51;21,53;21,55;21,57;20,58;20,60;20,63;20,65;21,67;21,69;21,70;21,72;21,74;21,77;20,78;21,80;20,82;20,85;20,87;21,89;21,91;20,93;21,94;21,96;21,99;21,100;20,103;20,104;21,106;20,108;21,111;20,113;20,114;21,116;20,119;21,120;21,122;21,124;21,126;21,129;20,130;20,132;20,135;20,137;21,138;21,141;20,142;20,144;20,147;20,148;20,151;21,152;20,155;20,157;21,159;21,160;21,162;20,164;21,166;21,168;21,171;21,173;20,174;21,176;21,179;21,181;21,183;21,184;21,186;21,189;20,191;21,192;20,195;20,197;20,198;20,201;21,202;20,205;21,207;21,209;21,211;20,212;20,215;20,216;20,218;20,221;20,223;21,225;20,227;21,229;20,230;20,232;21,234;21,237;20,239;20,240;21,242;21,244;21,247;20,248;21,250;21,253;21,254;21,257;20,258;20,260;21,263;21,264;21,266;20,269;20,270;20,272;21,274;21,276;20,278;21,280;20,282;20,284;21,286;21,289;20,290;20,292;20,295;20,296;20,298;20,300;20,303;21,304;20,307;20,308;20,310;20,312;21,315;20,317;20,318;21,321;20,323;21,324;20,326;21,328;21,331;21,332;20,335;20,337;20,339;21,341;20,342;21,344;20,346;20,348;20,351;21,353;21,354;20,356;21,359;20,360;21,362;20,365;21,366;20,369;20,371;20,373;20,375;20,377;20,379;20,381;20,383;20,384;21,387;21,389;20,390;21,393;20,394;21,396;21,399;20,400;20,402;20,405;21,406;21,409;21,411;20,413;20,415;21,417;20,419;20,420;21,422;21,424;21,426;21,428;21,431;20,432;20,434;20,437;20,439;20,441;21,442;20,444;20,447;21,449;20,451;21,453;21,454;20,456;21,458;20,460;21,462;21,465;21,466;21,469;20,471;21,473;21,475;20,477;20,478;21,480;20,483;20,484;21,486;20,488;20,491;21,493;20,495;21,497;21,499;20,501;21,502;20,504;21,506;20,508;20,510
22,0;22,3;22,4;23,7;23,8;22,11;22,12;22,14;22,16;23,19;22,20;23,22;22,25;22,26;23,28;23,31;23,32;22,35;23,36;23,39;23,40;22,42;23,44;22,46;22,49;22,50;22,53;23,55;22,57;22,59;23,60;22,63;23,65;23,67;23,69;22,70;22,73;23,74;22,77;23,79;22,80;23,82;22,84;22,86;22,89;23,91;23,92;23,94;23,97;23,98;23,101;22,103;22,104;23,107;22,109;23,111;23,113;23,115;22,117;23,119;22,121;22,122;23,125;22,127;23,129;22,131;23,132;22,135;22,137;22,139;23,141;23,143;22,144;23,146;22,148;23,151;23,153;22,155;23,156;23,158;23,160;23,162;22,164;23,167;22,169;22,171;22,172;23,175;22,176;23,178;22,180;22,183;22,184;23,186;22,188;22,191;23,193;22,194;22,196;22,199;22,200;22,202;22,204;22,206;23,208;23,210;23,213;23,214;22,217;23,218;23,220;23,222;23,224;23,226;22,229;23,231;23,232;22,234;22,236;22,239;22,240;23,242;22,244;23,247;22,248;23,250;22,252;22,255;22,257;23,258;22,260;22,262;23,264;23,267;23,269;22,271;22,273;22,274;22,276;22,278;23,280;23,282;22,285;23,286;22,288;22,291;23,292;22,295;22,297;23,298;22,301;22,303;23,305;23,306;22,309;23,311;22,313;23,314;22,316;22,318;22,321;23,323;22,325;22,327;22,329;23,330;23,332;23,334;23,336;23,339;22,341;22,342;23,344;23,346;22,349;22,351;23,353;23,355;23,356;22,358;22,361;23,363;23,365;22,366;23,369;23,370;23,373;23,375;23,376;22,379;22,380;22,383;22,384;23,386;23,389;23,390;23,393;22,394;23,396;23,398;22,401;22,402;23,404;22,407;23,408;22,410;23,413;23,415;23,417;22,419;23,420;22,423;22,425;23,427;23,429;23,431;22,432;22,434;22,436;23,438;23,440;23,443;22,444;22,447;22,448;22,451;23,453;22,454;23,456;22,459;22,461;22,462;22,464;23,466;22,469;23,470;22,473;22,475;22,476;23,478;23,481;22,483;22,485;22,487;23,488;23,491;22,493;23,494;23,496;23,499;23,500;23,503;22,504;22,506;22,509;22,510
24,1;24,3;24,5;24,6;24,8;24,11;24,12;25,15;25,16;25,18;24,21;24,22;24,24;25,26;25,28;25,30;24,32;24,34;24,37;25,38;24,40;25,42;25,44;24,47;24,48;25,51;25,53;25,55;24,57;24,59;25,60;25,62;25,64;25,67;25,68;25,71;24,72;24,74;24,77;24,78;24,80;25,82;24,84;24,86;24,88;24,90;24,93;25,95;24,97;24,98;24,100;25,103;24,104;25,106;24,108;24,110;25,113;25,114;25,117;25,118;25,121;25,122;24,124;24,127;25,129;25,130;24,132;25,134;24,136;24,138;25,140;25,143;25,145;24,146;24,149;24,150;24,152;25,155;24,156;25,158;24,161;24,162;24,164;25,167;25,169;25,170;24,173;24,175;24,176;24,178;25,181;25,182;24,185;25,186;25,188;24,191;25,192;25,194;25,197;25,199;24,200;25,203;24,205;24,207;25,209;24,210;25,212;24,215;24,217;25,218;24,221;24,222;24,225;25,227;25,228;24,230;24,232;24,235;25,237;24,238;24,240;24,242;25,244;24,247;25,248;25,251;24,252;24,254;25,257;25,259;25,261;25,263;24,264;24,267;25,268;24,270;24,272;24,274;24,276;25,278;25,281;25,282;24,284;25,287;24,288;25,290;25,292;25,294;24,296;24,298;24,300;24,302;24,304;25,306;24,309;25,310;24,312;25,314;25,316;25,318;24,321;24,322;25,325;25,327;24,328;25,330;24,333;24,334;24,336;24,338;25,341;24,343;24,345;24,347;24,348;25,351;24,353;25,354;24,357;25,358;24,361;25,363;24,365;25,366;25,369;24,371;24,373;25,374;25,376;24,378;25,381;25,383;25,385;25,386;25,389;24,391;24,393;24,394;25,396;24,399;25,400;24,402;24,404;24,407;24,408;25,411;24,413;25,414;24,417;24,418;24,421;25,422;24,425;25,427;25,428;25,431;24,432;24,435;24,437;24,438;24,441;25,442;24,445;25,447;24,449;25,451;24,453;25,455;25,456;24,459;25,460;25,462;24,464;24,466;25,469;24,470;25,472;25,474;24,476;25,479;25,480;24,482;25,485;24,487;24,488;24,490;25,492;25,494;25,497;25,499;24,500;25,503;25,504;25,506;25,509;24,511
26,1;26,2;27,5;26,7;26,9;27,10;26,13;26,15;27,16;27,19;26,20;26,22;26,25;26,27;26,29;27,31;26,33;27,34;27,37;26,38;27,40;27,42;27,44;26,46;27,49;27,51;27,52;26,54;26,56;26,59;26,60;27,62;26,64;26,66;27,69;26,70;27,73;27,74;26,76;26,79;26,80;26,82;27,84;27,87;26,89;27,91;26,93;27,95;27,96;27,98;27,100;27,102;27,105;26,107;26,109;26,110;26,113;26,115;27,116;27,119;26,121;26,122;27,124;27,126;26,128;26,130;26,133;26,134;26,137;27,138;26,141;27,142;27,145;26,147;27,149;27,151;27,152;27,155;26,157;26,158;26,160;26,162;26,165;26,166;26,168;27,170;27,172;26,174;26,176;27,179;27,180;26,183;26,185;27,186;27,189;27,191;26,193;27,195;27,196;26,198;27,200;27,203;26,205;26,206;27,209;27,210;27,212;26,215;26,217;26,218;26,220;27,223;26,224;27,227;26,228;27,230;26,232;27,234;26,236;27,238;26,241;26,242;27,245;27,247;27,249;27,251;26,253;27,255;27,256;26,259;27,261;27,262;27,264;26,266;26,268;26,270;26,272;26,275;26,277;27,279;26,281;26,282;26,284;26,287;26,289;26,290;27,293;27,295;26,296;26,298;27,300;26,303;26,304;27,307;27,308;27,311;26,312;26,315;27,316;26,319;27,321;27,323;26,324;27,326;27,329;27,331;26,332;26,334;27,337;27,338;26,341;27,343;26,344;27,346;27,349;26,351;26,353;26,354;27,357;26,358;27,361;26,363;26,365;26,366;26,368;27,371;27,373;27,375;26,377;27,379;26,381;26,383;26,384;26,386;26,388;26,391;26,393;27,395;27,397;27,398;27,400;27,403;26,405;26,406;26,408;26,411;27,413;26,414;26,417;27,419;26,421;27,422;27,424;26,427;26,429;27,430;27,432;27,434;27,436;27,439;26,440;27,442;26,444;26,446;26,449;27,450;26,452;26,454;27,456;26,459;27,460;26,462;26,465;27,466;26,469;26,471;27,473;26,475;27,476;27,479;27,480;26,483;27,485;27,486;26,489;26,491;27,492;27,494;27,497;27,498;26,500;27,502;27,505;26,507;26,508;26,510
29,1;28,3;28,5;28,7;28,8;29,10;29,13;29,15;28,16;29,18;28,20;29,22;28,24;28,26;29,28;28,30;29,32;28,34;28,36;29,39;29,40;29,43;29,44;29,46;29,49;29,51;28,52;29,54;28,56;28,58;28,61;29,63;28,65;28,67;29,69;28,71;29,72;29,74;28,77;29,78;28,81;28,82;28,84;29,86;29,88;28,91;29,92;28,95;29,96;28,98;29,100;28,102;28,105;29,107;28,109;28,111;28,113;28,114;29,117;29,119;28,121;29,122;29,124;28,127;28,129;29,130;29,133;29,135;29,137;29,139;29,141;29,142;29,145;29,147;28,148;29,151;28,153;28,155;28,156;28,159;29,161;28,163;29,164;28,166;29,168;29,171;29,172;28,175;29,177;28,179;29,181;28,182;28,184;28,187;29,189;29,190;29,192;28,195;28,197;28,199;29,200;28,203;28,204;29,206;28,209;29,211;29,213;28,215;29,217;28,218;28,221;28,223;29,224;29,226;28,229;28,231;29,233;28,234;28,237;29,238;29,240;28,243;29,244;29,247;29,249;28,250;28,252;29,255;28,257;29,258;29,261;29,262;29,264;29,266;28,268;29,270;28,272;28,274;29,276;28,279;28,281;28,283;29,285;29,286;29,289;29,291;29,293;29,294;28,297;28,298;28,300;29,303;29,305;29,307;28,308;28,310;29,313;29,314;29,317;29,318;28,320;29,322;29,324;29,327;29,329;28,331;28,332;28,334;29,337;28,339;28,341;29,342;29,344;29,346;28,348;28,351;29,353;29,354;28,356;28,358;28,360;29,362;28,365;28,366;29,369;29,371;29,372;28,375;28,376;28,378;28,380;29,382;29,384;29,386;28,389;29,390;28,392;28,395;29,397;29,399;29,400;28,402;28,404;29,406;28,408;29,410;29,413;29,414;28,416;29,418;29,421;29,423;29,424;29,426;29,428;29,430;29,433;28,435;29,436;29,438;29,440;29,443;28,445;28,446;28,449;28,450;28,452;29,455;29,457;28,458;28,461;28,462;29,465;29,466;29,469;28,471;29,472;29,475;29,476;29,478;29,481;29,482;29,485;29,487;28,488;29,491;29,493;28,495;29,496;28,499;29,501;29,502;29,504;28,507;29,509;28,511
30,0;30,2;30,4;31,7;30,8;31,11;30,12;30,14;31,16;30,18;31,20;31,22;31,24;31,26;31,29;30,31;30,32;31,34;31,37;30,38;31,40;31,42;31,44;31,46;31,48;30,50;31,52;31,54;30,56;31,58;30,61;30,63;31,65;30,67;31,68;30,70;30,73;31,75;31,76;31,78;31,81;31,83;30,84;30,87;30,89;30,90;31,93;30,95;31,96;31,99;31,101;30,102;30,104;30,106;30,108;30,111;31,113;30,115;31,116;30,118;30,120;31,122;30,124;30,127;31,128;31,130;30,133;30,135;31,136;31,139;31,140;30,143;31,144;30,146;30,148;31,150;31,152;30,154;30,157;30,158;30,160;31,163;30,165;30,167;31,168;30,171;30,172;30,175;30,177;30,178;31,181;30,182;31,184;31,186;31,188;31,190;31,192;30,194;31,197;30,198;31,201;30,202;30,204;30,207;31,209;30,211;31,213;31,214;31,217;31,218;30,221;31,222;30,225;31,227;30,229;30,230;31,233;30,234;30,236;31,239;31,241;31,243;31,245;30,246;31,249;30,250;31,253;30,254;30,257;30,258;30,260;31,262;30,264;31,266;31,268;31,271;30,272;30,274;31,277;31,278;30,280;31,282;30,285;31,287;30,289;31,291;30,293;30,294;31,297;30,299;30,301;31,303;31,305;31,306;30,308;30,310;31,313;31,314;30,317;31,319;31,321;30,322;30,325;31,326;30,328;31,331;31,333;30,335;30,336;31,339;30,340;31,343;30,344;30,346;31,348;31,351;31,353;30,355;30,356;30,358;31,360;30,362;31,364;30,367;31,368;30,370;31,372;31,375;31,376;31,378;31,381;31,383;31,384;31,387;31,389;31,390;30,393;31,394;31,396;31,399;30,401;31,403;30,405;30,407;31,409;30,410;30,413;31,414;31,416;31,419;30,420;31,423;31,425;31,427;30,428;30,430;31,432;30,435;31,437;30,438;30,441;31,442;30,444;31,447;30,449;30,450;30,452;31,454;31,457;30,458;30,461;30,462;31,464;31,467;31,468;30,470;30,473;30,474;30,476;30,478;30,481;30,483;30,484;31,487;31,489;31,491;30,493;31,495;30,497;31,499;31,500;30,502;31,504;31,506;30,508;31,511
32,0;33,2;33,5;32,7;33,9;32,11;33,12;33,14;32,16;33,18;32,21;32,23;32,24;32,27;33,28;33,30;32,33;33,34;33,37;32,38;33,41;33,43;33,45;32,47;32,48;33,50;32,53;33,54;33,56;33,59;33,61;32,62;32,64;33,66;32,68;33,70;32,72;32,75;33,77;32,78;33,81;33,82;32,84;32,87;32,89;33,91;33,93;33,94;33,97;32,99;33,100;32,102;33,105;32,106;33,109;33,111;33,113;33,114;32,117;32,118;33,121;32,122;32,125;32,127;32,129;33,130;32,132;33,134;32,137;32,138;33,141;32,143;32,145;33,147;33,148;32,151;32,153;33,154;33,156;32,159;32,161;32,163;32,165;33,167;32,169;33,170;33,172;32,175;33,177;32,179;32,180;32,182;33,185;33,187;33,188;32,191;33,193;33,194;33,197;32,199;32,200;32,202;32,204;32,207;33,209;33,211;32,213;32,215;33,217;33,218;33,221;32,222;33,224;32,226;33,228;33,230;33,232;32,235;32,237;32,239;32,240;33,243;33,244;32,246;32,248;33,250;33,252;33,254;33,256;32,259;32,261;32,262;32,265;32,267;33,269;33,271;33,273;32,274;32,277;32,278;33,280;32,283;33,285;32,286;33,288;32,291;33,293;33,294;33,296;32,299;33,301;33,303;32,304;32,306;32,308;32,311;33,313;32,315;33,316;33,319;33,320;32,323;32,325;32,326;33,328;33,330;33,332;32,335;32,336;32,338;32,341;33,343;33,344;32,346;32,348;32,351;32,352;33,355;32,356;33,359;32,361;32,363;32,364;32,366;33,368;33,370;32,373;32,374;33,377;33,379;32,381;32,383;33,385;32,386;33,389;33,390;32,392;32,394;32,397;32,399;32,401;32,403;32,405;33,406;32,409;33,411;32,412;33,414;33,417;32,419;32,420;33,423;33,424;33,427;32,428;32,430;32,432;32,434;33,436;33,439;33,441;33,442;33,445;32,446;32,449;32,450;32,453;32,455;33,456;32,459;33,461;33,462;32,464;32,467;32,468;33,471;32,473;32,475;33,476;33,479;32,480;33,483;33,484;33,486;32,488;33,491;32,492;33,494;33,496;32,498;32,500;32,502;32,504;33,507;32,508;32,511
35,1;34,3;35,4;34,7;34,9;35,11;35,12;35,14;34,16;35,19;35,21;34,22;34,24;35,27;34,28;35,30;34,32;35,35;34,37;34,38;35,40;35,42;34,45;34,46;35,49;34,51;34,53;34,55;34,57;35,59;34,61;34,62;34,65;35,66;34,68;35,71;35,72;35,75;34,77;35,78;35,80;34,83;34,85;34,87;35,89;35,91;34,92;35,94;34,96;35,98;35,100;34,102;34,105;35,106;34,109;34,110;34,112;35,115;35,117;34,119;34,120;35,122;35,125;34,127;35,128;35,131;34,133;34,135;35,137;34,139;35,140;35,142;35,144;35,147;34,149;35,150;34,153;35,155;34,157;35,158;34,160;35,163;35,164;34,167;35,168;34,171;34,173;34,174;34,177;35,178;35,180;34,183;35,185;35,187;34,189;35,190;35,193;34,194;34,197;34,199;34,201;34,202;34,205;35,207;34,208;35,211;35,212;35,214;34,217;35,219;35,221;35,222;35,224;35,226;35,229;35,230;35,232;35,235;35,237;35,239;34,241;34,243;35,245;34,246;34,248;34,251;34,253;34,254;35,257;34,258;35,260;35,262;34,264;35,267;34,269;35,270;35,273;34,275;35,276;34,278;34,280;35,282;34,284;35,286;35,289;35,290;34,293;34,294;34,296;34,298;35,301;35,303;34,305;35,306;34,308;35,311;35,313;35,315;34,316;34,319;35,320;34,322;35,324;35,326;34,328;35,330;34,333;35,335;34,336;34,339;35,341;35,343;34,345;34,346;34,348;35,350;35,353;35,354;34,356;34,359;35,360;35,362;35,364;34,367;35,368;35,370;35,372;34,374;35,376;35,379;34,381;34,382;34,385;34,386;34,388;35,391;34,393;34,394;34,396;34,399;35,401;35,403;35,405;35,407;34,408;34,410;35,413;35,414;34,416;35,418;35,421;34,423;35,425;35,426;35,429;35,431;35,433;35,435;35,437;35,438;34,441;35,442;34,444;35,447;34,448;35,451;34,453;35,454;35,457;34,458;35,460;34,463;35,465;34,467;35,469;35,470;34,472;35,475;35,477;35,478;34,481;34,483;34,485;34,486;34,489;34,491;34,492;35,494;34,497;35,499;35,501;34,502;34,504;34,506;34,509;34,511
36,0;37,2;37,4;36,7;36,8;36,10;36,12;36,15;36,16;36,19;36,21;37,23;37,24;36,26;36,28;37,31;36,33;36,34;37,37;36,39;36,40;37,42;36,45;37,47;37,49;36,51;37,52;37,54;36,56;37,59;37,61;36,62;36,64;36,66;36,68;36,71;37,72;37,75;37,76;37,79;36,81;36,82;37,85;37,87;36,88;37,91;37,93;36,95;36,97;36,98;37,100;36,102;36,104;36,107;36,108;36,111;36,112;37,114;36,116;36,119;37,121;37,123;36,125;37,127;37,129;37,131;37,133;37,135;37,136;36,139;36,141;36,142;37,144;37,147;37,149;37,150;36,153;36,154;37,156;37,159;37,160;36,162;36,165;37,166;37,169;37,170;37,173;37,175;37,177;36,179;37,181;37,182;37,185;37,186;36,188;36,191;36,193;36,194;37,196;36,199;37,201;36,203;36,205;36,206;36,209;36,211;36,212;36,215;37,216;37,219;37,221;36,223;36,224;36,227;36,229;36,231;36,232;36,234;36,237;37,239;37,240;37,242;37,245;37,246;36,249;36,250;37,252;37,255;37,257;37,258;37,260;37,263;36,264;36,266;36,269;37,270;36,272;37,275;36,276;37,279;36,280;37,282;37,284;36,287;37,288;36,290;36,292;36,294;36,297;37,299;36,300;37,303;37,305;37,307;37,309;37,310;36,312;37,314;36,316;36,319;36,321;37,323;37,324;37,327;36,328;36,330;37,332;37,334;37,336;37,339;37,341;37,342;37,344;36,347;37,348;37,350;37,353;37,355;36,357;36,359;37,360;36,363;36,364;37,367;36,369;37,370;37,372;37,374;37,377;36,379;36,381;36,382;37,385;36,387;36,388;37,391;37,393;36,394;36,396;37,399;36,400;36,403;36,405;37,407;37,409;37,411;37,413;37,414;36,417;36,418;37,421;37,423;37,424;36,427;37,429;37,431;36,433;36,435;36,436;37,438;37,440;37,442;36,445;37,446;36,448;36,451;36,452;36,455;37,456;37,458;36,460;36,462;36,464;36,466;37,468;36,471;37,473;37,475;36,476;36,478;36,481;37,483;36,484;36,487;36,489;36,491;37,492;36,494;36,497;37,499;37,500;37,502;36,504;36,506;36,509;36,510
38,0;38,2;38,4;39,6;38,9;39,11;39,13;38,14;39,17;38,19;38,21;38,23;39,25;39,27;39,28;38,30;38,32;38,34;38,37;38,38;38,41;38,43;39,45;38,47;39,48;39,50;38,53;38,54;38,57;39,58;39,60;38,63;39,64;38,66;38,68;38,71;38,73;39,75;39,77;39,78;38,80;38,82;38,84;39,86;38,88;38,91;39,93;38,94;39,96;38,98;39,101;38,102;38,104;39,106;39,108;38,111;39,112;39,114;38,117;38,119;38,121;39,122;38,124;39,126;38,129;38,131;38,132;38,135;38,136;39,139;39,140;38,142;38,145;38,147;38,149;38,151;39,153;38,154;39,156;38,158;38,160;38,163;39,165;38,166;39,168;38,171;38,172;38,175;38,177;38,179;38,180;38,183;39,184;39,186;38,188;39,190;39,192;39,194;39,197;39,198;39,201;38,202;38,204;39,206;38,208;39,211;38,213;39,214;39,217;38,219;39,221;38,222;39,224;39,226;39,229;39,230;38,233;39,235;38,236;38,238;39,240;39,242;38,245;38,247;39,249;39,251;38,252;39,255;39,257;38,259;38,261;39,263;39,264;38,267;38,268;38,270;38,272;38,274;38,277;39,279;39,280;38,282;39,284;39,286;38,288;38,290;38,293;39,294;38,297;39,299;38,301;39,303;38,305;39,307;38,309;38,310;38,312;39,315;39,316;38,319;38,320;39,322;39,324;38,327;39,328;39,331;39,332;39,335;39,336;39,339;39,340;38,342;39,345;38,347;38,348;39,350;38,353;38,355;39,357;38,359;38,360;38,363;39,365;38,367;38,368;39,371;39,373;38,374;38,377;38,378;39,381;39,383;39,385;39,386;39,388;39,391;39,392;39,394;39,396;38,399;38,401;38,402;39,404;39,406;39,409;39,411;39,413;38,414;38,416;39,418;38,421;38,422;39,425;38,426;39,429;39,431;38,433;38,434;39,437;38,439;38,441;39,443;39,444;39,446;38,449;38,450;38,453;38,455;39,456;39,459;38,460;38,463;39,464;38,466;39,469;38,471;39,472;39,474;39,477;38,479;39,481;39,483;39,485;39,487;38,489;38,491;39,492;39,495;38,496;38,499;39,500;39,503;38,504;39,507;39,508;39,510
41,0;40,2;40,5;40,7;40,8;41,11;41,12;41,14;40,16;40,18;40,20;41,22;40,24;41,26;40,28;40,31;40,32;40,35;40,37;41,38;41,41;40,43;41,45;40,46;41,48;40,51;40,52;41,55;41,57;41,59;41,60;40,63;41,65;41,67;41,68;40,71;40,72;40,74;41,76;40,79;41,81;41,83;40,84;41,87;40,88;41,90;40,93;41,94;40,97;40,99;41,101;41,102;40,104;41,107;40,109;40,111;41,112;41,115;41,116;41,119;40,120;40,122;40,125;41,126;41,128;41,130;41,133;40,135;41,137;40,138;40,140;41,142;40,144;41,146;40,149;41,150;41,153;40,155;40,156;41,159;41,161;40,162;41,165;40,167;41,169;41,170;41,172;40,175;41,176;40,178;41,180;41,183;41,185;40,186;40,188;40,190;40,192;41,194;41,196;41,199;40,200;41,202;41,204;40,206;40,209;41,210;41,213;40,214;40,217;40,219;40,221;41,223;40,225;40,226;40,228;41,231;41,232;40,235;40,237;41,239;41,240;41,242;41,245;40,247;41,249;41,251;40,252;41,254;41,256;40,258;41,261;40,263;41,264;40,267;41,268;41,270;41,272;41,274;41,276;41,279;40,281;40,283;41,285;40,286;41,289;40,291;41,293;40,294;40,297;41,298;41,301;40,303;40,304;40,306;41,308;40,310;41,312;40,314;40,317;40,318;41,321;40,323;40,324;41,326;41,328;41,331;41,332;40,335;40,337;40,338;41,340;40,343;41,345;41,346;40,349;40,350;40,353;40,355;40,356;41,359;41,361;41,363;40,365;40,366;41,369;41,371;40,373;41,375;40,377;41,379;40,381;41,383;41,384;41,386;40,388;40,390;41,392;41,395;41,396;41,398;41,400;40,402;40,405;41,407;40,409;40,411;41,412;41,415;41,416;40,419;40,421;40,422;40,425;40,427;41,429;40,430;40,432;41,435;41,437;41,438;40,440;41,442;41,444;41,446;40,448;41,451;40,452;40,455;40,456;40,458;40,461;41,462;41,464;41,466;40,468;41,471;41,473;40,475;41,476;40,478;40,481;40,482;40,484;40,487;41,488;40,491;41,492;40,494;40,497;41,499;40,501;41,503;41,504;40,507;41,508;41,510
43,0;43,3;42,5;42,6;42,8;42,11;43,12;43,14;42,17;42,18;43,20;42,23;42,25;42,27;43,28;43,31;43,32;43,35;43,37;43,38;42,41;42,43;42,44;43,46;42,48;42,50;43,52;43,55;42,57;42,59;42,61;43,62;42,65;42,67;42,69;42,71;42,73;43,75;43,77;42,79;43,80;42,83;42,85;42,86;43,89;43,91;42,92;42,95;43,97;42,99;42,100;43,102;43,104;42,106;43,109;42,110;42,112;43,114;43,116;42,118;42,121;42,123;43,125;42,126;42,129;43,131;43,133;42,135;42,137;42,139;43,140;42,143;42,145;42,146;42,148;42,151;43,152;42,154;43,156;42,159;43,160;43,163;43,164;42,167;43,169;43,171;43,173;43,175;42,176;42,178;43,181;43,182;43,185;42,186;43,188;42,190;43,192;43,195;43,196;43,198;42,200;43,202;42,205;42,207;42,209;42,211;42,213;43,214;43,216;42,219;43,220;43,223;42,224;43,227;42,228;42,231;42,232;43,235;42,237;42,239;43,240;43,242;43,244;43,247;42,249;43,251;43,252;43,255;42,257;43,259;42,260;43,263;42,265;42,267;43,269;43,270;43,273;43,274;43,277;42,278;42,280;43,282;43,285;42,286;43,289;43,290;43,292;42,295;43,297;42,299;42,300;42,303;43,305;42,307;42,308;42,310;43,312;42,315;43,317;43,319;43,320;43,322;42,324;42,327;42,328;42,331;43,333;42,335;43,336;42,339;43,340;43,343;42,345;43,346;43,349;42,350;42,353;42,355;42,356;42,358;43,361;42,363;43,364;43,367;42,368;43,371;42,373;43,374;42,376;42,379;42,381;43,383;42,385;43,387;42,388;43,391;42,392;42,395;42,397;43,398;42,401;43,402;42,404;42,406;43,408;43,411;43,413;42,414;42,416;43,419;42,420;42,423;42,424;42,427;43,429;43,430;43,432;42,435;42,436;43,439;43,440;43,443;43,445;42,446;43,449;43,451;43,452;43,455;43,457;43,459;42,461;42,463;43,465;42,467;42,468;42,471;43,473;43,474;42,477;43,478;43,481;42,482;42,484;42,487;43,489;43,491;43,492;42,495;42,496;42,499;43,501;42,503;43,504;42,506;42,509;42,510
45,0;45,2;45,4;44,7;44,9;45,10;45,12;45,15;44,17;44,19;45,21;45,23;44,24;44,26;45,29;45,31;44,32;44,35;45,37;45,38;45,40;45,42;44,45;44,47;44,49;44,51;45,52;44,54;44,56;44,58;45,60;44,62;45,65;44,67;45,68;45,71;44,72;44,75;44,77;45,78;44,80;45,82;44,85;44,86;45,89;44,91;44,92;44,94;44,97;44,99;44,100;45,103;44,104;44,106;44,109;45,110;45,113;45,114;45,117;45,119;45,121;45,123;44,124;44,127;44,129;45,130;45,133;44,134;44,136;45,138;45,141;45,143;44,144;45,147;45,149;45,151;45,153;45,155;45,157;45,159;44,160;44,162;45,165;45,166;44,169;45,171;44,172;44,174;44,176;45,179;45,180;44,183;45,185;44,187;45,188;45,191;44,193;45,194;45,196;45,199;44,200;45,202;44,205;45,206;45,209;44,211;45,213;44,215;45,217;45,219;44,221;44,223;44,224;44,227;45,229;44,230;45,232;44,234;44,236;44,239;45,241;45,242;45,245;44,246;45,248;45,250;45,252;44,255;44,257;45,259;45,261;45,263;44,264;44,266;45,269;45,271;44,273;45,274;44,277;45,279;45,280;44,283;44,284;44,287;45,288;44,290;45,293;45,294;44,297;44,299;45,300;45,302;45,304;45,306;44,308;45,311;45,312;44,314;45,317;44,319;45,320;45,323;44,325;44,326;44,329;45,330;45,333;45,335;45,336;44,338;44,341;45,342;44,344;44,346;44,349;44,350;44,353;45,355;45,357;44,358;44,360;44,362;45,365;44,367;44,368;45,371;45,373;45,374;45,377;44,378;45,381;44,382;45,384;45,387;45,389;45,390;44,393;44,394;44,397;44,398;44,400;45,403;45,404;44,407;45,409;45,411;44,413;44,414;44,417;44,419;44,420;44,423;44,424;45,427;44,428;44,431;44,432;44,434;45,436;45,439;44,440;44,443;45,445;44,446;45,449;45,450;44,453;44,455;45,457;44,459;45,460;44,462;45,465;44,466;45,469;44,470;45,472;44,475;45,477;45,478;45,481;45,483;45,484;44,487;45,488;45,491;45,492;45,495;45,497;44,498;44,501;44,503;44,505;44,506;45,509;44,510
47,1;46,2;46,5;47,7;46,9;47,10;47,13;47,14;46,16;47,19;46,20;47,23;46,25;46,26;46,29;46,31;47,32;46,34;46,37;46,38;47,40;46,43;47,45;47,46;46,49;47,51;46,52;47,54;47,57;47,58;47,61;47,63;47,65;46,66;47,68;47,70;46,73;47,75;46,76;46,79;47,81;47,83;46,85;46,87;47,88;46,90;46,92;46,94;46,97;47,99;47,100;46,102;47,105;46,107;47,109;47,110;47,113;47,115;47,116;47,118;47,120;47,122;46,125;46,127;47,128;47,131;47,133;46,134;46,136;47,138;47,141;47,142;47,144;47,147;47,149;47,151;46,152;47,155;46,156;46,158;46,161;46,162;47,165;47,166;46,168;46,170;47,172;46,174;47,177;47,179;46,181;47,183;46,184;46,186;47,188;46,191;46,192;47,195;47,197;47,199;47,200;46,202;46,204;46,206;47,209;47,210;47,213;47,215;47,216;47,219;47,220;47,223;46,225;47,226;46,228;47,230;46,232;46,234;47,237;47,238;47,240;47,242;46,245;47,247;47,249;46,250;46,252;47,254;46,256;46,259;46,260;46,262;46,265;46,266;46,268;47,270;47,272;47,274;47,277;47,279;47,280;46,282;46,284;46,287;47,288;47,290;47,293;47,294;47,296;46,298;47,301;47,302;46,304;47,306;47,309;46,311;47,313;46,315;46,316;47,318;46,320;46,322;47,325;46,327;46,328;46,331;47,333;46,334;47,336;46,338;46,341;47,343;47,344;46,346;47,349;46,350;46,352;47,355;46,356;46,358;46,360;47,363;46,364;46,367;46,369;46,370;46,372;46,375;47,376;47,378;47,380;47,383;46,384;47,387;46,388;47,391;46,392;46,394;47,396;47,399;47,401;46,403;47,405;47,407;46,408;46,411;46,413;47,415;47,416;46,419;47,420;46,422;46,425;47,426;46,428;46,431;46,432;46,435;46,436;47,439;47,440;47,443;47,444;47,446;47,448;47,451;47,453;47,455;46,456;47,459;47,461;47,463;47,465;46,466;47,469;47,470;46,472;46,475;46,477;46,479;46,480;46,482;46,484;46,486;46,489;47,490;47,493;46,495;47,497;46,498;46,500;47,502;46,505;46,506;47,509;46,510
49,0;49,3;48,4;49,7;48,9;48,11;48,12;48,14;48,16;48,18;49,21;49,22;48,25;49,26;49,29;49,31;49,33;48,35;48,36;48,38;48,40;48,43;49,44;49,47;49,49;49,51;48,53;48,55;48,57;49,58;48,60;49,63;49,65;48,66;48,68;48,70;48,73;48,75;49,76;48,79;49,81;48,82;49,85;48,86;48,88;48,91;49,92;48,94;48,97;49,98;49,101;48,103;49,105;49,107;48,109;48,110;49,113;49,115;49,116;49,118;48,120;49,122;48,124;49,126;48,129;49,131;49,132;49,135;49,136;49,139;48,141;49,142;49,145;49,147;48,148;48,151;49,153;49,154;49,156;49,158;49,161;49,163;48,165;49,166;48,168;49,171;49,173;49,174;49,177;48,178;49,181;49,182;49,185;49,186;49,188;49,190;48,193;49,194;49,197;49,199;49,200;48,202;49,204;48,206;49,209;48,210;49,212;48,214;49,217;48,218;49,220;48,222;49,224;48,226;49,229;49,230;48,232;48,235;48,237;49,239;49,241;48,243;48,244;49,246;49,249;48,250;49,253;48,255;48,257;48,259;49,261;49,262;49,265;48,266;48,268;49,271;49,272;48,274;49,276;48,278;49,281;49,282;48,285;49,286;48,288;48,290;49,293;48,295;49,296;49,298;48,300;48,302;49,304;48,306;49,309;48,311;48,313;49,314;49,316;48,318;49,321;48,323;48,325;48,327;48,328;49,330;49,333;48,335;49,337;48,339;48,340;49,342;48,344;48,346;48,348;49,350;49,353;49,354;49,357;48,359;49,360;49,363;48,365;49,366;49,369;49,370;49,373;49,375;49,377;49,379;48,380;48,383;48,384;48,387;48,389;48,390;48,393;48,394;49,397;48,399;48,401;48,402;48,404;49,406;48,409;48,410;49,412;48,414;49,416;49,419;49,420;49,422;49,425;49,427;48,429;49,430;49,433;48,434;48,436;48,438;48,441;49,443;48,445;49,447;48,448;48,450;48,453;48,455;49,456;48,459;49,461;48,463;49,465;49,467;48,469;48,471;49,473;48,475;49,476;49,478;48,481;49,483;49,485;49,486;49,488;49,490;48,493;48,495;49,496;48,498;48,501;48,502;49,504;48,507;49,508;48,510
51,0;50,2;51,5;51,6;51,9;51,11;51,12;51,15;50,17;50,19;51,20;50,23;51,24;50,27;50,28;51,31;51,32;50,34;51,37;51,38;50,41;51,43;51,45;50,47;51,49;51,50;50,52;50,55;50,57;50,58;51,60;50,62;50,64;51,67;50,69;51,70;51,73;51,74;51,76;50,79;51,81;51,82;51,85;51,87;51,89;51,91;51,93;50,95;51,97;51,98;50,100;50,102;50,105;50,106;51,108;50,110;51,112;51,115;51,117;50,119;50,121;51,122;50,125;51,127;50,128;50,130;51,132;50,134;51,136;50,139;51,140;50,143;51,144;51,147;51,148;50,150;51,152;50,155;51,157;51,159;50,160;51,163;50,165;50,167;50,168;51,171;51,172;51,174;50,177;51,179;51,181;51,182;51,185;51,186;50,188;50,190;51,193;50,194;51,197;51,198;51,201;50,203;50,205;50,206;50,209;50,210;51,212;51,214;51,216;50,218;50,221;50,222;51,225;50,226;50,228;50,231;50,233;50,234;51,236;50,239;51,241;51,242;51,244;50,247;51,248;51,250;50,252;50,254;50,257;51,258;50,261;51,263;51,265;50,267;50,268;51,271;50,272;50,274;50,276;50,279;50,281;51,283;50,285;50,287;51,289;51,291;50,292;50,294;51,296;51,298;51,300;51,303;51,304;50,306;51,309;50,310;50,313;51,314;51,317;50,319;50,320;50,323;50,325;50,327;51,328;50,330;51,333;51,334;51,336;51,339;51,341;50,343;51,345;51,346;51,348;51,350;50,352;50,355;51,356;51,359;51,361;51,362;50,365;50,366;51,368;51,370;51,373;51,374;51,377;50,379;50,380;51,383;51,385;50,387;50,389;50,390;51,393;50,395;50,397;51,398;51,400;51,402;50,404;51,406;50,409;50,411;50,413;50,414;51,417;50,418;51,420;50,422;50,424;51,427;51,429;51,431;50,432;50,435;50,437;51,439;51,440;51,442;51,444;50,447;50,449;50,450;51,453;50,454;50,457;50,458;50,461;51,462;51,465;50,467;50,469;50,471;50,473;51,475;50,477;50,478;51,480;51,483;50,485;50,486;51,488;51,491;50,492;51,494;51,496;51,498;50,501;50,503;51,505;51,506;51,508;50,511
53,0;52,2;53,4;52,6;52,8;53,11;53,12;52,15;52,16;53,19;53,20;52,23;53,24;52,26;52,28;52,31;53,32;52,34;53,37;52,38;52,41;52,42;52,44;52,46;53,48;53,50;53,53;52,54;53,57;52,59;53,61;53,63;52,64;52,67;53,69;53,71;53,73;52,75;52,76;52,78;53,81;53,82;53,85;52,87;53,88;52,91;52,93;52,94;52,96;53,98;53,100;52,102;52,104;53,107;52,108;52,111;53,112;53,115;52,116;53,119;53,121;52,123;53,125;52,126;52,129;52,131;53,132;53,134;53,136;53,138;53,140;53,142;52,144;52,147;53,148;53,150;53,152;53,154;52,156;52,158;53,161;53,162;52,165;52,166;53,168;52,171;53,173;52,174;52,176;52,178;52,181;52,183;53,184;53,187;53,188;52,191;52,192;53,194;53,196;53,198;53,201;52,203;52,205;52,207;52,208;52,211;53,212;53,215;52,217;53,219;53,220;52,222;53,224;52,227;52,229;52,230;53,232;53,235;53,237;53,239;53,241;52,243;52,244;52,246;53,249;53,251;52,252;52,254;52,257;52,258;52,261;53,262;53,265;53,266;53,269;53,271;52,272;53,275;53,276;53,278;52,280;52,283;53,285;52,286;53,288;53,290;53,293;53,295;53,297;52,299;52,301;52,303;53,305;52,306;53,308;53,311;52,313;53,315;53,317;52,318;52,321;52,323;53,324;53,327;52,328;53,330;53,333;52,334;53,337;52,339;52,341;52,342;53,345;52,347;53,348;53,351;53,353;52,354;52,356;52,358;53,361;52,363;53,365;53,367;53,368;53,370;52,373;52,374;53,376;53,379;53,381;52,383;52,384;52,387;52,388;53,390;53,392;52,394;52,397;52,399;53,400;52,403;52,404;53,407;52,408;53,411;53,413;53,414;52,416;53,419;52,421;52,422;52,425;53,426;53,429;52,431;52,433;52,434;53,437;53,438;53,441;53,443;52,445;52,447;53,449;53,450;53,452;53,455;53,457;52,458;53,460;52,462;53,465;53,467;52,468;52,471;53,473;52,474;52,476;53,478;52,480;53,482;53,485;52,486;53,488;53,490;53,493;53,494;53,496;53,498;53,501;53,503;53,504;52,506;53,508;53,510
54,1;54,2;54,5;54,7;55,8;54,10;55,12;55,15;55,16;55,18;54,20;55,22;54,24;54,26;54,29;55,30;55,32;55,35;54,36;55,39;54,41;54,42;54,45;54,46;54,48;55,50;55,53;54,55;55,57;55,58;54,60;55,63;54,65;55,66;54,69;54,70;54,73;54,75;55,77;55,78;55,80;55,83;54,85;55,86;55,88;54,90;55,92;55,95;54,96;54,99;55,100;55,102;55,104;55,107;54,108;55,110;55,112;55,115;55,117;54,119;55,121;55,122;55,124;54,127;54,128;55,130;55,133;54,134;54,136;55,139;55,140;54,142;54,145;54,147;54,148;54,150;54,153;54,155;54,156;55,159;55,160;54,162;54,165;54,166;54,169;54,170;55,173;54,175;55,177;55,178;55,181;55,182;54,184;55,186;54,189;54,191;55,193;54,195;55,197;54,198;54,201;54,202;54,205;54,206;54,208;54,211;55,212;55,214;55,217;54,219;55,220;54,223;55,224;55,226;55,229;54,230;55,233;55,235;54,236;55,239;54,241;54,242;54,244;55,246;54,249;54,251;55,253;54,255;54,257;55,258;54,260;55,262;54,264;55,266;55,269;54,270;55,273;54,274;54,276;54,279;54,281;55,282;55,284;54,287;54,288;54,290;54,292;55,294;55,296;54,299;55,301;54,303;55,305;54,306;54,309;54,311;55,313;54,315;54,316;55,318;55,320;55,323;55,324;54,327;55,328;55,330;55,333;54,335;54,336;54,339;54,341;55,342;54,344;54,346;54,348;55,351;55,353;55,354;54,357;55,359;54,360;54,363;54,365;55,366;54,369;55,371;54,372;54,374;55,376;54,378;55,380;55,382;54,384;55,386;54,388;54,391;55,393;54,395;54,396;55,399;55,401;55,403;54,404;54,407;54,409;54,410;55,412;54,415;54,417;55,419;55,420;55,422;55,425;55,426;54,429;55,430;54,433;55,435;54,436;54,438;55,440;54,443;54,444;54,447;55,448;54,450;54,452;55,454;54,457;54,458;55,460;54,463;55,464;55,467;54,468;55,470;54,472;54,474;54,477;54,478;55,481;54,483;55,484;54,486;54,489;55,491;55,493;54,495;55,497;54,498;54,500;55,502;54,504;54,507;55,509;54,511
56,0;56,2;56,4;57,6;57,9;57,11;56,13;56,15;56,16;57,19;57,21;56,22;56,25;56,27;56,29;57,31;56,32;56,35;57,36;57,39;56,40;56,43;57,44;56,47;56,49;57,51;57,52;56,55;57,57;57,58;57,61;57,63;56,65;56,67;56,69;57,71;57,73;57,74;57,77;57,79;57,80;57,83;56,84;56,87;57,88;57,91;57,92;57,95;57,96;56,98;56,101;57,103;56,104;56,107;57,108;56,111;57,112;56,114;57,116;57,119;56,121;57,123;57,125;56,127;57,128;56,131;56,133;56,135;57,137;56,139;57,140;56,142;57,144;56,146;57,149;57,150;57,152;56,155;56,157;56,159;57,160;56,163;57,165;57,167;56,168;56,171;56,172;57,174;56,176;56,178;56,181;56,183;56,185;56,186;57,188;57,191;56,193;57,195;56,196;57,198;57,201;57,202;57,205;57,206;56,209;56,211;57,213;57,214;57,217;56,219;56,220;56,223;56,224;56,227;57,228;56,230;56,232;56,235;56,236;56,238;57,240;56,242;57,245;56,246;56,249;57,251;57,253;56,255;57,257;56,259;57,260;56,263;57,265;56,266;56,268;57,270;56,273;56,274;57,276;56,279;56,280;56,283;57,284;57,286;57,288;56,290;57,292;57,294;57,296;57,298;57,301;57,303;57,305;56,306;57,308;56,311;57,313;57,314;56,317;56,319;56,320;57,323;56,325;57,326;56,329;56,331;56,333;56,334;57,336;56,339;56,341;57,342;56,344;56,347;56,348;56,350;57,353;57,355;57,356;56,358;57,361;57,362;56,365;57,366;56,368;56,371;57,373;57,375;57,377;57,379;57,381;57,383;56,385;57,386;56,388;56,390;57,393;56,394;57,397;57,398;57,401;56,402;57,404;57,407;56,409;57,411;57,412;56,414;57,417;57,418;56,420;56,423;56,425;57,426;56,428;56,431;57,432;57,435;56,436;56,439;57,441;57,443;56,445;57,447;56,448;57,450;56,452;57,455;56,457;57,458;57,460;57,463;56,465;56,467;56,468;57,471;57,473;56,474;56,477;57,479;57,480;57,482;57,484;56,487;56,489;56,491;57,492;56,494;56,496;56,499;56,500;56,503;56,504;56,506;56,508;56,510
58,1;58,2;58,5;59,6;59,8;58,11;59,12;59,15;59,16;58,19;59,21;58,22;59,25;59,27;58,28;58,30;59,32;58,34;59,36;58,39;58,40;58,43;59,45;58,47;59,48;58,51;58,53;59,54;58,57;58,58;58,61;58,63;59,65;59,67;59,69;59,71;58,73;59,74;58,76;58,79;59,81;58,83;58,84;59,87;58,89;59,90;58,93;59,95;58,97;59,98;58,100;59,103;59,104;58,107;58,108;58,110;59,112;59,115;58,117;58,119;58,121;59,122;59,124;59,127;59,128;58,131;59,133;58,135;58,137;58,139;59,141;58,142;59,144;58,146;59,149;59,150;58,152;58,154;58,157;58,158;59,161;59,162;58,164;59,166;58,168;59,170;58,172;59,175;58,177;58,178;58,181;58,183;59,185;59,186;59,189;59,191;59,192;59,195;59,196;59,199;59,200;59,203;58,205;58,206;58,209;58,211;59,213;59,215;58,217;58,219;58,220;58,223;58,224;58,227;59,228;59,230;58,232;58,234;58,237;59,238;58,241;58,243;59,244;59,247;59,248;59,251;59,252;58,255;58,256;59,259;58,260;59,263;58,265;58,266;58,268;59,271;58,273;58,275;59,277;59,279;58,280;58,283;58,285;58,287;59,289;59,291;59,292;59,294;58,297;58,299;58,300;59,302;58,304;58,307;58,308;59,310;59,313;58,315;59,317;58,319;58,321;58,323;59,324;58,326;58,328;59,330;58,333;58,335;58,337;59,339;59,341;58,343;59,344;59,346;58,348;58,350;59,352;58,354;58,357;58,359;59,361;58,363;58,364;59,366;59,369;58,371;59,373;59,375;59,376;58,378;58,380;59,383;59,385;59,387;59,388;58,391;59,392;58,394;58,396;58,399;58,401;59,402;59,405;59,406;58,408;58,410;59,413;59,414;58,416;58,419;59,421;58,422;59,425;58,427;58,428;58,431;58,432;59,435;58,436;59,438;58,441;58,442;59,445;59,446;59,449;59,450;58,452;58,454;58,456;58,459;58,461;59,462;59,464;59,466;58,468;59,471;58,473;58,475;58,476;59,478;59,480;59,482;59,484;59,486;59,488;59,491;59,493;59,495;58,497;59,498;59,501;58,502;59,505;59,506;59,508;58,511
61,1;61,2;61,5;61,6;61,9;60,10;60,12;60,15;60,16;60,18;61,20;61,23;60,25;61,27;60,29;60,30;60,33;61,34;61,36;60,38;60,41;61,43;60,44;61,47;61,49;60,50;60,52;61,54;60,56;61,58;60,60;61,62;60,65;60,66;61,69;60,71;61,73;60,75;60,76;60,78;60,81;61,82;60,85;61,86;60,89;61,90;61,92;61,95;61,97;60,98;61,101;60,103;60,105;60,107;61,109;60,111;60,112;61,115;61,116;61,119;60,120;60,123;60,125;61,127;60,129;61,130;60,132;61,135;60,137;60,138;60,141;61,142;60,144;61,146;61,149;61,150;60,153;60,155;61,157;61,159;60,160;61,163;61,165;60,166;60,168;61,170;60,172;61,175;60,176;61,179;60,181;60,183;60,184;60,186;61,189;60,190;61,192;61,194;61,196;60,199;60,200;61,202;61,204;61,206;60,209;61,210;60,213;61,215;61,216;61,218;60,220;60,222;61,225;61,227;61,229;61,231;60,233;60,235;61,236;61,238;60,241;61,242;61,245;61,246;61,249;61,251;60,253;60,254;61,256;61,259;61,260;60,262;61,264;60,266;61,268;60,271;60,272;61,274;61,276;61,279;60,280;61,283;60,285;60,287;61,289;60,291;60,292;60,294;60,296;60,299;60,300;60,303;60,304;60,307;61,309;61,311;60,312;60,314;60,317;61,319;61,320;60,322;60,324;60,326;60,328;60,330;60,333;61,335;61,337;60,338;61,341;60,342;61,345;60,347;61,348;61,350;60,352;60,354;60,356;60,359;61,361;60,363;60,364;60,366;60,369;61,370;61,372;60,375;61,376;61,379;60,380;60,383;61,385;60,387;61,388;60,390;60,392;60,394;60,397;61,399;60,401;61,403;61,405;60,407;60,408;60,410;60,413;60,414;60,416;60,418;60,421;61,422;61,424;61,426;60,428;60,430;61,433;60,435;60,437;61,439;61,441;60,443;60,445;61,446;61,449;61,451;61,452;61,455;60,456;60,459;61,460;61,462;61,465;60,467;60,469;61,470;60,472;61,474;60,477;61,478;61,481;61,483;60,484;61,486;61,488;61,490;61,493;61,495;60,496;61,498;61,501;61,502;61,504;60,506;61,509;61,511
62,0;63,3;62,4;63,7;62,9;62,11;63,12;63,14;63,17;62,19;62,20;62,22;63,24;63,27;63,29;63,30;62,32;63,35;62,37;63,39;62,40;62,42;62,45;63,47;63,48;63,50;63,52;63,55;62,57;62,58;63,60;62,63;63,65;62,66;63,69;62,71;62,72;63,75;62,77;62,79;63,81;62,83;62,84;63,86;62,88;62,90;63,93;63,94;62,97;62,98;63,100;62,103;63,104;63,107;62,109;62,111;63,113;62,115;62,117;62,118;62,121;62,122;63,124;62,126;62,129;62,131;62,132;62,135;62,136;62,138;63,141;63,143;63,144;63,147;63,149;63,150;63,153;62,155;63,156;62,159;62,160;63,163;62,165;62,167;63,169;63,170;63,173;62,175;62,176;63,178;62,181;62,183;63,185;62,186;62,189;63,191;63,192;62,195;63,196;62,199;63,200;63,203;63,205;63,207;63,209;63,210;62,212;63,215;62,217;63,219;62,220;63,223;63,225;62,227;62,229;62,231;62,233;63,235;62,236;62,238;62,241;63,242;63,245;63,246;62,249;63,251;62,253;62,255;62,256;62,258;62,261;62,263;62,264;62,266;63,269;62,270;63,273;62,274;63,276;62,279;63,281;63,283;63,284;62,287;62,289;63,290;62,292;62,295;62,297;62,298;63,300;62,302;62,304;63,306;63,309;62,310;63,313;62,314;63,317;63,319;62,321;63,322;63,324;62,327;63,329;63,330;63,332;62,334;62,337;63,338;63,340;62,343;62,344;62,347;63,349;62,350;62,353;62,354;63,357;63,358;62,360;62,362;62,364;63,366;62,368;63,371;63,372;63,374;62,376;63,379;62,380;62,383;62,384;63,387;62,389;63,391;63,392;62,394;63,396;63,398;63,400;62,403;63,405;63,407;63,408;62,410;63,412;63,414;62,417;62,419;62,420;63,423;62,424;62,427;62,428;63,430;63,433;62,434;63,437;62,438;62,441;62,443;62,444;63,447;62,448;63,450;63,453;62,454;63,457;63,459;63,461;63,463;62,465;62,466;63,469;62,471;63,472;63,475;62,477;62,478;63,481;63,482;63,484;63,487;62,488;63,491;63,493;62,495;63,496;63,498;63,501;63,503;63,505;63,506;63,509;63,511
65,0;65,2;65,4;64,7;64,9;65,11;65,13;64,15;64,17;64,19;64,20;64,22;65,24;64,27;65,29;64,31;65,33;65,34;64,36;65,38;65,40;65,43;64,44;64,47;64,48;65,51;64,52;64,55;65,57;65,58;64,60;64,62;65,64;65,66;65,68;64,70;65,73;64,74;65,76;64,78;64,81;64,83;64,85;64,87;65,88;64,91;64,93;65,94;65,97;64,99;64,101;65,102;65,104;64,106;65,109;64,110;65,113;64,115;65,117;65,119;65,120;65,123;65,124;65,126;64,128;64,130;64,133;64,134;65,136;65,139;64,141;65,142;65,144;65,147;65,149;64,150;64,153;65,155;65,156;64,158;64,160;65,163;65,165;64,167;65,168;64,170;64,172;65,174;65,177;64,178;64,181;65,183;64,184;65,187;64,188;64,191;64,193;64,194;64,196;65,199;64,201;64,203;64,205;65,207;64,208;65,210;64,213;64,215;64,217;64,218;64,221;64,223;65,225;64,227;64,228;64,230;64,232;64,234;65,236;64,238;65,241;65,242;64,244;64,247;65,248;64,250;64,253;65,254;64,257;65,258;64,261;64,263;65,264;64,267;64,268;65,271;65,273;64,275;64,276;65,278;65,281;64,283;65,284;65,287;64,288;64,291;64,293;64,294;65,297;65,298;64,300;64,302;64,304;64,306;64,309;65,311;64,313;64,315;65,316;64,319;64,320;65,323;65,324;64,327;64,328;64,331;64,333;65,334;64,336;64,339;64,341;65,342;64,345;65,346;64,348;64,351;64,353;65,354;64,356;65,358;64,360;65,363;64,365;64,366;65,368;64,370;64,372;65,374;65,376;64,379;64,381;65,383;64,385;65,387;64,388;65,391;64,393;65,394;64,397;65,399;65,401;64,403;65,404;64,406;65,409;65,411;65,413;65,415;64,417;64,418;64,420;65,422;64,424;65,426;64,429;64,431;64,433;64,434;65,437;64,438;65,441;64,442;65,444;64,447;64,449;64,451;64,453;64,454;64,457;64,458;65,460;64,462;65,465;65,466;64,468;64,471;65,472;65,475;64,476;65,479;64,480;64,482;64,485;65,487;64,488;64,491;64,493;64,495;64,496;64,499;64,500;64,502;64,505;64,506;64,508;64,511
66,0;67,3;67,5;66,6;66,9;67,10;67,12;66,14;67,17;67,18;66,21;66,23;67,25;67,27;67,28;67,31;67,33;67,35;66,37;67,38;67,41;66,42;66,44;66,47;66,48;67,50;66,53;66,54;66,56;66,59;66,60;67,63;66,64;67,66;67,69;67,71;67,73;66,74;67,77;66,79;67,81;67,82;66,84;67,87;67,88;67,91;66,92;67,94;66,97;67,98;66,100;66,102;66,105;66,106;66,108;66,111;67,113;66,114;66,117;67,119;66,121;67,122;66,125;67,127;66,128;66,131;66,132;66,134;66,136;67,138;67,140;66,143;66,144;67,147;67,148;66,150;66,153;66,154;66,156;67,159;66,161;67,163;66,164;66,166;67,169;67,170;66,173;66,175;67,177;67,179;67,180;67,182;67,185;67,186;67,189;67,191;67,193;66,194;67,197;66,199;67,200;66,203;67,205;67,206;67,209;67,211;67,213;67,214;66,216;67,219;66,220;67,223;67,225;66,227;67,229;66,230;67,233;66,235;66,236;66,238;67,241;67,242;67,245;67,247;66,249;67,250;66,253;67,255;67,257;66,258;66,260;67,262;66,265;66,266;67,269;67,271;67,273;66,275;66,276;66,278;66,281;66,282;67,285;66,287;67,288;67,290;67,292;66,294;67,296;67,298;66,301;66,302;66,305;67,306;66,308;66,311;66,313;66,314;67,317;67,319;67,321;66,323;67,325;67,326;66,328;66,331;67,333;67,334;67,336;67,339;67,340;67,342;67,345;67,347;67,348;67,350;67,352;67,355;67,356;67,359;66,361;67,363;67,365;66,367;67,369;67,370;67,373;66,375;67,377;66,378;66,381;66,382;67,385;66,387;67,388;67,390;66,393;66,394;67,397;67,398;67,400;67,403;67,404;67,406;66,408;66,410;67,413;67,415;66,416;66,419;66,421;66,422;67,424;66,426;67,429;67,431;67,432;66,435;67,436;67,438;67,440;66,443;67,444;66,446;66,448;67,451;66,453;66,454;66,456;66,458;67,461;66,462;67,464;66,466;67,468;66,471;66,472;66,475;67,477;66,479;67,480;66,483;67,485;66,486;67,488;66,490;67,493;66,495;66,496;67,498;66,500;66,502;67,504;67,507;67,509;66,510
68,1;69,2;69,4;69,7;69,8;68,11;68,13;68,14;69,16;68,18;68,21;69,23;68,24;69,26;69,28;69,31;69,33;69,35;68,37;68,38;69,41;68,43;68,45;69,46;69,49;69,51;68,52;68,54;69,57;69,59;69,60;69,62;68,65;68,66;68,68;69,70;69,73;69,74;69,77;69,79;69,80;69,82;69,85;69,86;68,88;68,90;69,93;68,95;68,97;69,99;68,101;68,103;69,104;69,106;69,109;68,111;68,112;68,115;69,117;68,119;68,121;69,123;69,124;68,127;68,129;69,131;68,133;68,135;69,136;69,139;69,141;69,143;68,144;68,147;68,148;69,150;68,152;69,155;68,157;68,159;68,160;68,163;68,164;69,167;68,169;68,171;68,172;68,174;68,177;69,178;68,180;68,183;69,185;69,186;69,189;68,190;68,192;69,194;68,196;69,199;69,201;69,203;69,205;68,207;69,209;69,211;69,213;68,214;69,217;68,219;68,221;68,223;69,224;68,227;69,228;69,230;69,232;68,234;68,236;69,239;68,241;69,242;68,244;68,247;68,249;68,251;69,253;68,254;68,257;69,259;68,260;69,262;69,264;69,267;69,269;69,270;69,273;68,274;69,276;68,279;69,281;69,282;69,284;68,287;68,289;69,290;69,292;68,294;68,296;69,298;69,300;68,302;68,305;68,307;68,309;69,311;69,312;68,315;69,317;68,318;68,321;68,323;69,325;69,326;68,328;68,330;68,333;69,335;68,337;69,339;68,340;68,343;68,345;69,347;69,349;69,351;68,352;69,355;69,357;69,358;69,361;68,362;68,364;68,367;68,368;69,371;69,373;69,375;69,376;69,378;69,381;68,382;69,385;68,387;68,388;68,390;68,393;69,395;68,397;69,398;69,400;68,403;68,405;69,406;69,408;68,411;69,413;69,414;68,416;69,419;69,420;68,423;69,424;69,426;69,428;69,430;69,432;68,435;68,436;69,438;69,440;68,442;69,444;68,446;69,449;69,451;68,453;69,454;69,456;68,459;68,460;69,462;69,465;68,467;68,469;68,470;68,472;68,474;68,477;68,479;68,480;68,482;69,484;68,487;69,488;69,490;69,492;69,495;69,497;69,499;69,501;68,503;68,504;69,507;68,508;69,510
71,1;70,2;71,5;71,7;70,9;71,10;71,13;71,15;70,17;71,19;71,21;70,23;70,25;71,27;71,28;70,30;70,32;71,34;71,36;70,38;70,41;70,43;70,45;71,47;71,49;71,50;70,52;71,54;70,56;71,58;70,60;71,63;70,65;71,66;71,68;70,71;70,72;71,75;70,76;70,79;71,81;70,83;71,84;71,86;71,88;71,91;71,92;70,94;71,97;70,99;71,101;71,102;70,105;71,106;71,109;70,110;70,113;71,115;70,117;70,118;71,120;71,123;70,124;71,127;70,129;71,130;70,133;71,134;71,137;71,139;71,141;71,142;70,144;70,147;71,148;70,150;70,152;70,155;71,156;70,159;70,161;70,163;70,164;70,166;70,168;71,170;71,173;71,174;71,176;71,178;71,180;70,183;70,185;70,186;70,189;71,191;71,193;70,195;71,196;70,198;71,200;70,202;71,205;71,207;70,209;71,211;71,212;71,215;70,216;70,218;71,221;70,223;71,225;70,226;70,228;70,231;70,233;70,235;70,236;71,239;71,241;71,242;71,245;70,246;71,248;71,250;71,253;71,255;71,256;71,259;71,260;71,262;71,265;71,267;70,269;70,271;71,273;71,274;70,277;70,279;71,280;70,283;70,285;70,287;71,289;70,290;70,292;70,295;71,297;71,298;70,300;71,302;71,304;70,307;71,308;70,311;70,313;70,315;71,317;71,319;70,321;71,322;70,325;70,327;70,328;71,331;71,333;70,334;70,336;71,338;70,341;70,342;71,345;71,346;71,349;71,351;70,352;70,354;70,356;70,358;71,360;71,363;70,364;70,367;71,369;70,370;70,372;70,374;71,377;70,379;71,380;70,383;71,384;70,387;71,388;71,390;70,392;71,394;71,397;70,398;71,401;70,403;70,404;70,406;71,408;71,411;70,412;71,414;70,416;70,419;70,421;70,423;70,425;71,427;71,429;71,430;71,432;71,434;70,436;70,438;70,441;71,442;71,445;71,447;70,448;71,451;70,452;70,455;70,456;71,459;70,460;70,462;71,464;70,466;70,468;71,471;71,472;71,475;70,476;70,478;71,481;71,482;70,484;70,487;70,488;70,490;70,493;70,495;71,496;71,498;71,501;71,503;71,505;71,506;70,508;70,511
73,1;73,3;72,4;72,6;73,8;73,10;73,13;72,15;73,16;72,18;72,21;72,23;72,25;73,27;72,29;72,31;73,32;72,34;72,36;72,39;73,40;73,43;72,45;73,46;72,48;73,50;73,52;72,54;73,57;73,59;73,61;72,62;73,65;72,67;73,68;73,71;72,73;73,74;72,77;73,78;73,81;73,83;73,84;73,86;73,88;72,91;72,92;73,94;73,97;73,99;73,101;72,103;73,104;72,106;72,108;73,110;73,112;73,114;72,117;73,118;73,121;73,123;73,124;72,126;72,129;73,131;72,133;73,134;73,136;72,139;73,140;73,142;72,144;72,147;72,149;73,150;72,153;72,154;72,156;72,158;73,160;73,162;73,164;72,167;72,169;73,170;73,172;72,174;72,177;72,178;73,180;72,183;72,184;72,186;73,189;73,191;72,193;73,195;72,197;72,198;72,201;72,203;72,204;73,206;72,209;73,210;73,212;73,215;73,217;72,219;72,220;73,223;72,225;72,227;73,228;73,230;72,232;72,235;72,236;73,238;72,241;72,242;72,244;72,247;72,249;73,250;73,252;72,254;72,257;72,258;73,260;72,263;73,265;72,266;73,268;72,270;72,273;73,275;72,277;73,279;73,281;72,282;73,284;72,286;73,289;73,290;72,293;73,295;73,297;72,298;72,301;72,302;73,304;73,307;72,309;72,311;72,312;72,314;73,316;73,318;73,320;72,323;72,325;73,326;73,329;72,330;72,332;72,335;72,336;72,338;73,340;73,343;73,344;72,346;72,349;73,351;72,353;73,354;73,356;73,358;73,361;72,363;72,364;72,366;73,368;72,371;72,372;72,374;72,376;72,378;72,381;72,382;73,385;73,386;72,389;73,390;73,392;73,394;72,397;73,398;73,400;73,403;73,405;73,406;73,409;73,410;73,412;72,414;73,417;73,419;72,420;73,422;72,424;73,426;72,428;73,431;73,433;73,435;73,437;72,438;72,441;72,443;73,444;73,446;73,448;73,451;73,453;73,454;72,457;72,458;72,460;73,462;73,465;73,466;73,469;73,471;72,472;73,474;73,476;72,478;72,481;73,482;72,484;73,487;73,488;72,491;72,493;72,495;72,496;72,498;72,501;72,502;73,504;72,507;73,508;72,511
74,1;74,2;75,4;75,7;75,9;75,11;74,13;74,14;74,16;75,19;74,20;74,23;75,24;74,27;74,28;75,30;75,32;75,34;75,37;75,39;74,40;75,42;75,44;74,46;75,49;74,50;75,52;74,55;75,56;74,59;75,61;74,63;74,64;74,66;75,69;74,70;75,73;75,74;74,77;75,78;75,81;75,82;74,84;74,87;75,88;75,91;74,93;75,95;74,96;75,98;74,100;75,102;74,104;75,106;74,109;74,110;74,113;75,115;74,116;75,118;74,121;74,123;74,125;75,127;74,129;75,131;74,132;74,134;74,136;74,138;75,141;75,142;75,144;74,147;75,148;74,151;74,153;75,154;74,156;75,159;75,161;75,163;75,165;75,167;74,169;75,171;75,172;74,174;74,176;74,178;75,181;74,182;74,185;74,186;74,189;75,190;74,192;74,195;74,197;74,198;75,201;75,202;74,204;74,206;74,208;74,211;74,212;74,215;74,217;75,219;75,220;74,223;75,224;75,227;74,229;75,230;74,233;74,235;75,237;75,239;75,240;75,242;75,245;74,247;75,249;74,251;75,253;74,254;75,256;75,259;75,261;75,263;74,265;74,266;75,269;74,271;74,273;75,275;75,276;75,278;75,281;74,283;75,285;74,287;74,288;74,290;75,292;75,295;74,297;75,299;74,301;74,303;74,305;74,307;75,308;75,310;74,313;75,315;75,316;75,319;75,321;74,322;75,325;74,327;74,329;75,330;75,333;74,335;75,336;74,338;74,341;74,343;75,345;75,346;75,348;74,350;75,352;75,355;74,356;74,359;75,360;75,362;75,364;75,367;74,369;75,371;74,373;74,374;74,377;75,379;74,381;74,382;74,385;74,387;75,388;75,390;75,393;75,394;75,397;74,399;75,400;74,403;74,404;75,406;75,408;74,411;74,412;74,414;75,416;75,418;74,420;74,422;75,425;74,426;74,429;75,431;74,433;74,435;74,436;74,438;75,441;75,443;74,444;75,447;74,449;75,451;74,453;74,454;74,457;74,458;75,461;75,462;74,464;75,467;75,469;74,471;75,472;75,475;75,476;75,478;75,480;75,482;74,484;74,487;74,488;74,490;75,492;74,495;74,496;74,499;74,501;74,503;74,505;74,506;75,508;75,510
77,0;76,3;76,4;77,6;77,9;77,11;77,12;76,15;76,17;76,19;77,20;77,23;76,24;76,27;76,28;77,30;76,33;77,35;77,37;76,39;76,40;76,43;76,44;76,47;77,49;77,50;76,53;77,55;77,57;77,58;76,61;76,63;76,64;77,66;77,69;76,70;76,73;77,75;77,77;77,78;77,81;76,82;77,85;76,86;77,89;77,90;77,92;77,94;77,97;76,98;77,101;76,103;77,105;76,106;77,109;77,110;77,113;77,114;77,117;76,118;77,121;77,122;77,125;77,127;76,129;77,130;76,132;76,135;76,136;76,139;77,140;77,142;76,144;76,147;76,148;77,150;76,153;76,154;76,156;77,158;76,160;77,163;76,165;76,167;77,169;76,170;76,173;77,174;76,176;77,178;76,180;76,183;76,184;77,186;76,188;77,191;77,193;77,195;77,197;76,198;76,201;76,202;76,204;76,207;76,209;76,210;77,213;77,215;77,217;77,218;76,221;77,223;77,225;77,227;76,229;77,230;77,233;77,235;76,237;76,239;76,241;76,243;77,245;77,247;76,249;77,251;76,252;76,254;77,256;77,258;76,261;76,262;77,264;77,266;77,269;77,270;76,273;77,274;76,277;76,279;77,280;76,283;77,284;77,286;77,288;77,291;77,293;77,295;77,296;76,298;77,300;76,303;77,305;76,306;76,309;77,311;77,312;77,314;76,317;77,318;76,321;76,322;77,324;77,326;76,329;76,331;76,332;76,335;76,336;77,339;76,340;77,342;77,345;76,346;76,348;76,351;77,353;76,355;77,357;76,358;76,360;77,363;77,364;77,366;76,368;76,371;77,373;76,374;76,376;76,379;76,381;76,382;77,384;77,387;77,388;77,390;77,393;76,395;76,397;76,398;77,401;77,402;76,405;76,406;77,409;76,410;76,413;77,415;77,416;77,418;77,420;76,422;76,424;76,427;77,429;77,431;77,432;76,435;77,437;77,438;77,440;77,442;77,444;77,446;77,448;77,451;76,452;77,455;77,457;76,459;77,460;76,462;77,464;76,466;76,468;77,470;77,472;77,475;76,476;77,478;76,480;77,483;76,485;77,487;76,488;77,490;76,492;77,495;77,496;77,498;77,501;77,503;76,504;77,506;77,508;76,511
79,0;78,2;79,5;78,7;79,9;79,10;79,12;78,14;79,17;78,18;79,20;78,23;78,24;78,27;79,29;78,31;78,33;79,35;79,36;79,38;78,41;78,42;78,45;79,47;78,48;78,50;78,53;78,54;78,57;78,58;78,61;79,62;79,64;79,67;79,69;79,70;79,72;79,75;78,76;78,78;78,80;79,82;79,84;79,86;78,89;79,90;78,92;78,95;79,97;78,98;79,101;78,103;79,104;78,106;78,109;78,110;79,113;79,115;78,116;78,119;78,120;78,122;79,124;79,126;79,128;78,131;78,132;79,135;78,136;78,138;78,141;78,142;78,144;78,146;79,148;78,151;79,153;79,155;78,156;78,158;78,161;78,162;78,164;79,167;79,169;79,170;79,172;78,175;78,177;79,179;79,180;79,183;79,184;78,186;79,189;78,190;79,193;78,194;78,197;79,198;78,201;78,202;78,204;79,206;79,209;79,211;79,212;79,215;79,217;79,218;78,221;78,222;79,224;79,226;78,229;78,231;79,232;79,234;79,236;79,239;78,241;78,243;78,245;78,247;78,249;79,250;79,253;78,254;79,256;79,259;78,261;79,263;78,264;79,266;79,269;78,270;78,272;78,274;79,276;79,278;79,281;78,283;79,285;78,286;78,289;78,290;78,292;78,295;78,297;79,298;78,301;78,303;79,304;78,306;78,309;79,310;79,312;78,315;78,317;79,319;79,320;79,323;79,324;79,326;79,329;79,331;79,333;79,335;79,337;79,338;79,340;78,343;78,344;79,346;78,349;78,350;79,353;78,355;79,357;78,358;79,361;79,363;79,364;79,366;78,368;78,371;78,372;78,375;78,376;78,379;78,380;79,383;79,385;79,386;79,389;79,391;78,393;79,395;78,396;78,399;79,401;79,402;78,405;78,407;78,409;78,411;78,412;79,414;78,417;79,418;79,421;78,423;78,424;79,427;78,428;78,430;78,433;79,435;78,437;78,439;78,440;78,442;78,445;78,447;79,448;78,450;79,453;78,455;78,457;78,459;78,461;78,463;79,465;78,467;78,469;79,470;78,473;78,475;78,477;79,479;78,481;78,482;79,485;79,486;79,488;78,491;79,493;79,494;79,496;79,499;79,500;79,502;79,504;78,506;78,508;79,510
80,0;81,3;81,5;80,6;80,9;81,10;80,13;80,14;80,16;81,19;81,20;81,22;80,24;80,26;80,28;81,30;81,32;81,34;81,36;81,38;80,41;80,43;80,45;80,46;80,48;80,51;80,52;81,55;80,56;80,59;81,61;81,63;81,65;80,66;80,69;80,71;81,73;80,75;80,77;80,79;80,80;81,83;81,85;81,87;80,89;80,90;81,92;80,94;81,97;81,99;80,100;80,102;81,104;80,106;80,108;80,111;80,113;80,114;81,116;81,119;80,120;81,123;80,124;81,127;80,128;80,130;81,133;81,135;80,136;81,139;80,141;81,143;81,144;80,147;81,148;80,151;81,152;80,155;80,157;80,159;80,160;81,162;80,165;80,166;80,168;80,171;80,173;81,174;80,177;80,178;80,180;80,182;80,185;81,186;80,189;80,191;81,193;81,194;81,197;80,199;80,200;81,202;80,204;80,206;80,208;80,210;80,212;80,215;81,217;81,218;80,221;80,223;81,225;80,227;80,228;81,230;80,232;81,235;81,237;80,238;80,241;81,242;80,245;81,247;80,248;81,250;80,253;81,254;81,256;81,259;80,260;81,263;80,265;81,267;80,269;80,270;81,273;81,274;80,277;80,278;81,280;81,283;80,285;80,286;81,288;81,290;80,293;81,294;80,297;81,299;80,300;81,302;81,304;81,306;80,308;80,311;80,312;80,314;81,317;80,318;80,321;80,323;80,325;81,327;81,328;80,331;81,333;80,334;80,337;80,338;80,340;80,343;81,344;81,346;81,349;81,351;80,353;81,354;81,357;80,359;80,360;81,362;80,365;80,367;81,368;81,370;80,372;80,375;80,377;81,379;81,381;80,382;80,385;81,386;81,389;81,391;81,392;81,394;81,396;81,399;81,401;81,402;80,405;80,406;81,409;81,410;81,413;81,415;80,416;80,419;81,420;81,422;80,425;81,426;80,429;81,431;81,432;81,435;80,436;81,438;80,440;80,443;81,444;80,447;81,448;80,450;80,453;80,454;81,456;81,458;81,460;80,462;81,465;80,466;81,468;80,470;81,472;81,475;81,477;80,478;80,480;80,483;80,484;81,487;81,489;81,490;81,492;80,494;81,497;81,499;81,501;80,502;80,505;80,507;80,508;81,511
82,1;83,2;82,5;82,6;83,8;82,11;83,12;82,14;83,17;82,18;83,21;82,22;82,25;82,27;83,29;83,31;82,32;83,34;82,37;82,38;83,40;82,43;82,45;82,46;83,49;82,51;82,52;82,55;83,57;82,58;83,61;82,63;83,64;83,66;83,68;82,70;82,73;83,75;82,77;82,79;83,81;83,83;82,85;82,87;83,89;83,91;83,93;82,94;83,96;82,98;83,100;82,102;82,105;83,107;83,109;82,110;82,112;83,115;82,117;82,118;82,121;83,122;82,125;83,127;82,129;83,131;83,132;82,134;83,136;82,138;82,140;82,142;83,145;83,146;83,148;83,150;83,152;83,154;83,156;82,158;83,161;83,163;82,164;82,167;82,168;82,171;83,172;83,174;83,177;82,179;82,181;82,182;82,185;82,187;83,188;83,191;82,193;82,194;82,196;83,198;83,200;83,203;82,205;82,206;83,209;83,211;82,212;82,215;83,217;83,218;82,220;82,222;83,225;82,226;82,229;82,231;82,232;83,235;83,237;82,238;83,240;82,243;82,244;82,247;83,248;82,250;82,253;82,254;83,256;82,258;82,260;82,263;83,264;82,266;83,268;83,270;83,273;83,274;82,276;83,279;82,281;82,283;83,285;82,286;82,288;83,291;83,292;82,294;82,296;82,299;83,301;83,302;82,305;83,306;83,309;83,311;83,312;83,315;83,317;82,318;83,320;82,323;82,324;82,327;83,328;83,330;82,332;83,335;82,336;82,339;83,340;82,343;83,345;83,347;82,348;83,351;82,352;82,355;83,357;82,358;82,361;82,363;83,364;82,366;83,369;83,370;82,373;83,374;82,376;83,378;83,380;82,382;83,385;82,387;82,389;83,390;83,393;82,395;83,397;82,399;83,400;83,402;83,405;83,407;82,409;82,410;83,413;83,415;83,417;83,419;82,420;82,422;83,424;83,427;83,428;83,431;82,433;82,434;83,436;82,439;82,441;83,443;82,445;83,447;82,449;82,451;82,453;82,455;83,457;83,458;83,460;82,462;82,465;83,466;82,469;82,471;82,472;82,475;83,477;82,478;82,480;82,483;83,484;83,487;82,488;83,491;83,492;82,495;83,496;82,499;82,500;83,503;82,504;82,507;83,509;82,510
84,0;85,3;85,5;84,7;84,9;84,11;85,13;84,15;85,16;85,19;84,20;85,22;85,24;84,27;84,29;84,30;85,33;85,35;84,37;85,39;85,40;84,43;85,44;85,46;85,48;84,50;85,52;85,55;84,56;84,59;85,61;85,63;85,64;84,66;84,69;85,70;85,73;85,74;84,76;85,79;85,80;85,82;84,84;84,86;85,88;84,91;85,92;85,94;85,96;85,99;84,101;85,102;84,104;85,106;84,108;85,110;85,112;85,114;85,116;84,118;85,120;85,122;85,124;85,127;85,128;85,131;85,132;85,135;85,137;85,139;85,140;84,143;84,145;84,146;84,149;84,151;84,152;84,155;84,157;85,159;84,160;85,162;84,164;85,167;84,169;84,170;85,173;85,175;85,177;84,179;85,180;84,182;84,184;85,187;84,188;84,190;84,193;84,194;84,197;84,199;85,200;84,202;85,204;84,206;84,209;84,210;84,212;85,214;85,216;84,219;85,220;85,223;84,224;84,227;85,228;85,231;84,233;84,235;84,236;84,238;85,241;85,243;85,244;84,247;85,249;84,250;84,253;85,255;84,257;85,259;84,261;84,263;84,264;85,267;85,268;85,270;84,273;84,275;84,277;84,279;84,281;84,282;84,285;84,287;84,288;84,291;85,293;85,295;85,296;84,298;84,301;85,303;85,305;84,306;84,308;84,311;84,313;85,315;84,316;85,319;84,320;85,323;84,325;84,327;84,329;84,331;85,332;85,335;84,336;85,339;85,341;85,343;84,345;84,346;84,349;84,350;84,353;85,355;85,357;84,358;85,360;84,362;84,364;85,366;84,369;84,370;85,372;84,374;85,376;84,378;84,380;85,382;84,385;85,387;84,388;85,390;84,392;84,394;84,396;84,399;85,400;84,403;85,405;85,406;84,409;85,411;84,412;85,415;85,417;84,419;85,420;84,423;84,425;84,427;84,428;84,431;85,432;84,434;84,437;84,438;85,441;85,442;85,445;85,446;85,449;85,450;84,452;85,455;84,457;85,459;85,460;84,462;85,464;84,466;85,469;85,471;85,473;85,475;85,476;85,479;84,481;84,482;85,484;85,486;85,488;84,491;85,492;85,495;85,497;84,498;85,501;85,503;85,505;85,506;84,509;85,510
87,1;86,2;86,4;86,6;87,9;86,10;86,12;86,15;87,17;87,19;87,21;86,23;87,25;86,26;87,29;86,31;87,33;86,34;87,36;86,38;87,40;86,43;87,45;86,47;87,48;87,51;87,53;86,54;87,56;87,58;87,60;87,62;87,64;86,66;86,68;86,71;87,72;87,75;87,76;87,79;87,81;87,82;86,85;87,87;86,88;87,91;87,93;86,95;87,96;87,98;86,100;86,103;87,105;86,107;87,108;87,110;87,112;86,114;87,116;86,118;87,120;86,123;87,124;86,126;87,129;86,130;86,133;86,134;87,136;86,138;87,140;86,142;86,144;86,146;87,149;86,150;86,153;87,154;87,157;86,158;86,160;87,163;87,165;86,166;87,168;86,171;86,173;86,174;86,177;86,178;87,181;87,182;87,185;87,186;86,188;86,190;87,193;87,195;87,196;87,198;86,200;86,202;87,205;87,207;87,208;87,210;86,213;87,214;86,216;87,218;86,221;86,223;86,225;86,227;86,229;86,230;86,232;87,235;86,236;86,238;87,241;87,242;86,245;86,247;87,248;87,251;86,253;86,255;87,256;87,258;87,260;86,263;87,265;86,266;86,268;86,271;87,273;86,275;87,277;87,278;87,281;87,283;86,285;86,286;87,289;86,291;87,293;86,295;87,297;87,298;86,300;86,302;87,304;86,307;87,309;86,311;86,312;87,315;86,317;87,319;87,320;86,323;87,324;86,326;86,328;86,331;87,333;87,334;87,337;87,338;87,340;87,343;86,344;87,346;87,349;86,350;87,353;86,354;86,356;86,359;86,361;87,362;86,365;86,367;87,368;86,370;87,373;87,375;87,377;86,379;86,381;87,382;86,384;87,386;87,388;86,390;87,392;87,395;87,397;86,398;87,400;86,403;86,405;87,407;87,409;86,410;87,413;86,414;86,417;86,418;86,420;87,422;86,424;87,426;86,428;87,431;86,432;86,435;87,437;86,438;86,441;86,443;86,444;87,446;86,448;86,450;87,453;87,455;86,457;87,459;86,461;87,462;86,465;87,467;86,468;86,471;87,473;87,475;86,476;87,479;87,481;87,483;87,485;87,486;86,488;87,491;87,493;86,495;87,496;87,499;86,500;86,503;86,505;87,506;86,509;87,511
89,0;89,3;88,5;88,7;89,8;88,11;88,13;88,14;89,17;89,18;88,20;88,22;89,24;89,27;89,29;89,31;88,33;88,35;89,37;88,39;89,40;89,43;89,44;88,46;89,49;88,50;89,52;88,55;88,56;88,59;89,61;89,63;88,64;89,67;89,68;88,71;88,73;88,75;88,76;88,79;89,81;89,83;89,85;88,86;88,88;89,90;88,92;89,94;88,97;89,99;89,101;89,103;88,104;89,107;88,108;88,111;89,112;89,114;89,117;89,118;89,121;88,122;89,125;89,126;89,128;89,130;89,132;88,134;88,136;89,138;88,141;88,142;88,144;88,146;88,149;89,151;89,153;88,154;88,157;89,158;89,161;88,163;89,164;89,166;89,169;88,170;88,172;89,175;88,177;88,178;88,181;89,182;88,184;89,186;89,188;88,190;89,193;88,194;89,196;88,198;89,201;88,202;89,204;89,207;89,208;89,211;89,213;89,214;89,216;89,219;89,220;88,222;89,224;88,226;89,229;88,231;89,232;89,234;89,236;88,238;89,241;89,243;89,245;89,246;89,249;89,250;88,253;88,254;88,257;89,258;88,261;89,263;89,264;89,266;89,269;88,270;89,273;88,275;88,276;88,278;88,281;88,282;89,284;89,287;89,288;88,290;89,292;88,294;89,297;88,298;89,301;89,303;88,305;89,306;89,309;89,310;88,313;88,314;89,317;89,318;89,321;88,323;88,324;89,327;88,329;89,331;88,333;88,335;89,336;88,339;89,340;89,343;89,344;88,347;88,349;88,350;89,352;89,354;88,356;89,358;89,360;88,363;89,364;88,366;88,368;89,370;88,373;89,375;89,376;88,378;89,380;89,383;88,385;88,386;88,388;88,390;89,393;89,394;89,396;88,398;89,400;88,403;88,404;88,406;89,408;89,411;88,412;88,414;88,417;88,418;88,421;88,422;89,424;88,426;89,428;88,431;89,433;88,435;89,437;88,438;88,441;89,442;88,444;89,447;89,449;89,451;89,452;89,454;89,457;88,459;88,460;88,463;89,465;88,466;88,468;88,471;88,473;89,474;89,477;88,479;89,480;88,482;89,484;89,486;88,489;88,491;88,492;89,495;88,496;88,499;88,501;88,502;88,505;89,507;89,509;89,510
91,0;90,3;91,4;90,6;90,9;90,11;90,13;91,14;90,16;91,19;90,20;90,22;90,24;91,26;90,29;90,31;90,32;91,34;91,36;90,38;91,41;90,43;90,44;90,46;90,48;90,50;91,53;91,55;90,57;91,58;91,60;90,63;90,64;90,67;90,68;91,70;90,73;91,75;91,77;91,78;90,80;91,82;90,84;90,87;91,88;91,90;91,92;90,94;91,96;91,98;90,100;91,103;90,105;91,107;90,108;91,110;91,113;90,114;90,116;91,119;91,120;91,122;91,124;90,127;90,128;91,130;91,132;91,135;91,137;91,139;90,140;91,143;91,144;90,147;91,149;91,151;91,153;91,154;91,157;90,159;90,161;90,162;91,165;91,166;90,169;90,170;90,172;91,175;90,177;91,179;91,181;90,183;90,184;91,187;90,188;91,191;90,193;90,195;90,196;90,198;90,200;90,202;90,205;90,207;90,208;90,211;90,213;90,214;90,217;90,219;90,221;90,222;90,224;90,226;90,228;90,230;90,233;90,234;91,236;90,238;90,241;91,242;91,245;91,246;91,248;90,250;91,252;90,255;90,257;91,258;90,260;90,262;90,265;91,267;90,268;91,271;91,272;91,274;91,276;90,278;90,280;90,283;91,285;91,287;90,289;91,291;91,292;91,295;91,297;90,299;90,301;90,302;90,305;91,307;90,308;90,310;90,312;91,315;91,316;90,318;90,320;91,322;90,325;90,326;90,328;91,330;90,332;91,334;90,336;90,338;91,340;91,342;91,345;90,346;90,349;91,350;91,352;90,355;90,357;90,359;91,361;90,362;90,364;90,367;90,368;91,371;90,373;90,375;90,377;90,378;91,381;90,383;90,384;91,386;91,388;90,391;91,392;90,394;91,396;90,398;91,401;91,402;90,404;90,407;91,408;90,410;91,413;90,415;91,417;91,419;90,421;91,422;90,425;90,426;90,429;91,431;91,432;91,435;91,436;90,438;90,441;91,442;91,444;90,447;91,449;90,450;90,452;91,455;91,457;91,458;90,461;90,463;90,464;90,467;90,469;90,471;90,473;90,475;90,476;91,478;91,480;90,482;90,485;91,486;90,488;90,490;91,492;91,494;91,497;90,498;90,501;91,503;91,504;91,506;90,509;91,511
92,0;93,2;92,5;92,6;92,8;92,11;93,13;93,15;92,16;93,19;93,20;93,22;92,24;93,27;93,28;92,31;92,33;93,35;93,37;93,38;92,40;92,43;93,44;93,47;92,49;92,51;92,52;93,55;93,57;92,58;93,60;93,63;92,65;92,67;93,68;93,70;92,72;92,74;92,77;93,78;93,80;92,83;92,84;93,86;93,89;92,91;92,92;93,94;93,97;93,99;93,100;93,102;93,104;93,106;92,109;92,110;93,113;92,114;92,117;93,119;92,120;93,122;92,125;92,127;92,129;92,131;92,133;92,135;93,137;92,138;92,140;92,143;93,145;93,146;93,149;93,151;93,152;93,154;92,156;92,159;92,161;92,163;92,165;93,166;92,169;92,171;93,172;92,175;92,176;92,178;93,181;93,183;93,184;92,187;92,189;92,190;92,192;93,195;92,196;92,199;93,201;92,202;93,205;92,207;93,208;93,211;92,212;92,215;92,216;93,219;93,221;93,222;92,224;93,227;93,229;92,231;92,232;92,234;93,236;93,239;93,240;93,242;93,245;93,247;93,248;93,250;93,252;93,255;93,257;92,259;92,260;93,263;92,265;92,267;92,268;93,271;93,272;92,275;93,277;92,278;93,280;93,283;93,284;93,287;92,289;93,291;93,293;93,294;93,296;92,298;92,301;93,303;92,305;93,306;93,308;92,310;92,312;92,314;93,317;93,319;92,320;92,323;92,325;93,327;93,329;93,330;93,332;92,335;93,336;92,338;93,340;92,342;93,345;93,347;92,349;92,350;92,353;93,355;92,357;92,358;93,360;93,362;93,365;93,367;92,368;92,370;92,373;92,375;93,377;92,379;93,380;93,382;93,385;92,387;92,388;92,391;92,392;93,395;92,396;92,399;93,400;93,403;92,405;93,406;92,408;92,411;93,412;92,415;92,416;92,419;92,420;93,422;93,425;92,426;93,429;92,430;92,432;92,435;93,436;93,438;93,440;92,442;92,444;92,446;92,449;92,450;92,453;92,455;93,456;93,459;92,460;93,462;93,465;93,467;92,469;93,470;93,473;93,475;92,477;93,479;93,480;93,483;93,485;93,486;92,488;92,490;93,492;93,495;93,496;93,499;93,500;93,502;93,504;92,507;92,509;93,511
95,1;95,3;94,5;94,6;95,8;94,10;95,12;94,14;95,17;94,19;95,21;95,22;94,25;94,26;94,29;94,30;95,32;94,35;94,36;94,38;94,40;94,43;94,44;94,47;94,48;95,50;95,53;95,55;94,57;94,59;94,60;94,63;95,64;95,66;94,69;94,71;94,72;95,75;94,77;94,78;95,81;94,82;95,84;95,86;95,88;94,90;95,92;94,95;95,97;94,99;95,101;95,102;94,104;95,106;95,109;95,110;94,112;95,115;94,116;95,119;95,120;95,123;95,124;95,126;95,129;94,130;94,132;95,134;95,136;95,139;94,140;95,142;94,145;94,146;95,148;94,150;95,153;94,154;94,157;95,159;94,161;95,163;95,164;94,167;94,168;94,170;95,173;95,175;95,176;94,179;94,180;95,182;95,185;95,187;94,189;95,190;95,192;94,194;95,196;95,198;95,201;95,202;95,204;94,207;95,209;94,211;95,213;95,214;94,217;94,219;94,220;95,222;95,224;95,227;95,228;95,230;95,233;94,234;95,236;95,239;95,241;94,242;94,245;94,246;94,249;94,251;94,253;94,255;95,257;95,258;95,260;95,262;95,264;95,266;95,268;95,271;95,273;94,275;95,276;94,278;95,281;94,283;94,285;94,286;95,288;95,290;95,292;94,295;94,297;94,298;95,300;95,302;94,304;94,307;95,309;95,310;94,312;94,315;95,317;94,319;94,321;95,322;95,325;95,326;95,329;94,330;94,332;94,334;95,336;94,339;95,341;94,343;94,344;94,347;95,348;94,351;94,353;95,355;94,357;95,359;95,360;95,362;95,364;94,366;95,368;94,370;95,372;94,375;95,377;95,378;94,381;95,382;95,385;95,386;94,389;94,390;95,393;94,394;95,396;94,399;94,401;94,402;94,404;94,407;95,409;95,411;94,413;95,415;94,417;94,419;94,420;95,422;95,425;94,427;95,428;94,431;95,432;94,434;94,436;94,438;95,441;95,443;94,445;95,447;94,449;94,451;94,453;94,455;94,457;95,459;94,460;94,463;95,464;95,466;95,469;94,470;95,473;94,474;95,476;94,478;94,480;95,482;94,484;95,486;94,489;95,491;94,493;95,494;95,496;95,498;94,500;94,502;95,505;94,507;95,508;94,510
96,0;97,2;96,4;97,7;96,8;96,10;97,12;96,15;97,16;97,19;96,20;96,22;97,25;96,26;96,28;97,31;96,32;97,35;96,37;97,38;97,41;96,42;97,45;96,47;97,49;97,50;97,52;97,55;97,57;97,58;96,60;97,62;97,65;96,67;97,69;97,71;97,73;97,74;96,77;96,79;96,80;97,82;97,85;97,87;96,88;96,91;96,92;96,95;97,97;96,98;97,101;96,103;96,104;96,107;97,109;97,110;97,112;96,115;96,116;96,119;97,121;96,122;97,124;97,126;96,128;96,131;97,133;97,134;97,137;97,139;96,141;96,143;96,145;97,146;96,149;96,150;96,152;97,155;96,156;97,158;97,160;96,162;96,165;97,167;96,169;97,171;96,173;97,175;97,177;96,178;97,181;96,183;97,184;97,186;97,189;97,190;96,193;96,194;96,196;96,199;97,200;96,203;96,204;96,207;97,209;96,210;96,212;97,215;97,216;96,219;96,220;96,222;96,224;96,227;96,228;97,231;96,232;97,235;97,237;97,239;96,240;96,242;97,244;97,247;97,248;97,251;96,253;97,254;97,257;97,259;96,261;96,262;96,264;97,267;96,269;97,270;97,273;96,274;96,276;97,278;96,280;96,283;96,284;97,286;96,288;97,291;96,293;96,295;96,297;96,299;97,300;96,302;96,305;97,306;96,308;97,310;97,313;96,314;97,316;96,318;97,321;96,323;97,324;96,327;96,328;96,331;96,332;96,334;96,336;97,339;96,341;97,342;96,345;96,347;97,349;96,351;96,352;96,354;97,356;96,359;96,360;97,362;97,364;96,366;96,368;96,371;96,372;96,374;97,376;96,378;96,380;96,383;97,385;97,387;97,388;96,391;96,393;97,394;96,396;97,398;97,400;96,403;97,404;96,406;97,409;97,410;96,413;96,414;97,417;97,419;97,420;96,422;97,424;96,426;97,429;97,431;97,432;96,434;96,437;96,438;97,440;96,442;96,445;96,447;96,448;96,451;97,452;97,455;97,457;96,458;97,460;96,462;97,464;96,466;97,469;96,470;96,472;97,475;96,476;97,478;97,481;96,482;97,485;96,487;96,489;96,491;96,492;96,494;97,497;96,498;96,500;97,503;96,505;96,506;97,509;96,511
99,0;99,2;99,4;98,6;99,8;99,10;99,12;99,15;99,16;98,18;98,21;99,23;98,25;98,27;98,29;98,31;98,32;99,35;99,37;98,38;98,40;99,42;99,45;98,46;99,49;99,50;99,52;98,55;98,57;98,58;99,60;99,63;99,65;98,67;99,69;98,70;98,72;99,75;98,77;98,79;99,80;98,83;99,84;99,86;98,89;98,90;99,93;99,94;98,97;98,98;98,101;98,103;98,104;99,106;99,109;98,110;98,112;98,115;98,116;98,118;99,120;98,122;99,125;99,126;98,128;99,131;99,133;98,134;99,136;99,139;98,140;98,143;99,145;98,146;99,148;98,151;98,153;99,154;99,157;98,158;99,161;98,163;99,165;99,166;99,168;99,170;99,172;99,174;99,176;98,179;98,180;98,182;99,185;99,187;99,188;99,191;98,192;98,195;98,196;98,198;98,201;99,203;98,205;99,207;98,209;98,210;98,213;99,214;99,217;99,219;98,220;99,223;99,224;98,227;98,228;98,230;99,232;98,234;98,236;98,238;98,240;98,243;99,244;99,247;98,248;98,250;99,253;98,254;98,256;98,258;99,260;98,262;99,265;98,266;98,269;99,270;98,272;98,275;99,277;98,278;99,280;99,282;98,285;99,286;99,288;99,291;98,293;98,295;99,297;98,299;98,301;99,302;98,304;99,306;99,308;99,311;98,313;98,314;98,317;99,319;98,320;98,322;99,325;99,327;99,328;99,331;98,332;98,335;99,336;99,339;99,341;99,343;99,345;99,346;99,349;98,350;99,353;98,355;99,356;99,358;98,360;98,363;98,365;99,366;98,369;99,371;98,373;99,375;99,377;98,379;98,381;99,383;99,384;98,386;98,389;98,390;98,393;98,395;99,397;98,399;98,400;99,403;98,404;99,407;99,409;98,410;99,413;99,414;98,417;99,418;99,421;99,423;98,425;98,426;98,429;99,430;98,433;99,435;99,436;98,438;99,440;99,443;99,445;98,446;98,448;99,451;98,453;99,454;98,456;98,459;99,460;98,462;99,464;99,466;99,468;99,471;99,473;99,474;99,476;99,479;99,481;99,483;98,484;98,486;99,488;99,490;99,492;99,495;98,496;98,499;99,501;99,503;99,505;98,507;99,509;99,510
101,1;101,3;101,5;100,6;101,8;100,11;100,13;100,14;101,16;100,19;101,21;101,22;101,24;101,26;101,28;100,31;100,32;101,35;100,37;101,38;101,41;101,42;101,45;100,47;100,48;101,51;100,52;101,55;101,56;101,58;100,61;100,62;100,65;100,67;101,68;101,70;100,72;101,74;101,77;101,79;100,80;100,83;101,84;101,86;101,88;101,91;100,92;101,95;100,97;100,98;101,100;100,103;100,105;101,106;100,108;100,110;101,112;101,114;101,116;100,119;100,120;100,123;100,124;100,127;101,128;101,131;101,133;101,135;101,137;101,139;101,141;101,142;101,144;101,147;100,149;100,151;101,153;100,154;100,156;100,158;100,161;100,162;101,165;101,166;101,169;100,171;101,172;100,174;101,176;100,178;101,180;101,182;100,184;101,186;100,189;101,190;101,192;101,195;101,196;101,199;101,201;101,203;101,205;101,207;101,209;101,210;100,212;101,214;101,216;101,219;101,221;101,223;101,225;101,227;101,229;100,231;101,233;101,235;101,237;101,238;101,240;100,242;100,244;100,246;101,248;101,251;101,253;100,254;101,256;100,259;100,261;101,263;101,265;100,267;100,269;101,270;101,273;101,274;101,277;101,279;101,280;100,283;100,285;100,287;100,289;101,291;101,292;100,294;101,296;101,298;101,300;101,303;101,304;100,307;100,309;101,311;101,312;100,314;100,316;101,318;100,320;100,323;100,324;100,327;100,329;100,330;101,333;100,335;100,336;100,338;101,341;100,343;100,345;100,346;100,349;100,350;100,352;100,354;100,356;101,358;100,360;101,363;101,365;101,367;101,368;100,371;100,372;100,374;100,377;101,379;101,381;100,382;101,384;100,386;100,389;100,390;101,392;100,394;100,396;100,398;100,401;101,403;101,405;100,407;100,409;101,410;101,413;101,414;101,417;100,418;101,421;101,423;100,424;100,427;100,428;100,430;100,433;101,435;101,437;101,439;101,441;100,442;101,444;101,446;100,449;100,451;100,452;100,455;100,456;100,458;101,461;100,463;101,464;100,467;101,468;100,470;100,473;100,474;100,477;101,478;101,480;100,482;101,484;100,486;100,489;100,491;100,492;100,495;100,497;100,498;101,500;101,502;101,504;100,507;100,509;101,511
103,0;102,3;103,5;103,6;103,8;102,10;103,13;103,15;102,16;103,19;102,20;102,22;103,25;103,26;102,28;102,30;102,33;102,35;102,36;103,39;102,40;102,42;102,44;103,47;103,48;103,51;103,52;102,54;103,57;102,59;102,60;102,62;102,65;102,67;103,68;103,71;103,72;102,75;103,76;103,79;102,81;102,82;103,84;102,86;102,89;102,90;103,93;103,94;102,96;102,99;102,101;102,103;103,105;103,107;102,109;103,111;102,113;103,114;103,116;102,118;103,120;102,122;102,125;102,127;103,128;102,130;102,132;102,134;103,136;102,138;102,141;102,143;103,145;103,146;102,148;102,151;102,152;102,155;103,156;103,159;103,161;103,162;102,164;103,166;103,169;102,170;102,173;103,175;102,177;103,178;103,181;103,183;102,185;102,186;102,189;103,190;103,193;102,195;103,196;102,198;102,200;103,203;102,205;102,206;102,209;102,210;102,213;102,215;102,216;103,219;103,220;102,223;103,225;102,226;102,229;102,230;102,233;103,234;102,237;102,239;102,241;102,242;103,244;103,247;103,249;102,251;103,252;102,254;102,257;102,259;102,260;102,262;102,264;103,266;103,268;103,270;103,273;102,274;103,276;102,279;102,280;103,283;102,284;102,287;102,288;103,291;102,292;102,295;103,297;103,299;102,301;103,303;103,304;102,307;103,309;102,311;102,313;103,314;103,316;103,318;103,321;102,322;103,324;103,326;103,329;102,330;103,333;103,335;103,336;102,338;103,341;103,342;102,344;102,347;102,349;103,350;103,352;102,354;103,357;102,359;103,361;103,363;103,364;102,366;103,369;103,371;103,373;103,375;102,377;103,378;102,381;102,382;102,384;103,387;103,389;103,391;102,393;102,394;103,396;102,399;102,400;103,402;102,404;103,406;102,409;102,411;102,413;103,414;102,417;102,418;103,420;102,423;103,425;103,427;102,429;102,431;103,433;102,434;102,436;103,438;102,441;102,442;103,445;103,447;103,449;102,450;103,453;102,454;103,457;102,458;103,460;102,462;102,464;103,467;102,469;103,471;102,472;102,475;103,477;103,479;102,480;102,482;103,484;103,486;102,489;102,490;102,493;103,494;102,497;103,499;102,501;102,503;103,504;102,507;102,509;102,510
105,1;104,3;105,4;105,7;104,8;105,10;105,12;104,15;105,16;105,19;105,21;105,22;104,24;104,26;104,29;105,31;105,33;104,34;104,37;104,38;104,40;105,43;104,44;104,47;104,48;105,50;104,53;104,54;104,57;105,58;104,61;104,63;104,65;104,67;104,68;104,70;104,73;104,75;105,77;105,79;104,80;104,83;105,84;104,86;104,88;104,91;104,92;104,94;104,97;105,98;105,101;105,103;105,105;105,107;104,108;105,111;105,113;105,115;105,117;104,118;105,121;104,123;104,125;104,127;104,128;105,131;104,132;104,135;104,137;105,139;104,140;105,142;104,144;105,147;104,149;105,151;105,153;105,155;105,157;104,159;105,161;105,162;105,164;105,166;104,169;105,171;104,172;105,175;104,177;104,179;105,181;105,182;105,185;105,186;104,189;105,191;105,193;104,195;104,196;105,198;104,200;104,202;104,204;105,206;105,208;105,210;105,213;105,215;104,216;104,218;104,220;104,222;104,224;105,227;105,229;105,230;104,233;105,234;104,237;104,238;105,240;104,242;104,244;105,246;105,248;105,251;104,252;105,254;105,257;105,259;105,260;104,263;104,264;105,266;105,268;105,270;105,273;105,274;104,276;104,278;104,281;104,282;105,284;104,286;104,288;105,290;104,292;105,295;105,296;104,298;104,301;105,302;105,305;105,306;104,308;105,311;105,312;105,314;104,317;105,319;104,321;105,323;104,324;105,327;105,329;104,331;104,333;105,334;104,336;105,339;104,341;104,342;104,345;105,346;104,349;105,350;104,352;104,355;105,357;104,358;105,360;104,363;105,365;105,367;104,368;104,370;104,373;104,375;105,377;104,379;104,380;104,382;105,385;105,387;105,388;105,391;105,393;105,394;105,396;105,398;105,401;104,402;105,404;104,407;105,409;104,410;104,412;105,414;105,416;104,419;105,420;104,423;104,424;104,426;105,428;105,430;104,433;104,434;105,436;104,438;105,441;104,442;105,444;104,446;105,449;105,451;105,452;104,454;104,456;104,459;104,460;104,462;105,465;105,467;105,468;104,471;104,473;104,475;104,477;104,478;105,481;104,483;104,484;105,486;104,488;105,491;105,493;105,495;104,496;105,498;104,500;104,503;104,505;105,506;104,508;105,510
107,1;107,3;106,5;107,7;107,8;106,10;107,12;107,14;106,17;106,18;107,21;107,23;106,24;106,26;106,29;106,31;106,32;106,35;106,36;106,38;107,40;107,42;106,44;106,46;107,49;107,51;107,53;107,54;106,57;106,59;106,60;106,63;107,65;106,67;107,68;107,70;106,73;106,75;107,77;106,79;106,81;107,82;107,84;107,86;107,88;107,90;107,93;106,94;106,97;107,99;106,101;107,103;106,104;107,106;106,109;106,110;106,112;107,115;107,116;106,118;106,120;106,122;106,124;107,126;106,129;106,130;107,133;107,134;106,137;107,138;107,140;107,142;106,145;106,147;107,149;107,151;106,152;107,155;106,156;107,158;106,161;106,163;107,165;106,167;107,168;107,171;107,173;106,174;107,176;106,179;107,180;106,183;107,184;106,186;107,188;107,190;107,192;107,195;107,196;107,199;107,200;107,202;107,204;107,207;107,209;106,211;107,212;107,215;107,216;107,219;107,220;107,223;107,224;107,227;106,228;107,230;107,232;107,235;107,236;107,239;107,240;107,243;107,245;106,246;106,248;107,251;107,253;107,254;107,257;107,259;107,260;107,263;106,264;106,267;107,268;107,271;107,272;107,274;106,277;107,278;107,280;106,283;106,285;106,287;106,288;106,291;107,292;106,294;107,296;107,298;107,300;107,302;106,304;107,307;107,309;107,311;106,312;106,315;106,316;106,318;106,321;106,323;107,324;107,327;107,328;106,330;106,332;107,335;106,336;106,338;106,340;107,342;107,345;106,346;107,349;106,351;106,353;107,354;107,357;106,358;107,361;107,363;106,365;106,366;106,369;107,370;107,373;106,374;107,376;107,379;106,381;106,382;106,384;106,386;106,389;107,391;106,392;107,395;107,396;106,398;106,400;106,403;106,404;106,407;106,409;107,410;107,413;107,414;107,416;106,418;106,420;106,423;106,424;107,427;107,429;107,430;107,433;107,435;106,436;106,439;106,440;106,442;107,444;107,447;107,448;107,451;106,453;107,455;106,457;107,458;107,461;107,463;107,465;106,467;106,468;107,470;107,472;106,475;106,477;107,479;106,481;107,482;106,484;106,487;107,488;107,491;107,492;107,495;106,497;106,498;106,500;106,502;107,504;106,507;106,509;106,511
109,1;109,3;109,5;109,7;109,8;108,11;108,13;109,15;108,16;109,18;108,20;108,23;108,24;109,27;109,29;109,30;109,32;108,35;109,37;108,38;108,41;108,42;109,44;108,46;109,49;108,51;109,52;108,54;109,56;109,59;108,60;108,62;108,64;108,67;109,69;109,71;109,73;108,75;109,77;108,79;109,80;109,83;109,84;108,86;109,88;109,91;108,92;108,94;109,96;109,99;109,101;108,102;109,105;109,106;109,108;108,111;108,112;109,115;108,116;108,119;108,121;108,122;109,124;108,127;109,128;108,130;108,132;109,134;109,136;108,138;109,140;108,143;109,145;109,147;109,149;109,151;109,152;108,155;109,156;108,158;108,161;108,162;109,164;109,166;108,168;108,170;108,172;109,174;109,177;108,178;109,180;108,183;108,185;109,186;108,189;109,191;108,193;108,195;108,197;108,198;108,201;108,203;108,204;108,207;108,209;108,210;108,213;108,214;109,216;108,219;108,220;109,222;108,224;108,226;108,229;109,231;108,232;108,235;108,236;108,238;109,241;108,242;108,244;108,247;108,249;108,250;108,253;108,254;108,257;109,259;109,260;108,263;109,265;108,266;108,268;109,270;109,272;109,274;108,276;109,279;109,281;109,283;108,285;109,286;108,289;108,291;108,293;108,295;109,296;108,298;109,301;109,302;109,304;109,306;109,309;108,310;108,312;109,314;108,316;108,318;108,320;108,322;109,325;109,326;109,328;108,330;109,333;109,334;108,337;109,339;109,340;109,342;108,345;108,346;108,349;108,351;108,353;108,354;109,357;109,358;108,361;108,363;109,364;109,367;109,368;109,371;108,373;108,374;108,376;109,379;108,381;108,383;108,384;109,387;109,388;109,391;109,392;108,394;108,396;108,398;109,401;108,402;108,404;109,407;109,408;109,410;108,412;109,414;108,417;109,418;108,421;109,422;109,424;108,426;108,429;108,430;109,433;109,435;108,436;108,439;109,440;108,442;108,445;108,446;108,449;109,451;109,453;108,455;108,457;108,458;108,460;109,462;108,464;109,467;109,469;109,471;109,473;108,474;109,477;109,479;109,480;109,482;109,484;109,486;109,489;109,491;108,492;108,495;108,497;109,499;108,501;108,502;109,504;108,506;109,508;108,511
110,0;110,2;110,5;111,7;110,8;111,10;111,12;110,15;110,17;111,19;111,20;110,23;111,24;111,27;110,29;110,30;111,32;111,35;110,37;110,38;111,41;111,43;111,44;110,47;111,49;111,50;111,53;111,54;111,57;111,58;111,60;111,63;111,64;110,67;111,68;111,70;110,72;111,75;110,76;110,79;110,80;110,83;111,84;111,87;110,89;110,91;110,93;111,94;111,97;110,99;110,101;110,103;110,104;110,107;110,109;111,111;110,112;111,114;111,117;111,118;111,120;110,123;111,124;111,126;110,129;111,131;111,132;110,135;111,137;111,139;110,141;110,143;111,145;110,147;111,149;111,151;110,152;111,155;110,157;110,159;111,160;110,162;110,165;111,167;110,169;111,170;110,172;111,174;111,177;111,179;111,181;110,183;111,184;111,187;110,188;111,191;111,193;111,194;111,196;110,199;111,201;111,202;110,205;111,207;110,208;110,211;110,213;110,214;111,216;111,218;110,220;111,222;110,225;111,226;111,228;110,230;111,233;111,234;110,237;110,238;111,241;110,243;111,245;111,246;110,248;111,251;111,253;111,255;110,257;111,259;110,260;111,262;110,265;111,266;110,268;111,271;111,273;110,275;111,276;110,278;111,280;110,283;111,285;110,286;110,288;111,291;110,292;110,294;111,296;110,299;110,300;111,303;110,305;111,307;111,309;110,310;111,313;111,315;111,316;110,318;111,320;111,322;111,324;110,326;111,329;111,331;110,333;111,335;111,337;111,338;110,341;111,342;110,345;111,346;111,348;111,350;110,352;111,354;110,357;111,359;110,360;110,362;110,364;111,367;111,368;110,371;110,372;110,374;110,377;111,378;110,380;111,383;110,384;111,387;111,388;110,391;111,392;110,394;110,397;110,398;110,400;111,402;111,405;111,406;111,409;111,410;111,413;110,414;110,416;111,418;110,420;110,423;110,425;111,426;110,428;111,431;110,432;110,434;110,437;110,439;111,441;110,442;111,444;111,446;111,448;110,450;111,453;110,455;111,457;111,458;111,460;110,463;111,464;111,466;111,469;111,470;110,472;111,474;111,476;111,479;110,480;110,482;111,484;110,487;111,488;110,490;110,493;110,495;111,497;111,498;110,500;111,503;110,504;111,506;110,508;110,510
113,1;113,2;113,5;112,7;112,9;113,11;113,12;112,15;113,16;112,19;113,20;112,22;112,24;113,27;112,29;112,31;113,32;112,35;112,37;113,39;112,40;112,42;112,44;113,46;112,48;113,51;112,52;112,54;112,56;113,59;113,61;113,63;112,65;113,67;112,69;113,71;113,73;113,75;113,76;112,78;112,80;112,82;113,84;112,87;113,88;113,91;112,93;113,94;112,97;112,98;112,100;112,102;112,104;113,107;113,109;112,110;112,112;112,115;113,116;112,119;112,121;112,122;113,125;112,126;113,129;112,130;112,132;113,135;113,137;113,138;113,140;112,142;112,145;113,147;112,149;112,150;112,152;113,154;113,156;112,158;113,160;113,162;113,165;112,166;112,169;112,171;113,172;112,175;113,177;112,178;112,181;113,183;113,184;113,187;113,188;112,190;112,193;112,194;113,196;113,199;112,201;113,203;113,205;112,206;113,209;113,210;112,213;113,214;112,217;113,219;113,221;113,222;112,224;112,227;112,228;113,231;112,233;113,234;113,237;113,239;112,240;113,242;113,245;113,246;113,248;113,251;113,252;112,255;112,256;112,258;113,260;113,263;112,265;113,267;113,269;112,270;113,273;112,274;113,277;113,278;113,281;113,283;113,285;113,286;113,289;113,291;112,293;112,294;113,296;113,298;112,300;113,302;112,304;113,306;112,309;112,311;112,312;113,315;113,317;112,319;113,320;112,322;113,324;112,327;112,329;112,330;112,333;113,335;112,337;112,338;112,341;113,343;112,344;112,346;112,349;113,350;112,352;113,355;112,356;112,358;113,361;112,363;112,364;113,367;113,368;113,371;113,373;113,375;113,377;112,378;112,381;113,383;112,385;113,386;113,388;112,390;113,392;113,395;112,397;112,398;112,401;113,402;113,404;112,407;112,408;113,410;112,413;113,415;112,417;112,418;113,421;112,423;112,425;112,427;112,428;113,431;113,433;112,435;112,436;113,439;112,441;113,443;112,444;113,447;113,449;112,451;112,452;112,455;113,457;113,459;113,461;112,463;112,464;112,467;113,469;113,471;113,472;112,475;112,476;112,479;113,480;113,482;113,485;113,486;112,488;112,490;112,493;113,495;113,496;113,499;113,500;113,502;113,505;113,506;113,508;113,511
115,1;114,3;115,4;115,6;115,9;114,10;114,12;115,14;115,17;115,18;115,21;114,22;115,25;114,26;115,28;114,30;115,33;114,34;114,37;114,39;115,40;114,42;115,45;114,46;115,48;114,51;115,52;115,55;114,57;115,58;115,61;114,63;115,65;115,66;115,68;114,70;114,72;114,74;115,77;114,78;115,81;114,83;114,85;115,86;115,89;114,91;115,92;115,95;115,96;114,99;115,101;115,103;114,104;114,106;115,109;114,110;114,112;115,115;115,117;115,118;114,121;115,122;114,125;114,126;115,128;114,131;114,133;114,135;115,136;115,138;115,141;114,143;114,144;114,147;114,148;114,151;115,152;114,154;114,156;114,158;115,160;114,162;114,165;115,166;115,168;115,171;115,173;114,174;115,176;114,179;114,180;114,182;114,184;114,187;115,188;115,190;114,192;114,194;115,197;114,199;115,201;115,203;114,205;115,207;115,209;114,210;115,213;115,214;115,217;115,219;114,221;114,223;115,224;115,227;114,228;115,230;115,232;114,234;115,236;115,239;114,241;115,242;114,245;115,247;115,248;115,251;115,253;114,254;115,256;114,258;114,261;115,262;115,265;115,266;114,269;115,270;114,272;115,275;114,277;115,279;114,280;114,282;114,284;115,286;115,289;115,290;114,293;115,295;115,297;115,299;114,300;114,303;114,305;114,307;115,308;114,311;115,312;115,315;115,317;115,318;115,320;114,323;115,325;114,327;114,329;115,331;115,333;114,335;115,336;114,338;115,340;115,343;114,345;115,347;114,349;114,351;115,352;114,355;115,357;115,359;115,360;114,363;114,365;115,367;114,368;114,371;114,373;114,375;114,376;114,378;115,380;114,382;115,385;115,386;114,388;115,391;115,392;115,395;114,396;114,399;114,401;114,403;115,405;114,406;115,409;115,411;114,413;115,415;114,416;115,418;115,421;115,423;114,425;115,426;115,429;115,430;115,432;114,434;114,436;114,438;115,441;115,442;114,444;115,446;114,449;115,451;114,452;115,454;114,456;114,458;114,460;114,463;115,464;115,466;114,468;114,471;114,473;115,474;114,476;114,478;115,480;115,482;114,485;115,486;114,489;114,491;114,492;114,495;115,497;115,499;114,500;115,502;114,505;115,506;115,509;115,511
117,0;117,3;116,5;116,6;117,9;117,11;116,12;116,14;117,17;117,18;117,20;117,22;117,25;116,27;116,29;116,30;116,32;116,34;117,37;116,38;116,41;116,43;116,45;117,47;117,48;117,50;116,52;116,54;117,57;117,59;116,61;117,62;116,65;116,67;116,68;116,71;116,73;117,74;116,77;116,78;117,80;117,83;117,84;117,86;116,89;116,90;116,92;116,95;117,97;116,99;117,101;117,103;116,105;117,106;116,109;116,111;116,113;116,114;116,116;117,119;117,120;116,122;116,125;117,127;117,128;116,130;116,133;117,135;117,137;117,138;117,140;117,142;117,144;116,147;117,148;117,150;116,152;116,154;117,156;117,158;116,161;117,163;117,165;117,166;117,168;117,171;117,173;116,175;117,176;116,178;116,180;116,183;117,184;116,187;116,188;116,191;117,192;116,195;117,197;116,199;117,200;116,203;116,205;117,207;117,209;116,211;116,213;117,214;116,216;117,219;116,220;117,222;117,225;117,227;117,229;116,231;116,233;116,235;116,237;117,238;116,240;117,242;117,244;117,246;117,248;116,251;117,253;117,254;117,256;117,259;116,261;116,262;116,264;116,267;117,268;117,270;117,273;116,274;117,276;116,278;116,281;117,283;117,285;117,287;116,288;116,291;116,292;116,295;116,297;117,298;116,300;116,302;116,304;116,306;117,309;116,310;116,313;116,315;117,317;117,318;117,321;117,322;117,324;116,326;116,329;117,331;116,332;117,334;117,337;116,338;116,340;117,343;116,344;117,346;117,349;116,351;117,353;116,354;116,356;117,358;116,360;116,362;117,365;117,366;116,369;117,371;116,373;116,375;116,376;117,378;117,381;117,383;116,384;117,386;117,388;116,390;117,392;116,394;117,396;116,398;117,400;117,402;117,405;116,407;117,409;116,410;116,413;117,414;116,416;116,418;116,420;117,422;116,424;117,426;117,429;116,430;117,432;116,434;116,437;117,439;117,441;117,442;116,445;117,446;117,448;116,451;117,453;117,455;117,456;117,459;116,461;117,463;116,465;117,467;116,469;116,470;117,472;117,475;116,476;117,478;117,480;116,482;117,484;117,486;117,489;116,490;116,493;117,494;116,497;117,499;117,501;116,503;117,505;117,506;117,508;116,511
119,0;118,3;119,5;118,6;119,8;118,11;118,13;119,14;118,16;118,19;118,20;118,23;119,25;119,27;119,28;118,31;119,32;118,35;118,36;118,38;119,41;119,42;119,45;119,46;119,48;119,51;119,53;118,55;118,56;119,59;118,60;118,62;118,65;118,67;118,68;119,71;119,73;118,75;119,76;119,78;118,80;118,82;118,84;119,87;118,88;119,91;119,93;119,94;119,96;119,99;119,100;119,102;119,104;119,106;118,108;119,110;119,112;119,114;118,116;118,118;119,121;118,123;119,124;118,127;118,128;119,130;119,133;118,135;119,137;119,138;119,141;118,143;119,145;118,146;119,149;118,151;118,153;118,154;118,156;119,159;119,161;119,162;118,165;118,167;118,168;119,170;119,172;118,175;119,177;118,178;119,180;118,183;119,184;119,186;118,189;118,191;118,193;119,194;119,196;119,199;118,201;119,203;118,204;119,206;119,208;119,211;119,212;119,215;119,216;118,219;119,220;118,222;119,225;118,226;118,228;119,231;118,233;118,235;119,236;118,239;119,241;119,242;118,245;119,247;119,249;118,251;118,252;119,254;118,257;118,258;118,260;119,262;118,264;119,266;118,269;119,270;119,273;119,275;118,276;118,278;118,280;119,283;119,284;119,287;118,288;118,291;119,293;119,295;118,297;118,298;119,300;118,302;119,305;119,306;118,308;119,310;118,312;118,315;119,316;119,318;119,321;118,322;118,325;119,327;119,329;119,330;119,332;118,335;119,337;118,338;118,341;118,342;119,345;118,347;118,348;118,350;119,352;118,354;119,357;118,358;118,361;119,362;119,364;118,366;118,369;119,371;118,372;118,375;119,376;118,378;119,380;118,383;119,384;118,386;119,388;119,390;118,393;119,394;119,396;119,398;118,401;118,403;119,404;118,406;118,409;119,411;119,413;118,415;119,417;119,418;118,420;119,423;119,425;119,426;118,429;119,430;118,433;118,434;118,436;119,438;118,441;118,442;118,445;118,446;119,448;118,451;119,452;119,455;118,457;118,458;119,461;118,462;118,465;119,466;119,469;119,471;118,472;118,475;118,477;119,478;118,481;118,482;118,485;118,486;119,488;118,490;118,493;118,494;119,496;118,498;119,501;119,502;118,505;119,506;119,508;119,511
121,0;121,3;120,4;120,6;121,9;121,11;120,13;121,15;120,17;121,19;121,21;120,23;120,25;121,26;121,29;120,30;120,33;121,35;120,37;121,38;121,41;120,42;120,45;121,46;120,48;121,50;121,53;120,55;120,56;120,59;120,60;120,63;120,64;121,67;120,69;121,70;120,72;120,74;120,77;121,78;120,80;121,82;121,85;121,87;120,88;120,90;120,93;120,95;121,96;121,98;120,100;121,103;121,105;120,106;120,108;121,110;120,112;121,115;120,117;121,118;121,120;120,123;121,124;120,126;121,129;120,130;120,132;120,134;121,136;120,138;121,140;120,143;121,144;120,146;120,149;121,151;120,153;120,155;120,156;121,158;121,161;120,163;120,165;121,167;120,168;120,171;120,173;120,175;120,177;121,179;120,180;120,182;120,185;121,187;121,189;120,190;120,192;120,194;120,197;120,199;121,201;121,202;121,205;121,207;120,208;120,210;121,212;121,214;120,216;121,218;120,220;121,223;121,225;121,226;120,228;121,231;120,232;120,234;121,236;121,238;120,240;121,243;121,244;120,246;120,249;120,251;121,253;120,254;121,257;120,258;120,260;120,263;120,264;120,267;121,269;120,271;120,272;120,274;121,277;121,279;121,281;120,282;120,285;120,286;120,288;121,290;120,292;121,294;120,296;120,298;121,301;121,302;120,304;121,306;121,309;120,311;121,313;121,315;121,316;121,319;120,321;121,323;121,325;120,327;121,329;121,331;121,332;120,334;120,337;121,338;121,341;120,343;121,344;120,346;120,349;120,350;120,352;121,354;121,356;121,359;120,360;120,363;120,364;120,366;120,369;121,371;121,372;121,374;120,376;121,378;121,381;121,383;121,385;121,387;120,389;121,390;121,393;120,395;120,396;121,399;120,400;121,403;121,405;121,407;121,408;121,410;120,413;121,415;120,417;120,418;121,421;121,422;120,425;121,426;120,428;121,431;121,433;121,434;121,437;120,439;120,440;120,443;120,444;121,446;120,448;120,450;121,452;120,454;120,456;120,458;120,460;121,463;120,465;121,466;120,469;120,471;120,473;120,475;121,476;120,478;121,480;121,482;121,485;121,487;120,488;121,491;120,493;121,494;121,496;120,499;120,501;121,502;121,505;120,507;121,508;121,511
123,0;123,2;122,5;123,6;123,9;123,10;122,12;123,15;122,16;123,19;123,21;122,22;122,24;122,27;122,28;122,30;122,32;123,34;122,36;122,39;123,41;122,42;123,44;123,46;122,48;123,50;122,53;122,54;122,57;122,59;122,61;122,63;122,65;122,66;122,68;123,71;123,72;122,74;122,77;122,79;122,81;122,83;122,84;122,86;122,89;123,90;122,92;123,94;123,97;123,98;122,100;122,102;123,105;123,107;123,109;122,110;122,112;122,114;122,117;123,119;123,121;123,123;122,125;122,127;123,128;123,130;123,132;122,134;123,137;122,138;123,140;122,143;122,144;122,146;122,149;123,150;122,153;123,154;122,156;123,158;123,160;122,162;123,164;123,166;122,168;122,171;122,173;123,174;123,177;123,179;123,181;123,182;122,184;123,187;123,189;122,191;123,193;122,195;123,196;122,198;122,200;122,202;123,204;123,207;122,208;123,211;122,212;122,215;123,216;122,218;122,220;123,222;123,225;122,226;123,228;123,231;122,233;123,234;122,236;122,239;122,241;122,243;122,245;122,247;122,248;123,250;123,252;122,255;123,257;122,259;123,261;122,262;122,265;122,267;123,268;122,271;122,273;123,274;123,277;122,278;122,280;123,282;123,285;123,287;122,288;122,290;123,292;122,295;123,297;123,298;123,300;123,302;123,304;122,306;122,309;122,310;122,312;122,314;123,316;122,318;123,320;122,323;123,324;123,326;123,328;123,330;122,333;123,334;122,336;123,338;122,341;123,342;122,344;122,347;123,348;122,350;123,352;123,354;122,357;123,358;122,361;122,362;123,365;122,367;123,369;123,371;123,372;123,375;123,377;123,378;123,380;122,383;123,384;122,386;123,388;122,391;123,392;122,394;123,396;123,399;122,401;123,403;123,405;122,407;122,408;122,410;123,412;123,415;123,417;122,418;123,421;123,422;122,424;122,426;122,429;122,431;123,433;123,435;122,437;123,439;122,440;123,442;123,444;122,446;122,449;123,451;123,452;122,454;122,456;122,458;122,461;122,462;123,465;123,467;122,468;123,470;122,473;122,474;123,477;123,479;123,480;122,483;122,485;122,486;122,489;123,491;123,492;123,495;122,496;122,499;123,501;123,502;123,504;122,506;122,509;123,511
124,0;124,3;124,4;125,7;124,8;125,11;125,13;125,15;125,16;125,18;124,21;125,23;124,25;125,27;125,28;124,30;125,32;124,34;124,37;124,38;124,41;125,42;125,45;124,46;125,48;124,50;125,53;125,54;124,56;124,59;124,61;124,63;124,64;124,66;124,68;125,71;125,73;125,75;125,77;124,79;124,81;124,82;124,85;124,86;125,89;125,90;125,92;125,94;124,96;125,98;125,100;124,103;124,105;124,107;125,109;124,110;124,113;125,115;125,117;125,118;124,121;125,122;124,124;124,126;124,128;124,131;125,133;124,135;124,137;124,139;124,141;124,143;125,144;124,146;124,149;124,150;125,152;124,154;124,156;125,158;125,160;124,162;125,165;124,167;125,168;125,170;124,173;124,175;125,177;125,178;124,181;125,182;124,184;125,186;125,189;124,190;125,193;124,194;124,197;124,198;124,201;125,202;124,204;124,207;124,209;125,210;124,212;125,214;125,216;124,219;124,221;124,223;125,225;125,227;125,228;125,231;124,233;125,235;125,237;125,239;125,240;125,243;125,245;124,246;125,248;125,250;124,252;125,255;124,257;124,259;124,260;124,263;124,264;125,266;125,268;125,271;124,272;124,274;125,276;125,278;125,280;124,282;124,284;124,287;125,288;124,290;125,292;124,295;124,297;125,299;125,301;124,303;124,305;125,306;124,308;125,310;124,312;125,315;124,317;125,318;125,321;125,323;125,325;124,326;125,328;124,331;124,333;124,334;124,337;125,338;125,341;124,342;125,344;124,346;124,349;124,351;125,353;125,354;125,357;125,359;124,360;124,363;124,365;125,367;125,369;124,370;125,372;125,374;125,376;125,379;125,380;125,382;125,384;125,387;125,388;125,390;124,392;124,395;125,396;125,399;124,400;125,403;124,405;125,406;125,408;125,410;124,412;125,414;125,416;125,419;125,421;125,423;124,425;125,427;124,428;124,431;125,432;124,435;124,437;125,439;124,440;124,442;124,444;125,446;125,448;125,451;124,453;125,454;124,456;125,459;125,460;124,462;124,465;125,466;124,468;125,470;125,472;125,475;125,476;125,478;124,480;125,482;124,485;124,487;124,489;125,491;124,493;124,494;125,496;124,498;124,500;125,502;125,505;124,507;124,509;125,510
127,1;127,3;126,5;126,7;127,8;126,11;127,12;126,14;126,17;127,18;126,20;126,23;127,24;126,26;127,28;127,30;126,32;126,35;127,37;127,39;127,41;127,42;127,45;127,46;126,48;126,51;126,53;126,55;126,56;126,59;126,61;126,62;126,65;126,67;127,68;127,71;126,73;126,75;126,77;127,78;126,80;126,82;126,85;127,87;126,88;127,90;127,92;126,95;126,96;127,98;126,100;126,102;126,104;126,106;126,108;126,110;126,113;126,115;126,117;127,118;127,120;127,123;127,124;126,126;126,128;126,130;127,133;127,134;127,136;127,139;127,140;127,142;126,145;126,147;127,149;126,151;126,152;127,155;127,157;126,158;127,161;127,163;127,164;126,167;127,168;127,170;126,172;127,175;127,177;126,178;126,181;127,183;127,184;127,187;127,188;127,190;127,192;126,194;126,197;127,198;127,200;126,203;126,204;127,206;126,209;127,210;126,213;127,214;127,216;127,218;126,221;126,222;126,224;126,227;127,228;126,231;126,232;127,234;127,237;127,239;127,241;126,243;127,245;126,247;126,248;126,250;126,253;126,254;127,256;126,259;126,260;127,263;126,265;126,267;127,269;126,270;127,273;126,274;126,276;126,279;126,281;126,283;126,285;126,287;126,288;127,291;127,293;126,294;127,296;127,299;127,300;127,303;127,304;126,306;126,308;127,310;126,313;127,315;127,317;127,318;126,321;127,323;127,324;127,327;127,329;127,331;127,332;126,335;127,337;127,339;126,341;127,343;126,344;127,346;126,349;127,350;126,353;126,354;127,357;126,358;127,360;127,362;126,365;126,367;126,369;127,370;126,372;126,375;127,376;127,378;127,381;127,382;127,384;127,387;126,388;127,390;126,393;127,394;127,397;126,398;127,400;127,402;126,404;126,406;126,408;126,410;126,413;126,415;127,416;127,418;127,421;126,422;126,425;127,426;127,429;127,431;126,432;127,434;126,436;126,438;126,441;126,442;127,444;126,446;127,449;126,450;126,453;127,455;127,456;127,459;127,460;126,462;127,465;126,466;127,468;127,471;126,472;126,474;126,477;127,478;127,481;126,482;126,485;126,487;126,488;127,490;127,493;127,495;127,497;127,499;127,500;126,503;126,505;127,506;126,509;127,510
128,0;128,3;129,5;129,6;128,9;129,11;128,12;129,15;129,16;129,19;129,20;129,23;128,24;128,27;129,28;129,31;129,32;128,35;128,36;128,39;128,41;128,43;128,45;128,47;128,48;129,50;129,53;128,54;129,56;128,59;128,61;128,63;128,65;128,66;129,69;129,71;128,72;128,75;129,76;129,78;128,80;128,83;129,85;129,86;129,89;129,91;129,92;129,94;128,96;128,99;128,100;128,102;129,104;129,107;128,108;128,110;129,113;128,114;129,117;129,118;128,120;128,122;129,125;129,127;129,129;128,131;129,132;129,134;129,137;128,139;129,141;129,143;129,145;129,147;128,148;128,150;129,152;129,154;129,156;128,159;129,160;128,162;129,165;128,167;128,169;128,170;128,173;129,174;128,176;128,179;129,180;128,183;129,184;128,186;129,189;128,190;128,192;128,195;129,196;129,198;129,201;129,202;129,205;128,206;128,209;128,211;128,213;129,215;129,217;128,219;129,220;129,223;128,225;128,227;128,229;128,230;129,233;129,235;128,236;129,238;129,240;129,243;128,244;129,247;128,249;128,250;129,252;129,255;128,256;129,259;129,260;129,263;129,265;128,267;129,268;128,271;128,273;128,274;129,276;129,278;128,281;129,283;128,285;128,287;128,288;129,290;128,293;129,294;128,297;129,299;128,301;128,302;129,305;128,306;128,308;129,310;128,312;129,315;128,316;129,318;128,321;129,323;128,325;129,327;129,328;128,331;129,332;129,335;128,336;128,339;128,341;129,343;128,344;129,347;128,349;128,351;129,353;129,354;129,356;128,358;128,361;129,363;128,364;129,367;129,369;128,371;128,373;128,374;128,376;128,378;128,381;129,383;128,385;129,386;128,388;128,391;129,392;129,395;129,397;128,398;128,401;129,402;128,404;129,407;129,408;129,411;129,412;129,415;128,416;129,419;128,420;129,422;128,424;129,426;128,428;128,431;128,433;128,435;129,436;128,439;129,441;128,443;128,444;128,446;129,448;128,450;129,453;128,454;129,457;128,458;129,460;129,462;129,464;129,466;128,468;129,471;128,472;128,475;128,477;129,478;128,481;129,483;129,484;129,487;129,489;128,491;128,492;129,494;129,496;129,499;128,500;128,502;128,504;128,507;128,509;128,511
130,1;130,2;130,4;131,7;130,9;131,10;131,13;131,14;130,17;130,19;131,21;130,23;131,24;131,26;130,29;130,30;130,33;130,34;130,36;130,39;130,40;131,42;131,44;131,46;131,48;130,51;130,53;131,54;131,57;130,58;130,61;130,63;130,65;130,66;131,69;131,70;131,72;130,74;131,77;131,79;130,80;131,83;131,85;130,86;131,89;131,90;130,92;130,94;131,96;131,99;131,100;131,103;131,105;131,107;130,109;131,110;130,113;131,114;130,117;131,118;130,121;130,122;130,125;130,126;131,128;131,131;131,132;131,135;130,136;131,139;131,140;130,143;131,145;130,146;130,148;130,150;130,152;131,155;130,157;131,159;130,161;130,162;130,165;130,167;130,168;130,171;131,173;131,174;130,176;131,179;131,181;131,183;131,184;130,186;130,189;131,191;130,193;131,194;130,196;131,198;130,200;131,203;131,205;130,206;131,209;130,210;130,213;131,215;131,217;130,219;130,221;131,223;130,224;131,226;131,228;131,231;131,233;130,235;130,236;131,239;131,241;131,242;131,245;130,246;130,248;131,250;131,252;130,255;131,257;130,258;130,261;130,262;131,264;131,267;130,269;131,271;130,273;131,274;131,276;131,279;130,280;131,283;130,285;131,286;130,289;131,291;130,293;131,294;130,297;130,299;130,300;130,302;130,304;131,306;131,308;130,310;131,312;130,315;130,317;131,319;131,320;130,323;130,324;130,327;131,328;130,330;130,333;131,335;131,336;130,339;130,341;130,342;131,344;131,347;130,349;130,350;130,352;130,354;131,357;130,358;131,360;130,363;131,364;130,367;131,369;131,370;131,372;130,374;131,376;130,379;131,381;131,382;131,385;131,387;131,389;131,391;130,393;130,395;131,397;130,399;130,401;131,402;131,404;130,406;131,408;130,410;130,413;131,415;130,416;131,418;131,421;131,423;130,424;131,426;130,429;131,431;131,433;130,435;131,437;130,438;130,440;130,442;130,445;130,446;130,448;130,451;131,452;130,455;130,456;131,458;131,460;131,462;131,464;130,467;131,469;130,471;130,472;131,475;130,476;130,479;130,480;131,483;131,484;131,487;131,489;130,490;130,492;131,495;130,496;131,498;130,501;131,502;131,504;130,507;130,509;130,510
133,1;133,3;132,5;133,6;133,8;133,11;133,13;132,14;132,17;132,19;132,21;133,22;133,24;132,26;133,29;133,30;133,32;132,35;133,37;133,39;132,41;133,43;133,44;132,47;132,48;132,50;133,52;133,55;133,57;132,59;132,61;133,63;132,64;133,66;133,69;133,70;133,72;132,74;132,77;132,78;133,81;133,82;132,85;133,87;133,89;133,91;132,92;133,94;133,96;133,98;132,101;133,103;133,104;132,107;133,109;133,111;132,113;132,115;133,116;132,119;133,120;132,123;132,124;132,126;133,129;132,130;133,132;132,134;133,137;133,139;133,140;132,142;132,145;133,147;133,148;133,150;132,153;132,154;133,157;132,159;133,160;133,163;132,164;133,167;133,168;132,170;133,173;133,175;133,176;132,179;132,181;133,182;132,184;133,187;132,188;133,191;133,192;133,194;132,197;132,199;132,200;132,202;133,205;133,206;133,209;133,210;133,212;133,214;133,217;133,219;133,221;132,222;133,224;132,226;133,229;132,231;133,233;132,234;133,236;132,239;132,241;132,242;132,245;133,246;133,248;133,251;133,253;133,255;133,257;133,259;132,261;133,263;132,264;132,266;133,269;133,270;132,273;133,275;132,276;133,278;133,281;132,282;133,285;133,287;133,288;132,290;132,292;133,295;132,296;133,298;132,301;132,302;133,305;132,306;133,308;132,311;133,313;132,314;133,316;132,318;132,320;132,323;133,324;133,326;132,329;133,330;133,333;133,334;132,337;132,338;133,341;132,343;132,344;132,347;133,349;133,350;133,352;132,354;132,356;132,358;132,360;133,362;133,364;133,366;133,368;132,370;133,372;133,375;132,376;132,379;133,381;132,383;133,384;132,387;132,388;132,391;133,393;132,394;133,397;133,399;132,401;133,403;133,405;133,406;133,408;133,410;133,413;132,415;133,416;133,419;132,420;132,423;132,424;132,427;133,429;132,431;132,433;133,435;132,437;132,439;133,441;132,443;132,444;133,446;132,449;133,450;132,452;133,454;132,457;133,458;133,460;132,462;132,464;132,467;133,468;133,470;133,472;132,474;133,477;133,479;133,481;133,482;132,484;133,487;133,488;132,491;133,493;133,495;133,497;133,498;132,500;133,502;132,504;133,506;132,509;132,511
134,0;135,3;134,5;134,7;134,9;135,10;135,13;134,15;135,16;135,19;134,21;134,22;135,24;134,26;134,28;134,31;134,33;135,34;134,37;134,39;134,41;135,42;134,45;135,47;134,48;134,50;134,52;135,55;134,57;135,59;134,61;135,62;135,64;134,67;134,68;134,71;135,73;134,75;134,77;134,79;134,81;135,82;135,85;135,87;134,88;134,90;135,93;135,94;135,96;134,99;135,101;135,102;135,105;134,106;134,108;134,111;134,113;134,115;135,117;134,119;134,120;134,123;134,124;135,126;134,128;135,130;135,132;135,134;135,137;134,139;134,140;134,143;134,145;135,146;134,148;134,150;135,153;134,155;135,156;135,158;134,161;134,163;134,164;134,166;134,168;134,171;135,173;134,175;134,176;135,178;134,181;135,183;134,184;135,186;135,189;134,190;135,192;135,195;134,197;134,199;134,200;134,203;135,204;134,207;135,209;134,210;135,212;135,215;134,217;134,219;134,221;135,222;134,224;134,227;135,228;134,231;135,232;135,234;135,237;135,239;134,241;134,243;134,245;135,246;135,249;135,251;134,253;134,255;135,257;134,259;134,261;134,263;135,265;135,267;134,269;134,270;134,272;134,274;135,277;134,278;135,281;135,283;135,285;134,286;135,288;134,291;135,292;134,295;135,297;135,299;134,301;134,303;135,304;135,307;135,308;134,310;135,312;135,315;135,317;135,318;134,321;134,323;134,324;134,326;134,329;135,331;134,333;134,334;134,337;134,338;134,340;135,343;135,345;135,347;135,348;134,351;135,352;135,354;134,356;135,359;134,361;135,362;135,365;134,367;135,369;135,371;134,372;135,375;134,377;135,379;135,380;135,383;135,385;134,387;135,388;134,390;135,392;134,395;134,397;135,398;134,401;134,402;135,405;134,406;134,409;135,411;134,412;135,415;135,417;135,419;134,420;135,423;134,424;134,427;134,428;135,431;134,433;135,435;135,437;135,439;135,441;135,443;134,444;134,446;134,448;135,451;135,453;135,455;135,456;134,459;134,461;135,462;135,464;134,466;135,469;134,471;135,473;135,475;134,476;135,479;135,481;134,482;135,484;134,487;134,489;134,490;134,493;135,494;134,496;135,499;135,500;135,503;135,504;135,507;135,509;135,510
137,1;136,2;136,4;137,6;136,8;137,11;137,13;136,15;136,17;137,18;137,21;137,22;137,25;136,27;136,29;136,30;137,32;137,35;137,36;136,38;137,40;137,43;136,45;137,46;137,48;136,51;136,52;137,54;137,57;137,58;137,61;137,62;137,65;136,66;137,68;136,71;137,73;137,75;136,77;136,79;137,80;137,82;136,84;136,87;137,89;136,91;137,92;136,95;136,97;136,99;136,101;137,102;137,104;136,106;136,108;137,110;137,113;136,115;137,116;136,119;136,120;137,123;137,125;136,127;137,128;137,130;136,133;136,135;136,137;136,138;136,141;137,143;136,145;137,147;137,149;137,151;136,153;137,154;136,157;137,159;137,160;137,162;136,164;137,167;136,168;136,171;137,173;137,175;136,177;136,178;137,181;136,182;136,184;137,187;136,188;137,191;137,192;136,194;136,197;136,199;136,200;137,202;136,204;136,206;137,209;137,210;137,213;137,215;137,216;137,218;136,220;137,222;137,224;136,227;137,229;137,230;137,233;137,235;136,237;136,239;137,240;137,243;136,245;137,247;136,249;136,251;136,252;137,254;136,256;136,258;136,260;137,263;136,265;136,267;136,268;136,271;136,272;137,274;136,277;137,279;136,281;137,283;136,284;137,287;137,289;136,290;136,293;136,295;137,296;137,298;137,300;136,303;137,304;137,307;136,308;136,311;137,312;136,314;136,316;137,319;136,321;136,323;136,325;137,326;136,328;137,330;136,333;136,335;136,337;136,338;137,341;137,343;137,345;137,346;137,349;136,351;136,353;136,354;136,356;136,359;136,361;136,362;136,365;137,366;136,368;137,370;136,373;137,375;136,377;137,378;137,381;137,382;136,385;137,386;136,388;137,390;136,392;136,394;136,397;136,398;136,400;137,403;137,405;137,407;137,408;136,410;136,412;136,415;136,417;137,419;137,421;137,422;136,424;136,426;137,428;136,430;137,432;136,435;136,436;137,439;136,440;136,443;136,445;136,446;136,449;137,450;137,453;136,454;136,457;137,459;136,460;137,462;136,465;137,467;136,469;137,471;137,472;136,475;136,477;136,479;136,480;136,482;136,485;137,487;137,488;137,491;137,493;137,495;136,497;136,499;136,501;136,502;136,505;137,506;136,508;136,511
138,0;139,3;138,4;139,7;138,8;138,11;138,12;139,15;138,16;139,18;139,20;139,23;139,25;138,27;138,28;139,30;139,33;138,34;139,37;138,39;139,41;139,42;139,44;138,47;139,48;138,50;139,53;138,54;139,56;138,58;138,60;139,63;138,64;139,66;138,69;138,71;139,72;139,75;138,77;138,79;139,81;139,83;138,85;138,86;139,88;138,90;138,92;139,94;138,97;139,99;139,101;139,103;139,104;139,106;138,108;139,111;139,112;139,115;139,116;139,118;139,121;139,123;138,124;138,127;139,129;138,131;139,133;138,134;138,137;138,138;139,140;139,142;139,144;139,147;138,149;138,151;138,152;139,155;139,156;139,158;139,161;138,163;138,164;138,167;139,169;138,171;138,173;138,174;138,176;138,178;138,180;139,183;138,184;138,187;138,188;139,191;139,192;138,194;139,196;139,199;138,200;138,203;138,205;139,207;138,208;138,211;139,212;138,214;138,217;139,219;139,220;139,222;138,224;138,227;139,228;138,231;138,233;138,235;139,236;138,239;138,240;139,243;138,244;139,247;138,249;138,251;139,253;139,255;139,256;139,259;139,261;138,263;138,265;139,266;139,269;139,271;139,273;138,274;138,276;138,279;138,281;138,282;138,285;138,286;139,288;139,291;139,292;138,295;138,296;139,298;138,300;138,302;138,304;139,306;138,308;138,310;139,313;139,315;138,317;138,319;139,320;138,322;138,324;139,327;138,329;138,330;139,333;138,335;139,336;138,338;138,341;139,343;138,345;138,346;138,349;139,350;138,353;139,355;138,357;138,358;139,361;138,362;138,365;139,367;138,369;138,371;139,372;139,375;139,377;138,379;139,380;138,382;139,384;139,387;139,389;139,390;139,392;138,394;138,397;138,398;138,401;138,402;138,404;139,406;138,408;138,410;139,413;139,414;139,417;138,418;138,420;138,423;138,425;139,427;138,428;138,431;138,432;139,434;138,436;138,439;139,440;138,442;139,445;139,447;138,449;138,451;138,452;139,454;138,457;139,458;138,460;139,463;138,465;138,466;139,468;139,470;139,472;138,474;139,476;139,479;139,481;138,482;138,484;139,487;139,489;139,491;138,493;139,494;139,497;139,498;138,500;139,503;139,504;138,506;138,508;139,510
140,1;140,3;140,4;141,7;141,9;140,11;141,12;141,15;140,16;140,18;140,21;141,23;141,24;140,26;141,28;140,31;140,33;140,34;141,36;140,39;140,40;141,43;141,44;140,47;140,48;141,50;140,53;140,54;141,57;140,59;140,61;141,63;141,64;141,67;140,68;141,70;141,72;140,74;141,77;141,78;141,80;141,82;140,85;141,86;141,89;141,90;141,92;141,94;141,96;140,98;141,100;140,102;141,104;140,106;140,109;140,110;141,113;141,115;140,117;140,118;140,120;141,123;141,125;141,127;141,129;141,130;141,132;140,135;141,136;141,139;140,140;140,142;141,145;141,147;141,148;141,151;141,153;141,155;140,156;141,158;141,160;140,163;140,165;141,166;141,169;140,170;140,172;141,174;141,176;140,178;140,181;140,183;141,184;141,186;140,189;140,190;141,192;140,194;141,196;140,199;140,201;141,202;141,205;141,207;140,208;140,210;140,212;141,215;141,216;140,218;141,221;140,222;141,225;141,226;141,229;141,231;141,233;140,234;140,237;141,238;140,241;140,242;141,244;141,247;141,249;141,251;141,252;141,255;140,257;140,258;140,261;141,262;141,265;140,267;140,269;141,270;140,272;141,275;140,277;140,278;141,280;140,283;141,284;141,287;141,289;140,290;140,293;141,295;140,297;141,299;140,301;140,303;140,305;141,306;141,309;141,311;141,313;141,315;141,317;141,318;141,320;141,322;141,325;140,327;140,329;141,330;141,332;141,334;141,336;141,338;140,341;140,342;141,345;140,346;140,348;141,350;141,352;141,354;140,356;140,359;141,361;141,363;141,364;141,367;140,368;141,370;141,373;140,374;140,377;141,378;140,381;140,383;141,384;141,386;140,389;141,391;140,392;140,395;141,396;140,399;140,400;141,403;140,405;140,406;140,408;140,410;140,412;140,415;141,416;140,418;140,420;140,422;141,425;140,426;141,428;141,430;141,433;141,434;141,436;140,438;141,440;140,443;141,444;141,447;140,449;141,450;141,453;141,455;141,456;140,459;140,460;140,463;140,464;140,466;140,468;141,470;141,472;141,475;141,477;141,478;140,481;140,483;140,484;140,486;140,488;140,491;140,493;140,494;140,497;141,499;140,500;141,503;141,505;141,507;141,508;141,511
142,0;142,2;143,4;143,6;142,9;143,10;143,13;142,14;142,16;142,18;143,21;143,22;142,25;143,26;143,28;143,31;143,33;142,35;142,37;143,39;142,41;143,42;143,45;143,47;142,48;142,50;142,52;143,54;143,56;142,58;143,61;142,63;143,65;143,66;143,69;142,71;143,73;142,74;143,77;143,79;142,81;142,83;142,85;143,87;142,89;143,91;143,93;142,94;143,97;143,99;142,100;142,102;142,105;142,106;143,108;143,111;142,112;143,115;143,116;143,119;143,120;143,123;142,124;142,127;143,129;142,131;142,132;143,135;143,137;143,138;142,140;142,142;142,144;143,147;142,148;142,150;143,152;143,154;143,157;142,158;143,160;142,163;142,165;143,166;143,169;143,170;142,172;143,175;143,176;143,178;142,180;142,183;142,185;142,186;142,188;143,190;143,193;143,195;142,196;143,198;143,201;142,202;142,204;142,207;142,209;142,211;143,212;142,215;143,216;143,219;142,220;142,223;142,225;143,227;143,228;143,230;143,233;142,235;142,237;143,238;143,240;143,243;142,244;143,247;143,248;143,250;143,252;143,254;142,256;143,258;142,261;143,262;142,264;142,266;142,269;142,270;143,272;143,274;142,277;142,278;143,281;142,283;142,284;143,286;142,288;142,290;143,293;143,294;142,297;143,299;142,301;143,303;143,305;142,307;142,308;142,311;143,313;143,314;143,316;143,319;142,321;143,322;143,324;143,326;143,328;142,330;142,333;143,334;142,336;142,338;142,340;143,343;143,345;143,346;143,348;142,351;142,352;142,354;143,357;142,358;143,360;143,362;142,365;143,367;142,368;143,371;142,372;143,375;142,377;143,379;142,380;142,383;142,385;143,386;142,389;143,390;142,392;143,395;143,396;142,399;143,400;143,402;143,404;142,407;143,408;143,410;142,413;143,414;142,416;142,419;143,420;143,422;142,425;142,427;143,429;142,430;142,433;143,434;143,436;143,438;143,440;142,443;142,445;143,446;143,448;143,451;143,452;142,454;142,457;143,458;142,461;143,462;142,465;142,466;143,469;142,471;142,473;142,474;143,477;142,479;142,481;142,482;143,485;143,486;142,489;142,491;142,492;143,495;143,497;143,498;142,500;142,502;142,504;143,506;142,508;143,511
144,1;144,2;145,5;144,6;144,8;144,11;145,12;144,14;145,17;144,19;145,21;144,22;144,24;145,27;145,29;145,30;145,33;144,34;144,36;144,38;144,40;145,43;144,45;144,46;145,48;144,50;145,53;145,54;145,57;145,59;145,61;144,63;144,64;144,66;145,68;145,70;144,73;144,75;145,77;144,79;145,80;144,83;144,85;145,87;144,88;145,90;145,93;145,95;144,97;144,98;144,100;144,102;144,104;145,107;144,108;145,111;144,112;144,114;144,116;144,118;144,121;145,123;145,124;144,127;144,128;144,130;145,132;145,135;145,137;144,138;144,140;144,142;144,144;144,146;145,149;145,150;144,152;145,155;144,157;144,159;144,160;145,162;144,164;144,166;144,169;145,170;144,172;144,174;144,177;144,178;145,180;145,183;144,185;145,186;144,189;144,191;145,192;145,195;145,197;145,198;144,201;145,202;145,205;145,206;144,208;145,210;144,213;144,215;145,216;144,218;145,220;144,222;145,224;145,227;145,228;145,230;145,233;145,234;145,236;144,239;144,241;145,242;144,245;145,246;145,248;145,250;144,253;144,254;144,257;145,258;145,260;144,262;145,264;144,267;145,269;144,271;144,273;144,275;145,276;144,279;145,281;145,282;144,285;144,286;144,289;144,291;145,292;145,294;144,296;145,299;144,301;144,303;144,305;145,307;145,308;145,310;144,313;144,314;145,317;145,319;145,321;145,323;145,324;144,327;144,329;145,331;145,332;145,335;145,337;144,339;145,341;144,342;144,345;144,346;144,349;144,350;144,352;145,355;145,357;145,358;145,361;144,362;144,364;145,366;144,369;144,371;145,372;145,375;144,377;145,378;144,380;144,382;144,385;144,387;145,389;145,391;144,393;145,394;145,396;145,399;144,401;144,402;144,404;144,406;144,408;145,410;144,413;145,415;145,416;145,418;144,420;145,423;145,425;145,427;145,429;144,431;145,433;144,435;144,436;145,438;145,441;144,442;144,445;145,446;144,448;144,450;144,453;145,454;144,457;144,458;144,460;145,462;144,464;144,467;145,469;145,471;144,472;145,475;144,477;145,478;145,481;144,483;145,484;144,487;144,489;145,490;145,492;144,494;144,497;144,499;145,500;144,502;144,505;144,506;145,509;144,511
147,0;147,3;147,5;146,7;146,9;147,11;147,12;146,14;146,16;147,19;146,20;146,22;146,25;146,26;147,29;146,30;147,32;146,35;147,36;146,39;147,40;147,42;146,45;146,46;146,48;147,51;146,53;146,55;146,57;147,58;147,61;146,63;146,65;146,66;146,68;147,71;146,72;147,75;146,76;147,79;147,80;146,83;146,85;146,87;146,88;147,90;146,93;147,94;146,97;146,98;147,101;147,102;147,104;146,107;147,109;146,111;146,113;146,115;147,117;146,118;146,121;147,122;147,125;147,126;146,129;147,131;147,133;146,134;146,136;147,138;147,140;146,143;146,145;146,146;147,148;147,150;147,153;146,154;147,156;147,159;147,160;146,163;146,165;147,166;146,169;146,170;146,173;146,175;147,176;147,178;147,181;146,182;147,185;147,186;147,188;146,190;146,193;146,194;146,197;146,198;146,200;146,203;146,204;146,207;146,208;146,210;146,213;146,215;146,216;146,219;146,220;147,222;147,225;147,227;146,228;147,230;147,233;147,235;147,237;146,239;146,241;146,243;147,244;146,246;147,248;147,250;146,253;147,254;146,257;147,258;146,260;147,262;146,264;146,266;147,268;146,270;146,273;147,275;147,276;147,278;146,280;147,283;146,284;146,287;146,288;146,291;147,292;146,294;146,297;147,298;147,301;147,303;146,304;146,306;146,308;146,310;147,312;146,315;147,317;147,319;147,321;146,323;147,325;146,326;146,329;146,331;146,332;147,335;147,336;147,338;146,340;147,342;147,345;146,346;147,349;146,350;147,353;146,355;146,357;147,359;147,361;146,363;146,364;147,366;147,368;147,370;147,373;146,375;146,377;147,379;147,380;146,382;146,384;146,387;146,388;147,391;147,392;146,395;147,396;146,398;147,400;147,402;146,405;147,406;146,408;146,410;146,413;146,414;147,417;147,418;146,420;147,423;147,424;147,427;147,429;146,431;146,432;146,434;146,437;147,439;146,441;147,442;146,444;147,447;146,449;147,450;147,453;147,454;146,456;146,459;147,461;146,462;147,465;146,466;147,469;147,471;147,473;146,474;147,477;147,479;147,480;146,482;147,484;146,486;146,489;146,491;146,493;147,494;146,497;146,499;147,500;146,503;146,504;147,507;146,508;146,510
149,0;149,3;149,5;149,7;149,9;148,11;149,12;149,14;149,17;149,18;148,21;148,22;149,25;149,27;148,28;149,31;149,33;149,35;149,36;149,39;148,41;148,42;148,45;148,47;148,49;148,50;148,53;149,55;148,56;148,59;148,61;149,63;148,64;149,66;149,69;148,70;149,73;149,75;148,76;148,79;149,80;148,82;148,84;149,87;149,88;149,91;149,93;148,94;149,96;149,98;149,100;148,103;148,105;149,106;149,109;149,110;148,112;149,115;149,117;149,118;149,120;149,122;149,125;149,127;149,129;148,131;148,133;148,134;148,136;148,139;149,140;149,143;148,145;149,146;149,148;149,151;148,152;149,154;149,157;148,159;149,161;148,162;148,165;148,166;148,168;148,171;148,173;148,174;149,177;148,179;149,180;148,183;148,184;149,187;148,189;149,190;148,193;149,194;148,196;148,199;148,200;149,203;148,204;148,207;149,208;148,211;148,212;149,215;149,217;148,219;149,220;149,223;148,224;148,226;149,228;149,230;148,233;149,235;148,236;148,238;149,240;149,243;149,244;149,247;148,249;149,250;148,252;148,255;148,256;149,258;149,261;148,262;148,264;148,267;148,268;149,270;149,273;148,274;148,276;148,278;148,280;149,282;149,285;149,286;148,288;148,291;149,293;148,294;149,297;148,298;149,300;149,302;149,305;149,307;148,309;149,310;148,313;148,314;148,316;148,318;149,321;149,322;148,324;148,327;148,329;148,330;148,332;148,335;148,336;149,338;149,340;148,343;148,345;149,347;149,349;149,351;149,352;148,355;148,356;148,359;149,360;149,363;148,365;149,366;148,369;149,370;148,372;149,375;148,376;148,378;149,380;148,383;149,385;149,386;149,389;148,390;149,392;148,395;148,397;148,399;149,401;148,403;148,405;149,406;148,409;148,411;148,412;149,414;149,417;148,419;149,420;149,422;149,425;148,426;148,428;149,430;148,433;149,435;148,436;148,438;149,440;149,442;148,445;149,446;149,448;149,451;148,452;148,454;149,457;148,458;149,460;148,462;149,465;149,466;149,469;148,471;148,473;149,474;148,476;148,478;148,481;148,483;149,484;149,486;148,489;149,491;148,492;149,494;148,496;149,498;149,500;149,503;149,504;149,507;148,508;149,511
151,0;150,2;151,4;150,7;150,9;150,11;151,13;151,14;151,16;150,18;151,20;150,23;151,24;150,27;150,28;151,31;151,32;150,35;151,37;150,39;151,40;151,42;151,44;151,47;151,49;151,50;151,52;150,54;150,57;151,59;150,61;151,63;150,65;151,66;151,69;151,70;150,73;151,75;151,77;150,79;151,81;151,82;150,84;151,86;151,89;151,90;150,93;151,94;150,97;150,98;150,101;151,103;150,104;151,107;151,109;151,111;150,113;150,115;151,116;151,118;150,121;150,122;150,125;150,127;150,128;151,130;150,133;150,135;150,137;151,139;151,140;151,142;150,145;150,147;151,149;151,151;151,153;151,154;151,156;151,159;151,161;150,163;150,164;150,166;151,169;150,171;150,173;151,175;150,176;151,178;151,180;151,182;151,185;150,186;151,189;151,191;150,192;150,195;150,197;151,198;150,200;150,203;150,204;151,206;151,209;151,210;151,213;150,214;150,216;151,218;150,221;150,223;150,225;150,227;150,229;151,231;151,233;150,234;150,237;150,238;151,240;151,243;151,244;151,247;150,249;151,250;150,252;151,254;150,257;150,259;151,261;151,263;151,264;151,267;150,268;151,270;150,272;150,275;151,276;150,279;150,281;151,283;150,284;151,287;151,289;151,291;151,293;151,295;150,297;151,299;150,300;150,303;151,304;151,307;150,309;150,311;150,313;151,314;150,316;151,318;151,321;151,323;151,324;150,326;150,329;151,330;150,332;150,334;150,337;151,339;150,341;150,342;150,344;150,346;151,349;150,350;150,352;151,354;150,356;150,359;150,361;150,363;150,365;150,366;150,368;150,371;151,373;150,375;151,377;150,378;150,380;151,382;150,385;151,386;150,388;150,391;150,393;150,394;151,396;150,398;150,401;150,403;150,405;150,407;151,409;151,411;151,412;150,414;150,417;151,418;150,420;150,422;150,425;151,427;151,428;151,430;151,432;151,434;150,436;150,438;151,440;151,442;151,444;150,446;150,449;151,451;150,453;150,454;151,457;150,459;150,461;151,463;151,464;150,466;151,469;151,471;150,473;150,474;151,477;150,479;151,481;150,482;150,484;151,487;150,488;150,490;150,493;150,494;151,496;150,498;150,500;150,502;150,504;150,507;150,508;151,511
152,0;152,2;152,5;153,7;152,9;152,10;152,12;152,14;153,17;152,18;153,21;152,22;152,25;153,26;152,29;152,30;153,33;152,35;152,36;152,38;153,40;153,43;152,45;152,46;152,48;153,50;152,53;152,55;153,56;153,58;152,61;153,63;153,65;153,66;153,68;153,71;153,73;153,75;153,77;152,78;152,81;152,83;153,84;152,87;153,89;152,91;153,92;152,94;152,97;152,98;152,100;152,102;153,104;152,106;152,109;153,111;152,112;153,114;153,116;152,118;152,120;152,122;152,124;152,127;152,128;152,131;152,132;153,135;153,137;153,138;153,140;152,142;152,144;152,147;152,149;153,151;152,152;153,155;153,156;153,158;152,160;153,163;152,164;152,166;152,169;153,171;152,173;153,174;152,177;153,179;152,180;152,183;153,184;153,187;153,189;153,191;152,193;153,195;152,196;152,199;152,200;152,203;153,204;152,206;153,208;153,211;152,212;152,214;153,216;153,219;153,220;152,222;153,224;152,227;152,228;152,231;152,233;152,235;153,236;152,238;153,241;152,243;153,245;153,246;152,249;152,251;153,253;153,254;153,257;152,259;152,261;153,263;153,264;152,267;153,268;152,271;153,273;152,275;153,277;153,278;152,281;153,282;152,284;153,286;153,288;152,290;152,293;153,294;152,296;152,299;153,300;152,302;153,304;153,307;152,309;152,310;152,313;153,315;152,317;152,319;153,320;153,323;153,325;153,326;152,328;152,331;153,332;152,334;153,337;152,339;152,341;153,343;153,344;152,347;153,348;152,351;152,353;153,354;153,356;152,358;153,360;152,363;152,365;153,366;153,369;153,371;153,373;152,374;152,376;152,379;153,381;153,383;153,385;153,387;152,388;153,390;153,392;152,394;153,396;153,399;152,401;152,402;152,404;153,407;153,409;152,410;153,413;153,414;153,417;153,418;153,420;153,423;153,425;153,427;153,429;153,430;152,433;152,435;152,437;153,439;153,441;153,443;152,444;152,446;152,448;153,450;152,453;153,454;152,457;153,459;152,460;152,463;153,464;153,467;152,468;152,471;153,472;153,475;153,477;153,479;153,480;152,482;152,485;153,487;153,489;152,490;153,492;153,495;153,496;152,499;153,501;153,502;153,504;153,506;153,508;152,511
155,1;155,2;155,5;155,7;155,9;154,10;154,12;155,15;155,17;154,18;154,21;154,22;154,24;155,27;154,29;155,30;155,33;155,34;154,37;154,39;154,41;154,42;155,45;154,46;154,48;155,50;154,53;155,54;154,56;155,58;155,61;154,62;154,64;155,66;154,68;155,70;155,73;155,75;154,77;155,78;154,81;154,82;154,84;155,86;154,88;155,91;154,93;155,94;155,97;155,98;154,101;154,103;155,104;154,106;155,109;155,111;155,112;155,114;155,117;155,119;154,121;154,123;155,125;155,127;155,128;154,131;154,133;155,134;154,137;154,138;155,141;155,143;154,144;155,147;155,149;154,150;155,153;154,154;154,156;154,159;155,160;154,163;154,164;155,166;155,168;155,171;154,173;154,175;154,177;155,178;155,181;155,183;155,184;155,187;155,189;154,190;155,192;155,195;155,196;155,199;154,201;154,202;154,204;154,206;155,209;155,210;154,213;154,214;155,217;154,218;154,220;155,222;154,225;154,227;155,228;155,230;154,232;154,235;154,236;155,238;154,240;155,243;155,244;154,247;155,248;155,250;154,252;154,255;155,256;154,259;155,261;154,263;154,264;155,267;155,269;154,270;154,273;154,274;154,277;154,279;155,280;155,283;155,284;155,287;155,288;155,290;155,292;154,295;155,296;154,298;155,301;155,302;154,305;154,306;154,308;155,310;155,312;154,314;154,316;155,318;154,320;154,323;155,324;154,326;155,329;154,330;154,332;154,335;154,336;154,338;155,340;155,342;155,345;155,347;154,349;154,351;155,353;154,354;155,357;155,358;155,360;154,362;154,365;154,366;155,368;155,371;154,373;155,375;154,376;154,379;154,381;155,382;154,385;155,387;154,389;154,391;155,392;155,395;154,396;154,398;155,400;154,402;154,405;154,406;154,409;154,411;154,413;154,415;155,417;154,418;155,420;155,422;155,424;155,427;154,428;155,430;154,432;155,435;154,436;154,438;154,441;154,442;155,445;154,446;154,449;154,450;155,453;154,454;155,457;155,458;154,461;155,463;154,464;155,466;154,469;154,470;155,473;155,474;155,476;155,479;155,480;155,482;154,485;155,487;155,489;155,491;155,493;154,494;154,497;154,499;154,501;154,502;154,505;154,507;155,509;154,510
156,1;157,2;157,5;156,7;156,8;157,10;156,13;156,15;157,16;156,19;156,21;157,22;157,24;157,27;156,29;157,31;157,33;156,35;156,37;156,38;156,40;156,42;156,44;157,46;156,48;157,50;156,53;157,55;157,56;156,59;156,61;156,63;157,65;157,66;156,68;157,70;156,73;157,74;157,76;156,78;157,81;156,83;156,85;156,87;156,89;156,90;156,93;157,94;157,96;156,98;157,100;157,102;156,104;157,106;156,109;156,111;156,113;157,114;157,116;157,119;157,121;157,122;157,125;156,126;157,129;156,130;157,133;156,134;156,136;157,139;156,141;156,143;156,145;156,147;157,148;156,150;157,152;156,154;157,156;156,159;157,161;156,162;157,165;156,167;156,169;157,170;157,173;156,174;157,177;157,178;157,181;156,183;156,184;156,186;156,188;157,191;157,193;156,195;156,197;156,198;157,200;157,203;157,204;156,207;156,208;157,210;156,212;156,214;156,216;156,218;157,220;157,223;157,224;157,227;157,229;157,230;156,233;157,235;156,237;157,239;156,240;157,242;156,245;157,247;157,249;156,251;157,252;156,255;156,256;157,258;156,261;156,262;157,264;157,267;157,268;157,270;156,273;157,275;157,277;157,279;156,281;156,283;157,284;156,287;157,288;157,291;157,292;156,294;156,296;156,298;157,300;157,302;156,305;156,307;157,309;156,311;156,312;156,314;156,317;157,319;156,320;156,322;156,325;156,327;156,328;156,331;156,332;156,335;156,337;157,339;157,341;156,342;157,345;156,346;156,349;157,350;156,352;156,354;157,357;156,358;157,361;156,363;156,365;156,366;156,369;157,371;156,373;157,375;157,376;156,379;157,381;157,382;156,384;156,387;156,388;156,391;156,393;156,394;157,396;157,399;156,401;156,402;157,404;157,407;156,408;156,411;157,413;156,414;157,416;157,418;157,420;156,423;157,425;156,426;156,429;156,431;157,433;157,435;156,437;156,439;157,440;156,442;156,444;156,446;157,448;157,450;156,452;156,454;156,456;156,458;157,460;157,462;156,464;157,467;157,468;157,470;156,473;157,474;156,476;157,478;156,480;156,482;157,485;156,486;157,489;157,490;157,493;156,494;156,497;156,498;157,500;157,502;157,504;157,506;156,508;156,511
158,1;158,3;158,4;158,6;158,8;158,10;159,13;159,14;158,16;159,19;159,21;158,22;158,25;159,27;158,28;159,30;159,32;158,35;159,36;158,38;159,40;159,43;158,44;158,46;159,49;159,50;158,52;158,54;158,56;158,59;158,61;158,63;159,64;158,66;159,69;158,70;158,72;159,75;159,77;159,78;158,81;159,83;159,85;158,86;159,89;158,91;159,93;158,94;158,97;159,98;159,100;158,102;159,105;158,106;158,109;159,110;159,113;159,114;158,117;158,118;158,120;158,122;159,124;158,126;158,128;158,131;159,133;158,135;158,136;159,139;158,140;159,143;158,144;158,146;158,148;158,151;159,152;159,155;158,156;158,158;159,161;158,162;158,164;158,166;159,168;158,171;159,173;159,174;158,176;159,178;159,180;159,182;158,185;158,187;158,189;159,191;158,192;159,194;159,196;159,198;159,201;158,203;159,205;159,207;159,209;159,211;158,212;158,214;158,216;159,218;159,220;158,223;158,225;158,226;159,229;158,231;159,233;159,234;158,236;159,239;159,241;159,243;158,245;159,246;158,248;158,251;159,253;158,254;158,257;158,258;158,260;158,263;159,264;158,266;158,269;159,270;158,273;158,275;159,277;159,279;158,281;159,283;158,285;159,287;159,289;158,291;158,292;159,294;158,296;158,298;158,300;159,303;158,304;159,306;158,309;159,311;159,313;158,315;158,316;159,319;159,320;158,322;158,325;159,327;158,328;159,330;158,333;158,335;158,337;158,339;158,340;159,342;158,345;159,347;159,348;158,351;159,352;158,354;159,356;158,359;159,361;159,362;158,364;158,367;159,369;158,370;158,372;158,375;159,376;159,378;159,380;158,382;158,385;158,387;159,388;159,390;158,392;159,395;158,396;158,399;158,400;159,402;158,405;158,406;159,408;158,411;159,413;159,414;159,417;158,419;158,420;158,423;159,424;158,427;158,429;159,430;158,432;159,435;158,436;159,439;159,441;158,443;159,445;159,446;158,448;159,450;159,453;159,455;159,457;158,459;159,461;159,463;159,465;159,466;158,469;158,471;159,472;159,474;158,477;158,478;158,481;159,482;159,484;158,487;159,488;159,490;158,493;159,495;158,496;158,498;159,501;158,503;159,504;159,507;159,509;158,511
161,1;161,3;160,4;160,6;161,9;160,11;160,13;161,14;160,16;160,18;160,21;161,22;160,24;161,27;161,28;160,31;161,32;161,35;161,36;160,39;161,40;160,42;161,45;161,47;160,49;160,51;161,53;161,54;161,57;161,59;161,61;160,63;160,65;160,66;161,69;160,71;160,72;161,75;160,77;161,79;160,81;160,82;161,85;160,86;160,88;160,91;161,92;160,95;161,96;160,98;160,100;161,103;160,104;160,106;160,109;161,111;160,113;160,114;161,117;161,119;160,121;160,123;160,125;160,127;160,128;161,130;161,133;160,135;160,137;161,138;160,141;160,143;160,144;161,146;160,148;160,150;161,153;161,154;161,157;161,158;160,160;160,163;160,164;161,166;161,168;161,170;161,173;161,174;161,176;161,178;160,180;160,182;161,184;161,186;160,188;160,190;161,192;160,195;161,196;161,198;160,200;161,202;161,205;161,207;161,209;160,210;160,213;161,214;160,216;160,219;160,220;161,222;161,225;161,227;161,229;161,230;161,233;160,234;160,236;161,238;161,240;161,243;160,244;161,247;161,248;160,251;161,252;161,255;161,257;160,259;161,260;160,263;160,264;161,266;161,269;160,270;161,273;161,275;160,276;161,278;160,281;160,283;161,284;160,286;160,288;160,290;160,293;160,295;161,297;160,299;161,300;160,303;160,305;161,306;161,308;160,310;160,313;161,315;161,317;160,319;160,321;161,322;161,324;160,327;160,328;160,330;161,333;160,334;160,337;161,339;160,340;161,342;161,345;161,346;160,348;161,350;161,352;161,354;161,357;161,358;160,360;161,363;160,364;161,366;161,368;161,370;161,373;160,374;160,377;160,379;160,380;161,382;160,385;160,387;160,388;160,391;160,392;160,395;161,397;160,399;160,400;161,403;161,404;160,407;160,408;161,411;161,413;161,415;160,417;160,418;160,421;161,423;161,425;161,427;161,429;161,430;161,432;161,434;160,437;160,439;161,440;161,442;161,444;161,447;160,448;161,451;160,452;160,454;161,456;160,458;160,460;160,463;160,464;160,466;160,468;160,471;160,473;161,474;160,476;160,479;160,480;160,482;160,484;160,487;161,489;161,491;161,493;160,494;160,497;160,499;161,501;160,502;160,504;161,507;161,508;161,510
162,1;162,3;162,5;163,6;163,8;163,10;162,13;163,15;162,17;163,18;162,20;162,23;162,24;162,27;162,29;163,31;162,33;163,34;162,36;162,38;162,40;163,43;162,45;162,47;163,48;163,51;163,52;162,55;163,56;163,58;162,61;163,63;162,64;163,67;163,68;163,70;163,72;163,74;162,76;163,78;163,80;162,82;162,85;162,86;163,88;163,91;162,92;162,94;163,97;162,99;163,100;162,103;162,104;163,107;163,108;162,110;163,113;162,114;163,117;163,118;162,121;163,122;163,125;163,127;162,128;163,130;163,133;163,134;163,136;162,139;163,141;162,143;163,144;162,147;162,148;162,150;162,153;163,155;162,157;163,159;162,160;162,163;163,165;163,166;163,169;163,171;162,172;162,175;162,177;163,179;163,181;162,182;162,185;162,186;162,188;162,191;163,192;162,195;162,196;162,199;162,201;162,202;163,205;162,206;162,208;162,210;162,213;162,214;163,217;162,219;163,220;162,222;162,225;162,227;162,229;163,230;162,232;163,234;163,237;163,239;162,240;162,243;163,244;163,246;163,248;162,251;163,252;162,255;162,257;163,259;162,261;163,262;162,265;163,267;163,268;163,270;163,272;163,275;162,277;162,278;163,281;163,282;162,284;163,287;163,289;163,290;163,292;163,295;162,296;163,298;162,300;163,302;162,304;163,307;162,309;163,311;163,313;162,315;163,316;162,318;163,321;163,322;162,324;163,326;163,329;163,330;162,332;163,335;162,336;163,339;162,341;163,342;163,344;163,347;163,349;163,351;163,353;162,355;163,357;163,359;163,361;162,363;163,364;163,366;162,369;162,371;162,372;163,374;163,376;162,378;163,381;162,382;163,385;163,386;163,388;162,390;163,393;163,395;163,396;163,399;163,400;163,403;163,404;162,407;162,408;162,410;162,412;162,415;162,416;163,418;162,420;162,423;163,424;163,427;162,429;162,431;162,433;162,435;163,437;163,439;162,440;162,443;163,445;163,446;163,449;163,451;162,452;162,454;163,457;162,459;162,460;163,462;163,465;162,466;162,468;163,471;163,473;162,475;163,477;162,478;162,480;163,483;163,485;162,487;163,488;162,491;162,492;162,495;162,497;162,498;163,500;162,502;163,505;162,507;162,508;162,510
165,1;164,3;164,5;164,6;164,9;164,10;165,12;164,14;165,17;164,18;165,20;165,23;165,25;164,26;164,29;165,31;165,33;165,34;164,36;164,39;164,41;164,42;164,44;165,46;165,48;165,50;164,53;165,54;164,57;164,59;165,61;164,63;164,65;165,66;165,69;164,70;165,72;165,75;165,77;165,79;165,80;165,82;165,84;164,87;164,89;164,90;164,92;164,94;164,97;165,98;164,101;165,102;165,104;164,106;164,109;165,110;164,113;164,114;164,117;165,119;164,121;165,123;165,124;164,126;164,129;165,130;164,133;164,134;165,136;164,138;165,140;164,142;165,145;165,146;164,148;165,150;165,152;164,155;165,157;165,158;165,160;165,162;165,165;165,167;165,169;165,170;165,172;164,174;165,176;165,178;164,180;164,182;164,184;164,187;164,189;165,190;165,192;165,194;165,196;164,199;165,200;165,203;164,204;164,206;165,209;165,210;165,212;164,215;164,217;164,219;164,221;164,222;165,225;165,226;164,228;164,231;164,232;165,235;165,236;165,239;164,241;164,242;164,244;164,246;165,248;165,251;164,252;165,255;164,257;165,259;164,260;164,262;164,265;165,267;165,268;164,270;164,272;165,274;164,276;164,278;164,280;164,282;165,284;165,287;165,288;165,290;164,292;165,295;165,297;165,298;164,301;165,302;165,305;164,306;164,308;164,311;165,313;164,315;165,316;165,318;164,320;164,322;164,324;164,326;165,329;164,330;164,332;164,334;165,337;165,339;164,340;165,343;164,344;165,347;164,349;165,350;164,353;164,354;165,356;165,359;165,360;165,363;165,364;164,366;164,368;164,370;164,372;165,375;164,376;165,379;165,381;164,382;165,385;164,386;165,389;164,391;164,393;164,394;164,397;164,398;164,400;165,403;165,405;164,407;165,409;165,410;165,412;165,415;165,417;165,419;165,420;164,423;165,425;164,426;164,428;164,431;165,432;164,435;165,437;164,438;165,441;165,442;164,445;164,447;164,448;164,451;164,453;164,455;164,457;164,459;164,460;164,462;164,465;164,467;164,469;165,470;165,473;165,475;164,477;164,479;164,480;164,483;165,485;165,487;165,489;164,490;165,493;164,494;164,496;165,499;164,501;165,503;165,504;165,506;164,509;165,511
166,1;167,3;167,5;167,7;166,8;167,10;167,13;167,15;167,17;167,18;167,21;166,22;166,24;167,26;166,28;167,31;167,32;166,35;166,36;167,38;167,40;167,42;167,44;167,46;167,48;166,51;167,52;167,54;166,57;167,59;167,61;166,63;167,65;167,66;167,68;167,70;166,73;166,75;166,77;167,78;167,81;167,83;167,84;166,87;167,88;166,91;167,92;167,95;166,97;166,98;166,101;167,102;167,105;167,107;166,109;167,111;166,112;166,115;166,116;166,119;167,120;167,122;166,124;167,127;166,129;166,130;166,133;166,135;166,137;166,139;166,140;166,143;166,145;167,146;167,149;166,151;167,152;167,155;166,157;167,159;167,161;166,163;166,164;167,167;166,169;166,170;166,173;167,175;166,176;166,179;166,180;167,182;166,185;166,187;167,188;166,190;167,193;166,194;167,196;166,198;166,200;167,203;167,205;167,207;167,208;166,211;166,212;167,214;167,217;167,219;166,220;167,222;166,224;166,227;166,229;167,230;166,233;166,234;167,236;167,238;166,240;166,242;166,245;167,247;166,249;167,250;167,253;166,255;166,256;166,258;167,260;166,263;166,264;166,266;166,268;167,271;167,272;166,274;166,276;166,279;167,280;167,283;167,285;167,286;167,289;167,291;166,293;167,295;166,297;166,298;167,301;167,302;166,305;166,306;166,309;167,311;167,312;166,314;166,317;166,318;167,320;167,322;166,324;166,326;166,329;166,330;167,333;166,334;166,336;167,339;167,340;167,343;167,344;167,347;166,348;166,351;166,353;167,354;167,356;166,358;167,360;167,363;167,364;167,367;167,368;166,370;167,373;167,374;167,376;166,378;166,380;167,383;166,385;166,387;166,388;167,390;166,393;167,394;167,397;167,398;166,400;167,403;167,404;167,406;167,409;167,410;166,413;167,415;166,417;166,418;167,420;166,423;167,424;167,427;167,429;166,430;166,433;166,435;166,436;167,439;166,441;166,442;166,445;166,447;166,449;166,451;167,453;166,455;166,456;167,459;167,461;166,462;166,464;167,466;166,468;166,470;166,472;167,474;166,477;167,478;166,480;166,483;166,484;166,486;167,489;166,490;167,492;166,495;166,496;166,499;166,500;166,503;166,504;167,506;167,508;166,510
168,0;168,2;169,5;168,6;168,9;168,11;169,13;168,14;168,16;169,18;168,21;169,23;169,25;169,26;169,28;169,31;168,32;168,35;168,37;169,38;168,41;168,42;168,45;169,47;169,48;168,51;168,52;169,55;168,56;168,59;168,61;169,63;169,65;169,66;168,69;169,71;169,73;169,74;168,76;168,79;169,80;168,82;168,84;168,87;169,89;168,91;169,92;169,95;169,96;169,98;168,100;169,103;169,105;169,107;168,109;168,110;169,112;168,115;169,116;168,118;168,121;169,123;168,125;169,126;169,129;168,130;168,132;169,134;168,137;169,139;168,141;169,142;168,144;168,147;168,148;168,151;169,153;169,155;169,157;168,159;168,161;168,162;168,165;168,166;169,169;168,171;168,173;168,175;169,176;168,179;169,181;169,183;168,184;168,187;168,188;168,191;169,193;169,194;169,197;169,198;169,201;168,203;169,205;169,206;168,208;168,211;169,212;168,214;168,216;168,218;169,221;168,222;168,224;169,226;169,228;168,231;168,233;169,235;169,236;169,238;169,241;169,243;169,244;168,247;169,248;168,251;169,252;169,254;168,256;168,259;168,261;168,262;168,265;168,267;169,268;168,270;169,272;168,274;168,276;168,278;169,281;169,282;168,285;169,286;169,289;169,291;168,293;169,294;168,297;168,298;168,300;168,303;169,304;168,306;168,309;169,310;168,313;169,315;168,317;169,318;169,320;169,322;168,324;169,326;169,328;169,330;168,333;169,335;169,337;168,338;169,341;168,343;168,345;168,347;169,348;169,350;169,353;169,355;169,357;169,359;169,360;169,362;169,364;169,367;169,368;169,370;168,373;169,374;168,376;169,378;168,380;169,382;169,385;168,386;169,389;169,390;168,392;169,394;168,397;168,398;169,401;169,402;169,405;168,406;169,408;169,410;169,412;168,414;169,417;168,418;169,421;169,423;168,424;168,427;168,429;168,430;169,433;168,434;168,437;168,439;169,440;169,442;169,444;169,446;169,448;168,451;168,453;168,455;168,456;169,459;168,460;168,462;168,465;168,467;169,468;169,470;168,473;168,474;168,477;169,478;169,480;169,482;168,484;168,487;169,489;169,490;169,493;169,495;168,496;168,498;168,501;169,502;168,505;168,506;169,509;168,510
170,1;170,3;171,4;170,6;171,9;171,10;171,12;170,15;170,17;171,19;171,21;170,23;171,25;171,26;171,29;170,31;170,32;171,34;171,36;170,39;170,41;171,42;171,45;170,46;170,48;170,50;171,52;171,54;171,57;171,59;171,61;171,63;171,65;171,66;170,68;171,70;170,73;170,75;171,76;171,79;170,81;171,83;171,85;171,86;170,88;170,90;171,93;170,94;170,97;170,98;170,100;171,102;170,105;170,106;171,109;170,110;171,112;171,114;170,117;171,118;171,121;170,122;171,125;170,126;170,129;171,131;171,132;171,134;171,137;170,138;171,141;170,143;170,144;170,147;170,149;171,151;171,153;171,155;170,157;170,159;170,161;170,162;170,165;171,167;171,169;170,171;171,172;171,175;170,176;171,178;170,180;170,182;171,185;170,187;170,188;170,190;170,192;170,195;170,196;170,198;171,200;171,203;170,205;170,207;171,208;171,211;171,212;170,215;171,216;170,218;171,221;170,222;170,225;171,226;170,228;170,230;171,232;171,235;170,236;171,238;171,241;170,242;170,244;171,247;170,248;171,251;170,253;171,255;170,257;171,258;170,261;171,262;170,264;171,266;170,269;170,271;170,272;171,274;171,276;171,278;170,281;170,283;171,284;171,286;171,288;171,290;170,293;170,295;171,297;170,299;170,301;170,303;170,304;170,306;170,308;171,311;171,312;170,314;170,316;171,318;171,321;170,322;171,325;170,327;171,329;170,331;170,333;170,335;171,336;171,338;170,340;171,343;170,344;170,346;170,348;170,351;170,352;170,355;170,356;170,358;170,361;171,362;170,365;170,366;170,369;170,371;171,373;170,374;171,377;171,378;170,380;171,382;171,385;171,387;171,389;171,390;170,393;170,395;170,397;171,398;170,400;171,403;170,404;171,406;170,408;171,411;170,413;170,414;170,416;170,418;170,420;171,422;170,424;171,426;171,428;171,431;170,432;171,435;171,437;170,439;171,441;171,442;171,445;170,446;171,448;171,451;170,452;170,454;171,456;170,459;171,461;171,463;170,464;171,467;170,469;171,470;170,472;170,474;170,476;170,479;170,481;170,483;171,485;171,486;170,488;171,490;171,493;170,494;171,497;170,499;170,500;170,503;171,505;170,507;171,509;171,510
173,1;173,2;172,5;172,6;173,9;172,10;173,13;172,14;173,17;172,18;172,21;173,23;172,24;173,27;173,28;173,31;172,32;173,35;173,36;172,38;172,40;173,42;172,44;173,47;173,49;172,51;173,53;173,55;173,56;172,58;172,60;172,63;172,65;172,66;173,69;173,70;173,72;173,74;172,76;173,79;172,80;172,83;173,85;173,86;173,88;173,91;172,93;172,94;173,96;172,98;172,101;172,102;173,104;172,106;172,109;173,111;172,113;173,114;172,117;172,119;173,120;173,123;172,124;173,127;172,128;173,130;173,133;172,135;172,136;173,138;172,140;173,142;173,145;173,146;172,148;173,150;173,153;173,155;173,156;172,158;173,161;173,163;173,164;173,167;173,168;172,170;172,173;172,175;172,177;173,179;172,181;173,182;173,184;172,186;173,188;172,191;173,193;173,195;172,196;172,198;172,201;173,202;172,204;172,206;172,208;172,211;173,212;173,215;172,216;172,219;172,221;173,222;173,224;172,226;173,228;173,231;172,233;172,234;172,237;172,239;172,241;173,243;172,244;172,247;172,249;172,250;172,253;172,255;173,257;173,258;172,260;172,262;173,264;172,266;172,268;173,271;172,272;172,275;172,276;172,278;173,280;172,282;173,284;172,287;172,289;173,291;172,293;172,294;172,296;172,299;173,301;172,302;172,305;172,306;173,309;172,311;172,312;173,315;172,317;173,318;173,320;173,323;173,324;172,327;173,328;173,331;172,333;172,335;172,337;173,339;173,340;172,343;172,345;173,346;172,349;172,350;172,353;172,354;172,356;172,359;173,361;173,363;173,365;172,366;172,368;173,371;172,372;172,374;172,376;173,378;172,380;172,382;173,384;173,387;173,388;173,390;172,392;173,395;172,396;173,398;173,401;172,402;173,405;173,406;173,408;173,410;172,412;172,414;172,417;173,419;173,420;172,423;173,424;173,427;173,429;172,430;173,433;172,435;173,437;173,439;173,441;172,443;173,445;173,446;172,448;172,450;172,452;173,454;172,457;173,459;172,460;172,462;172,464;173,466;173,468;172,471;172,473;172,475;173,476;172,479;172,481;173,483;172,484;173,487;173,489;172,491;173,493;172,495;173,497;173,498;173,501;172,502;172,504;173,506;173,508;172,511
175,1;174,3;174,5;175,6;175,9;175,10;174,13;175,14;174,17;174,19;174,21;175,22;175,24;174,26;174,29;175,31;174,32;175,35;174,36;174,39;174,41;174,43;174,44;174,47;174,48;174,50;175,52;174,54;174,56;174,59;174,61;175,63;174,65;174,66;174,69;174,71;175,73;174,74;174,77;175,78;174,81;174,83;175,85;174,86;175,88;175,91;174,92;174,94;175,97;174,99;174,101;175,103;174,105;174,106;174,109;174,110;174,113;174,114;174,117;174,119;174,121;175,123;175,125;175,127;174,128;174,131;174,133;174,135;174,137;174,139;175,140;175,143;175,144;174,146;175,149;174,151;174,152;175,154;174,157;175,158;175,161;174,162;174,164;175,166;175,169;175,170;175,173;175,175;174,177;175,179;174,180;174,182;174,184;175,187;174,188;174,191;175,192;175,194;175,196;174,198;175,201;175,203;175,204;175,207;175,208;175,210;175,212;175,214;175,217;174,218;174,220;174,222;175,225;174,226;175,229;175,230;174,233;175,235;174,236;175,239;175,241;175,242;174,244;174,247;174,249;175,250;174,253;175,255;174,257;174,259;174,261;174,262;174,265;174,266;175,268;174,271;175,272;175,274;174,277;175,279;174,280;174,282;175,285;174,286;175,288;175,291;174,292;175,294;174,297;174,298;175,300;174,303;174,304;174,307;175,308;175,310;174,313;174,314;175,317;174,319;174,321;175,323;175,324;174,326;174,328;175,330;174,333;174,335;175,336;174,338;175,341;174,343;174,344;174,346;175,348;175,351;175,352;174,355;175,357;175,358;175,360;175,363;174,364;174,367;174,369;175,370;174,373;174,375;174,377;175,378;175,381;174,382;175,385;175,387;174,388;174,391;174,392;175,394;175,396;175,398;174,400;174,402;174,404;174,407;175,408;175,410;174,413;175,415;175,416;174,419;174,421;175,422;174,424;175,427;175,428;175,431;175,432;174,435;175,437;175,439;175,440;175,443;175,444;174,446;174,449;175,451;174,453;175,455;174,456;175,458;174,460;175,463;174,464;174,466;175,469;175,471;175,473;175,474;175,477;175,478;174,481;175,482;175,485;175,487;174,488;174,491;174,493;174,495;174,496;174,498;174,501;175,503;174,505;175,507;174,508;174,510
177,1;177,3;177,5;176,7;176,9;176,10;176,13;176,14;177,16;176,19;176,20;176,22;176,24;177,26;177,29;177,30;177,32;176,34;176,36;176,39;177,41;176,43;177,44;176,47;177,48;176,51;176,53;177,55;177,56;177,59;176,61;176,63;176,65;177,66;176,69;176,71;177,72;177,74;176,77;176,79;176,80;176,82;177,85;176,87;177,88;176,90;177,92;177,94;177,97;176,99;177,101;176,102;177,104;176,107;177,108;176,110;177,113;176,115;176,117;176,119;177,121;176,123;176,124;176,127;177,129;177,131;176,133;177,135;177,137;177,138;176,141;176,142;176,145;176,146;177,149;177,150;177,153;176,155;176,157;177,159;176,161;176,162;176,164;177,167;177,168;176,171;176,172;176,175;177,177;176,178;177,181;177,182;176,185;176,187;176,189;176,190;176,193;177,194;176,196;176,199;177,201;176,202;177,205;176,207;176,209;176,210;177,213;177,215;177,217;177,218;176,220;177,222;176,225;177,226;176,229;176,231;176,233;176,234;177,237;177,239;177,241;176,242;176,245;177,247;177,249;177,250;176,253;177,255;176,257;176,258;177,261;177,263;177,265;176,266;177,269;177,270;176,273;177,275;176,276;177,278;177,281;177,283;176,284;176,286;177,288;176,291;177,293;176,295;176,297;177,299;177,301;176,302;177,304;176,307;177,309;176,311;177,313;176,314;176,317;176,319;177,321;176,322;177,324;176,327;176,329;176,331;177,332;176,335;177,336;176,338;176,340;176,343;176,345;176,347;177,349;177,351;176,353;176,354;177,357;177,358;177,360;176,362;177,365;177,366;177,368;176,371;176,373;176,374;177,377;177,378;177,381;177,383;177,384;176,387;176,388;176,390;176,392;177,394;176,397;177,399;176,401;177,402;176,405;176,407;176,408;177,411;177,412;177,414;177,416;177,419;176,420;176,422;176,425;176,426;176,428;176,430;176,433;176,434;177,437;176,438;176,440;176,443;176,444;176,447;177,448;177,451;176,453;176,454;177,456;177,458;176,460;176,462;176,465;176,466;177,468;177,470;177,473;177,475;176,476;176,478;176,480;177,482;176,485;176,487;176,488;176,490;176,493;177,495;177,497;177,498;177,500;176,503;177,505;176,506;177,509;176,510
179,1;178,2;179,4;178,6;179,8;178,10;178,13;178,15;178,16;178,19;178,20;178,22;178,25;179,27;178,29;178,31;178,33;178,35;179,36;179,39;179,41;179,43;178,44;178,46;178,49;178,50;179,53;178,55;178,57;178,58;178,61;179,63;179,64;179,67;178,69;179,71;179,73;179,75;178,77;179,79;179,80;178,83;179,85;179,86;178,89;179,90;178,93;178,95;178,96;178,99;179,100;178,102;179,104;179,107;179,109;179,111;178,113;179,114;179,116;179,118;179,121;179,123;178,125;179,127;179,129;178,130;178,133;178,135;179,136;179,139;179,140;178,142;178,144;178,147;178,148;179,151;178,152;179,155;179,157;178,159;179,161;178,163;179,164;179,166;179,169;178,170;179,172;179,174;178,176;178,179;179,181;179,182;179,185;178,187;178,188;178,190;178,192;179,194;179,196;179,199;179,201;178,203;179,205;178,207;178,208;178,210;178,212;179,215;178,217;178,218;179,220;179,222;178,224;178,227;179,228;179,231;179,232;179,234;178,236;179,238;178,240;179,243;178,245;178,247;179,248;179,251;178,253;178,254;179,256;179,259;179,261;178,263;179,265;178,266;178,269;179,270;178,273;178,274;178,276;178,279;178,280;178,282;179,284;179,286;178,289;179,291;178,293;178,295;179,297;178,298;179,301;178,302;178,304;179,307;179,309;178,310;179,313;178,315;178,317;178,319;179,321;178,323;178,324;179,326;178,328;178,330;178,333;179,334;179,337;178,338;178,340;178,343;178,344;178,347;178,348;179,351;178,353;179,355;178,357;179,358;179,360;179,362;179,365;178,366;179,369;179,370;179,372;178,374;178,377;178,378;178,381;178,383;179,384;179,386;178,389;178,391;179,393;178,394;178,397;178,398;178,400;179,403;178,405;178,406;178,409;179,411;178,412;179,414;178,416;179,419;179,420;178,423;179,424;178,427;178,428;179,430;179,432;178,435;179,436;179,438;179,440;179,443;178,444;179,447;178,448;178,451;179,453;179,454;179,456;179,458;178,460;178,463;179,464;179,467;178,469;179,471;178,472;178,475;178,476;179,479;179,481;178,483;179,485;179,487;178,489;179,491;179,492;178,495;179,497;179,498;178,500;179,502;178,505;179,506;178,509;179,511
181,0;180,3;180,5;181,6;180,8;180,11;181,13;180,15;181,17;181,19;180,21;180,22;180,25;180,26;181,29;181,31;180,32;180,34;180,36;181,38;180,41;181,42;181,44;180,46;180,49;180,51;180,52;181,54;180,57;181,58;180,61;181,63;181,65;181,66;180,68;181,70;180,72;181,75;180,77;181,79;180,81;181,82;181,85;181,86;181,88;180,90;180,93;180,94;180,96;180,99;181,100;181,102;180,105;180,106;181,109;180,110;180,113;181,115;180,116;181,119;181,120;181,123;181,124;180,127;180,129;181,131;181,133;180,134;181,137;181,138;180,140;180,142;181,145;181,147;181,149;180,151;181,153;180,154;180,156;180,158;180,160;181,163;181,165;180,166;181,168;180,171;181,173;181,175;181,177;181,179;181,180;180,182;181,184;180,186;180,189;180,191;181,192;180,194;180,196;181,199;181,200;180,203;180,204;180,207;180,208;181,210;181,213;181,214;181,217;181,218;180,221;181,222;181,225;180,226;180,229;180,230;180,233;180,234;180,236;181,238;180,241;180,242;180,245;181,247;181,248;180,250;180,253;180,254;180,256;180,259;180,261;180,263;181,264;181,267;180,268;180,270;180,272;180,275;180,276;180,278;180,281;181,282;181,285;180,286;181,288;181,290;181,293;180,295;180,296;180,299;180,301;180,302;180,304;180,307;180,308;180,310;180,312;180,314;180,316;181,319;180,320;180,323;181,325;180,326;181,328;181,330;181,332;181,334;181,336;181,338;181,341;180,343;180,344;180,347;180,348;181,351;180,353;181,354;181,356;180,358;181,360;180,363;181,365;180,367;180,369;181,370;180,373;181,374;181,377;181,378;180,380;180,383;180,384;181,387;181,389;181,390;181,393;180,394;180,397;180,398;181,400;180,402;181,404;180,407;180,409;181,410;180,413;180,414;180,417;180,418;181,420;180,422;181,424;181,426;180,428;181,430;180,433;180,434;181,437;181,439;180,441;181,443;181,444;180,447;181,449;180,451;180,452;181,454;181,456;180,459;180,461;181,462;181,464;180,466;181,469;181,470;181,473;181,474;181,476;181,479;181,481;180,482;181,485;181,487;180,489;181,490;180,492;181,495;180,497;180,499;181,500;181,503;180,505;180,506;181,508;180,510
183,1;182,3;182,5;183,7;182,9;183,11;183,13;183,15;183,16;183,18;182,20;182,23;182,25;182,27;183,29;182,30;183,33;183,35;183,36;182,38;182,40;183,43;182,44;183,47;183,48;183,50;183,52;183,55;182,56;183,59;183,60;182,63;183,65;182,66;182,68;183,71;182,73;183,74;182,77;182,79;183,81;183,83;183,84;183,87;183,89;183,91;182,92;182,95;183,97;182,98;183,101;183,102;183,104;182,106;182,108;183,110;182,113;182,115;183,117;182,119;183,120;182,123;183,124;182,127;183,129;183,130;182,132;182,134;182,136;182,139;183,140;182,142;182,144;182,146;183,148;182,151;183,153;182,154;183,156;183,158;183,160;183,163;183,164;183,166;182,169;182,171;182,172;182,174;183,176;182,179;183,181;183,183;183,185;183,187;183,188;183,191;182,192;183,194;182,197;182,199;182,200;182,203;182,205;183,207;183,209;183,211;183,212;182,214;183,217;182,219;183,221;183,223;182,224;183,226;183,229;182,231;182,233;182,234;182,237;183,238;183,240;183,242;182,245;182,246;183,248;182,251;183,253;182,255;183,257;183,258;183,260;182,263;182,265;182,267;182,268;183,271;183,272;182,274;182,276;183,279;182,280;182,282;183,285;182,287;182,289;183,290;183,293;182,295;183,296;183,298;182,300;183,302;182,304;183,306;182,308;183,310;182,313;183,315;183,316;182,319;182,320;182,322;183,325;183,327;183,329;183,331;183,332;183,335;183,336;182,339;182,341;183,342;183,345;182,346;183,349;183,351;183,353;182,354;182,357;182,358;182,360;183,363;183,365;182,366;182,368;183,371;183,372;182,375;182,377;183,378;182,380;183,382;183,385;183,387;183,388;182,391;183,393;182,395;182,397;183,399;182,400;182,403;182,404;182,407;183,408;183,410;182,413;183,414;183,416;183,419;183,421;182,422;182,424;183,426;183,428;183,430;183,433;182,435;182,436;182,439;182,440;183,443;183,445;183,446;183,448;182,451;182,453;182,454;182,456;183,458;183,461;182,462;183,464;182,467;182,468;183,470;183,472;183,474;183,477;183,479;183,480;183,482;183,485;183,486;182,489;182,490;182,492;183,494;182,496;183,498;182,501;183,503;182,505;183,507;183,508;182,511
184,1;185,2;184,5;184,7;185,8;185,11;184,12;184,14;184,17;184,18;185,21;185,23;185,24;184,26;184,28;184,30;184,32;185,34;184,37;185,38;185,41;184,43;185,45;185,46;185,48;184,50;184,53;184,54;185,57;184,59;184,61;185,63;184,65;184,66;185,69;185,70;184,73;184,75;184,76;184,78;185,81;185,82;185,85;185,87;185,89;185,91;185,92;185,94;185,97;184,99;184,100;184,103;185,105;185,107;184,109;184,111;185,113;185,115;185,116;184,119;185,121;184,122;185,124;184,126;185,128;184,131;185,133;184,135;185,137;185,138;185,140;185,143;185,145;185,147;185,149;184,150;184,152;184,154;184,156;184,158;185,161;184,162;185,164;184,167;184,168;184,170;184,172;185,175;184,176;184,179;184,180;184,182;184,185;185,187;184,188;184,190;184,192;184,195;184,196;185,198;185,201;185,202;185,204;185,207;185,209;185,210;185,212;184,214;184,216;184,219;185,221;184,222;185,224;184,227;185,229;184,230;185,233;185,234;185,237;184,238;184,240;185,243;185,244;184,247;185,248;185,251;185,252;185,255;185,256;185,258;184,260;185,263;184,264;184,267;184,269;184,271;184,273;184,275;184,277;184,278;185,281;184,282;184,284;185,287;185,289;185,290;184,293;185,294;184,297;184,298;184,301;184,303;184,304;185,307;185,309;184,311;185,313;185,314;184,317;184,318;184,320;185,323;185,324;184,327;184,328;185,330;185,333;185,335;185,336;185,339;185,341;184,342;184,345;185,346;185,348;185,350;184,352;184,355;184,357;184,359;185,361;184,362;184,364;184,366;184,368;184,370;184,373;184,375;184,376;184,378;185,380;185,382;185,384;185,386;184,389;185,391;185,393;185,394;185,397;184,398;184,401;185,402;185,404;185,406;185,409;185,410;184,413;184,415;184,416;185,419;185,420;185,423;184,424;185,426;184,429;184,431;184,433;185,434;184,437;185,438;184,441;184,442;184,445;184,446;185,448;184,451;185,452;184,455;184,457;184,458;185,460;184,462;185,464;185,467;184,469;185,471;184,472;184,475;185,476;184,479;184,481;184,483;185,485;184,486;185,488;184,490;185,492;185,494;185,497;185,498;185,501;184,503;184,505;184,506;185,509;184,511
187,0;187,3;187,5;187,7;187,9;186,10;187,13;186,15;186,16;187,19;186,20;187,23;187,24;187,27;186,29;187,30;187,32;187,35;187,37;187,39;186,41;187,42;187,44;186,46;187,49;187,50;187,53;186,55;187,57;187,58;186,61;186,63;186,64;186,67;187,68;186,70;187,72;186,74;187,76;186,78;186,81;187,83;186,84;187,87;187,89;186,90;187,92;186,94;186,96;187,99;187,101;187,102;186,104;187,106;187,108;186,111;187,112;186,115;186,117;187,118;187,121;187,122;187,124;187,126;186,128;187,130;187,133;186,134;187,137;187,139;186,140;186,143;187,145;186,146;187,149;187,151;186,153;187,154;187,157;186,158;186,160;187,162;186,164;186,166;187,169;186,170;186,173;187,175;186,177;186,178;186,181;187,182;187,184;186,186;187,189;187,191;187,192;186,194;187,196;187,199;186,200;187,203;186,204;186,207;186,209;187,211;186,212;187,215;186,216;187,219;186,220;186,222;186,224;187,226;186,228;187,231;187,233;187,234;186,236;186,238;186,241;186,242;186,245;186,246;186,248;187,251;186,252;187,255;186,257;187,258;186,261;186,263;187,264;187,267;186,268;186,271;187,272;186,275;186,276;187,278;186,280;187,282;186,285;187,286;186,288;186,291;187,292;187,295;186,296;187,298;186,300;187,302;186,304;187,306;187,309;187,310;186,312;186,315;186,317;187,319;186,320;186,322;186,324;187,326;187,329;186,331;187,333;186,334;187,336;187,338;186,340;187,343;187,345;187,347;186,349;187,350;187,353;186,354;187,357;186,359;187,361;187,362;186,365;186,366;186,368;187,371;186,373;187,374;187,376;186,379;186,380;187,382;187,385;186,386;187,388;186,390;187,392;187,394;187,397;187,399;186,401;186,402;186,404;186,406;187,408;186,411;186,413;187,414;186,417;186,418;187,421;187,423;187,425;186,426;187,428;187,430;187,432;187,434;187,436;187,439;187,441;187,442;186,445;187,446;186,449;187,451;187,453;187,454;186,456;186,458;187,460;187,462;187,465;187,466;186,468;187,471;186,473;186,475;187,477;186,479;187,481;187,483;187,485;186,487;186,489;187,491;187,493;187,495;187,496;187,498;186,501;186,503;186,504;186,507;186,508;186,510
188,0;188,3;189,4;188,6;189,8;189,11;189,13;189,14;189,16;189,18;188,20;189,23;189,25;189,26;188,28;188,31;188,32;189,34;188,36;189,39;189,41;189,42;188,44;188,46;188,49;189,50;188,52;189,55;189,57;188,59;188,61;188,63;188,65;189,66;188,69;188,71;189,72;188,75;188,77;188,79;188,80;188,82;188,85;189,86;188,88;188,91;189,92;189,95;189,96;189,99;188,101;189,102;189,105;188,107;189,109;189,111;189,113;188,114;188,116;189,119;189,120;188,122;189,124;189,126;189,129;188,130;188,132;189,135;188,137;188,138;189,140;189,142;189,145;188,146;188,148;189,150;188,152;189,155;189,157;189,158;188,160;189,163;189,164;188,166;189,169;188,171;189,172;188,175;188,177;188,179;189,181;189,183;189,184;189,186;188,188;188,190;188,193;188,194;188,197;188,198;188,200;189,202;188,204;189,206;189,209;188,210;188,213;188,215;188,216;189,219;188,221;188,222;189,225;189,227;189,228;188,231;188,232;188,234;189,236;189,238;188,240;189,243;188,245;188,246;188,248;188,250;189,252;189,255;188,257;188,259;188,261;188,262;188,264;189,266;188,269;189,270;188,273;188,274;188,276;188,278;188,281;189,282;188,284;189,287;189,288;188,290;189,293;189,294;188,296;189,299;189,301;188,303;188,304;188,307;188,309;189,310;188,313;189,314;188,317;188,319;188,321;188,323;188,325;189,327;188,328;188,330;189,332;189,335;188,336;189,338;188,341;188,342;188,344;189,347;188,349;188,350;188,353;189,355;188,356;189,358;188,360;189,362;189,365;188,367;188,368;189,370;189,373;188,374;189,376;188,379;188,381;188,383;188,384;188,386;188,388;188,391;188,393;189,395;188,397;189,398;188,401;189,403;188,405;189,407;189,408;188,411;188,412;189,415;189,416;189,419;189,421;189,423;188,425;189,426;189,428;189,430;189,433;188,435;188,437;189,438;189,440;189,443;188,444;189,446;189,449;189,450;189,452;188,454;189,456;188,459;188,460;188,462;189,464;188,466;188,468;188,470;189,472;188,474;189,476;188,479;189,481;189,482;188,485;189,486;189,488;188,491;188,493;189,494;188,496;188,499;188,501;188,503;189,504;188,506;189,508;189,510
191,1;190,3;191,5;190,7;190,8;190,11;190,13;191,14;191,17;190,18;191,20;190,22;190,25;191,27;191,29;190,30;191,32;191,35;191,36;191,39;190,40;191,43;191,45;191,46;191,48;190,51;190,53;191,54;191,56;191,58;190,61;191,63;191,64;191,66;191,68;191,70;190,73;190,75;190,76;191,78;191,81;191,83;190,84;190,86;191,88;191,91;191,93;191,95;190,97;191,99;191,101;190,102;190,105;191,107;191,109;190,111;191,113;190,115;190,116;190,119;190,120;191,123;191,124;191,126;191,128;191,131;191,133;190,135;190,136;191,139;190,141;191,143;191,144;191,147;190,148;191,150;190,153;191,155;190,157;191,159;191,161;190,162;190,164;191,167;191,169;191,170;190,173;191,175;190,176;191,179;190,181;190,182;190,184;191,187;191,189;191,190;191,192;190,195;190,196;190,198;190,200;191,203;190,205;190,206;190,209;190,210;190,213;191,215;191,217;190,219;191,220;190,222;190,225;190,226;191,228;190,231;191,233;191,234;191,236;191,238;190,241;190,242;190,244;190,246;190,249;191,251;191,253;191,255;190,257;191,259;190,261;190,262;191,265;190,267;190,269;190,270;190,273;191,275;190,276;190,279;190,281;191,282;190,285;190,287;190,289;190,290;191,293;191,294;190,297;191,298;191,300;190,303;190,304;191,307;190,308;191,310;191,312;191,315;191,316;191,319;191,320;190,323;191,324;190,326;190,328;191,331;190,333;190,335;191,336;190,339;190,340;191,343;190,344;191,346;191,349;190,351;190,352;190,354;191,357;190,359;190,360;191,363;190,364;191,367;190,369;191,370;190,373;191,374;191,376;190,379;191,380;191,382;191,384;190,386;191,389;191,390;190,392;191,394;190,396;190,398;190,400;191,403;191,404;190,406;191,409;191,410;191,412;190,414;190,417;191,418;191,421;190,423;190,425;191,426;190,429;191,430;191,432;191,434;191,437;190,438;190,440;191,442;191,444;190,447;191,448;191,451;191,452;191,454;190,456;190,458;191,461;190,463;191,464;191,466;190,469;190,471;190,473;190,474;191,477;191,478;191,481;191,483;190,484;191,486;190,488;190,490;191,492;191,495;190,497;191,499;190,500;190,503;191,505;190,506;190,508;190,510
192,1;193,2;192,5;192,7;192,9;192,11;192,12;192,14;192,17;192,18;192,21;193,22;192,25;192,26;193,29;192,31;193,33;193,34;193,37;193,38;192,41;192,42;193,44;193,46;192,49;193,50;193,53;193,54;192,57;193,58;193,61;192,63;192,65;193,67;193,69;193,70;192,72;192,75;193,77;193,78;193,81;192,83;192,85;192,86;192,89;192,90;192,93;193,94;193,97;192,98;192,101;192,102;193,105;192,106;193,109;193,110;192,113;192,115;192,117;192,118;193,120;192,123;192,125;193,127;193,128;192,130;193,132;192,135;193,137;192,138;192,141;192,143;193,144;192,147;192,149;192,151;193,152;193,155;192,156;193,159;193,160;193,162;193,164;193,167;193,169;192,170;193,173;192,174;192,176;193,179;192,181;193,183;193,184;193,187;192,188;192,191;193,192;192,194;192,196;192,199;193,200;192,203;192,204;193,206;193,209;193,210;193,213;192,214;193,216;193,218;192,221;192,222;193,224;193,226;192,228;193,230;192,232;193,235;193,237;193,238;193,241;192,243;192,245;193,246;192,248;192,250;193,252;192,254;193,256;192,259;192,260;193,262;192,264;193,266;193,268;192,271;193,272;193,274;192,277;193,279;193,280;193,282;193,284;192,286;192,288;192,291;193,293;193,294;192,296;193,298;192,301;193,303;193,305;192,307;193,309;193,310;192,312;192,315;192,316;193,319;193,321;193,323;192,324;193,326;192,329;193,330;192,332;192,334;192,336;192,339;192,341;192,342;193,344;192,347;192,348;193,351;193,353;192,354;192,356;193,358;193,360;192,363;193,365;193,366;193,369;193,371;193,373;192,375;192,376;193,378;192,380;192,383;192,385;193,386;193,389;192,390;193,393;192,395;192,396;192,398;192,400;192,402;192,404;193,407;192,409;192,410;192,413;192,415;193,416;192,419;192,421;193,423;192,424;192,427;192,429;192,430;193,432;193,435;193,436;192,438;192,440;193,442;193,445;193,447;193,449;193,450;192,452;193,454;192,457;193,459;192,461;192,462;193,465;192,467;193,469;193,471;193,473;192,475;192,477;192,479;192,480;192,483;193,484;193,487;192,489;193,491;192,492;192,495;192,496;192,498;193,500;192,503;192,505;192,506;192,508;193,510
194,0;194,2;194,5;194,6;195,8;194,10;194,13;195,14;195,16;194,19;195,21;195,23;194,25;194,27;195,28;195,31;194,32;195,34;195,37;194,38;194,40;195,43;195,45;195,47;195,48;194,50;194,53;195,54;195,56;195,59;195,61;194,63;195,65;194,66;194,68;194,71;194,72;195,74;194,76;195,78;194,80;195,83;195,85;194,86;194,89;194,90;194,92;195,94;195,96;194,99;195,101;194,102;194,104;194,106;195,109;195,110;195,113;195,115;195,116;195,118;194,121;194,123;194,124;194,126;195,129;194,130;194,133;194,135;194,136;195,138;195,140;195,142;194,145;194,146;195,149;195,150;194,153;195,154;195,156;195,159;195,160;194,163;195,165;195,166;195,169;194,170;195,173;195,174;194,176;195,178;194,181;194,182;195,185;195,187;194,189;195,191;194,192;194,194;194,197;195,198;194,201;194,202;194,204;195,206;195,209;194,211;194,212;194,215;194,217;194,219;195,220;194,222;194,224;195,227;195,229;195,230;195,232;194,235;194,236;195,239;194,241;194,242;195,244;195,246;194,248;195,251;194,253;195,255;194,256;195,259;194,260;195,262;195,264;195,266;194,268;194,271;194,273;195,274;194,277;194,278;195,280;194,283;194,284;195,287;195,289;194,290;194,293;194,295;195,297;195,299;194,300;195,302;195,304;194,307;195,308;194,310;194,313;194,315;195,317;195,319;195,321;195,323;194,324;195,327;194,328;194,331;194,332;194,334;195,337;195,339;194,341;195,342;195,344;195,347;195,348;194,350;195,353;195,354;195,357;195,358;194,361;194,363;194,364;195,367;195,369;195,371;194,372;194,374;195,376;195,379;194,381;195,383;194,384;194,387;195,388;195,390;195,392;194,394;195,397;194,399;195,401;195,403;194,404;194,407;195,409;194,411;195,413;195,415;195,416;194,419;195,420;194,422;195,424;195,427;194,429;195,430;194,432;195,434;194,437;194,438;194,440;194,443;194,444;194,447;194,449;194,450;195,452;194,454;195,456;194,458;195,460;194,463;195,464;194,466;195,469;194,470;195,473;194,474;194,477;195,479;195,481;194,482;195,485;194,486;195,489;195,490;194,493;194,494;195,496;195,498;195,501;194,502;194,504;195,506;194,509;194,510
197,1;197,3;197,5;196,7;196,9;196,11;197,12;197,14;197,16;197,18;196,21;197,23;196,25;196,26;196,29;196,31;196,32;197,34;197,37;196,39;197,40;196,43;196,44;197,46;197,49;196,51;197,52;197,54;196,56;197,59;196,61;197,62;196,65;196,66;196,68;196,70;197,73;196,75;197,76;197,79;196,80;196,83;196,84;197,87;196,89;197,90;196,93;197,94;197,96;197,99;197,100;197,102;197,105;197,106;196,108;196,111;196,113;196,115;197,117;197,118;196,120;196,123;197,124;196,126;197,128;197,131;197,133;197,134;196,137;197,138;197,140;196,142;197,144;197,147;196,148;196,150;197,153;196,155;197,157;196,158;197,160;196,162;197,164;197,167;196,169;197,170;196,173;196,174;196,177;197,178;196,180;197,183;197,184;197,186;196,188;196,190;196,192;197,195;197,196;196,199;197,201;196,203;196,204;197,206;196,208;196,211;196,212;196,215;197,217;197,219;197,220;196,223;196,224;196,227;197,228;196,231;196,232;196,234;196,237;197,239;197,241;196,242;196,244;196,247;196,249;196,250;196,252;197,254;196,256;197,259;197,260;197,263;197,264;197,266;196,268;196,270;197,273;196,275;197,276;197,278;196,280;196,283;197,284;196,286;197,288;197,290;196,293;196,294;197,296;196,298;197,301;196,303;196,304;196,306;196,309;196,310;197,312;196,315;196,317;197,319;197,320;196,322;196,325;197,327;196,328;196,330;197,332;196,335;197,336;197,339;196,340;197,342;197,344;197,347;197,348;197,350;197,353;196,355;197,356;197,358;196,361;196,362;196,365;196,367;197,368;196,370;197,373;197,375;197,376;196,379;197,381;196,383;197,385;197,387;197,389;196,391;196,392;196,394;197,396;197,399;197,401;197,403;197,405;197,407;196,408;196,411;197,412;196,415;197,417;196,418;196,421;197,422;197,425;197,427;196,428;197,430;196,432;196,435;196,437;196,438;196,440;196,443;196,445;197,446;196,448;196,451;196,452;197,454;196,456;196,459;197,460;197,462;196,464;197,466;196,468;196,470;196,473;196,475;196,476;197,478;196,481;196,482;196,485;197,486;197,489;197,491;197,493;196,494;197,496;197,499;196,500;197,503;197,505;196,507;196,508;196,510
198,0;199,3;199,4;199,6;199,8;198,11;198,12;199,15;199,16;198,19;198,21;198,22;199,24;199,26;199,28;199,30;199,32;198,34;199,36;198,38;198,40;199,43;199,45;198,47;198,48;199,50;199,52;199,54;199,57;198,59;199,61;199,63;198,65;199,66;198,68;199,70;198,72;199,74;199,77;199,79;198,80;199,82;199,84;198,86;198,88;199,90;198,93;199,94;199,96;199,99;198,101;198,102;198,104;199,106;198,109;198,110;198,113;198,115;199,116;198,118;198,121;198,122;199,125;198,126;198,128;199,130;198,132;199,135;199,136;199,138;199,140;198,142;199,145;199,147;199,148;198,150;198,152;199,154;198,156;198,159;199,161;199,162;198,165;199,166;198,168;198,170;198,173;199,174;199,176;198,178;198,180;198,183;199,185;199,186;198,188;198,191;199,193;198,195;198,196;199,199;199,200;198,203;198,204;198,206;199,208;199,211;199,213;198,214;198,216;198,218;198,220;198,223;198,225;198,227;199,228;199,231;198,233;199,234;198,237;199,238;198,241;199,242;198,244;199,246;198,249;198,251;199,252;199,255;199,256;198,259;198,260;198,263;199,264;198,267;198,269;199,271;198,272;198,275;199,276;199,278;198,281;199,282;199,285;199,286;199,289;199,291;199,293;199,295;198,296;199,298;198,300;198,302;199,304;198,307;198,309;199,311;199,312;198,314;199,317;199,319;198,320;199,322;198,325;198,327;199,329;199,331;199,332;198,334;199,336;199,338;198,341;198,342;199,345;199,347;198,348;198,351;198,353;199,354;199,356;199,359;198,361;199,363;199,364;199,366;198,369;199,371;199,373;199,375;198,377;198,378;199,380;199,382;198,384;199,386;198,388;199,391;199,392;199,395;199,396;198,399;198,401;199,402;198,404;198,407;199,409;198,411;198,412;198,414;199,417;199,418;198,420;198,422;198,424;198,427;199,429;198,431;199,433;198,434;199,436;198,438;198,441;199,442;199,444;198,447;198,448;198,450;198,453;199,455;199,457;198,458;199,460;198,462;198,465;199,466;199,469;198,471;199,472;199,475;198,476;199,479;198,480;199,483;198,485;199,486;198,488;198,491;198,493;198,494;198,496;198,499;199,501;198,503;199,505;198,507;199,508;199,511
201,1;201,3;200,5;201,7;201,9;200,11;201,13;200,15;201,17;200,19;201,21;201,22;201,25;201,27;201,29;201,30;200,32;201,35;201,37;201,39;201,40;201,43;200,45;200,47;201,49;201,50;200,52;200,54;201,56;201,59;200,61;201,62;200,65;201,66;201,69;201,71;201,73;200,74;201,76;200,79;200,81;200,83;201,85;200,87;200,88;200,90;201,93;201,95;201,97;200,98;200,100;201,102;200,105;200,106;201,109;200,111;200,113;201,115;201,116;201,118;200,120;200,123;200,125;201,126;201,128;201,130;200,132;200,135;201,137;201,138;200,141;201,142;201,145;200,146;200,149;201,151;201,153;200,154;201,157;200,159;201,161;200,162;201,165;200,167;201,168;201,171;200,172;201,175;200,176;201,179;200,180;200,182;201,185;201,186;200,188;200,190;201,193;201,194;200,196;200,199;200,200;200,202;201,204;201,206;201,209;200,211;201,212;201,214;201,217;201,219;200,220;200,222;201,225;200,227;200,229;201,230;201,233;200,235;200,236;200,238;200,241;200,243;201,245;200,246;201,249;200,250;200,253;200,255;200,257;201,259;200,261;201,262;201,265;200,266;201,268;201,271;200,273;201,275;200,277;200,278;201,280;200,282;200,285;201,287;201,289;201,291;201,293;201,294;201,297;200,299;201,301;200,303;200,305;201,306;200,309;201,311;200,312;201,314;201,317;201,318;200,321;200,323;201,325;201,327;201,328;201,330;200,332;201,335;200,337;201,339;200,341;200,342;201,344;200,347;200,348;201,351;201,353;200,355;201,357;200,358;200,360;201,362;201,365;201,367;200,369;201,370;201,373;201,375;200,376;201,378;200,381;201,382;201,385;200,387;200,389;200,390;200,392;200,395;200,396;200,398;200,401;200,403;200,404;200,407;200,409;201,410;200,412;201,414;201,416;201,418;201,420;200,423;201,424;201,427;201,429;200,431;200,433;201,435;200,437;201,438;201,440;200,443;201,444;200,446;200,448;201,450;200,452;201,454;200,457;200,458;201,460;201,462;201,464;200,466;201,468;200,471;200,473;200,475;201,477;201,479;201,481;201,482;200,485;200,486;200,489;201,491;200,492;201,495;201,497;200,498;201,500;200,503;200,504;200,507;200,508;200,511
203,1;202,2;203,4;202,7;203,9;202,11;203,12;203,14;202,16;203,19;202,21;202,23;202,25;202,27;203,28;202,31;203,33;202,34;202,37;203,39;202,41;203,43;203,45;202,47;202,49;202,50;202,52;203,55;202,57;202,59;203,61;202,63;203,65;202,66;203,68;203,70;202,73;203,75;202,77;202,78;203,81;203,82;202,84;202,86;203,88;202,90;203,92;203,94;203,97;203,99;203,101;203,102;202,105;203,106;202,109;202,111;202,113;203,115;203,117;203,119;202,121;202,122;202,124;203,127;203,129;202,131;202,132;202,135;203,136;202,138;202,140;203,143;203,145;203,146;203,149;202,150;203,152;202,154;203,157;203,158;202,161;202,162;203,164;202,166;202,169;203,170;203,173;202,175;203,177;203,178;203,180;202,183;202,185;203,187;202,188;203,191;203,193;202,195;203,196;202,199;202,200;203,203;203,205;202,207;202,208;202,210;203,213;202,215;202,216;203,218;203,221;202,222;203,224;202,227;202,228;202,230;202,232;202,234;203,237;202,238;202,241;202,243;203,245;203,247;203,248;203,250;202,252;203,254;202,256;202,259;203,261;202,263;202,265;203,267;202,269;202,270;202,272;203,275;202,276;203,279;203,281;203,282;203,284;203,287;202,288;202,290;203,292;202,294;202,297;203,299;202,300;203,302;202,305;203,307;202,308;202,311;202,312;202,315;202,316;202,319;203,320;202,323;203,325;202,326;203,329;203,330;202,333;202,334;203,337;203,338;203,341;203,343;202,345;202,347;202,348;203,350;202,352;203,355;202,356;202,359;203,361;203,363;202,365;203,366;202,369;203,371;203,372;202,374;203,376;202,378;203,381;202,383;203,384;202,386;202,388;202,390;203,393;203,395;202,396;203,398;202,401;203,402;202,405;202,407;203,409;203,410;203,412;203,415;203,417;203,418;202,421;203,422;202,424;202,426;203,429;203,431;203,432;202,435;202,437;203,439;202,440;203,442;202,444;202,447;203,448;202,450;202,452;202,454;203,456;203,458;202,461;203,463;203,464;202,467;202,468;203,470;202,473;203,474;202,476;203,479;203,481;203,483;203,485;202,487;202,488;203,491;202,492;202,495;203,497;202,499;202,500;202,502;202,505;203,506;202,508;203,510
204,0;204,2;204,5;205,7;205,9;204,11;204,13;205,14;205,17;204,18;205,20;205,23;205,24;204,26;205,29;204,30;205,32;204,34;204,36;205,38;205,40;204,42;205,45;205,47;204,49;205,51;204,52;204,54;204,56;204,58;205,61;205,63;204,65;205,66;204,68;204,71;205,72;204,74;205,77;205,78;205,80;204,83;205,84;205,86;204,89;205,91;205,92;205,94;204,96;205,98;205,101;204,103;205,104;204,106;205,108;204,111;204,113;204,114;204,117;204,119;205,120;205,122;204,125;204,127;204,129;205,130;204,132;205,134;205,137;204,138;205,141;205,142;204,144;205,147;205,148;204,150;204,153;204,154;204,157;204,158;205,161;205,163;205,164;205,166;205,168;204,171;204,172;205,175;204,176;204,179;205,181;205,183;204,184;204,186;205,188;205,191;205,192;205,195;204,197;204,198;205,200;205,203;204,205;205,207;205,208;204,211;204,213;204,214;204,217;205,219;204,221;205,223;205,224;204,226;205,228;205,230;204,233;204,234;205,237;204,239;205,241;204,243;204,245;205,246;204,248;204,250;204,253;205,255;205,257;204,258;205,261;205,262;204,264;205,267;205,268;205,271;204,273;205,275;205,276;205,278;204,280;204,282;204,285;205,286;204,288;204,290;205,292;205,294;204,297;204,298;204,301;205,303;204,304;204,307;204,309;205,311;205,313;204,314;205,316;204,318;204,320;204,322;205,325;205,327;204,328;204,331;205,333;205,334;205,336;204,339;205,340;204,343;204,345;204,347;205,348;204,351;205,353;204,355;205,357;204,359;204,360;204,363;204,364;204,367;205,368;205,371;204,373;205,375;204,376;204,378;204,380;204,383;204,384;205,386;204,388;205,391;205,393;205,395;205,396;204,399;204,401;205,403;205,404;205,407;205,408;205,411;205,412;204,414;205,417;205,419;205,421;204,422;205,424;205,426;204,428;205,430;205,432;205,434;205,436;205,439;204,440;205,442;205,445;205,446;205,448;205,450;204,452;204,455;205,456;204,458;205,460;204,463;204,465;204,467;204,468;204,471;205,473;204,475;205,477;205,479;205,481;205,482;205,484;205,487;204,489;204,491;205,492;205,494;204,496;205,499;204,500;204,503;205,505;204,507;205,508;204,510
207,0;207,2;207,4;207,6;206,9;206,11;206,13;206,14;207,17;206,19;207,20;206,22;207,24;206,26;207,29;206,31;206,33;207,34;206,37;206,39;207,41;206,42;206,44;207,46;206,48;207,50;206,52;207,55;207,56;206,58;207,61;207,63;206,65;207,66;206,68;206,70;206,72;207,75;207,77;207,78;206,81;207,83;207,85;206,87;207,89;207,91;207,92;206,95;206,96;207,99;207,101;207,103;207,104;207,107;207,108;206,110;207,112;206,114;207,116;207,119;207,121;206,123;206,124;207,127;206,128;207,130;207,132;206,134;206,137;206,138;207,141;207,142;206,145;206,147;207,149;206,151;207,153;207,154;207,157;207,159;207,161;207,162;207,165;206,166;207,168;206,171;206,172;206,175;207,176;207,179;207,180;206,183;206,185;206,186;206,188;206,190;206,192;207,195;207,197;206,198;206,200;206,202;207,205;206,207;206,208;206,211;207,212;207,215;207,217;206,219;207,220;207,223;207,225;206,226;207,228;207,231;206,233;207,235;207,237;207,239;207,240;207,243;207,245;206,246;207,248;207,250;206,252;206,255;206,256;206,258;206,261;207,262;207,264;206,267;207,268;206,270;206,273;206,274;206,277;207,279;206,280;207,283;206,285;206,287;207,288;207,291;206,292;207,295;207,296;207,299;207,301;206,303;207,305;207,306;207,308;206,310;206,312;206,315;206,316;207,319;207,321;206,323;207,324;206,327;207,329;207,331;206,333;206,335;206,336;207,339;206,341;207,342;207,344;207,346;206,348;207,350;207,352;206,354;207,356;206,358;206,361;206,363;206,364;206,366;207,368;207,371;207,373;206,374;206,376;207,379;206,380;207,383;207,385;206,387;206,388;206,391;206,392;207,394;206,396;206,399;207,400;206,402;207,404;207,406;207,408;207,410;206,413;207,415;206,417;206,418;207,421;207,422;207,425;207,427;207,429;206,431;207,432;207,435;206,436;207,439;207,441;207,442;206,444;206,446;207,448;206,451;207,452;206,455;206,456;207,458;206,460;207,463;206,465;207,467;206,468;206,471;207,473;207,475;207,476;207,479;206,480;207,483;207,485;206,486;206,489;206,490;207,492;206,494;207,497;207,498;206,500;207,502;207,505;206,506;206,509;206,510
209,1;209,3;209,4;209,7;209,8;209,10;208,12;209,14;209,16;208,19;209,21;209,23;208,24;208,27;208,28;209,30;209,32;209,35;209,36;208,38;208,41;209,43;209,45;208,47;209,48;208,50;208,52;208,54;208,57;208,59;208,61;209,63;209,64;208,66;209,68;208,71;208,73;208,74;209,76;209,79;209,81;208,82;209,84;208,86;208,88;208,90;208,93;209,94;209,96;209,98;209,101;208,103;209,105;209,106;208,109;209,111;208,112;209,114;209,117;208,119;209,120;208,122;208,124;209,127;209,128;209,131;208,133;209,135;208,136;209,139;209,141;208,142;208,145;209,146;209,149;208,150;209,152;209,155;209,157;208,159;208,161;209,163;209,165;209,167;208,169;208,170;209,173;208,174;208,177;209,178;208,181;209,182;208,184;208,187;209,188;209,190;208,193;208,194;208,196;209,199;208,201;208,203;208,204;209,206;208,209;209,210;209,212;208,215;209,217;208,219;209,220;208,222;208,224;208,226;208,228;208,231;208,233;208,234;208,236;209,239;209,241;209,243;208,244;208,246;208,249;208,250;209,253;208,255;208,257;209,258;209,261;208,262;209,265;209,267;208,268;208,271;209,273;208,274;208,276;208,279;209,280;209,283;208,285;209,286;209,289;209,291;208,292;209,295;208,297;209,299;209,301;209,303;209,304;209,306;209,309;208,310;208,312;209,315;208,317;209,319;209,320;209,322;209,325;208,326;208,328;209,331;208,332;208,335;208,337;208,339;209,341;208,342;208,344;209,346;209,349;208,351;209,352;208,354;209,357;208,358;209,360;209,363;209,364;208,367;208,368;209,370;209,373;209,375;208,376;208,379;209,380;209,382;208,385;208,386;208,388;208,391;208,392;208,394;209,396;208,399;209,400;209,402;208,404;208,407;209,409;208,411;208,413;208,415;209,416;208,418;209,420;209,423;209,425;208,427;209,429;209,430;208,433;209,434;209,436;208,439;209,440;209,443;209,444;209,447;208,448;209,450;208,452;209,455;209,457;208,459;208,461;208,463;208,465;209,467;208,468;209,471;208,472;209,474;208,477;208,479;209,481;209,482;209,485;208,487;209,488;208,490;209,493;209,494;208,497;208,498;208,500;209,502;209,504;209,507;208,509;209,511
210,1;211,2;210,4;210,7;210,8;211,10;211,13;211,15;210,17;211,18;210,21;210,23;210,24;210,27;211,28;210,31;210,32;211,35;210,37;211,38;210,40;210,43;211,45;210,46;210,48;210,51;211,52;210,55;210,56;210,58;210,61;211,63;211,65;211,66;210,68;211,70;211,73;210,75;211,77;211,79;211,81;211,83;210,84;211,87;210,89;210,90;210,92;211,95;210,97;210,98;211,100;211,102;210,105;211,106;210,109;211,110;210,113;210,115;210,116;210,119;210,121;210,122;210,125;210,127;211,128;210,131;210,133;211,134;211,136;210,139;211,140;210,142;211,144;211,147;211,148;210,150;211,152;210,155;210,157;210,159;211,160;210,163;210,164;210,166;211,169;210,171;211,172;210,174;211,176;211,179;210,180;210,183;210,184;210,187;210,188;211,190;210,193;210,195;211,197;211,198;211,200;211,203;211,205;211,207;211,208;210,211;211,212;211,214;210,217;210,218;210,220;210,222;210,225;211,227;211,229;211,231;211,233;211,234;210,237;211,239;211,240;210,243;211,245;211,246;210,249;210,251;211,252;211,254;211,256;210,258;210,261;211,263;210,265;210,266;210,268;211,271;210,273;211,275;210,276;211,279;211,281;211,283;211,284;211,286;210,289;211,291;211,292;211,294;210,297;211,299;211,301;210,302;210,305;210,307;211,309;210,310;211,312;211,315;210,316;211,319;211,320;211,322;211,325;210,326;211,328;210,331;210,333;210,335;211,337;210,338;210,340;211,342;211,345;211,346;210,349;210,351;211,353;211,355;210,357;210,358;211,360;210,363;210,364;210,366;210,368;210,371;210,373;210,374;210,376;210,379;210,380;211,383;210,384;210,386;210,389;210,390;210,393;211,394;210,396;211,398;211,401;210,403;210,404;210,407;210,408;211,410;211,412;210,415;211,417;211,419;210,420;210,423;211,425;211,426;211,429;210,430;211,432;211,435;210,436;210,438;210,441;210,443;210,445;210,446;210,448;211,450;211,453;210,454;211,456;210,459;211,460;211,463;210,465;211,466;211,469;211,470;210,473;210,475;211,477;210,478;210,480;210,483;210,485;210,487;210,488;211,490;210,492;211,494;210,496;211,498;210,500;210,503;211,504;210,506;211,508;210,510
212,0;213,2;213,4;213,6;212,9;212,11;212,13;213,14;212,17;213,19;212,20;212,23;213,25;213,26;212,28;212,31;212,32;213,35;212,36;213,39;212,40;212,42;212,45;212,46;213,49;212,51;213,52;212,54;213,57;213,59;213,60;213,62;212,65;212,66;212,68;213,70;213,72;213,74;213,77;213,79;213,81;212,82;213,85;213,87;212,88;212,91;213,92;213,95;212,97;213,98;213,101;213,102;213,104;212,106;213,109;213,111;212,112;213,115;213,117;213,119;212,121;212,123;212,124;212,127;212,129;213,131;212,132;213,135;213,137;212,139;212,141;212,142;212,145;213,147;212,148;213,150;213,153;212,155;212,157;213,159;212,161;212,163;212,164;213,166;213,169;212,170;213,172;213,174;212,177;212,179;213,181;213,183;213,185;212,186;212,188;212,190;212,193;213,195;212,196;212,199;212,200;213,202;212,205;212,206;213,208;212,211;212,212;213,214;213,217;213,218;212,220;213,223;212,225;212,227;212,229;213,231;213,232;213,234;213,236;212,239;213,240;212,243;213,244;213,246;213,249;213,250;212,252;212,255;212,257;212,259;213,260;213,262;212,265;213,266;213,269;213,271;212,273;212,274;213,277;213,278;212,281;212,283;212,285;213,286;213,288;212,290;213,292;212,295;212,297;212,298;212,300;213,302;213,305;212,307;213,308;212,311;213,312;213,314;212,317;213,319;213,321;213,323;213,324;213,327;212,328;213,331;212,333;212,335;213,337;213,338;212,341;213,342;213,345;212,346;213,349;213,351;213,352;212,355;212,357;213,358;212,361;213,362;212,365;213,367;213,368;213,370;212,372;213,374;213,376;213,379;212,381;213,383;212,385;213,386;213,388;212,390;213,392;213,395;213,396;212,398;212,400;212,402;212,405;213,406;212,409;212,410;212,413;213,415;213,417;212,418;212,420;212,422;213,424;213,427;213,429;212,431;212,432;213,435;213,437;213,439;212,440;212,442;212,444;213,447;213,449;212,451;213,453;212,455;212,457;212,459;213,460;212,462;213,464;212,467;212,469;213,471;212,473;212,474;212,477;212,478;212,481;212,482;212,484;213,486;213,488;213,491;213,492;213,495;213,496;212,499;213,500;213,503;213,504;213,507;213,509;213,511
215,1;214,3;214,5;215,6;214,9;215,11;215,12;214,15;215,17;214,18;215,21;214,23;215,24;214,26;215,28;214,30;214,32;214,34;215,37;214,39;214,41;215,43;215,44;214,47;215,48;214,51;214,53;215,55;215,56;214,58;214,61;214,63;214,65;214,66;215,68;214,70;214,72;214,74;215,77;215,78;215,80;215,82;215,85;214,87;215,89;215,91;215,92;214,94;215,96;215,99;214,101;214,102;215,105;214,106;215,109;215,110;215,113;215,114;214,116;215,119;214,120;214,122;215,125;214,126;214,129;215,130;214,133;214,134;214,137;214,138;215,141;215,143;214,144;215,146;214,148;215,150;215,153;215,155;215,157;214,158;214,160;215,163;215,164;214,166;215,168;215,171;215,173;214,175;214,176;215,179;214,180;214,183;215,185;214,187;214,189;214,190;215,192;214,195;215,197;215,198;214,201;215,202;215,205;215,206;214,209;214,210;215,213;214,215;214,216;214,218;215,221;214,223;214,225;215,227;215,228;215,230;214,232;214,234;215,237;215,239;214,240;214,243;214,245;214,246;214,248;215,251;215,253;214,255;215,256;214,258;214,260;215,262;215,265;214,267;214,269;215,270;215,272;214,274;214,277;214,279;215,280;214,283;215,284;215,286;214,288;215,290;214,293;214,294;215,296;215,299;215,301;214,303;214,304;214,307;215,309;214,311;215,313;215,315;215,317;214,319;215,321;215,322;214,325;214,326;214,328;214,331;214,333;214,335;214,337;214,338;215,341;214,342;214,345;215,347;214,349;215,351;215,353;215,354;214,357;214,359;214,361;215,363;214,364;214,366;215,368;214,371;214,372;215,374;215,377;214,379;214,381;214,382;215,385;215,386;214,388;214,391;215,392;215,394;215,397;214,399;214,401;214,403;215,404;215,407;214,408;214,410;214,412;215,415;214,417;215,419;214,421;215,423;214,425;214,427;215,428;215,430;214,432;214,434;215,437;214,439;215,440;214,442;214,445;214,446;215,448;215,451;215,453;215,454;215,456;214,458;215,461;214,463;215,464;214,467;215,469;215,470;214,472;214,475;214,477;214,479;215,480;214,482;214,485;214,486;214,489;215,491;214,492;214,495;215,496;214,498;215,500;214,503;215,504;214,506;215,509;215,510
217,0;217,2;217,4;217,6;216,8;216,10;216,12;217,15;216,17;217,19;216,21;217,23;217,25;217,27;216,29;217,30;216,32;217,35;216,36;216,39;216,40;216,43;217,44;217,47;216,48;216,51;217,52;216,54;217,57;217,59;216,61;216,63;217,65;216,66;217,68;217,70;216,72;217,74;217,76;217,79;217,80;216,82;216,85;216,87;216,88;217,90;216,93;217,95;217,97;216,99;217,101;216,103;217,105;217,106;216,109;216,111;216,113;216,115;217,116;216,119;216,120;217,122;217,124;216,127;217,129;217,131;216,133;217,134;217,136;216,138;216,141;217,142;216,144;216,147;217,148;217,150;216,153;217,154;216,157;217,158;216,161;217,162;216,164;217,166;216,168;216,171;217,173;217,174;216,176;217,178;216,181;217,183;216,185;217,186;216,189;216,191;217,193;216,195;216,196;216,199;216,201;217,203;217,205;216,207;216,208;217,210;216,213;216,214;216,216;217,219;216,220;217,223;217,225;216,227;216,228;217,230;216,233;216,234;216,236;216,239;216,240;217,242;216,244;216,246;217,248;216,251;217,252;216,255;216,256;216,258;216,260;216,262;216,265;216,267;216,269;217,271;217,273;217,274;217,277;217,278;216,281;217,283;217,284;217,286;217,289;216,291;216,293;216,294;217,297;217,298;217,300;217,302;217,304;217,307;216,308;216,310;216,313;217,314;216,316;216,318;216,320;216,322;216,324;216,327;217,329;217,331;216,333;217,334;216,337;217,339;216,340;216,342;216,344;217,346;216,349;217,350;217,352;217,354;216,357;216,359;216,361;217,362;216,364;216,366;217,368;217,370;216,372;216,375;216,376;217,379;216,381;216,382;217,385;216,386;216,389;216,391;217,392;217,394;216,396;216,399;216,401;216,402;216,405;217,406;217,409;216,411;217,412;216,415;217,417;216,419;216,421;216,423;216,424;216,427;217,428;216,431;217,433;216,434;217,436;217,438;217,440;217,442;217,445;217,447;216,449;217,451;216,453;216,454;216,456;216,458;217,461;216,462;216,464;216,467;216,468;216,470;217,472;216,475;217,476;217,479;217,480;217,482;217,485;216,486;217,489;216,490;217,492;216,494;216,497;217,498;217,500;216,502;217,504;217,507;216,508;217,511
218,1;219,2;219,4;219,6;219,9;218,11;218,12;219,15;218,17;219,19;219,21;219,22;218,25;219,27;218,29;218,30;219,33;218,34;219,37;218,38;219,40;218,42;218,45;218,47;219,49;218,50;219,52;218,54;219,57;218,59;218,61;219,63;218,65;219,67;218,68;219,71;219,73;219,75;219,76;219,78;219,81;218,82;218,84;218,86;219,89;219,91;219,93;219,95;219,96;218,99;218,101;218,103;218,105;218,106;219,109;219,111;218,112;219,115;219,116;218,119;218,121;218,122;219,125;218,126;219,128;218,131;219,132;218,134;219,137;219,138;218,141;218,142;218,145;219,147;219,149;218,150;219,152;218,155;218,156;219,159;218,161;218,163;218,164;219,166;219,168;219,171;218,172;219,175;218,177;218,178;219,180;219,183;219,185;219,187;219,188;219,191;218,193;219,194;219,196;219,198;219,200;219,203;218,204;219,207;218,208;219,211;218,213;219,215;218,216;219,218;218,221;218,223;219,224;219,227;218,229;218,230;219,232;219,235;219,237;218,238;218,241;218,242;219,245;218,246;218,248;218,250;219,253;219,254;218,256;219,259;219,261;218,262;219,265;218,267;218,269;219,271;218,273;219,274;219,276;218,278;218,280;218,283;219,284;219,286;219,289;218,291;218,293;218,295;219,297;218,298;219,300;218,302;219,305;219,307;219,309;219,311;219,313;218,314;218,317;219,319;219,320;219,323;219,325;218,327;219,328;218,331;218,333;219,334;219,336;219,338;218,340;218,343;219,345;218,346;219,349;218,351;218,353;219,354;218,356;219,358;219,360;219,363;218,365;219,367;218,368;218,371;218,372;219,374;218,377;219,378;218,380;218,383;218,385;218,386;218,389;218,391;218,393;218,395;218,397;218,398;218,400;218,403;219,405;219,406;219,409;218,410;218,412;218,415;219,417;219,418;219,420;219,422;218,425;218,427;218,428;219,431;218,433;218,434;218,436;218,438;219,440;219,442;219,445;218,447;218,449;218,450;218,453;218,454;219,457;219,458;218,460;219,462;218,465;219,466;218,469;218,471;219,472;218,475;218,477;218,479;218,480;219,483;218,484;219,487;218,488;219,490;219,492;219,494;218,497;219,498;218,501;219,503;218,504;219,506;218,508;218,510
220,0;220,2;221,4;220,7;221,8;220,10;221,12;221,15;221,16;220,19;221,20;221,22;221,24;220,27;220,28;220,31;221,32;221,35;220,37;221,38;220,41;221,43;220,45;221,46;221,48;221,51;220,52;221,54;220,56;220,59;221,61;221,63;221,65;220,66;220,68;220,71;220,73;220,74;220,77;220,78;221,81;220,83;220,85;221,86;221,88;221,91;221,92;221,94;221,97;221,99;220,101;220,103;221,105;221,106;220,108;221,111;221,113;221,115;221,117;221,119;220,121;220,123;220,125;220,126;220,128;221,130;220,133;221,134;220,136;220,139;221,141;221,143;220,144;221,146;221,148;221,151;221,153;221,154;221,156;221,158;220,161;221,162;220,165;220,166;220,168;220,170;221,172;221,174;220,177;220,179;221,181;220,183;220,184;221,186;220,189;221,190;220,192;221,195;221,196;221,199;221,200;221,203;220,205;221,206;220,208;220,211;220,212;220,214;221,217;220,219;220,220;221,223;220,225;221,226;221,228;221,230;220,232;221,235;221,237;220,239;221,240;220,242;220,245;221,247;220,248;221,251;220,253;221,255;221,256;220,259;221,260;220,262;220,264;220,267;221,269;220,270;221,273;221,274;221,277;220,279;220,280;221,283;220,284;221,286;221,289;220,291;220,293;220,295;221,296;221,299;221,300;221,302;221,304;220,306;221,308;220,310;221,313;221,314;221,316;220,319;220,321;220,322;221,325;220,327;221,328;221,331;221,332;220,335;221,336;221,338;221,340;220,343;221,344;221,347;221,348;221,351;220,353;220,355;221,356;221,359;220,360;220,362;221,365;220,366;220,368;220,370;220,372;221,375;220,376;220,379;221,381;221,382;220,384;220,386;221,388;220,391;220,393;220,395;220,397;221,398;221,401;220,402;220,405;221,406;221,409;220,410;221,413;221,415;221,417;221,419;220,421;220,423;220,424;220,426;220,429;221,430;220,432;220,434;220,436;220,438;221,440;220,442;220,444;220,447;220,449;220,450;221,453;220,454;221,456;220,459;220,461;220,462;220,464;220,467;220,469;221,470;220,473;220,474;220,476;220,479;221,481;221,482;221,485;221,487;221,488;221,491;220,492;221,495;220,497;221,498;221,500;221,502;221,505;221,507;220,509;220,510
222,0;222,3;222,5;222,7;222,8;222,11;223,13;222,14;222,17;223,19;223,21;222,23;222,25;222,26;223,28;222,31;223,32;223,34;223,37;222,39;222,40;222,43;222,44;223,47;223,49;222,50;222,53;222,54;222,57;222,59;223,61;222,62;223,65;223,66;223,68;223,71;223,72;222,74;223,77;223,78;223,81;222,83;223,85;223,87;222,88;223,90;222,92;222,94;222,96;222,99;222,101;222,102;222,104;223,106;223,108;223,111;222,113;222,115;222,116;223,118;223,120;222,122;222,125;223,127;222,128;222,131;223,133;223,134;222,137;222,138;222,141;222,142;223,145;223,147;222,149;222,150;222,152;223,154;222,157;222,158;222,161;223,162;222,164;223,167;223,168;222,170;223,172;222,174;223,176;222,178;222,181;223,183;223,184;222,187;223,188;223,191;223,192;223,195;222,196;222,199;222,200;222,202;222,204;223,207;223,209;223,211;223,212;222,215;222,216;223,218;222,220;222,223;222,225;223,226;222,229;223,231;223,232;222,235;222,237;222,238;223,241;222,243;223,244;222,247;222,249;223,251;222,253;223,255;223,256;223,259;222,260;222,262;223,264;223,266;223,269;223,270;223,272;223,275;223,277;222,278;223,281;222,283;222,285;222,287;222,288;222,291;223,293;222,295;222,296;223,299;223,301;222,303;223,304;223,306;222,308;222,311;223,313;222,315;223,317;223,319;223,321;223,322;222,324;223,327;222,329;222,331;222,333;222,335;223,337;223,339;223,340;222,342;223,345;222,347;223,348;223,350;223,352;223,354;223,357;223,359;223,361;223,363;222,364;222,366;223,369;223,371;222,373;222,374;223,376;222,379;223,381;223,383;222,385;223,387;223,388;223,390;223,392;222,395;222,397;223,398;223,401;222,403;222,405;222,406;222,409;222,411;223,412;223,415;223,417;222,419;223,420;222,422;222,425;223,426;223,429;223,430;222,433;223,435;223,437;223,438;223,440;222,442;223,444;222,446;222,448;223,450;222,453;222,455;222,457;222,458;222,460;222,463;223,465;223,466;223,469;223,470;222,473;222,474;223,476;222,479;223,480;223,483;223,484;223,486;222,488;223,490;223,493;223,495;223,496;223,498;223,500;223,502;223,505;222,507;223,509;223,511
224,0;224,2;224,5;225,6;225,9;225,11;225,12;225,15;224,17;224,19;224,21;224,23;225,25;224,27;225,28;224,30;224,33;224,34;224,37;224,39;225,41;224,42;225,45;224,46;225,48;224,51;225,52;224,55;225,56;224,58;225,61;225,62;224,65;225,66;224,68;224,70;224,72;224,74;224,77;224,78;225,81;224,82;224,85;224,87;224,89;225,90;224,92;224,94;224,96;224,99;224,101;224,102;224,104;225,106;225,109;224,111;225,112;224,115;224,117;225,119;225,121;224,122;225,125;224,127;225,128;225,130;224,132;225,135;225,137;224,139;225,140;224,143;224,145;224,146;224,149;225,151;225,152;225,154;224,156;225,159;225,160;224,162;225,164;225,166;224,168;225,170;225,173;225,174;225,177;225,178;224,180;225,183;224,184;225,186;225,189;225,191;225,192;224,195;225,196;224,199;224,200;224,202;224,205;225,206;224,208;224,210;225,212;225,214;225,217;224,219;225,220;225,223;225,224;225,227;224,228;225,231;225,233;225,235;225,236;224,238;225,240;225,243;224,245;225,247;225,249;225,250;224,253;224,255;224,257;225,259;225,261;224,262;225,264;224,266;225,268;225,271;224,273;224,274;225,276;224,279;225,281;225,283;225,285;224,287;225,288;225,291;224,293;224,295;225,296;225,299;225,300;225,303;224,305;225,307;225,308;224,310;225,313;225,314;224,316;224,318;225,321;224,322;225,324;225,327;224,328;224,331;224,333;224,334;225,337;224,338;224,341;225,343;225,345;225,346;224,348;225,350;225,353;224,354;225,357;224,359;224,360;224,362;224,365;225,366;225,368;225,371;225,372;225,375;225,376;224,378;224,380;224,383;225,384;225,387;224,388;225,390;224,393;225,395;225,396;224,399;225,400;225,402;224,405;224,407;225,409;225,410;225,413;224,415;225,416;225,418;225,420;225,422;225,424;224,426;225,428;224,430;224,432;224,434;224,437;224,439;225,441;225,442;224,444;224,447;224,449;225,450;225,452;224,454;225,457;224,459;224,460;224,462;224,464;225,466;224,468;224,470;225,472;224,475;225,477;224,478;225,480;224,482;224,484;224,486;224,489;224,491;224,493;225,495;225,496;224,499;225,500;225,502;225,505;225,507;225,509;224,510
227,0;226,3;226,5;227,7;226,8;227,10;227,12;227,15;226,17;227,19;226,20;226,23;227,25;227,26;226,28;227,30;227,32;226,35;227,37;227,39;226,41;226,43;227,45;226,46;227,48;226,50;226,52;226,55;226,56;227,59;226,61;227,63;227,65;226,66;227,68;227,70;227,72;226,74;227,76;226,79;226,81;227,82;226,85;226,86;227,88;226,91;227,92;227,95;226,97;226,99;227,101;227,102;227,105;226,107;226,108;226,111;227,112;227,115;226,117;227,119;226,120;226,122;226,124;226,127;227,129;226,131;227,132;227,135;226,136;227,138;227,140;226,142;227,144;227,147;226,148;226,151;226,153;226,154;226,156;227,159;227,160;227,163;226,165;226,166;226,168;226,171;227,173;227,174;227,177;227,178;226,181;227,182;227,184;227,186;227,189;226,191;227,192;226,195;226,197;226,198;226,200;227,203;226,204;227,207;227,209;227,211;227,212;226,215;226,216;227,218;226,220;227,222;227,225;226,227;226,228;227,231;226,232;227,234;227,236;227,238;226,241;227,243;226,244;227,246;227,249;227,251;227,252;226,255;226,257;226,259;226,261;227,262;226,264;227,267;227,269;227,270;226,272;227,275;226,276;227,278;226,281;227,283;227,285;227,286;226,288;226,291;227,292;226,295;227,296;226,299;226,300;226,303;226,304;227,307;227,309;227,311;227,312;226,314;227,317;226,318;227,321;226,322;227,325;226,327;226,329;227,331;226,332;227,335;226,337;227,339;227,341;227,343;226,344;227,347;226,349;227,351;226,353;227,355;226,357;226,359;226,361;226,363;226,364;227,367;226,369;226,371;227,373;227,374;227,376;226,378;227,380;227,382;226,384;226,387;227,388;227,390;227,393;227,395;227,397;226,398;227,401;227,403;226,405;227,406;227,408;227,411;226,413;226,415;227,416;226,419;226,420;226,423;226,424;227,427;227,429;227,431;226,432;226,434;227,437;227,439;227,440;227,443;227,444;227,447;226,449;227,451;227,452;226,454;226,457;227,459;227,460;227,462;226,464;227,466;227,469;227,470;226,472;226,475;227,476;227,479;226,481;227,483;227,485;226,486;226,489;227,490;227,493;226,495;227,496;227,499;226,500;227,502;226,504;226,507;227,508;226,510
229,0;228,2;229,5;229,7;229,9;229,10;228,12;229,14;228,16;228,19;228,20;229,22;228,24;229,26;229,29;228,30;228,33;228,34;228,37;228,38;229,40;229,42;228,44;228,47;229,49;229,51;228,52;228,55;229,56;229,59;229,61;229,62;229,65;229,66;229,68;228,71;228,72;228,75;228,76;228,79;228,81;228,83;228,85;228,86;228,89;229,90;229,93;228,95;228,97;228,99;229,101;228,102;228,105;229,106;228,109;229,110;229,113;228,114;229,117;229,118;228,121;229,123;228,125;229,127;229,128;229,130;228,132;228,135;228,136;229,139;228,141;228,143;229,145;228,147;229,148;228,150;229,153;228,155;228,156;228,159;228,160;229,162;228,165;228,166;228,169;228,171;228,172;229,175;228,177;228,179;228,181;228,182;228,185;228,187;228,188;229,191;229,193;228,194;228,197;229,198;229,200;229,202;228,204;228,207;228,208;228,211;229,212;229,214;229,216;229,219;228,220;229,223;229,224;229,226;229,229;228,230;229,233;228,235;228,237;228,239;229,240;229,242;229,245;229,246;229,248;229,251;229,252;229,254;229,256;228,259;228,261;229,263;229,265;228,266;229,269;229,270;229,273;229,275;229,277;228,278;229,281;228,283;228,285;229,286;229,288;229,291;229,293;229,295;229,297;229,299;228,300;229,303;228,305;229,306;229,308;229,311;228,312;228,314;228,316;228,319;229,321;228,322;229,325;229,327;228,328;228,330;229,333;228,335;229,337;229,339;229,340;228,343;229,344;228,346;229,348;229,350;229,352;229,354;229,357;228,359;228,360;228,362;229,365;228,367;228,368;228,371;228,372;228,375;228,377;229,379;228,381;229,383;229,385;229,386;228,388;229,390;228,392;228,395;229,397;229,398;229,400;229,403;229,404;229,407;228,409;229,410;229,413;228,415;228,416;229,419;228,420;229,423;229,425;228,427;229,429;228,431;228,433;229,434;228,436;228,439;228,440;229,443;229,444;228,446;228,449;228,450;228,453;228,454;228,456;228,459;228,460;229,462;228,464;228,466;228,468;229,470;229,472;229,475;229,477;228,478;229,480;229,482;228,484;228,486;229,488;228,491;228,492;229,494;229,497;228,498;228,501;229,502;228,504;229,507;229,508;229,511
230,0;230,3;231,4;230,6;230,9;230,11;230,13;231,15;231,16;230,19;230,21;230,22;230,24;230,27;230,28;231,30;230,32;231,34;231,36;231,39;230,40;231,42;231,44;230,47;231,49;231,51;231,52;231,55;231,57;231,58;231,61;230,63;230,64;231,66;231,68;230,71;231,72;230,74;230,76;230,79;231,80;231,82;231,85;230,87;231,88;230,90;230,92;230,94;231,97;231,99;231,100;231,102;230,104;230,107;231,109;230,111;231,112;231,114;231,117;230,118;231,121;230,122;231,125;230,126;231,129;230,130;231,133;230,134;231,136;231,138;231,141;231,142;231,145;230,146;231,149;230,151;230,152;230,155;230,156;231,158;231,160;230,163;230,165;231,167;230,169;231,171;231,172;231,174;230,176;231,178;230,181;230,182;231,184;231,187;230,189;231,191;230,193;230,194;230,196;230,198;231,201;230,203;231,204;230,207;231,209;230,210;230,213;231,214;231,216;230,219;231,220;231,223;231,224;231,227;230,229;230,230;230,232;230,235;230,236;230,239;230,241;231,242;230,244;231,246;231,248;231,250;230,253;231,254;230,257;230,259;230,261;230,263;230,265;231,266;230,268;230,270;231,272;231,275;230,276;231,279;231,281;230,282;230,285;231,286;231,288;231,291;230,292;231,295;230,296;231,298;231,300;230,302;231,305;231,307;231,308;230,311;231,312;230,314;230,316;230,319;230,320;230,322;230,325;231,327;231,328;231,331;231,333;231,334;231,336;230,339;230,341;230,343;230,345;230,346;231,349;230,351;230,352;231,355;230,357;230,358;231,360;230,363;230,365;230,366;231,368;231,370;231,373;230,374;231,376;230,379;231,380;230,383;231,385;231,386;230,389;231,391;230,392;231,394;230,397;231,399;231,401;230,403;231,405;230,406;231,408;231,410;231,412;231,414;231,416;230,418;231,420;231,422;231,424;231,426;230,429;231,430;230,433;231,434;231,437;230,438;231,440;231,443;230,444;231,447;230,449;231,450;231,453;230,455;231,456;230,458;231,460;231,463;230,464;230,467;230,469;230,470;231,473;231,474;231,477;231,479;231,480;230,482;230,484;230,487;230,488;231,490;230,492;231,494;230,497;230,498;230,500;230,502;230,505;231,506;231,509;231,510
232,1;233,3;233,5;233,7;233,9;232,11;232,12;233,15;233,17;233,18;232,21;232,22;232,24;232,27;233,28;233,30;233,33;232,35;233,36;232,39;232,40;232,43;232,45;232,46;233,48;232,51;232,52;233,54;233,56;232,58;232,60;232,62;232,65;232,66;233,68;233,70;232,72;232,75;233,76;232,79;232,81;232,83;233,84;233,86;233,89;232,90;233,92;232,94;233,97;232,98;232,101;232,102;233,104;232,106;232,108;233,111;232,113;233,114;232,117;232,118;232,121;233,123;233,125;232,126;233,129;232,131;233,132;233,135;233,137;232,139;232,140;233,142;232,144;233,146;232,148;232,150;232,152;233,154;232,156;233,158;232,161;232,163;233,165;233,167;233,168;232,170;232,172;233,174;233,176;233,179;233,181;233,183;232,185;232,187;233,189;232,190;232,193;232,194;232,197;232,198;233,200;233,203;232,204;233,206;232,209;233,211;232,213;233,214;232,217;233,218;232,220;233,223;233,224;233,227;232,229;233,231;233,232;232,234;233,237;232,238;233,241;233,243;232,245;232,246;233,249;232,251;233,253;233,254;233,257;232,258;233,260;232,263;233,264;233,267;232,269;232,270;233,273;233,275;232,277;233,278;232,280;233,283;232,284;233,286;232,289;233,291;232,293;232,295;233,296;232,298;232,301;233,303;232,304;232,306;233,308;233,310;232,312;233,314;232,317;233,318;233,320;232,322;233,325;232,326;232,328;233,331;232,332;232,335;232,336;233,338;232,340;232,343;233,345;233,346;232,348;232,350;233,352;232,355;232,356;232,359;233,361;232,363;233,365;233,367;232,369;233,371;232,373;232,374;232,376;232,379;232,380;232,383;232,384;232,387;233,388;232,390;232,393;233,394;233,396;232,398;232,400;233,402;233,405;233,406;232,408;233,410;232,413;232,414;232,416;233,419;232,421;232,423;233,425;232,427;232,429;233,431;233,432;233,435;232,437;232,439;232,440;232,443;233,444;232,446;233,449;233,451;232,453;233,454;233,457;232,459;232,461;233,463;233,464;232,466;233,468;233,470;232,472;232,475;232,477;232,478;232,480;232,483;232,485;232,486;232,489;232,491;233,492;232,495;233,497;233,499;233,501;233,502;233,505;232,506;233,509;232,510
234,0;235,3;234,4;234,6;234,8;234,10;234,13;234,15;235,17;235,19;234,20;235,22;235,24;234,27;235,28;235,30;234,33;234,35;234,37;235,38;235,40;235,43;235,45;234,47;234,49;234,50;234,52;234,54;234,56;235,59;234,61;235,62;234,65;235,66;234,68;235,71;234,73;235,75;234,77;234,79;235,81;235,83;235,84;234,87;234,88;234,90;234,92;235,95;234,96;235,98;234,101;235,102;234,104;234,107;235,108;235,111;234,112;234,114;234,117;235,119;235,121;234,123;234,124;235,127;234,129;234,131;235,133;234,135;234,137;235,138;234,140;234,142;234,145;235,146;234,148;235,151;235,153;235,155;234,157;235,158;234,160;234,163;235,164;235,167;234,169;234,170;234,172;234,175;234,176;234,179;234,181;235,182;234,185;234,186;234,189;234,190;234,193;234,195;235,197;235,198;234,201;234,203;235,205;234,206;235,208;234,210;235,213;234,214;234,216;235,218;235,220;235,223;235,225;235,227;234,228;235,230;235,233;235,234;234,236;235,239;234,241;234,242;235,245;234,247;235,248;234,250;234,253;235,255;234,257;234,258;235,261;235,263;235,264;235,267;235,269;235,271;234,273;234,274;235,277;234,278;235,281;234,282;234,284;234,287;234,289;235,291;235,293;235,295;234,297;235,298;234,301;235,302;234,304;234,307;234,309;234,311;235,312;235,315;235,317;234,318;235,321;234,323;235,325;235,327;234,329;235,331;235,332;235,335;234,336;235,339;234,340;235,343;235,345;235,346;234,348;235,351;234,352;234,355;234,357;235,359;235,361;235,363;235,364;235,367;235,368;235,370;235,373;235,375;234,376;234,378;234,380;235,383;234,384;234,387;235,389;235,390;234,393;235,394;235,397;235,398;234,400;234,402;234,404;235,406;235,408;234,411;235,412;234,414;234,416;234,418;234,420;234,423;234,424;235,427;235,428;234,430;235,433;234,435;235,437;234,438;235,440;235,443;234,445;235,447;234,449;234,451;235,452;235,454;235,457;235,459;235,461;234,462;235,465;235,467;234,468;234,470;234,472;234,475;235,476;234,479;234,481;234,483;234,484;235,487;235,489;235,490;235,493;235,495;234,496;234,498;234,501;235,502;234,505;235,507;235,508;235,511
237,1;237,3;237,5;236,7;237,8;236,10;236,13;237,14;237,17;237,18;237,21;236,23;237,24;237,26;237,29;237,30;236,32;236,34;237,36;237,38;236,40;236,43;237,45;236,47;237,48;237,51;237,52;237,55;237,56;236,59;236,60;237,62;237,65;237,66;237,69;236,71;237,73;237,74;236,77;237,79;237,81;236,83;237,85;237,86;236,89;237,90;237,92;236,94;236,96;237,99;236,101;237,103;237,105;237,106;236,109;236,110;237,113;236,114;236,117;236,119;236,121;236,123;236,125;237,127;237,128;237,131;237,133;236,135;236,137;237,139;237,141;236,142;237,144;236,146;236,148;237,150;236,152;236,155;237,157;237,158;236,160;236,162;237,164;237,167;237,168;237,170;237,172;236,174;236,176;236,179;237,181;237,182;237,184;237,186;236,189;237,190;236,192;237,195;236,197;237,198;237,201;236,203;237,205;237,206;237,209;237,210;237,212;236,214;236,216;236,218;237,220;237,223;237,224;237,227;237,229;236,231;236,233;236,235;236,237;237,239;236,240;236,242;237,245;236,246;237,249;236,250;237,252;237,254;236,257;236,259;236,260;237,262;236,264;236,267;237,268;236,270;237,273;236,275;237,276;237,279;236,281;237,282;236,285;237,286;237,288;237,291;237,292;236,295;236,297;236,298;237,301;237,302;237,305;236,306;237,309;237,310;236,312;237,314;236,317;236,318;237,321;237,323;237,325;237,327;236,328;237,330;236,332;236,335;236,337;236,339;237,340;236,342;236,344;237,347;236,348;237,351;236,353;236,354;236,357;236,359;236,361;237,362;236,364;237,366;237,369;236,370;237,372;237,375;237,376;236,379;236,380;236,382;237,384;236,386;237,388;237,391;236,392;236,394;236,397;237,399;236,401;237,402;236,405;236,406;237,409;237,410;236,413;236,414;237,416;237,418;236,420;236,422;236,424;237,427;236,429;237,431;236,433;236,434;237,436;237,438;237,440;237,443;237,445;236,447;237,448;237,451;237,452;236,454;236,456;236,458;236,460;237,462;236,465;236,466;236,469;237,470;237,472;236,475;236,477;236,478;237,480;236,483;236,484;236,486;237,488;237,491;236,492;237,494;236,496;237,499;236,500;236,502;237,504;237,507;237,508;237,510
239,1;238,3;239,4;239,6;238,8;239,10;239,12;239,14;239,16;239,19;238,20;239,23;239,25;239,26;239,28;239,30;239,32;239,34;239,36;238,38;238,41;239,42;239,45;239,47;239,48;238,50;238,53;238,55;238,57;239,59;239,61;238,62;239,65;238,66;239,68;238,70;238,73;239,75;239,76;238,79;238,80;239,83;238,84;238,86;239,89;238,90;238,93;239,94;238,96;239,99;238,101;239,102;238,105;239,107;239,109;238,111;239,112;238,114;239,116;239,118;239,121;238,123;239,125;238,126;238,128;238,130;238,132;238,135;238,136;238,139;238,141;238,142;238,145;239,147;238,148;239,151;238,153;239,154;239,157;238,158;238,161;238,163;238,164;239,166;239,168;239,171;239,172;239,175;238,176;238,178;238,180;238,182;238,185;239,186;238,189;238,191;238,192;238,194;238,197;239,199;239,201;238,203;239,205;238,206;238,209;239,210;238,213;238,215;238,217;239,218;239,220;238,222;239,224;238,226;238,229;239,230;238,232;238,235;239,237;238,238;238,240;238,243;239,244;238,246;239,249;239,251;239,253;238,254;238,257;239,258;239,260;239,263;238,265;238,267;238,268;239,270;238,273;239,274;239,276;239,279;239,280;238,282;239,285;238,286;238,289;238,291;239,292;239,294;238,296;239,299;238,301;238,302;238,304;239,307;238,308;238,311;239,313;239,314;239,316;239,319;239,320;239,322;239,325;238,326;238,328;238,331;239,333;238,334;238,336;239,338;238,341;238,342;238,345;239,346;238,348;238,350;238,352;239,355;238,357;238,359;238,361;239,362;239,365;238,366;239,368;238,371;239,372;239,374;239,377;238,379;239,381;238,383;239,385;238,386;238,388;238,390;238,393;238,395;239,397;238,399;238,401;239,403;239,404;238,407;239,408;239,410;239,413;239,415;239,417;239,419;238,420;239,422;238,425;238,427;238,429;238,431;239,433;238,435;238,437;239,438;238,440;238,442;239,445;239,447;238,449;238,451;238,453;238,454;238,457;238,459;238,460;238,462;238,465;239,466;239,469;239,470;238,472;239,475;238,477;239,478;238,481;238,482;239,484;238,487;239,488;239,490;239,492;239,494;239,497;239,499;239,501;238,503;239,505;238,507;239,509;238,511
241,1;240,2;241,4;241,6;240,9;241,11;241,12;240,15;241,16;241,19;240,21;241,22;241,25;241,27;241,29;240,30;241,32;240,35;241,36;241,38;241,40;241,43;241,44;241,46;241,48;241,51;240,53;240,54;240,57;241,59;240,61;241,63;241,65;240,66;241,68;241,70;240,73;240,74;240,76;240,79;241,80;241,82;241,85;240,86;241,89;241,91;240,92;240,95;240,97;240,98;240,100;241,103;240,105;240,106;241,108;240,111;240,113;240,114;240,117;241,118;241,121;241,122;240,125;240,127;240,129;241,130;241,132;240,135;241,136;240,139;241,141;241,143;241,145;241,146;241,149;240,151;241,153;240,155;240,156;240,158;241,161;240,163;240,164;240,166;240,169;241,171;240,172;240,175;240,177;240,179;241,180;240,183;241,185;240,186;240,188;241,190;240,193;240,195;241,197;240,199;241,200;241,202;241,204;241,207;241,208;241,210;240,212;241,215;241,216;241,218;241,220;240,222;241,225;240,227;241,229;241,230;241,232;240,235;241,236;240,238;240,241;240,242;241,245;241,246;240,249;240,251;241,253;240,255;240,257;241,259;241,260;240,263;240,264;240,267;240,268;241,271;241,273;241,274;240,276;241,279;240,281;240,283;240,285;241,286;240,288;241,291;241,292;241,295;241,297;240,299;240,301;241,302;240,304;240,307;240,308;240,310;241,313;241,315;241,316;241,319;241,320;241,323;240,324;240,327;240,329;241,330;240,332;241,334;240,337;240,338;240,341;241,343;241,345;241,347;240,349;241,351;241,353;241,355;240,356;241,359;241,361;241,363;241,365;241,367;240,368;240,371;241,373;240,375;240,376;241,378;240,381;240,383;240,385;240,386;241,389;241,391;240,392;241,394;240,397;241,398;241,400;240,403;241,405;240,406;241,409;241,411;241,413;241,415;241,416;240,418;240,421;240,423;241,425;241,426;241,429;241,431;241,433;241,435;241,437;241,439;240,440;241,442;240,444;241,446;241,449;241,451;241,452;241,454;241,457;241,458;241,461;241,463;240,464;241,466;241,469;240,471;240,473;241,474;241,477;240,478;240,481;241,482;240,485;240,487;241,488;240,491;241,492;240,494;240,496;241,499;241,500;240,503;240,504;240,507;241,509;241,510
242,0;242,2;243,5;243,6;242,9;242,10;243,13;243,15;242,17;242,19;243,21;243,22;242,24;242,27;243,28;242,30;242,32;243,34;242,36;243,38;242,41;243,42;242,45;242,47;243,49;243,50;243,53;242,55;242,57;243,58;243,61;242,62;243,65;242,67;242,68;242,70;242,72;242,74;243,76;242,79;242,81;242,82;242,84;243,86;242,89;242,90;242,93;243,95;242,97;243,99;242,100;242,102;243,104;243,107;242,109;242,111;243,113;243,114;243,116;243,119;242,121;242,122;242,125;243,126;243,129;242,130;243,132;243,135;243,136;243,139;242,140;243,143;243,145;243,146;243,149;243,151;243,152;242,154;242,157;242,159;243,160;242,163;242,164;242,167;242,168;243,171;243,173;243,175;242,177;243,178;243,180;242,182;243,185;243,187;242,189;242,190;243,192;243,195;243,197;243,199;243,201;243,203;242,204;242,207;243,208;243,210;242,212;243,214;243,216;243,218;242,221;243,223;243,224;242,226;242,229;243,231;242,233;243,235;243,236;242,239;243,241;243,243;242,245;243,247;243,248;243,251;242,253;243,255;243,257;243,258;243,260;243,262;242,265;243,267;243,268;243,271;243,272;243,274;243,276;243,278;242,281;243,283;242,284;242,286;242,289;243,290;243,292;243,295;243,297;242,299;243,301;242,302;243,304;243,306;243,309;243,311;243,312;243,314;243,317;243,318;243,320;242,323;243,324;242,326;242,329;243,330;242,333;242,335;243,336;242,339;242,340;243,343;243,344;243,347;243,349;242,351;242,353;242,354;242,356;243,359;242,360;242,363;242,365;243,366;243,368;242,370;243,372;242,375;242,377;243,378;243,380;242,382;242,385;243,386;242,388;243,390;242,392;243,394;243,396;242,398;243,401;243,402;242,404;242,406;242,408;242,410;242,413;242,414;243,417;243,418;243,420;242,422;243,424;242,426;243,428;243,430;243,432;242,435;243,436;242,439;243,441;242,442;242,445;243,446;242,449;242,451;243,452;243,455;242,457;242,458;242,460;243,462;243,465;242,466;243,468;243,470;243,472;242,474;243,477;242,479;243,481;243,483;243,484;243,486;242,488;243,491;243,493;242,494;242,497;242,498;243,501;243,502;242,505;242,506;242,508;242,510
244,1;244,2;244,5;244,7;244,8;244,10;244,13;245,14;245,17;244,18;244,20;244,22;245,25;245,27;245,29;244,30;244,33;244,35;245,37;245,38;245,40;245,43;244,44;245,46;245,48;245,50;244,52;245,55;245,57;244,59;245,60;245,62;245,65;245,66;244,69;244,70;245,72;245,74;244,77;244,78;244,81;244,82;244,84;244,87;244,89;244,90;245,92;245,94;245,97;245,99;244,100;244,103;244,104;244,107;245,108;244,111;245,112;244,115;245,116;245,118;244,121;245,123;245,124;244,127;244,128;244,130;244,132;245,135;244,137;244,139;245,140;244,142;244,145;245,146;244,149;245,151;245,153;244,155;244,157;244,159;244,161;245,163;244,164;245,166;244,169;245,170;244,173;245,174;244,177;245,178;244,180;244,183;244,184;244,187;244,188;244,191;245,193;245,194;245,196;244,198;245,201;245,202;244,204;244,207;244,208;245,211;245,212;244,215;245,217;245,218;245,221;244,223;245,224;245,227;245,229;245,231;244,233;245,235;245,236;244,239;245,240;245,242;244,244;244,246;244,249;244,250;244,253;244,255;245,257;245,259;244,260;245,263;245,265;245,267;245,269;245,270;245,272;244,274;244,276;245,278;245,281;244,283;245,284;245,286;244,288;245,290;244,293;244,295;245,297;244,299;244,301;245,303;245,305;244,307;245,309;244,311;245,313;245,315;245,316;244,318;245,321;244,322;245,325;244,326;245,329;245,330;245,332;245,335;245,337;245,338;245,341;244,342;245,345;245,347;245,348;245,351;244,353;245,354;244,357;244,358;244,360;245,363;244,364;245,366;244,368;245,370;244,373;245,375;245,377;245,379;245,380;244,382;245,385;245,387;244,388;245,390;244,393;245,395;245,396;244,399;245,400;245,403;245,404;244,407;245,409;244,411;244,413;245,414;244,416;245,419;245,421;245,423;244,424;244,427;244,428;244,430;245,432;245,435;245,437;245,438;245,440;245,442;245,444;244,446;245,449;245,451;245,452;244,455;245,456;245,458;245,460;245,462;245,464;245,467;245,468;244,471;245,473;245,474;244,476;244,479;244,480;244,482;245,484;244,486;244,489;245,491;245,492;244,495;245,497;244,498;245,500;244,502;245,505;245,506;244,509;245,511
247,1;247,2;247,4;247,6;246,9;247,11;247,13;246,14;247,17;247,18;247,20;246,22;247,24;246,27;247,28;246,30;247,33;247,35;246,37;247,39;247,40;247,42;246,45;246,46;247,49;246,50;247,52;246,55;246,56;246,58;247,61;247,62;247,65;247,67;246,68;246,70;246,73;246,74;246,77;247,78;246,80;247,83;247,84;246,87;246,88;246,90;247,93;246,94;246,97;246,98;247,101;246,102;247,104;247,106;246,108;246,111;246,113;247,114;246,117;246,119;246,120;247,123;247,124;246,127;247,129;247,130;246,132;247,134;246,137;247,138;246,140;246,142;246,144;247,146;247,148;247,150;246,152;246,154;247,156;247,158;246,160;246,162;247,165;247,167;247,168;247,170;246,172;247,175;246,177;246,179;247,180;246,182;247,184;247,187;246,188;246,190;246,193;247,195;247,196;246,199;246,200;246,203;246,205;246,207;246,208;247,211;247,212;246,215;246,217;247,218;246,220;246,223;247,224;247,227;246,229;247,231;246,232;246,234;246,236;247,238;246,240;246,242;246,245;246,247;247,249;246,250;247,253;247,255;246,256;246,259;246,260;247,262;247,264;247,266;247,268;246,270;247,273;247,274;247,276;246,278;247,281;247,282;247,285;246,287;247,288;247,291;247,292;247,295;246,297;247,299;247,300;247,302;246,304;247,307;247,309;247,310;246,313;246,315;246,316;246,319;247,320;246,323;246,324;246,327;246,328;246,331;246,333;247,335;246,337;247,339;246,341;247,342;247,345;246,346;246,348;247,351;247,352;246,354;247,356;247,359;247,361;246,363;246,364;246,366;247,369;247,371;247,373;247,374;247,376;247,378;246,381;247,383;246,384;246,387;247,389;246,390;247,393;247,394;246,396;247,398;247,400;246,402;246,405;246,407;246,408;246,411;246,413;247,415;246,417;246,419;247,421;247,422;247,424;247,427;247,429;247,431;247,432;247,435;246,437;246,439;246,441;246,443;246,444;246,446;246,449;247,450;247,453;246,454;247,456;246,458;246,461;247,462;247,465;246,467;247,468;247,471;246,472;247,474;247,477;246,479;246,480;246,483;247,485;247,486;247,488;246,490;246,492;246,495;246,496;247,499;247,500;247,503;247,505;246,506;247,509;247,511
248,0;249,2;248,5;248,6;249,9;249,10;248,13;248,14;249,16;248,18;249,21;248,22;249,24;249,27;248,28;249,31;248,33;249,34;249,36;249,38;248,41;248,42;248,45;248,47;249,48;248,51;249,52;249,54;248,56;249,59;248,61;249,62;249,65;249,66;249,68;249,70;248,73;248,75;248,77;248,78;249,81;248,82;249,85;248,86;249,89;249,90;248,92;248,94;248,96;249,98;248,101;248,102;248,105;248,107;248,109;248,110;249,113;248,115;248,116;249,119;248,120;249,122;249,125;248,127;248,128;249,131;249,132;248,135;248,136;249,138;248,140;248,142;248,145;248,147;248,148;249,151;249,152;248,154;248,156;248,159;249,161;248,163;249,165;249,167;249,168;248,170;248,173;248,174;249,176;249,179;249,180;249,182;248,184;249,187;248,188;248,190;248,192;249,195;249,196;248,199;249,201;248,203;248,205;248,206;248,209;248,211;249,212;249,214;248,216;248,219;249,220;249,223;248,224;249,226;249,228;249,231;249,232;248,235;248,237;249,238;248,240;248,242;249,245;249,246;249,249;248,250;248,253;249,254;248,257;248,258;248,260;248,263;249,265;249,266;248,268;249,271;249,272;249,274;249,277;249,279;248,281;248,282;248,285;248,287;249,288;248,290;249,293;248,294;248,296;248,299;249,300;248,303;249,305;249,306;249,308;248,311;249,313;248,314;249,317;249,318;249,320;248,323;248,324;248,326;249,329;248,331;248,332;248,335;249,336;249,339;248,341;248,342;248,344;249,346;248,349;248,351;248,352;248,354;249,357;249,358;249,361;249,362;248,365;248,366;248,369;249,371;249,373;248,374;248,377;249,379;248,381;249,382;248,384;249,387;248,388;249,391;248,392;248,394;249,396;248,399;248,400;249,402;249,404;249,406;248,408;249,411;248,412;248,415;249,417;249,419;249,421;249,422;248,424;249,427;248,429;248,431;249,433;248,435;248,437;248,438;248,440;248,442;248,444;248,447;248,448;248,450;249,453;248,455;249,457;249,458;248,461;249,462;248,464;248,467;248,468;248,470;249,472;248,475;248,476;248,478;248,481;249,483;248,485;248,486;249,489;248,490;249,492;249,495;249,497;249,499;248,500;248,502;248,504;249,506;248,508;248,511
250,0;251,2;250,5;250,7;250,8;251,11;251,12;251,15;251,16;251,19;251,21;250,22;250,25;250,26;251,28;251,30;250,33;250,34;250,37;251,38;250,40;251,43;250,44;251,46;251,49;251,50;250,52;250,54;250,57;250,58;250,60;251,63;250,64;250,66;251,68;251,71;251,72;250,75;250,76;250,79;250,81;250,83;251,84;251,86;251,88;250,90;250,93;251,94;250,96;250,98;250,100;251,102;250,105;250,106;251,108;251,110;251,113;250,115;250,117;251,119;251,120;251,123;250,125;251,127;251,129;251,131;251,132;251,134;250,137;251,138;250,140;251,142;250,145;250,147;251,149;250,151;250,153;250,155;250,157;251,159;250,160;250,163;251,165;250,167;250,168;250,171;250,172;250,175;251,177;250,178;250,181;250,182;251,184;251,187;250,189;250,190;250,192;251,195;251,196;251,199;251,200;251,203;250,205;251,207;251,209;250,210;251,213;250,215;250,216;251,218;251,220;250,223;251,225;251,226;251,228;250,231;251,233;251,235;251,236;250,239;250,240;250,242;251,244;250,247;251,249;250,251;251,252;250,255;251,257;251,259;250,260;251,263;250,265;250,266;250,268;250,270;250,272;250,274;250,277;250,279;251,280;250,283;250,284;251,287;250,288;250,290;251,293;250,294;250,296;250,298;250,300;251,302;250,304;251,307;251,309;251,310;251,312;250,315;251,316;250,318;250,321;251,323;250,324;251,327;251,329;250,330;251,332;251,335;250,336;250,339;251,341;250,343;251,345;251,347;251,348;250,350;250,353;250,355;250,356;250,358;250,361;251,362;250,365;251,366;251,369;251,371;251,372;250,374;250,376;250,379;250,381;251,382;250,384;250,386;251,388;250,391;251,392;250,395;250,397;251,399;250,401;251,403;250,404;251,406;250,409;250,411;251,412;251,414;250,416;250,419;250,420;250,423;251,425;250,427;250,429;250,431;250,432;251,435;251,437;250,439;250,440;250,443;250,444;250,447;250,448;251,450;251,453;250,455;250,457;251,458;251,461;250,463;251,464;251,466;251,469;250,471;250,472;251,475;250,476;250,479;250,480;250,483;250,485;251,487;251,489;251,491;250,493;251,494;251,496;251,498;251,501;251,502;251,505;250,506;251,509;250,510
253,1;252,2;252,4;253,7;253,9;252,11;253,13;252,14;252,17;252,18;252,21;252,22;253,24;253,26;252,28;252,31;253,33;253,35;252,36;252,38;253,41;253,43;253,45;253,47;253,48;252,50;252,52;253,54;252,56;252,58;253,61;253,63;253,65;253,66;253,68;253,70;252,73;252,75;252,77;252,78;252,80;253,82;253,84;252,87;253,89;253,90;253,93;252,95;252,96;252,98;252,100;252,102;253,104;252,106;253,109;252,111;252,113;252,115;252,117;252,119;253,121;253,122;253,125;252,126;252,128;253,131;253,132;253,134;253,136;253,138;252,141;253,142;252,144;252,147;252,149;252,150;252,153;252,154;253,157;252,159;253,161;253,162;253,165;252,166;253,169;253,171;253,172;253,175;252,176;253,178;252,180;253,182;253,185;253,186;253,188;252,190;253,193;253,194;252,197;253,199;253,201;252,203;253,204;253,206;252,209;252,210;252,213;253,214;252,217;252,218;253,221;252,223;252,225;253,226;253,228;252,230;252,232;253,234;252,237;252,239;253,240;252,242;253,244;253,247;252,248;252,251;253,253;252,254;252,257;252,258;253,261;253,262;252,265;252,266;253,268;253,271;253,272;252,274;253,276;252,279;252,281;253,282;252,284;252,286;253,288;253,290;253,292;253,294;253,297;252,298;252,300;253,303;253,305;252,306;252,308;253,311;253,312;252,314;253,316;252,318;253,320;253,323;252,325;253,327;252,329;253,330;253,333;253,334;253,337;252,338;252,341;252,343;253,345;252,347;253,349;253,350;253,353;252,354;253,357;252,359;253,361;253,363;253,364;253,366;252,368;252,371;252,372;253,374;253,377;253,379;252,380;253,382;253,385;252,387;253,389;252,391;253,392;253,394;253,396;253,399;252,401;252,403;252,404;252,407;252,409;253,411;252,412;252,415;253,417;252,418;252,420;253,422;252,424;252,427;252,428;253,430;253,432;252,435;252,436;252,439;253,441;252,443;252,444;253,446;253,448;252,451;252,452;253,455;253,456;253,458;253,460;253,462;253,464;252,466;253,469;253,470;252,473;252,474;252,476;252,479;253,481;252,482;253,484;252,486;252,488;253,490;252,493;253,495;253,497;253,499;253,501;252,503;253,504;253,506;252,508;252,510
254,1;254,2;255,4;255,6;255,8;255,11;254,13;255,14;255,17;255,18;255,20;255,23;255,24;255,26;255,28;255,31;254,32;254,34;255,36;254,39;254,41;254,42;254,45;254,47;255,49;254,50;254,53;255,54;255,56;254,58;255,61;254,62;255,64;255,66;254,68;254,71;255,73;255,74;254,77;254,78;255,81;255,83;255,85;254,87;254,89;255,91;255,93;254,95;255,97;255,98;254,101;254,102;255,105;255,106;254,108;254,110;254,113;254,115;255,116;255,118;255,120;254,122;255,125;255,126;255,128;255,131;255,133;254,134;254,137;254,139;254,140;255,142;254,144;255,147;255,149;254,150;255,152;255,154;254,157;254,159;255,160;254,163;255,164;254,166;254,168;255,171;255,173;255,174;255,177;254,178;255,181;255,182;254,185;255,186;254,188;255,191;254,193;255,195;254,196;255,198;255,200;254,203;254,205;255,207;255,208;255,210;255,213;255,214;254,216;255,219;255,221;254,223;255,224;254,227;255,228;255,230;254,233;254,235;254,237;255,238;254,241;254,242;254,244;255,247;254,248;254,250;255,253;255,255;254,256;254,258;255,261;254,262;254,265;255,266;254,269;255,270;255,272;254,274;254,277;255,278;255,281;254,283;255,285;254,286;254,289;255,290;255,292;255,295;254,297;254,298;255,301;254,302;254,304;255,306;255,309;254,311;255,313;255,314;255,317;255,319;254,320;255,322;255,324;255,327;255,329;255,331;255,333;255,335;255,336;255,339;254,340;255,343;255,344;254,347;255,348;255,351;254,352;255,354;255,357;254,358;254,361;254,363;254,364;254,366;255,369;255,371;254,372;254,374;254,376;255,378;254,381;254,383;255,384;255,387;255,389;254,391;255,393;255,394;254,397;255,399;255,401;255,403;254,405;255,406;255,408;254,410;254,413;254,414;254,416;254,418;255,421;254,423;255,425;254,426;255,428;255,431;255,433;255,434;255,437;254,438;255,441;254,443;254,445;255,446;254,448;255,450;254,453;255,454;254,456;254,459;254,460;254,462;254,464;254,466;255,468;254,471;255,473;254,475;255,477;255,479;254,480;254,483;254,485;254,486;254,488;254,491;255,493;255,495;255,497;255,499;255,500;254,502;255,505;255,507;254,509;254,510
257,0;256,3;257,5;257,7;257,8;256,10;257,12;257,15;256,16;256,19;256,21;256,22;257,24;256,27;257,28;257,31;257,32;257,35;256,37;256,39;256,41;257,42;256,44;256,47;257,49;256,50;256,52;257,55;257,57;256,59;257,60;257,63;256,65;256,67;256,69;257,71;256,73;256,75;257,76;257,78;257,80;256,83;257,85;257,87;256,89;256,91;256,93;257,95;257,96;256,98;256,101;257,102;257,105;257,106;256,109;257,110;256,112;257,115;256,116;257,119;256,121;256,122;256,124;256,126;257,128;256,131;257,132;257,135;256,136;257,138;256,140;256,143;257,145;257,146;256,149;256,151;256,152;257,154;257,156;256,158;257,160;257,162;257,165;257,167;257,169;256,170;257,173;257,175;256,177;256,179;257,181;256,182;256,185;257,186;256,189;256,191;257,192;256,195;256,196;257,199;257,200;256,202;257,205;257,206;257,208;256,210;256,212;256,214;257,217;256,219;257,220;257,222;256,224;257,226;256,228;257,231;256,232;256,234;256,236;256,239;256,240;257,242;257,244;257,247;256,248;257,250;257,252;256,255;256,257;257,258;257,261;257,262;256,265;256,267;257,269;256,270;256,272;256,275;256,277;257,279;256,281;257,282;257,285;257,287;256,288;257,290;256,292;257,295;257,296;257,298;256,301;256,303;256,304;257,307;256,308;257,311;257,312;257,315;256,317;256,318;257,320;256,323;257,325;257,326;256,328;256,331;256,333;256,335;257,336;256,339;257,341;256,342;256,344;257,347;256,349;256,350;257,352;257,354;257,357;256,359;256,361;256,363;257,365;256,367;257,368;257,370;256,372;256,375;257,377;257,379;256,380;257,382;257,385;256,387;256,388;256,391;257,392;256,395;256,397;257,399;256,401;257,403;256,404;256,406;257,409;257,411;257,413;257,415;256,417;257,418;256,420;256,422;256,425;257,427;257,429;256,430;257,432;256,434;257,437;256,439;256,441;257,443;256,445;257,446;256,449;256,450;257,452;256,455;256,457;257,458;257,460;256,462;257,464;257,466;256,468;256,471;257,473;256,474;256,477;257,479;256,480;256,483;256,485;257,486;256,488;256,490;257,492;256,495;257,497;257,498;256,501;257,502;257,505;256,506;256,508;257,510
258,0;259,2;258,5;258,6;259,9;258,10;259,13;259,15;259,16;259,19;259,20;259,22;258,25;258,26;258,29;258,30;258,33;259,34;259,36;259,39;258,40;259,42;258,45;258,46;259,49;259,50;258,52;258,55;258,56;258,58;258,60;259,62;259,65;259,67;258,68;259,70;258,72;259,75;259,76;258,79;259,80;259,83;258,85;259,87;258,89;259,90;259,92;259,95;259,97;259,98;259,101;259,102;258,104;259,106;258,108;258,110;258,113;259,115;258,116;258,118;259,120;258,123;258,124;259,126;258,128;258,131;259,132;258,135;258,137;258,139;258,140;258,143;259,144;259,146;259,149;259,150;258,152;258,154;258,157;259,158;258,161;259,162;258,165;259,166;258,168;259,171;259,173;259,175;258,177;259,179;258,181;259,182;258,184;258,187;259,188;259,191;258,193;259,195;259,197;259,198;259,200;258,202;258,205;258,207;259,209;259,211;258,213;258,214;258,216;258,219;258,220;259,223;259,224;258,227;259,229;259,230;259,233;259,235;258,237;258,238;259,241;258,243;259,244;259,247;259,249;259,251;258,253;258,254;259,256;259,258;258,261;258,263;259,265;259,266;258,269;258,270;258,273;258,275;259,277;259,279;258,281;259,282;259,284;259,286;259,289;259,291;258,292;258,295;258,296;258,298;259,301;258,303;258,305;259,307;259,309;259,310;259,312;259,315;258,317;258,319;259,320;259,323;259,325;259,326;258,329;259,331;258,332;259,334;259,337;259,339;259,340;259,343;258,345;259,346;259,349;258,351;258,353;259,354;259,356;259,359;258,360;259,362;258,364;259,367;258,368;259,371;258,372;259,374;259,377;259,378;258,380;258,383;259,385;258,387;259,389;258,391;258,393;258,395;259,397;258,399;259,400;258,403;258,405;258,406;259,409;259,411;259,412;259,415;259,417;258,419;258,421;258,422;258,425;259,426;259,429;259,431;259,432;258,435;259,437;259,439;258,440;258,442;259,444;259,446;259,448;259,450;259,452;258,455;258,456;259,458;259,460;258,462;259,465;259,466;258,469;258,471;259,473;259,475;258,476;259,479;258,480;258,483;258,484;259,486;258,489;258,490;259,493;258,494;258,497;259,498;258,500;259,502;259,505;259,507;259,509;259,510
260,1;260,3;261,5;260,6;261,9;261,11;261,13;261,15;260,17;261,19;261,21;260,23;261,24;260,27;261,28;261,31;261,33;260,34;260,37;261,39;260,41;260,42;261,44;260,46;261,49;260,50;261,52;261,55;260,57;260,59;261,60;261,62;260,65;260,66;260,68;261,71;261,73;260,74;260,76;261,78;261,80;261,83;261,85;260,87;260,88;260,90;261,93;260,95;260,97;261,98;261,101;260,102;261,104;261,107;260,109;260,111;260,113;260,115;260,117;261,118;261,121;261,122;260,124;261,127;261,128;260,131;260,133;261,135;261,136;260,139;261,140;260,142;260,144;261,146;261,149;260,150;261,152;261,154;261,157;261,159;261,160;261,162;260,165;261,167;260,169;261,171;260,173;260,175;260,177;261,178;260,180;261,182;261,184;260,186;261,189;261,190;260,192;260,194;261,196;261,199;261,200;261,203;260,205;261,207;260,209;260,211;261,212;260,214;260,217;261,219;260,221;261,223;260,225;260,227;260,228;261,230;261,232;260,235;261,236;260,238;261,240;260,242;261,245;260,246;261,249;261,250;261,252;261,254;261,257;260,258;260,261;260,263;260,265;260,267;261,269;260,270;261,273;260,275;261,276;261,278;260,281;260,283;261,284;260,286;260,289;261,290;260,292;261,295;261,297;260,298;260,300;260,302;261,305;261,306;260,308;260,311;261,313;260,314;260,316;261,318;260,320;260,323;260,324;260,327;261,329;260,330;260,333;260,335;261,337;261,339;261,340;260,343;260,344;261,347;261,348;261,350;261,352;260,354;260,356;261,359;261,360;261,362;261,364;261,367;260,369;260,371;261,373;260,374;260,376;260,379;260,381;260,382;260,384;261,387;261,388;261,390;261,393;260,394;260,396;261,399;260,400;260,403;260,405;261,407;260,409;261,411;260,413;261,414;260,416;260,419;261,421;261,422;261,425;260,426;261,428;261,431;260,432;261,434;261,436;260,438;261,440;260,443;261,444;261,447;260,449;261,451;260,453;260,454;261,457;261,459;261,461;260,463;261,465;261,467;261,468;261,471;261,473;261,475;260,477;260,478;260,480;260,482;260,484;260,486;261,489;260,491;261,492;260,494;261,497;261,499;261,500;261,503;261,504;260,507;260,509;260,511
262,1;263,3;263,5;263,6;262,9;263,10;263,12;262,15;263,17;263,19;263,20;263,22;262,24;263,26;263,29;262,30;262,33;263,34;263,37;263,39;262,41;262,43;263,45;263,46;263,49;262,50;262,52;262,54;263,56;262,58;263,61;263,62;262,65;263,66;263,68;262,71;263,72;262,74;263,76;262,79;263,80;262,82;263,84;262,87;262,88;262,90;263,93;262,95;262,96;263,98;263,101;263,103;262,104;263,106;262,108;263,111;263,113;263,115;263,116;262,119;262,121;262,123;263,125;262,126;263,129;262,131;262,133;262,134;262,136;262,139;262,141;262,142;263,145;262,147;262,149;263,150;263,153;262,154;262,156;263,158;262,161;262,163;263,165;263,166;263,169;262,171;263,172;263,174;263,176;262,179;262,181;262,183;263,185;263,186;262,189;262,191;262,192;263,194;263,196;262,198;262,200;262,202;262,204;263,207;262,208;262,211;263,212;263,215;263,216;262,218;263,220;263,223;262,225;262,227;263,228;263,231;262,233;262,234;262,236;262,238;263,241;262,242;262,245;263,247;262,249;263,250;262,253;262,254;262,256;262,259;263,261;263,263;263,265;262,267;263,268;263,271;262,272;262,274;262,277;262,278;262,280;263,282;262,284;263,286;262,289;262,290;263,292;262,295;263,296;262,298;262,301;262,303;262,304;263,306;263,309;262,310;262,312;263,314;262,317;262,318;262,320;262,322;263,325;262,327;262,328;263,331;263,332;263,334;262,336;263,338;263,341;262,343;262,345;262,346;263,349;263,350;262,352;262,354;263,357;263,358;262,360;263,363;263,364;262,367;262,369;263,371;262,373;262,375;263,376;263,379;262,381;262,383;262,384;262,386;263,388;263,391;262,392;262,394;263,397;262,398;263,401;263,402;263,404;263,407;263,409;263,411;263,412;262,415;263,417;262,418;262,420;263,422;262,424;263,427;262,428;262,431;263,433;262,435;263,436;263,439;262,441;263,443;262,444;262,447;263,449;262,451;263,453;263,455;262,457;263,458;263,461;262,463;262,464;262,467;263,468;263,470;262,473;263,474;262,477;263,478;262,480;263,483;263,484;263,486;263,488;263,490;263,493;263,495;263,496;263,498;262,500;263,503;262,504;262,506;262,508;262,511
264,0;265,3;265,5;264,6;265,9;264,11;265,13;265,15;264,16;264,19;264,20;265,23;264,24;265,27;264,29;264,31;264,33;265,34;264,37;264,39;264,41;265,43;265,44;265,47;265,49;265,50;264,52;264,54;265,56;264,58;264,61;264,63;264,65;265,66;264,69;265,71;264,73;264,75;264,76;264,78;264,81;265,82;264,85;264,86;265,89;264,91;265,93;264,95;264,97;265,98;265,101;264,102;264,105;264,107;264,109;265,110;265,112;264,114;264,117;265,119;264,121;265,123;264,125;264,126;265,129;265,131;265,132;265,134;264,137;264,138;265,140;265,143;264,145;264,147;264,148;264,150;265,152;265,154;265,156;265,158;265,161;264,162;265,164;265,167;265,169;264,170;265,172;265,174;264,176;264,178;265,180;264,182;264,184;265,187;264,188;264,191;265,193;264,194;265,196;265,198;265,200;264,202;265,205;264,206;265,208;264,211;265,212;265,214;265,216;265,219;264,221;264,223;264,225;264,226;265,229;265,230;265,232;264,235;265,237;264,238;265,241;265,243;265,244;264,247;265,249;265,251;265,252;265,255;264,256;264,258;264,260;264,262;265,265;264,267;264,268;264,270;264,272;264,274;264,276;264,278;264,280;265,283;265,285;264,286;264,289;265,290;264,293;265,295;264,297;264,299;264,300;264,303;265,305;265,307;264,308;265,310;265,312;264,315;264,316;265,319;265,321;264,323;264,325;264,326;265,328;264,330;265,332;264,334;265,337;264,338;265,341;264,343;264,344;264,346;264,349;264,350;265,353;265,355;265,356;265,358;265,361;264,363;264,364;265,367;264,369;265,371;265,373;264,374;264,377;265,378;265,381;265,383;264,385;264,387;265,389;264,390;264,392;264,395;264,397;265,398;265,401;265,402;265,405;265,406;264,409;264,410;264,412;265,415;264,417;264,419;264,421;265,423;264,424;264,427;265,429;264,430;264,433;265,435;265,436;265,439;264,440;264,442;265,444;265,446;265,449;264,450;265,453;264,455;264,456;265,459;265,461;264,462;264,465;264,466;264,468;264,471;264,472;265,474;265,476;264,479;265,480;265,483;264,485;265,486;265,489;265,490;264,492;264,494;265,497;264,499;264,501;265,502;265,505;265,507;265,509;265,511
267,0;267,3;267,4;266,7;266,8;266,10;267,13;266,14;267,17;267,19;266,20;267,22;267,25;267,27;266,29;266,31;266,33;266,34;267,36;266,38;266,40;266,43;266,45;266,47;267,48;266,51;266,53;266,55;266,57;266,58;267,60;267,63;266,65;267,67;266,68;267,70;266,72;267,74;267,76;267,79;266,80;267,83;266,85;267,86;267,89;266,91;266,93;266,94;266,96;267,99;266,100;266,103;266,105;266,107;266,108;267,110;267,112;266,115;266,117;267,119;266,121;267,122;266,124;267,127;267,128;267,131;267,133;266,135;267,137;267,139;266,140;266,143;267,144;266,146;267,149;267,151;267,152;266,154;266,156;266,159;266,160;267,162;267,165;266,166;267,169;267,170;267,173;267,174;267,176;266,178;266,180;267,183;267,184;267,187;266,189;266,190;266,192;266,194;266,197;267,198;266,200;266,202;266,204;266,207;267,208;266,211;266,212;266,215;266,216;266,218;266,220;267,223;267,225;266,227;266,228;266,230;267,232;266,234;267,236;267,238;266,241;267,242;266,244;267,247;267,249;266,251;266,252;267,254;267,257;266,259;266,260;267,262;266,265;267,267;266,268;266,270;266,273;266,274;267,276;267,279;267,281;267,283;267,284;266,286;267,288;267,291;267,292;267,294;266,296;267,298;266,301;267,303;267,305;266,307;267,309;267,310;266,312;266,315;266,316;266,319;266,321;266,323;267,324;267,327;266,328;266,331;267,333;267,334;266,336;267,338;266,341;266,342;266,344;267,346;267,349;266,350;267,353;266,354;266,356;266,359;267,360;267,362;267,365;267,366;266,369;266,370;266,372;266,375;267,376;267,378;266,380;266,382;266,384;266,387;267,389;267,390;266,392;266,394;267,397;266,398;267,400;267,402;267,405;266,406;267,408;266,410;266,412;266,415;266,416;267,419;267,420;266,423;266,424;266,427;267,429;267,431;266,433;267,434;266,436;266,439;267,440;266,443;266,445;267,447;267,448;266,450;266,453;266,455;266,456;266,459;267,461;266,462;267,464;267,466;267,469;266,470;266,472;266,474;267,477;266,478;266,481;267,482;266,485;267,487;267,488;267,490;266,493;267,495;267,497;266,498;267,501;267,502;266,505;267,506;266,508;267,510
269,1;268,2;269,4;268,6;268,8;268,11;268,13;268,14;268,17;268,19;269,21;268,22;268,25;269,26;268,29;269,30;269,32;269,34;268,37;268,39;268,40;268,42;268,45;268,46;268,49;269,51;268,53;269,55;269,57;269,58;268,61;269,63;268,65;268,66;269,68;268,70;269,72;269,75;269,76;268,79;269,80;268,82;268,85;269,86;269,88;269,90;269,92;268,94;269,97;268,98;269,101;269,102;268,104;269,106;269,109;269,110;268,113;268,115;269,117;268,118;269,120;269,123;268,125;268,127;269,128;269,131;269,133;269,135;268,137;269,138;268,140;269,143;268,144;269,146;269,149;268,150;268,152;268,154;269,156;268,159;269,161;269,162;268,165;268,167;269,169;268,171;268,172;268,175;269,177;268,178;269,181;269,183;268,185;269,186;269,188;269,190;269,193;268,194;269,196;268,199;269,200;268,203;268,205;268,206;269,209;269,210;268,213;269,215;268,216;269,219;269,220;269,223;269,225;269,227;269,228;269,231;269,233;268,234;268,236;268,239;268,240;268,242;269,245;269,246;268,248;268,250;269,253;269,255;269,256;268,259;269,260;269,262;269,265;268,267;268,269;268,271;269,273;268,274;269,276;268,278;269,281;269,282;268,285;269,286;268,289;268,290;268,293;269,294;269,297;269,299;269,300;269,303;269,304;269,306;269,308;269,311;268,313;268,315;268,317;268,318;269,320;269,322;269,324;268,327;268,328;268,331;268,332;268,334;269,336;269,338;268,340;268,342;268,344;268,347;268,349;268,350;268,353;269,354;269,356;268,359;269,360;268,363;268,365;268,366;269,369;268,371;268,372;269,375;268,377;269,378;269,380;269,382;269,385;268,387;269,388;269,390;268,393;268,395;268,397;269,399;268,401;269,403;268,404;269,406;269,408;269,410;268,413;268,415;269,417;269,419;269,420;269,422;268,425;268,426;269,429;268,430;268,432;268,435;269,437;269,439;268,440;269,443;269,445;268,447;269,448;269,450;268,453;268,454;268,456;269,459;268,460;268,463;268,464;269,466;268,469;268,470;268,473;268,475;269,477;268,479;268,481;269,483;269,485;269,487;268,489;268,490;268,492;268,495;269,497;269,499;269,500;269,503;268,504;269,506;269,508;269,510
271,1;270,2;271,5;271,7;270,9;271,10;270,13;271,15;270,16;271,19;271,21;270,22;270,24;270,26;270,28;271,31;271,33;270,34;270,36;271,38;270,41;271,42;271,45;270,46;271,49;271,50;270,52;270,54;271,56;271,58;271,61;271,62;270,65;270,66;270,68;270,70;271,73;271,74;271,77;270,78;270,81;270,82;270,85;271,86;270,88;271,90;271,93;271,95;270,97;270,98;271,101;271,103;271,105;270,106;271,108;271,111;270,112;270,114;270,117;271,118;270,120;270,123;271,125;271,126;271,129;271,131;271,132;270,135;270,137;271,139;271,140;271,143;270,144;270,147;271,148;270,150;270,153;270,155;271,156;270,158;270,160;271,163;271,165;270,167;271,169;271,171;270,173;271,175;271,176;270,178;270,181;271,183;270,185;270,187;270,188;271,190;270,193;271,194;270,197;271,198;271,200;271,203;270,205;271,207;270,208;270,210;271,213;271,215;270,217;270,219;270,220;270,222;271,225;270,227;270,228;270,231;270,233;270,235;270,237;270,239;271,240;270,242;271,244;271,247;270,249;271,251;271,253;271,254;270,257;270,258;270,260;271,263;270,265;271,267;271,268;271,271;270,273;271,275;271,277;271,278;271,280;271,283;270,284;271,286;270,289;270,290;270,293;271,294;271,297;270,299;270,301;270,303;270,305;271,307;270,308;270,311;270,312;271,314;270,317;271,318;270,320;271,323;270,325;270,326;270,329;270,330;270,332;271,334;270,337;271,338;270,340;270,342;271,344;271,347;270,348;271,351;271,352;270,355;271,357;271,359;270,360;271,362;270,364;271,366;270,368;270,371;270,373;270,374;271,377;270,378;270,381;270,383;270,385;271,386;271,389;271,391;270,393;271,395;271,397;271,399;271,401;270,403;271,404;271,407;270,409;270,411;270,412;271,414;271,416;271,419;271,421;270,422;270,425;270,426;271,428;270,430;271,433;271,435;271,437;271,438;271,441;271,443;270,444;271,446;270,449;271,451;271,452;270,454;270,457;271,459;271,461;271,462;271,464;271,467;271,469;271,471;271,473;271,475;270,476;271,478;271,480;271,483;270,485;270,486;270,488;271,490;270,492;270,494;271,496;271,498;270,501;271,503;271,504;270,506;270,508;271,510
273,1;272,3;272,4;273,7;273,8;272,11;273,12;273,14;272,16;273,19;273,21;273,22;273,24;272,27;272,28;273,31;273,33;272,34;272,37;273,38;273,41;273,42;273,44;272,47;272,49;273,50;273,53;273,55;272,56;273,58;273,60;273,62;273,65;273,66;273,69;273,71;273,72;273,75;273,76;272,78;273,81;273,83;273,85;272,86;273,88;273,91;273,92;272,94;273,96;273,98;272,100;272,103;272,105;272,106;273,109;272,111;273,113;272,115;272,117;272,119;273,120;273,123;273,124;272,126;273,129;272,131;273,132;273,134;272,137;273,139;273,141;272,143;273,145;273,146;273,148;272,151;272,152;273,154;272,157;273,158;273,161;273,163;272,165;273,166;272,169;273,170;272,173;273,175;272,176;272,178;273,180;272,182;272,185;272,187;273,189;273,191;272,192;272,194;272,197;272,198;272,201;273,202;273,204;272,206;272,208;272,211;272,213;272,214;273,217;273,219;272,220;272,222;273,225;273,226;272,228;273,231;273,232;272,235;273,236;273,238;272,240;272,243;272,244;273,247;273,248;273,250;273,252;273,255;273,257;273,258;273,261;272,263;272,264;273,267;273,269;272,271;273,272;273,275;272,277;273,278;273,281;272,283;272,284;273,287;272,289;272,291;273,293;273,294;273,297;272,298;272,300;272,303;273,304;272,307;272,308;273,310;273,312;273,314;273,317;272,318;272,321;273,322;272,324;272,326;272,329;273,331;272,333;273,334;273,336;272,339;272,341;273,343;272,345;273,346;272,349;273,351;273,352;273,355;273,357;273,358;273,361;273,363;272,365;273,367;273,369;273,370;273,373;272,374;273,376;272,379;272,381;272,382;273,385;273,386;272,388;273,390;272,392;273,394;273,397;272,398;272,401;273,403;273,405;272,407;273,409;273,411;272,413;272,414;273,416;272,418;272,421;273,423;272,424;273,426;273,429;272,430;272,433;272,434;273,437;273,438;272,441;273,442;273,444;272,447;272,449;272,450;272,452;272,455;272,456;272,458;272,461;273,463;272,464;273,466;273,468;273,471;273,472;272,474;272,476;273,479;272,481;273,482;273,485;273,487;273,489;272,490;273,493;272,495;273,497;272,498;272,501;272,502;273,505;273,506;272,508;273,511
274,1;274,3;274,4;275,6;275,8;275,10;275,12;274,15;275,17;274,18;274,21;274,22;275,24;274,26;274,29;275,30;275,33;275,35;274,36;274,39;274,41;275,43;275,45;274,47;275,49;275,50;274,53;275,55;275,57;275,59;275,61;275,63;274,65;275,67;275,69;274,70;274,73;275,75;275,76;274,79;274,81;275,82;274,84;275,87;274,89;275,91;275,92;275,95;275,97;275,98;275,101;275,102;274,104;275,106;275,108;275,111;274,113;274,114;275,116;274,118;275,121;274,122;274,124;275,126;274,128;275,130;275,132;275,135;275,136;274,138;275,141;275,143;275,145;274,146;274,148;274,150;275,153;275,154;275,156;275,159;275,160;275,162;274,164;275,166;274,168;275,170;275,173;275,174;275,177;274,179;275,180;275,183;275,185;275,187;274,188;274,191;275,192;274,194;274,196;275,198;274,201;274,203;274,204;275,206;274,209;275,210;274,212;275,215;274,216;275,219;275,220;274,222;275,224;275,227;275,229;275,231;274,233;274,235;274,237;275,238;274,240;274,242;274,245;274,247;274,248;275,251;275,253;274,255;275,256;274,258;275,260;274,263;275,264;275,266;275,269;275,271;275,272;275,275;275,276;274,279;274,281;274,282;274,285;275,286;275,288;274,290;275,293;274,294;274,297;274,299;275,301;274,303;274,305;275,306;275,308;274,311;275,312;275,315;275,317;275,319;274,321;275,322;274,325;274,326;274,329;274,331;275,332;275,334;274,336;274,339;274,340;275,343;275,344;274,346;275,349;274,350;275,353;274,355;274,357;274,358;274,361;274,363;275,365;275,366;275,368;274,370;275,372;274,374;275,377;274,378;274,381;274,382;275,385;275,387;274,389;275,391;275,393;275,395;275,397;275,398;274,401;275,402;275,404;274,406;275,409;274,411;274,412;275,414;275,417;275,419;275,420;274,422;274,425;275,427;275,429;275,430;274,433;274,434;274,437;275,438;274,440;274,442;275,445;274,446;274,448;274,451;274,453;275,454;275,456;275,459;275,460;274,463;275,464;274,466;274,468;275,471;275,472;275,474;275,476;274,478;274,481;274,483;274,484;275,487;274,489;274,490;275,492;275,495;275,497;275,498;274,501;275,502;275,504;274,506;274,509;274,511
276,1;277,2;277,5;276,7;277,8;276,10;277,12;276,15;277,16;277,18;277,21;276,22;277,25;276,27;277,29;277,30;277,33;277,35;276,36;277,39;277,41;276,42;276,45;277,47;276,49;276,50;276,53;277,54;277,57;276,58;276,60;276,63;277,65;277,66;276,68;276,71;277,73;276,75;277,76;277,78;277,80;277,82;277,85;277,87;276,88;276,90;277,93;277,95;277,96;277,98;277,100;277,102;276,104;277,106;276,108;277,110;277,113;277,115;277,117;277,119;276,120;276,122;277,125;277,126;277,129;277,131;277,132;276,135;276,136;277,138;277,140;276,142;276,145;277,147;277,149;277,151;276,153;277,155;276,157;277,159;277,161;276,162;276,165;276,166;276,168;276,170;276,173;276,174;277,177;276,178;276,181;277,182;277,185;277,187;276,188;276,191;276,193;277,195;277,197;277,199;277,200;277,203;277,204;276,207;276,209;277,211;276,213;276,214;276,216;276,218;276,220;276,222;277,224;276,227;277,229;277,230;276,232;277,234;276,236;277,239;277,240;277,242;276,244;277,247;277,248;277,251;276,252;277,254;277,256;276,259;276,261;276,263;277,264;277,267;277,269;277,270;277,272;276,274;277,276;277,278;277,281;277,282;276,284;277,287;276,288;277,290;276,292;277,294;277,297;276,299;277,301;277,302;277,304;277,306;277,309;276,311;277,313;276,315;276,317;277,319;276,320;277,323;277,324;277,327;276,329;277,331;277,332;276,335;276,337;276,338;277,341;277,343;277,344;277,346;276,349;276,350;277,352;276,354;276,357;276,359;276,361;277,363;277,365;277,367;277,368;277,370;277,373;277,375;276,377;276,378;277,380;276,382;276,384;277,386;277,388;276,390;276,393;277,394;277,397;277,398;277,400;276,403;276,404;277,407;276,409;277,410;277,413;276,415;276,417;276,419;276,421;277,422;277,424;276,427;276,429;277,431;277,433;277,434;277,437;277,439;277,441;277,442;277,444;276,446;277,448;276,451;276,453;277,455;276,457;276,459;276,461;277,462;277,464;277,466;277,468;277,470;277,472;277,475;276,477;277,478;276,480;277,483;276,484;277,487;276,488;277,491;276,492;276,495;276,496;277,498;276,501;277,503;276,504;277,506;276,509;277,510
279,0;278,3;278,4;279,7;279,8;278,11;279,12;279,15;279,17;279,19;279,21;279,22;279,25;279,27;278,28;279,31;278,33;278,35;278,37;278,38;279,40;279,43;278,45;279,46;279,48;279,51;279,52;278,55;278,56;278,59;279,61;278,63;278,65;278,66;278,68;278,70;279,73;278,74;278,77;278,78;279,81;278,83;278,84;279,86;278,88;278,91;278,92;279,95;278,97;278,98;279,100;278,103;278,105;278,106;278,109;278,111;279,112;278,114;278,116;279,118;279,121;279,122;279,125;278,126;279,129;278,131;278,132;279,135;279,137;279,139;278,141;279,142;278,144;279,146;278,148;278,150;279,152;278,155;279,156;278,158;278,161;279,162;279,165;278,166;279,169;279,170;279,173;278,175;279,177;278,178;279,181;278,182;279,184;278,187;278,188;279,191;278,193;278,194;279,197;278,198;279,200;279,202;278,205;279,206;278,208;279,211;278,213;278,214;278,217;279,218;278,221;278,223;279,225;278,227;278,229;278,230;278,232;278,235;278,236;279,238;278,241;279,243;278,244;279,246;279,248;279,250;278,253;278,254;279,257;278,259;278,260;279,263;278,264;278,266;278,268;279,270;278,273;279,274;278,277;279,279;278,281;278,282;278,285;278,286;278,289;278,291;279,293;278,295;279,296;278,299;279,300;279,302;278,304;279,307;278,308;279,311;279,313;278,314;278,316;279,318;278,320;278,322;279,325;279,326;278,328;278,330;279,333;278,335;278,337;279,339;279,340;279,343;278,344;278,346;278,348;278,351;278,353;279,354;278,356;278,358;278,361;278,363;278,365;279,367;279,368;279,370;279,372;278,375;278,377;278,379;279,380;279,382;278,385;279,386;279,389;278,390;278,393;278,395;279,396;279,398;278,400;278,402;279,404;278,406;278,408;278,411;279,412;279,415;279,416;278,419;279,421;279,422;278,424;278,426;278,428;278,431;278,432;279,434;278,437;279,438;279,441;278,443;278,444;279,446;278,449;278,451;278,453;279,454;278,457;278,459;278,460;279,463;278,464;278,466;278,468;279,471;279,473;279,475;279,477;279,478;278,480;278,483;278,484;278,487;279,489;278,491;278,493;279,495;279,497;279,499;279,501;278,503;278,504;279,507;278,508;278,511
281,0;280,2;281,5;281,7;280,9;280,10;280,12;280,14;280,16;280,18;280,21;280,23;281,25;281,27;280,28;280,30;281,32;281,34;280,37;281,39;281,40;280,42;281,44;281,47;281,48;280,51;281,53;280,55;281,57;280,59;280,61;281,62;280,65;281,66;281,68;281,70;280,72;280,74;280,77;281,78;281,81;281,83;281,84;280,86;280,89;280,90;281,92;280,94;281,97;280,98;281,100;281,102;281,105;280,106;281,109;280,111;280,112;280,115;281,116;280,118;281,120;280,122;280,125;281,127;281,129;280,131;281,132;281,134;280,137;280,138;280,141;281,142;280,144;281,147;280,149;280,150;281,153;281,154;281,157;281,158;281,160;280,162;280,165;280,166;280,169;280,171;280,173;281,175;281,176;280,178;280,180;280,183;281,184;281,187;280,189;281,190;281,192;280,195;281,197;281,198;281,201;281,203;280,204;281,207;280,209;280,211;280,213;280,215;280,217;281,219;281,221;280,222;281,224;280,226;281,229;280,231;280,233;281,234;280,237;280,239;280,241;280,242;280,245;280,246;280,249;280,251;280,253;280,255;281,257;280,259;281,261;280,262;281,264;280,267;281,268;281,270;281,272;280,274;280,277;281,279;280,280;281,283;280,284;281,287;281,288;280,290;281,292;281,294;280,297;280,298;280,301;281,303;280,304;280,307;280,309;280,311;280,312;280,314;280,316;280,318;281,320;280,322;280,324;280,327;281,329;280,331;280,332;281,335;280,336;280,339;281,340;280,342;281,344;281,347;280,349;281,350;281,353;280,354;280,357;281,358;281,361;281,362;280,365;280,366;280,369;281,370;280,373;281,375;280,376;280,379;281,381;281,382;281,384;280,387;280,389;281,391;280,393;280,395;280,396;281,399;280,400;280,402;280,404;280,406;280,409;281,411;280,413;281,415;280,416;281,419;280,420;281,423;280,425;280,426;281,429;280,431;280,432;280,434;280,436;280,438;280,440;281,443;280,445;280,446;281,448;280,451;280,452;281,455;281,456;280,458;281,460;280,463;280,464;280,467;280,469;281,470;281,473;281,474;281,476;281,478;281,481;280,482;281,484;280,486;280,489;281,491;281,492;281,494;280,497;281,499;281,500;281,503;281,504;280,507;280,508;280,510
283,1;282,3;282,5;282,6;283,9;283,10;282,12;283,15;282,16;282,18;283,21;282,23;282,25;282,27;282,28;283,31;282,32;283,35;283,37;282,38;283,40;282,42;282,45;282,46;283,49;282,51;282,53;282,55;283,57;283,58;283,60;283,62;282,64;282,66;282,69;282,70;283,73;283,74;283,77;283,79;282,80;282,82;283,85;283,86;282,89;283,90;283,93;283,95;283,97;283,98;283,100;282,102;282,104;282,106;282,108;282,110;283,112;283,114;283,116;282,118;283,121;282,122;282,125;283,127;283,129;283,130;282,132;283,135;283,137;282,139;283,140;283,143;282,145;283,147;282,149;282,151;283,152;283,155;283,156;282,158;283,160;282,163;282,164;282,166;283,169;283,171;282,173;283,175;283,176;283,179;283,181;282,182;282,184;283,187;283,188;283,191;283,193;282,194;283,196;282,198;283,200;282,203;282,204;283,206;283,209;282,211;283,213;282,215;283,216;283,218;282,220;282,222;283,224;282,226;283,229;283,231;283,232;282,235;283,236;282,239;283,240;282,243;282,245;283,246;282,249;283,251;282,253;282,255;282,256;283,259;282,260;282,263;283,265;283,266;283,269;283,270;282,273;283,274;282,277;282,278;283,280;283,282;283,285;282,286;283,289;283,291;283,292;282,294;282,296;282,299;282,301;283,303;282,305;282,307;283,308;283,310;283,312;282,314;283,317;282,319;283,321;282,323;282,324;282,327;282,328;282,331;283,333;282,334;283,337;282,339;283,341;283,342;282,345;283,346;283,349;283,351;283,352;283,355;282,357;283,358;282,361;282,362;283,364;283,367;282,369;282,370;282,373;283,375;282,377;282,379;282,380;282,383;282,384;282,387;282,388;282,391;283,392;283,394;283,396;282,399;282,401;282,402;282,404;283,407;282,408;283,411;282,413;282,415;283,417;283,418;282,421;283,422;283,424;283,426;282,428;282,431;282,433;283,434;283,437;282,439;283,441;283,442;283,444;283,447;282,449;282,450;283,453;282,454;283,456;282,458;283,461;283,462;282,465;283,466;283,468;282,470;282,472;283,475;283,477;283,478;282,481;282,483;282,484;283,487;283,488;282,491;282,492;282,494;282,496;283,498;283,501;282,502;282,504;282,506;283,509;283,511
285,1;285,2;284,4;284,7;284,9;284,11;285,13;285,14;285,17;285,19;285,20;285,23;284,25;285,26;284,28;284,30;284,33;284,34;284,37;285,38;284,40;284,43;285,44;284,47;284,48;285,51;284,52;285,55;285,57;284,59;284,60;285,63;285,64;285,66;285,69;285,70;284,72;284,75;284,76;284,79;285,80;285,82;285,84;285,87;285,89;285,91;284,92;284,94;285,97;285,99;285,101;284,103;285,105;285,106;284,108;285,111;285,113;284,114;284,116;285,118;284,121;284,123;285,125;284,127;285,129;284,131;285,132;285,134;284,137;284,139;285,141;285,142;285,145;284,146;285,149;284,151;284,153;285,155;284,156;284,158;284,160;284,162;284,164;285,166;284,169;284,171;284,172;284,175;284,176;285,179;284,181;284,182;284,185;285,186;285,188;285,191;285,193;285,195;285,196;285,198;284,201;285,202;285,205;285,206;285,209;284,210;284,213;284,215;285,217;284,218;284,221;284,222;284,224;285,227;284,228;284,231;284,232;284,234;284,236;285,239;285,241;284,243;284,245;285,247;285,249;285,251;285,252;284,254;284,256;284,259;284,261;285,262;284,265;285,267;284,268;284,271;284,273;285,274;284,277;285,278;284,280;285,283;285,284;284,287;285,288;285,291;285,292;284,295;284,297;285,299;285,301;284,302;284,304;285,307;285,309;284,311;284,312;284,314;284,316;284,319;285,320;285,323;284,325;285,326;284,328;285,330;284,333;285,334;284,337;285,339;284,340;285,342;285,345;285,347;284,349;284,350;284,352;284,355;284,356;284,358;285,361;285,362;285,364;285,366;285,368;284,371;285,373;284,375;285,377;285,378;284,381;285,382;285,384;285,387;285,389;285,391;285,392;284,394;285,397;284,399;284,401;284,403;284,405;284,407;285,409;285,411;285,412;284,415;284,417;284,419;285,420;284,423;285,424;285,427;284,429;285,431;285,432;284,435;284,436;284,438;284,441;284,442;284,445;284,447;284,448;285,451;285,452;285,455;284,456;285,459;284,461;284,462;285,464;284,466;284,469;285,471;285,473;284,474;285,477;285,478;285,480;284,482;284,484;284,486;285,489;285,490;284,493;284,494;284,497;284,498;285,500;284,503;284,505;284,507;284,508;285,510
286,1;286,3;286,4;286,7;287,8;286,11;286,13;286,15;286,17;287,18;286,20;287,23;287,25;286,26;286,29;286,31;287,33;287,34;286,37;287,39;287,41;286,43;287,45;286,47;287,49;286,50;286,52;287,54;286,57;287,59;286,61;286,62;286,65;287,67;287,68;287,70;286,72;287,74;286,77;286,79;286,80;286,82;286,84;287,87;287,88;287,90;286,93;287,95;287,97;287,99;286,101;286,103;287,105;287,106;287,109;286,110;287,113;286,114;286,117;287,119;286,120;287,122;286,125;287,127;286,129;287,131;287,133;287,134;286,136;287,138;287,140;287,142;287,145;287,147;286,148;286,151;287,153;286,154;287,156;287,159;287,161;287,162;286,165;286,167;287,168;286,170;287,173;287,174;286,176;286,179;286,180;286,182;287,184;287,187;287,189;287,191;287,192;287,194;287,197;286,198;286,200;287,202;286,205;287,207;287,209;286,211;286,212;287,214;286,217;286,218;287,220;287,223;286,224;286,227;286,228;287,231;286,232;286,235;287,237;287,238;286,241;286,243;286,244;287,246;286,249;287,250;287,253;286,254;287,257;287,259;287,260;287,263;286,265;286,266;286,269;286,271;286,272;287,274;287,277;287,278;287,280;287,283;286,284;286,287;286,289;286,290;286,292;287,295;286,296;286,298;287,300;286,302;286,305;286,307;287,308;287,310;286,312;286,314;287,316;287,318;287,320;287,323;287,324;287,326;287,328;286,330;286,332;286,334;287,336;286,338;287,341;287,343;287,345;286,346;286,348;287,351;286,352;286,354;287,356;287,359;286,361;286,362;287,365;287,367;287,369;286,370;286,373;287,375;287,377;287,379;286,381;287,382;287,384;286,386;286,389;286,391;286,393;287,395;286,397;287,399;287,400;287,402;286,405;287,406;286,408;286,411;286,413;287,414;286,416;287,419;287,421;287,422;286,425;287,427;287,428;287,430;287,433;287,434;287,436;286,439;287,441;286,442;287,445;286,446;286,448;287,450;287,453;287,455;287,456;287,458;287,461;287,462;287,464;286,467;286,469;286,470;287,472;287,474;287,476;287,478;287,480;286,483;286,484;286,486;287,489;287,490;287,493;287,495;286,497;287,499;286,501;287,503;286,504;287,506;286,509;286,510
288,0;288,2;288,5;289,7;289,9;289,11;289,12;288,15;288,16;288,19;288,21;289,23;289,25;288,26;288,29;288,30;288,33;289,34;289,37;289,38;289,40;289,43;288,44;288,47;289,48;288,50;289,53;288,55;289,57;288,58;288,60;289,63;289,64;289,67;289,69;289,71;289,72;288,75;289,77;289,78;289,81;288,82;289,85;289,86;288,88;289,90;288,92;288,94;289,97;289,99;289,100;288,102;288,105;288,106;289,108;289,110;289,112;289,114;289,116;288,118;288,120;289,122;288,124;289,127;288,129;289,130;288,132;289,134;288,137;288,139;289,141;288,142;289,144;289,146;289,148;289,151;288,152;288,154;289,157;289,158;289,160;288,162;288,165;289,166;289,168;288,170;289,173;289,175;289,177;288,178;288,180;289,183;288,185;288,187;289,188;289,191;289,192;289,194;289,196;288,199;289,200;288,203;288,205;288,207;288,208;289,210;289,213;289,215;288,216;288,219;288,220;289,223;288,224;288,226;289,228;289,230;288,232;289,234;288,237;288,239;289,240;289,243;289,244;288,247;289,248;288,250;289,252;288,254;288,257;288,259;289,260;288,263;289,264;289,267;288,268;288,270;289,272;289,274;289,277;289,279;288,280;289,282;289,284;288,286;288,289;288,291;288,293;288,294;288,297;288,299;289,300;288,303;289,305;289,307;288,308;288,310;288,313;288,314;288,317;289,318;288,320;288,322;288,324;289,327;288,328;288,331;288,332;289,335;289,336;288,339;288,341;289,343;289,345;289,347;288,349;289,350;288,352;288,354;289,357;289,359;289,361;289,363;288,365;289,366;289,369;289,370;289,373;288,374;289,377;288,378;288,381;288,382;288,385;289,386;289,389;288,390;289,393;288,395;288,397;288,399;289,401;289,403;289,405;289,406;289,409;289,410;288,412;288,415;289,417;289,419;288,420;288,423;289,424;288,427;288,429;289,430;289,433;288,435;288,436;288,438;289,440;288,442;289,445;289,446;289,449;288,451;288,452;288,454;288,457;289,459;289,460;289,462;289,464;289,467;288,469;288,470;288,472;288,475;288,476;288,478;289,481;289,482;288,485;288,486;288,488;288,491;288,493;288,494;288,496;288,498;288,501;288,503;288,505;289,506;288,509;289,510
290,0;290,3;290,4;291,7;290,8;291,10;290,13;291,14;291,17;291,19;290,21;290,23;291,25;290,27;291,28;291,30;290,32;291,34;290,37;290,38;291,41;291,43;291,45;290,47;291,49;291,50;291,53;291,54;291,57;290,58;291,60;291,63;291,64;290,67;291,69;290,70;291,73;290,74;291,77;291,79;290,80;290,82;291,84;290,87;291,88;290,91;291,93;291,95;290,97;291,98;290,100;291,102;291,105;291,106;291,108;291,110;291,112;290,115;290,116;291,119;291,121;291,122;291,124;290,126;290,129;291,130;290,132;290,135;291,136;291,138;290,140;291,143;291,145;291,147;290,148;291,150;290,152;291,155;291,156;290,158;291,160;290,163;291,165;291,167;290,168;290,171;290,172;291,175;290,177;290,179;291,181;290,182;291,185;291,186;291,188;291,191;290,193;290,194;291,197;291,198;291,200;290,202;291,205;290,206;290,209;291,211;290,213;291,215;291,216;290,219;291,221;291,222;291,224;291,227;291,229;291,230;291,233;290,235;291,236;290,238;290,241;291,242;291,244;290,247;290,248;290,250;290,252;290,255;291,257;291,259;290,260;290,262;291,264;291,266;291,268;291,271;291,272;290,274;291,276;291,279;291,280;290,282;291,285;290,286;290,288;291,291;290,292;290,294;290,297;291,298;291,300;291,303;291,304;291,307;290,308;291,310;291,313;291,315;290,317;291,319;290,320;290,322;290,325;291,327;290,328;291,331;291,333;291,334;291,336;290,338;290,341;291,342;290,344;290,346;291,349;290,350;291,353;291,355;291,356;290,358;291,361;291,362;291,365;291,367;290,368;291,370;291,372;291,375;291,377;291,378;290,381;291,382;291,384;290,387;291,389;290,390;290,393;291,394;290,396;291,399;290,401;290,403;290,404;290,407;290,409;290,411;290,413;290,414;290,416;290,419;290,421;290,422;290,425;290,426;291,428;291,431;290,432;290,434;290,436;290,439;290,440;290,443;290,445;290,446;291,449;291,451;290,452;290,454;291,456;290,459;290,461;291,463;291,465;290,467;290,468;290,470;290,472;290,475;290,476;291,479;291,480;290,483;290,484;290,486;291,489;290,490;290,492;291,495;290,497;290,498;291,500;291,503;291,504;290,507;291,509;291,510
293,0;292,2;292,4;292,7;292,9;293,10;293,13;292,15;292,17;293,18;292,20;292,22;293,24;292,27;292,28;292,30;292,32;293,34;293,37;292,38;293,40;293,43;293,45;292,46;292,48;292,51;292,52;292,54;292,57;293,59;293,60;293,63;292,65;293,66;292,69;292,70;292,73;292,74;293,77;292,79;293,80;292,82;292,84;293,87;292,88;292,90;292,93;293,95;293,97;293,98;292,101;292,103;292,105;293,107;292,108;293,110;293,112;293,115;292,117;293,119;293,120;292,123;293,125;292,126;292,128;293,130;292,132;292,135;293,137;293,138;293,140;293,143;293,145;293,147;292,148;293,150;292,152;293,154;293,157;293,158;292,161;293,163;293,165;293,166;293,168;293,171;293,173;293,174;292,176;293,178;292,181;292,183;293,184;292,186;293,189;293,191;293,192;293,195;292,196;293,198;293,201;293,202;293,205;293,207;293,208;292,210;293,213;292,215;293,217;292,219;292,221;293,222;293,224;293,226;293,229;293,230;292,232;293,235;292,237;292,238;293,241;293,242;292,245;293,246;292,249;292,251;293,252;293,254;292,256;292,259;293,260;293,262;292,264;293,266;293,268;293,271;292,272;292,275;293,276;292,278;292,281;292,282;293,285;293,286;293,289;292,291;292,293;293,294;292,296;293,299;293,300;292,303;292,304;293,306;293,309;292,310;292,313;292,315;293,316;292,318;292,320;293,322;293,324;292,327;292,328;292,331;293,332;292,334;293,337;293,339;292,341;292,342;292,345;292,347;293,349;292,350;292,353;293,355;293,356;293,359;293,361;293,363;293,365;293,367;293,368;293,370;292,373;292,374;293,376;292,378;293,380;292,383;292,385;293,387;293,388;292,391;293,392;292,395;292,396;292,398;292,400;292,403;293,404;293,407;292,408;293,410;292,412;293,415;293,416;293,419;292,420;293,422;293,424;293,427;293,429;292,431;292,432;293,435;293,436;292,438;292,441;292,443;292,445;292,446;292,449;293,451;292,453;292,455;292,457;293,459;293,460;292,462;293,464;293,466;293,469;292,470;292,473;293,475;292,477;292,478;293,480;293,482;293,484;293,486;292,488;292,490;293,492;293,495;292,497;292,499;293,501;292,503;293,505;292,507;292,508;292,511
295,1;295,2;294,4;294,7;295,8;294,10;294,13;295,15;295,16;294,18;294,20;295,23;294,24;295,26;295,28;295,31;294,32;295,34;295,37;295,38;295,40;294,43;295,44;294,47;294,49;295,50;295,52;295,54;295,57;295,58;295,60;294,63;295,64;294,66;295,68;294,71;294,73;295,75;295,77;295,78;294,81;295,83;295,85;295,87;295,89;295,90;295,92;295,94;295,96;295,99;295,100;294,102;295,105;295,106;295,108;294,111;294,112;295,115;295,117;294,118;295,120;294,122;295,125;294,127;295,129;295,130;294,133;294,134;294,137;294,138;295,141;294,142;295,144;295,147;295,148;294,150;295,152;295,154;295,156;294,158;295,160;295,162;294,164;294,166;295,168;294,171;294,172;294,174;295,176;294,179;294,181;294,183;294,184;294,186;294,189;295,191;295,192;294,194;295,196;294,198;294,200;295,202;295,205;294,207;295,208;295,211;294,213;295,214;294,216;295,219;294,220;295,222;295,225;294,227;295,228;294,230;294,232;295,235;294,237;294,239;295,240;294,243;294,244;295,247;294,249;294,250;294,252;294,254;295,256;294,258;294,260;294,262;294,265;295,267;294,269;294,270;294,272;295,274;294,277;294,279;294,281;295,283;294,285;295,286;294,288;294,290;294,293;295,295;294,296;295,299;294,301;295,303;295,305;295,307;295,309;295,310;295,313;295,314;294,316;295,319;294,320;295,323;295,324;295,327;294,329;295,331;295,333;295,334;294,336;294,339;295,340;295,343;295,344;294,347;295,349;294,350;294,352;294,354;294,357;294,359;294,361;294,363;295,365;295,367;294,368;295,371;294,373;294,375;294,377;295,379;294,381;295,382;295,384;294,387;294,389;295,390;294,392;294,395;295,397;295,399;295,400;294,403;295,404;294,406;294,408;294,411;294,412;294,414;295,417;294,418;294,421;295,423;295,425;294,426;295,428;295,431;295,432;294,434;295,436;294,438;294,440;295,443;294,444;295,446;294,448;295,451;295,453;295,454;295,456;295,459;294,460;295,462;294,465;295,466;295,469;295,471;294,473;294,474;294,477;295,478;294,480;295,483;294,485;295,487;295,488;294,491;294,493;295,494;295,496;294,499;294,500;294,502;294,505;295,506;294,509;294,510
296,1;296,3;297,4;296,7;296,9;296,11;296,12;296,14;297,16;296,18;296,21;297,22;297,25;297,26;296,28;297,30;296,33;297,34;296,37;297,39;297,41;297,42;296,45;297,46;296,49;297,51;297,53;297,54;297,57;297,59;297,61;297,62;296,64;296,66;297,68;297,70;297,72;297,75;296,76;296,79;297,80;297,82;297,84;297,86;297,88;297,91;297,92;297,95;296,97;296,98;297,100;296,102;296,105;297,107;296,108;297,111;296,113;296,114;296,117;296,118;297,121;297,123;296,125;296,126;296,128;297,131;296,132;296,134;296,136;297,139;297,140;296,143;296,145;297,147;297,148;296,151;297,152;296,155;296,156;296,159;297,161;296,163;296,165;297,166;297,168;297,170;297,173;297,175;296,177;296,179;297,181;296,183;296,185;297,187;297,188;297,190;297,193;296,194;296,197;296,199;296,200;296,203;296,204;297,206;297,209;296,211;297,213;297,215;296,216;296,219;296,220;297,222;297,225;297,226;297,228;297,231;297,233;297,234;297,237;296,238;297,241;297,243;297,245;296,247;296,248;296,251;297,253;297,255;296,257;297,259;296,260;296,262;296,264;296,266;297,268;297,270;296,273;297,275;296,276;297,279;296,281;296,283;297,284;297,287;296,289;297,290;296,292;296,294;296,296;296,299;297,300;297,303;296,304;297,307;297,309;296,311;297,313;297,315;296,316;297,319;297,320;297,323;297,325;296,327;297,329;297,331;296,333;296,334;297,337;297,338;296,341;296,343;296,344;296,347;296,348;297,351;297,353;297,354;297,357;297,359;296,361;297,362;296,365;296,366;296,368;297,371;296,372;297,375;296,376;296,379;297,381;297,382;296,384;296,387;297,389;297,390;296,393;296,394;297,396;296,398;296,400;297,403;296,405;296,407;297,409;297,411;297,412;296,415;297,417;296,419;296,421;296,423;297,424;296,427;297,428;297,430;296,432;296,435;296,436;297,439;296,441;297,443;297,444;297,446;297,448;296,450;296,452;297,454;296,457;296,459;296,460;296,462;296,464;296,466;297,468;297,471;297,473;297,475;297,477;297,479;297,481;297,482;297,484;297,486;297,488;297,490;296,493;297,495;297,496;296,499;296,501;297,503;296,504;297,507;296,508;296,510
298,1;298,3;298,5;299,7;298,8;298,10;299,13;298,14;299,17;299,19;298,21;298,23;298,25;298,27;299,28;299,31;299,33;298,34;298,37;299,38;299,40;298,42;298,45;299,46;299,49;298,50;299,53;298,55;299,57;298,59;299,60;298,63;298,64;299,66;299,68;298,71;299,73;299,75;298,77;298,79;299,81;299,82;299,84;299,86;299,88;299,91;298,93;298,95;299,96;298,99;298,100;298,103;298,105;298,106;298,109;299,110;299,112;299,114;299,116;299,119;299,120;299,122;299,125;299,126;299,129;299,131;299,132;298,135;299,136;298,139;298,140;299,142;298,145;299,147;299,149;298,151;299,153;299,154;298,156;299,159;299,161;299,162;298,165;298,166;298,169;298,170;298,173;298,174;299,177;298,179;299,181;298,182;299,184;299,186;299,189;298,190;298,192;299,194;299,196;299,199;298,200;298,203;299,204;299,207;299,208;298,210;299,212;298,215;298,216;298,219;299,221;298,223;298,225;299,226;299,229;299,230;299,232;299,235;298,236;299,239;298,240;299,243;299,245;299,246;299,248;299,251;298,253;299,254;298,256;299,258;299,261;298,262;298,264;299,267;298,268;299,271;299,273;299,274;298,277;298,278;299,280;299,283;299,285;298,286;298,288;299,290;298,293;298,295;299,296;298,299;299,301;299,303;298,304;299,306;298,308;299,310;299,313;298,315;299,317;298,318;298,320;298,323;298,324;298,326;298,329;299,330;298,333;298,334;298,336;299,338;299,341;299,342;298,344;299,347;299,349;298,351;298,353;299,355;298,356;298,359;298,360;298,362;298,364;298,366;298,368;298,371;298,373;299,374;299,376;299,379;298,381;298,383;299,385;299,387;299,389;299,391;299,392;298,394;298,397;299,398;299,400;299,402;299,405;298,407;299,408;298,411;298,413;299,414;298,416;299,418;299,420;299,423;299,424;299,426;298,429;298,431;298,433;298,435;299,437;299,439;298,440;299,443;298,445;299,447;298,449;299,451;299,452;299,455;299,456;298,459;299,460;298,463;298,465;299,467;299,469;299,470;299,473;298,474;298,476;298,478;298,480;298,482;298,485;299,486;299,489;298,490;299,492;299,494;298,496;298,499;299,501;298,502;299,504;298,507;298,509;299,511
300,1;301,3;301,4;300,7;301,9;301,10;300,12;301,15;301,16;300,18;301,21;301,23;300,24;301,26;301,29;300,30;300,33;300,34;300,37;300,38;300,40;300,42;301,45;300,47;300,48;301,50;300,53;300,55;301,56;300,58;300,61;300,63;300,65;301,66;301,69;300,70;300,73;300,75;300,77;300,78;300,80;300,82;301,84;300,87;301,89;300,90;301,93;301,95;300,97;301,99;301,100;300,102;300,105;301,106;300,108;301,111;301,113;300,114;301,116;300,119;301,121;301,122;301,125;301,126;300,129;300,130;300,133;300,135;301,137;301,139;300,141;300,143;301,144;300,147;300,149;300,151;301,152;300,154;300,157;300,158;301,160;300,162;301,165;301,166;301,168;301,171;301,172;301,174;301,176;301,178;300,181;301,183;301,184;300,186;301,189;300,191;300,193;301,194;301,196;300,199;300,200;301,202;300,205;301,207;301,209;300,211;300,212;300,215;301,217;300,218;301,221;300,223;301,224;300,227;301,228;301,231;300,232;300,234;301,237;300,238;301,240;300,243;301,245;300,247;300,249;300,251;300,253;301,255;300,256;300,258;300,261;300,263;301,264;300,266;300,268;300,270;300,273;301,274;300,277;300,279;300,281;301,282;301,285;301,287;300,288;301,291;300,293;301,295;301,296;300,299;300,301;301,303;300,304;301,306;301,309;301,311;300,312;300,315;301,316;300,318;301,321;301,323;301,325;300,327;301,328;300,331;300,332;300,335;301,337;300,338;300,341;300,342;301,345;300,347;301,349;301,351;301,353;301,354;300,356;301,359;301,360;301,362;301,364;300,367;301,368;300,371;300,373;301,374;300,376;300,378;301,381;301,383;300,384;301,387;300,389;300,391;301,392;301,394;301,396;300,399;300,401;300,402;301,404;300,407;300,408;300,411;301,412;301,415;300,417;300,418;301,420;300,423;300,425;301,426;300,429;300,430;301,432;301,435;301,437;301,438;301,440;301,442;301,444;301,447;300,449;301,450;301,452;301,454;300,457;300,458;301,460;300,463;301,465;300,466;300,469;301,470;301,472;301,475;300,477;301,479;301,480;300,483;301,484;301,487;300,488;301,490;301,493;300,495;300,497;300,499;300,500;300,502;300,505;300,507;301,508;300,510
303,0;303,3;303,5;302,7;302,9;303,10;302,13;302,14;303,16;302,19;302,21;303,22;303,24;303,26;303,29;303,31;303,32;303,34;302,37;303,38;303,40;302,42;303,45;303,47;302,49;302,51;303,53;302,54;302,57;303,59;302,60;302,62;302,65;302,66;303,69;303,70;302,72;302,75;302,76;302,78;302,80;303,83;302,85;302,86;302,89;302,90;303,93;303,94;303,96;302,98;303,101;303,102;303,105;302,107;302,108;303,110;303,112;302,115;302,117;302,118;303,121;302,123;303,125;303,126;303,129;303,130;303,132;302,134;302,137;303,139;302,140;303,143;303,145;303,147;302,149;302,150;303,153;302,155;303,156;302,158;302,161;303,162;302,165;302,166;302,169;303,170;302,172;303,174;302,176;302,179;302,180;303,183;303,184;303,187;303,188;303,190;303,193;302,194;302,197;302,198;303,200;302,202;303,204;303,207;303,209;303,210;302,212;302,214;303,216;302,219;302,220;303,223;302,224;303,227;303,229;302,231;302,233;303,235;302,236;302,239;302,241;303,243;303,244;302,246;302,248;302,250;303,252;302,254;302,256;302,258;303,260;302,262;302,265;302,266;303,269;302,270;302,273;303,275;303,277;303,278;302,281;303,282;303,284;303,286;302,288;302,291;302,292;302,295;302,297;303,299;303,300;302,302;302,304;302,307;303,308;303,311;302,313;302,315;303,316;303,318;303,320;302,322;303,325;303,326;302,329;302,330;302,333;303,334;303,336;302,339;303,340;303,342;303,345;302,347;303,349;303,350;303,353;302,355;302,356;303,359;302,361;302,363;303,365;303,367;303,369;302,370;302,372;303,374;302,377;302,379;302,381;303,382;302,384;303,387;303,389;302,390;303,393;303,395;302,396;303,398;302,401;302,402;302,405;302,407;303,409;302,410;302,413;303,415;302,416;302,418;303,421;303,423;303,424;303,426;302,429;303,430;302,433;303,434;302,436;303,438;303,441;303,443;303,444;302,446;303,449;303,451;303,453;303,454;303,457;303,458;302,460;303,463;303,465;303,467;302,469;303,470;302,473;302,474;302,476;302,478;302,480;302,483;303,485;302,486;302,489;303,490;302,492;303,495;303,496;303,498;303,500;302,503;303,504;303,507;303,509;302,511
305,0;304,3;304,5;305,6;304,8;304,11;305,12;304,15;305,16;305,18;304,21;305,23;304,25;305,26;305,28;305,31;304,33;304,34;304,37;305,39;304,40;304,43;305,45;304,46;304,49;304,50;305,52;305,55;305,56;305,58;305,60;304,62;304,64;304,66;304,68;304,70;305,73;305,74;305,77;305,78;305,81;305,82;305,85;304,86;304,88;304,91;305,93;305,94;305,97;304,98;304,101;305,102;305,105;304,106;305,109;305,111;304,112;305,115;305,117;305,119;305,121;304,122;305,125;305,127;305,129;304,130;304,133;305,135;304,137;305,138;305,141;305,142;305,145;305,146;304,148;305,150;305,153;305,154;305,156;304,159;305,161;304,162;305,164;304,167;305,169;304,171;305,173;305,174;305,177;305,179;304,180;305,183;304,185;305,187;304,188;305,190;305,192;305,195;305,197;305,198;305,201;305,202;305,205;304,207;305,209;305,210;305,212;305,214;305,216;305,218;305,220;304,222;304,225;305,227;305,228;305,230;305,233;305,234;305,237;305,239;305,241;305,243;304,245;304,247;305,248;305,250;305,253;304,255;304,256;304,258;304,260;305,263;304,265;304,266;305,269;305,271;305,272;304,275;304,277;305,278;304,281;304,283;304,285;305,287;305,289;304,290;305,293;305,295;305,297;305,298;304,300;304,303;305,305;304,307;304,308;305,311;305,312;305,314;304,317;305,318;304,321;305,322;304,324;304,327;304,328;304,330;305,332;304,334;305,336;305,338;305,340;305,343;304,345;305,346;304,349;305,351;304,353;305,355;305,357;304,358;304,360;305,363;304,364;305,367;305,368;305,370;305,372;305,374;304,376;304,378;305,380;304,383;304,385;305,386;305,389;304,390;305,393;305,395;305,396;305,398;304,400;304,402;304,405;305,406;305,409;305,410;305,412;304,415;304,417;304,419;305,421;305,422;304,424;305,427;304,428;304,430;304,432;305,434;304,437;305,438;304,440;305,442;304,444;304,447;305,448;305,450;304,453;305,455;305,457;305,458;304,461;304,462;304,465;304,467;305,468;305,470;304,472;304,475;305,477;304,478;304,480;305,483;305,485;305,486;305,489;305,491;304,493;304,494;304,496;304,499;304,500;304,502;305,504;305,506;304,508;305,511
307,1;306,3;306,4;306,6;307,8;306,10;306,12;307,15;306,17;306,19;307,21;306,23;306,24;307,26;307,29;306,31;307,33;307,34;307,37;307,38;307,40;307,43;307,44;306,46;306,49;307,50;306,52;306,54;306,56;307,59;306,61;306,63;306,64;306,67;307,69;306,71;306,72;307,74;306,77;306,78;306,81;306,82;307,84;306,86;307,88;307,90;306,93;306,95;307,97;307,98;307,101;307,102;307,104;307,107;307,108;306,111;306,113;307,115;307,117;307,118;307,120;306,123;307,125;307,127;307,129;306,131;307,133;306,135;306,137;306,139;307,141;306,143;306,144;307,147;306,149;307,151;306,152;306,155;306,156;306,159;306,161;307,163;307,165;307,166;306,168;307,171;306,173;307,174;306,177;307,178;307,181;306,183;306,185;307,186;306,189;306,190;307,193;306,195;307,197;307,199;307,200;306,202;306,205;306,207;307,208;307,210;306,213;306,215;307,216;306,218;307,221;306,222;306,224;306,227;307,228;306,230;306,232;306,235;306,237;307,239;307,240;307,243;306,245;306,246;306,249;307,251;306,253;307,255;307,257;306,259;306,260;307,263;306,265;307,267;307,268;307,271;306,273;307,275;307,277;306,279;307,281;307,283;306,285;306,286;307,288;307,291;306,293;306,294;307,296;306,298;306,301;307,302;306,304;307,306;306,308;307,311;307,313;306,314;306,317;306,318;307,321;307,322;306,324;306,326;307,329;307,330;306,333;306,334;306,336;307,339;307,341;307,343;306,345;306,346;307,348;306,351;307,352;307,354;306,357;306,359;307,361;307,363;307,364;307,366;306,369;306,371;306,372;306,375;307,376;306,378;307,380;307,383;307,384;306,387;306,389;307,390;306,393;306,395;307,396;307,398;306,400;306,403;306,405;307,407;307,409;307,410;307,413;307,415;307,417;306,418;307,421;306,422;307,424;307,426;307,429;306,431;307,432;307,435;307,437;307,438;306,441;306,442;307,444;307,447;307,448;306,450;307,453;307,454;306,456;307,458;306,461;307,463;307,465;307,467;307,468;306,470;307,473;306,475;307,476;307,478;307,480;307,482;306,484;306,487;306,489;307,490;307,493;307,495;307,496;307,498;306,501;307,503;306,505;307,507;306,508;307,511
308,0;309,3;309,5;308,7;309,9;308,11;309,12;309,14;308,16;309,18;309,20;308,22;308,25;309,26;308,29;309,31;308,33;308,34;308,37;309,38;309,40;308,43;308,45;309,47;309,48;309,51;309,52;308,55;308,56;308,59;309,60;308,63;309,64;309,67;308,68;309,70;308,73;309,75;308,77;309,78;308,81;309,82;309,85;308,87;309,88;308,91;308,93;309,95;308,97;308,98;308,100;309,103;309,104;309,106;308,108;308,110;308,113;308,115;309,117;309,118;308,120;309,122;308,125;309,127;309,129;308,130;308,132;308,134;308,136;309,139;309,140;309,142;308,145;309,147;308,149;308,150;308,153;308,154;309,156;308,159;309,161;309,162;308,164;309,167;308,169;308,171;309,173;309,174;308,177;308,179;308,180;309,183;309,185;308,187;308,188;308,191;308,193;309,195;309,196;308,199;308,200;308,203;308,205;309,206;309,208;308,210;309,212;308,215;308,216;309,219;308,220;308,223;309,225;309,226;309,229;308,230;308,232;308,234;308,236;308,238;309,241;309,243;309,244;308,247;309,249;309,250;308,253;308,255;308,257;309,259;309,261;309,263;308,265;309,267;308,269;309,271;309,272;309,275;309,276;308,279;309,281;308,282;309,284;308,287;309,289;308,290;309,293;309,295;309,296;308,299;309,301;309,302;308,304;309,307;309,309;309,311;309,313;309,314;308,316;308,318;309,321;309,322;308,325;308,326;309,328;309,330;308,333;309,334;309,336;309,338;308,341;309,343;308,345;309,346;308,348;309,350;309,352;308,354;309,357;308,359;308,361;308,363;309,364;309,366;309,368;308,371;308,373;309,374;309,377;309,378;308,381;309,383;308,384;308,386;309,389;309,391;309,392;309,394;309,397;309,398;309,401;309,403;308,404;309,406;309,408;309,411;308,413;309,415;309,416;309,418;309,421;308,423;308,424;308,427;309,429;308,430;308,432;309,435;308,437;308,439;308,440;309,443;308,445;309,446;309,449;308,451;309,453;308,455;309,456;308,459;308,460;308,463;308,464;308,467;308,468;309,471;309,472;308,475;308,477;309,478;308,480;309,483;308,484;308,487;308,489;309,491;309,493;308,495;308,497;308,499;309,500;309,502;308,505;309,507;309,509;308,510
311,0;310,3;311,5;310,6;310,9;310,10;311,12;311,15;310,17;310,18;310,20;311,23;311,25;310,27;311,29;311,30;311,32;310,35;310,37;311,38;310,41;311,42;310,45;311,46;310,48;311,51;310,52;310,54;310,56;311,59;311,61;311,63;311,65;310,67;310,68;311,71;311,72;311,75;311,76;310,78;311,80;311,82;310,84;311,87;311,88;310,91;311,93;310,94;310,97;310,98;310,101;311,103;310,105;310,106;311,108;311,110;311,113;310,115;311,116;310,119;310,120;310,122;311,124;310,127;311,129;311,131;310,132;311,135;310,136;310,139;310,140;311,142;311,144;310,147;311,149;311,151;311,152;310,155;310,156;311,159;311,161;310,162;311,164;310,167;311,168;310,170;310,173;310,174;310,176;310,178;310,181;310,183;311,185;311,187;310,188;311,190;310,192;311,195;311,196;311,198;311,201;311,202;310,205;310,207;310,209;310,210;311,213;310,215;311,216;311,219;311,221;311,222;311,224;311,227;311,228;311,230;311,233;310,235;310,237;311,239;311,240;311,243;310,245;311,246;311,248;310,251;311,252;310,254;310,256;310,259;311,261;310,262;310,264;310,266;310,268;311,271;311,273;311,275;311,276;311,278;311,280;311,283;310,285;310,287;311,289;311,290;311,292;311,295;311,296;311,299;311,301;310,302;311,304;310,306;311,309;310,310;311,313;311,314;310,316;311,319;310,320;310,322;311,324;311,326;310,329;311,330;310,332;311,335;310,336;311,338;310,340;310,342;311,344;311,346;310,348;310,351;311,352;310,354;311,356;310,358;311,360;311,362;310,364;311,366;310,369;311,370;311,372;310,375;310,377;310,378;311,381;311,382;310,384;311,387;311,388;310,391;311,392;311,394;310,397;311,398;311,401;311,402;311,404;311,407;311,408;310,411;311,412;310,415;310,416;310,418;311,421;310,422;310,424;310,427;311,428;310,431;311,432;310,434;310,436;311,438;310,440;311,443;310,445;310,447;311,449;310,451;310,453;311,455;311,456;311,459;311,460;311,462;310,464;310,466;310,468;310,470;310,473;311,474;310,477;311,478;311,480;310,482;311,485;310,487;310,488;311,490;311,493;311,494;310,497;311,498;311,501;311,502;311,504;311,507;311,508;311,511
312,0;313,2;312,5;312,7;312,9;312,11;313,12;313,14;312,16;312,18;312,21;312,23;312,25;312,26;312,28;312,30;312,33;313,34;313,37;313,39;312,41;313,42;312,44;313,47;313,48;312,51;312,53;313,55;312,56;313,59;312,60;312,62;312,65;313,67;312,69;312,71;312,72;313,74;313,77;313,78;312,81;313,83;313,85;312,86;312,89;312,90;312,92;312,95;313,97;313,98;312,100;313,103;312,105;312,106;313,108;313,110;312,113;313,114;313,117;312,118;313,121;312,123;312,125;313,127;312,128;313,131;312,132;313,135;312,136;312,139;313,141;312,143;313,145;312,146;313,149;312,150;313,153;312,154;312,157;312,159;313,160;313,163;313,165;313,166;313,169;313,171;313,172;313,174;312,176;313,178;313,181;313,183;313,184;312,186;313,189;312,191;312,193;312,195;312,196;312,198;312,201;312,203;312,204;312,207;312,209;313,210;313,212;312,214;313,216;312,218;312,221;313,222;313,225;313,226;312,228;313,231;313,233;313,235;313,236;313,239;313,241;312,243;312,245;313,246;313,248;312,250;312,253;312,255;313,256;312,258;312,260;313,262;313,265;313,266;313,268;312,271;313,272;312,275;313,276;313,279;313,281;312,282;313,285;312,286;313,288;313,290;313,292;312,294;312,297;312,298;313,300;313,303;313,305;312,306;313,308;312,311;312,312;313,314;312,316;312,319;312,321;312,322;313,324;312,326;312,328;313,331;313,333;313,335;313,336;313,339;313,341;313,342;312,345;313,347;312,348;313,351;312,353;312,354;313,357;312,359;312,361;312,363;312,364;312,367;312,368;313,370;313,373;312,374;312,377;313,379;312,380;312,382;312,385;312,386;313,388;312,390;313,393;312,394;313,396;312,399;312,400;313,403;313,405;312,407;313,409;313,410;312,413;313,415;312,416;313,419;313,421;312,423;312,425;313,427;313,429;313,431;312,433;313,435;313,436;312,438;313,440;312,443;313,444;312,446;312,448;313,450;312,452;313,455;312,456;313,459;312,460;312,463;312,465;313,466;313,468;313,470;313,473;313,475;312,476;312,479;312,481;313,482;313,484;312,486;312,489;312,490;312,493;313,494;312,497;313,498;312,501;313,503;312,505;312,507;312,508;313,510
314,0;315,2;315,4;315,7;314,9;315,10;315,13;315,15;314,17;315,19;314,21;314,23;314,25;315,26;314,28;314,31;315,32;314,35;315,36;314,38;314,40;315,42;314,44;315,47;314,48;315,51;314,53;315,54;314,56;315,58;314,61;314,62;314,65;315,66;314,68;315,71;315,72;314,75;315,77;314,79;314,80;314,83;315,85;315,86;315,88;314,90;314,92;314,95;315,96;314,98;315,101;314,102;314,104;314,106;314,109;314,111;315,112;314,114;315,117;314,119;315,121;315,123;315,124;314,126;314,128;314,130;314,132;315,134;315,137;314,139;314,141;315,143;314,145;314,147;314,148;315,151;315,152;314,154;315,156;315,158;315,160;314,162;314,165;314,166;314,168;315,170;314,172;314,174;315,176;314,178;315,180;314,183;315,184;315,187;314,189;315,190;315,193;314,195;314,196;315,199;314,200;314,203;315,204;315,206;315,208;314,211;314,212;314,215;314,216;314,218;314,221;314,222;315,225;314,227;315,229;315,230;315,232;314,235;314,237;314,239;315,241;314,243;315,244;314,247;314,248;314,250;315,253;314,254;315,257;314,258;315,260;315,262;314,264;315,267;315,269;315,270;315,272;315,275;315,277;314,279;315,281;314,283;314,284;315,287;314,288;315,290;314,292;314,295;315,296;314,298;315,300;315,302;314,304;315,306;315,309;314,311;315,312;314,315;315,317;315,319;315,320;315,322;315,325;315,327;314,328;315,331;315,332;315,334;315,337;315,338;314,340;314,343;315,345;314,346;314,349;315,350;314,353;314,354;314,357;315,359;314,360;314,362;314,364;314,366;315,368;314,370;314,372;314,374;315,377;314,379;315,380;315,383;314,385;314,387;315,389;315,391;315,393;314,395;315,397;314,399;315,400;314,402;315,405;315,407;314,409;314,410;314,412;315,415;314,417;315,419;314,421;314,423;314,425;314,426;315,429;315,431;314,432;314,434;315,437;314,438;315,441;314,443;314,445;314,447;314,449;314,451;314,453;315,454;314,457;314,458;315,460;315,462;314,465;315,466;314,468;314,471;315,473;315,475;314,476;315,478;315,481;315,483;315,484;314,487;314,489;314,491;314,493;314,494;314,497;315,498;314,500;314,503;314,504;315,507;315,508;314,510
317,1;317,2;317,4;316,7;317,8;317,10;316,12;317,15;317,17;317,18;316,21;316,23;317,24;316,26;317,28;316,30;316,32;316,35;316,37;317,38;316,41;316,42;317,45;316,46;317,49;317,51;316,52;316,54;316,57;317,58;316,61;317,62;317,65;316,66;317,69;316,70;317,73;317,75;317,76;316,78;317,81;317,82;316,84;316,87;317,88;316,90;316,92;317,95;317,97;316,98;316,101;317,102;317,104;317,106;317,109;316,110;317,112;317,115;317,117;317,118;317,121;317,123;317,125;317,127;316,129;317,130;316,133;317,134;317,137;316,138;316,140;317,142;316,145;316,147;317,149;317,150;316,152;317,155;317,156;317,158;316,160;316,163;317,165;317,167;317,169;317,170;317,173;316,175;317,176;317,179;317,180;317,182;317,184;317,186;316,189;317,190;316,192;316,194;317,197;317,198;316,200;317,203;316,205;317,207;317,209;317,210;316,213;316,214;316,217;317,219;317,221;316,223;317,225;317,227;316,229;317,231;317,232;316,235;317,236;316,239;317,240;316,243;316,245;317,246;317,249;316,250;316,253;317,255;316,257;316,259;316,260;316,262;317,265;317,267;317,268;316,270;316,273;317,274;316,277;317,279;317,280;316,282;316,284;317,286;316,288;317,291;316,293;316,295;316,296;316,298;316,300;316,302;317,304;316,307;316,309;316,310;316,313;317,314;316,316;317,319;317,320;317,322;317,325;317,326;317,328;317,331;317,332;317,334;316,336;317,339;316,340;316,342;316,345;317,347;317,349;317,351;317,352;317,355;317,357;316,358;317,361;316,362;317,365;316,366;316,368;317,370;317,373;317,375;317,377;317,378;317,381;317,383;317,384;316,387;316,389;316,391;316,393;316,394;317,397;316,398;317,400;317,402;316,405;317,406;316,408;316,411;317,412;316,414;316,417;317,419;316,420;316,423;317,424;316,426;316,429;316,430;317,432;316,434;316,436;317,438;317,440;317,443;317,444;316,447;317,449;317,450;316,452;316,455;317,456;317,458;316,460;317,462;316,465;316,467;316,469;317,471;316,472;317,474;316,477;317,479;317,480;317,483;317,484;316,487;317,488;316,491;317,492;316,495;316,497;316,499;316,501;316,502;317,505;316,506;316,509;316,511
319,1;319,2;319,5;318,7;319,8;319,10;318,12;318,15;319,16;319,18;319,20;319,22;318,24;319,26;318,29;319,30;319,33;318,34;319,37;318,38;319,41;319,43;319,44;319,47;319,48;318,50;318,53;319,55;318,56;318,59;319,61;319,63;318,65;318,66;319,68;319,71;318,73;319,75;319,76;318,78;318,80;319,83;319,84;318,86;319,89;319,90;319,92;318,94;318,96;318,99;318,100;319,103;318,104;319,107;319,108;318,111;319,112;319,115;318,117;319,118;318,120;319,123;318,124;318,127;318,128;318,130;318,133;318,134;319,136;318,138;319,141;318,142;319,144;319,147;319,149;318,151;319,152;318,155;319,157;318,159;318,161;318,163;319,165;319,166;318,168;318,170;318,172;318,174;319,177;319,178;319,181;318,183;319,184;318,186;318,188;319,190;318,193;319,195;319,196;318,199;318,201;318,203;319,205;319,206;318,208;319,211;319,212;319,214;319,216;319,219;318,220;318,223;318,224;318,226;319,228;318,231;318,233;319,234;318,237;319,238;319,241;318,243;319,245;318,246;318,248;318,251;319,253;319,255;318,257;319,258;319,260;318,263;318,264;319,267;319,269;318,271;319,273;319,274;319,277;318,279;318,281;318,283;319,284;318,286;319,289;319,290;319,293;319,294;318,297;319,299;319,300;318,302;318,304;319,307;319,309;318,311;318,312;319,315;319,316;318,319;318,321;319,322;318,325;319,327;318,328;318,330;319,332;319,335;318,336;318,338;319,341;318,343;318,344;318,347;319,348;319,350;318,352;319,355;319,356;318,359;318,360;319,363;318,364;318,366;318,368;318,370;319,372;318,374;318,376;318,378;319,381;319,383;318,385;319,386;318,389;319,391;319,392;319,395;318,397;319,399;319,401;319,403;319,404;319,407;319,409;319,411;319,413;319,415;318,416;319,418;319,421;318,422;318,425;318,426;318,428;318,430;319,433;318,434;318,437;319,438;318,441;319,442;319,445;318,446;319,449;318,451;319,453;318,455;318,456;319,459;319,460;318,463;319,464;318,466;319,469;318,470;318,472;319,475;318,477;318,479;318,480;319,483;319,484;318,486;319,488;318,491;318,493;319,495;319,496;318,499;319,501;318,502;318,505;318,506;319,509;318,511
321,0;320,3;321,4;321,6;321,8;320,11;320,12;320,14;320,16;320,18;321,21;321,23;320,24;320,26;320,28;321,31;320,32;320,34;320,37;321,38;320,40;321,43;321,45;321,47;321,49;320,51;321,53;321,55;321,57;321,58;321,60;321,63;320,64;321,67;320,68;320,71;320,72;320,75;321,77;321,78;320,81;320,82;321,84;320,86;321,89;321,91;321,93;320,95;321,96;321,98;321,101;320,102;320,104;320,107;320,109;321,111;321,112;321,114;321,116;320,119;321,121;321,123;320,124;320,126;321,128;321,131;321,132;321,134;321,137;320,138;320,141;321,142;321,144;320,146;321,149;320,151;321,153;320,155;320,156;320,159;321,160;321,162;320,164;321,167;321,168;321,171;321,172;321,174;320,176;321,178;321,180;320,182;321,184;320,187;320,188;320,190;321,193;321,194;320,196;321,199;321,200;320,202;320,204;320,207;321,209;321,211;320,212;321,215;321,216;321,218;320,220;321,223;321,225;320,226;320,228;321,231;320,233;321,234;320,237;321,238;320,241;320,243;320,245;321,247;320,248;321,250;321,252;321,254;320,256;320,259;320,261;321,263;320,264;320,266;321,269;321,270;320,272;321,275;321,277;320,279;320,281;321,283;321,285;320,287;321,288;320,290;320,292;321,295;321,297;321,298;320,301;320,303;320,305;321,306;321,309;320,311;320,313;320,314;321,317;321,319;321,321;320,322;321,324;321,327;320,328;320,330;321,333;321,335;320,337;321,338;320,340;321,343;321,344;321,347;320,348;320,351;320,352;320,355;321,356;321,358;321,360;320,362;320,364;320,367;321,369;320,371;321,373;321,374;321,376;321,379;321,381;321,383;320,385;321,387;320,388;321,391;321,393;321,394;321,397;320,399;320,400;320,403;321,405;321,406;321,408;321,410;321,412;320,414;321,416;320,419;321,420;320,422;320,424;321,427;321,428;320,430;321,433;320,434;321,437;321,439;321,440;320,443;320,444;320,447;320,449;321,451;320,452;320,455;321,457;321,459;320,460;321,462;320,464;320,467;320,469;320,471;320,472;320,474;320,476;320,478;320,480;320,482;321,485;321,486;321,488;320,491;321,492;321,494;320,496;321,498;321,501;321,502;320,504;320,506;320,508;321,511
323,1;323,3;323,4;322,7;322,8;322,10;323,12;322,15;323,16;322,18;322,21;322,23;323,24;322,27;323,29;323,30;323,32;322,34;322,37;323,39;322,41;323,42;323,45;323,46;323,48;323,51;323,53;322,55;323,56;322,59;323,61;323,63;322,65;322,66;322,68;322,70;322,72;322,74;323,77;322,79;323,80;323,83;322,85;322,86;322,88;322,90;322,93;323,95;322,97;322,99;323,101;322,103;323,104;323,106;322,109;323,111;322,113;322,115;323,116;322,119;323,121;323,123;323,125;323,127;322,128;323,130;322,133;323,135;323,136;322,138;322,140;323,143;322,145;323,146;323,148;323,151;323,153;323,155;322,156;322,158;322,160;323,162;322,165;323,166;323,169;322,170;323,173;322,175;323,177;323,179;323,181;323,183;322,184;322,186;322,188;323,190;323,193;322,194;322,196;323,199;323,201;322,202;322,204;323,206;322,209;323,211;322,213;322,214;323,217;322,218;323,220;322,222;322,224;323,227;323,228;322,231;322,233;322,234;323,236;322,238;322,241;323,243;322,245;322,247;322,248;322,251;323,252;322,255;323,257;322,258;323,261;323,262;322,264;323,266;322,269;323,270;323,272;322,274;322,277;323,278;323,281;323,283;322,284;323,287;323,288;323,290;323,293;322,294;322,296;322,298;322,301;323,303;323,304;322,306;323,309;322,310;323,312;322,315;323,317;322,319;322,320;322,323;322,325;322,327;322,328;322,330;323,332;323,334;322,336;323,338;323,341;323,342;322,345;322,346;322,348;323,350;323,352;322,355;322,356;323,359;322,360;323,363;322,364;322,366;323,369;323,370;323,372;322,374;323,376;323,378;323,380;323,383;323,384;323,387;322,389;322,391;323,392;322,395;322,396;322,398;323,400;323,403;323,404;323,407;323,408;322,410;322,413;323,415;322,416;323,418;322,421;323,423;323,425;323,427;323,428;323,431;322,433;322,434;322,437;322,439;323,441;322,443;323,444;323,447;323,449;323,451;322,453;323,455;322,457;323,458;322,461;322,462;322,464;322,466;322,469;323,471;322,472;322,474;322,477;323,478;323,480;323,483;322,484;322,486;322,488;323,490;322,492;322,494;323,497;322,498;323,500;322,502;323,505;322,507;323,509;322,510
324,0;324,3;324,5;325,6;324,9;325,10;325,13;325,15;325,16;325,18;324,20;325,23;325,24;324,27;325,28;325,31;325,32;324,35;325,37;324,39;325,40;324,42;324,44;324,47;324,48;324,50;324,52;325,55;324,57;325,58;324,61;324,63;325,65;325,66;324,68;324,71;324,73;325,74;325,77;325,79;324,80;324,82;324,84;324,87;325,88;324,91;325,92;324,95;324,96;324,99;324,100;325,102;324,105;325,107;324,108;325,110;324,112;325,115;324,116;324,119;325,121;325,123;324,125;324,126;325,128;324,130;325,132;324,134;325,136;325,138;324,140;324,142;324,145;325,146;325,148;325,151;325,153;325,154;325,157;325,158;325,161;324,162;325,164;324,166;324,168;325,171;324,173;325,174;324,177;325,178;324,181;324,183;325,185;324,187;325,188;324,191;324,192;324,194;324,196;324,199;325,200;325,203;325,204;324,206;324,208;325,210;324,213;325,214;325,216;325,219;325,220;324,223;325,225;324,227;325,229;324,231;324,233;324,234;324,237;325,239;325,241;325,243;324,245;325,246;324,249;325,250;325,253;325,254;324,257;325,258;324,260;325,263;324,264;325,267;324,268;325,271;324,273;325,274;325,277;324,278;325,280;324,282;325,284;325,287;325,289;324,290;325,292;325,295;324,296;324,298;325,300;325,302;325,304;325,306;325,309;325,310;325,313;325,314;325,316;324,319;324,320;324,323;325,325;325,326;324,329;324,330;325,332;325,334;324,337;324,338;324,340;325,342;324,345;324,347;324,349;324,350;324,352;325,355;324,356;324,358;325,360;325,362;324,365;324,367;325,368;325,370;324,372;324,374;325,376;325,378;325,380;324,382;325,385;324,387;325,388;324,391;324,392;324,395;324,396;325,398;324,400;324,402;324,404;324,407;324,408;324,410;325,413;325,414;324,416;324,418;324,420;324,423;324,425;324,427;325,429;324,431;324,433;325,434;325,436;324,438;325,440;325,442;324,444;325,447;325,449;324,450;325,453;325,454;325,456;324,459;324,460;324,463;324,465;325,467;324,469;325,471;324,472;324,474;324,477;325,479;325,480;325,483;325,484;325,486;324,489;324,490;324,493;325,494;325,497;324,498;325,500;325,503;325,504;325,507;325,508;325,511
326,0;326,3;326,5;327,7;327,8;326,10;327,12;326,14;326,16;327,18;327,20;326,23;326,24;326,26;327,29;326,30;326,33;327,35;327,37;327,39;327,41;326,43;326,45;327,46;326,48;326,50;327,53;327,55;326,57;326,58;326,60;326,63;327,64;326,66;326,69;327,70;327,72;326,75;327,77;327,79;327,80;327,82;326,84;326,87;327,88;327,91;326,93;326,94;326,96;327,99;326,101;326,102;327,104;326,107;326,109;327,111;326,112;326,114;326,116;326,119;327,120;327,122;326,124;327,126;326,128;327,131;326,133;326,134;327,136;327,139;326,141;327,143;326,144;327,147;326,149;326,150;326,153;327,155;326,157;326,159;327,160;327,162;327,165;326,167;326,168;327,170;327,173;327,175;327,176;327,178;327,181;327,182;326,184;327,186;326,189;326,191;326,193;326,194;326,197;326,199;326,201;326,203;326,205;327,206;327,208;327,210;326,212;327,214;326,217;326,219;326,220;327,223;327,224;327,227;327,229;326,230;327,232;327,235;327,236;327,238;326,241;327,243;326,244;327,246;326,248;327,250;326,252;327,255;327,257;327,258;327,260;326,262;327,264;326,266;326,268;327,271;326,272;327,275;326,276;326,279;326,280;326,282;327,284;326,286;326,289;326,290;327,293;326,295;327,296;327,298;327,301;327,302;326,304;327,307;327,308;327,310;327,313;327,314;326,316;326,318;326,320;326,323;326,325;327,327;327,329;326,331;327,332;327,335;326,337;326,339;327,341;327,343;327,345;327,347;326,348;326,350;327,353;327,354;327,357;327,359;326,360;327,362;327,365;327,366;326,368;326,370;327,372;326,375;327,376;327,379;326,381;327,383;326,385;326,386;327,388;327,390;326,392;327,394;326,396;326,398;326,401;326,402;327,405;327,406;327,408;327,410;326,413;327,414;326,416;326,418;327,420;326,423;327,424;326,427;326,429;327,430;327,433;327,434;326,437;326,439;326,441;327,442;327,445;326,447;327,448;326,450;326,453;327,455;326,456;326,459;326,461;327,463;327,464;326,467;327,468;326,471;327,473;326,475;326,476;326,478;326,480;327,482;327,484;326,486;326,489;327,491;327,493;327,494;327,497;327,498;326,501;326,502;327,505;327,506;327,509;326,511
329,0;328,2;328,5;328,7;329,8;329,10;328,13;329,15;328,16;328,18;328,20;328,23;329,24;329,27;328,29;328,30;329,32;329,35;329,36;329,38;328,40;328,42;329,45;328,47;328,48;329,50;329,52;328,55;328,56;328,59;329,61;329,63;329,65;328,67;329,69;328,71;328,73;328,75;329,77;329,79;328,81;329,82;328,85;328,86;328,88;329,91;329,92;329,95;328,96;329,99;329,100;329,103;328,104;328,106;328,108;328,111;328,113;328,115;328,116;329,118;329,120;328,122;329,124;329,127;329,129;329,131;329,133;329,134;329,136;329,139;329,140;329,142;329,144;329,147;328,149;329,150;328,153;328,155;328,157;328,158;329,161;329,162;329,165;329,167;329,168;329,171;329,172;329,174;328,177;329,178;328,180;328,182;329,185;329,186;328,189;328,191;329,193;328,195;329,197;328,199;329,200;328,202;328,204;328,207;329,209;328,211;328,212;329,214;329,217;328,219;328,221;329,223;329,224;329,226;329,229;329,230;328,232;328,234;329,237;329,238;329,240;328,243;329,244;328,246;329,248;329,251;329,253;328,255;329,256;329,259;329,261;329,262;328,264;329,267;329,268;329,270;329,272;329,275;329,277;329,279;328,280;328,282;329,285;328,287;329,288;328,291;329,292;329,294;329,297;329,298;329,301;328,303;328,305;329,306;329,309;328,311;328,313;328,314;329,317;328,318;329,321;328,322;329,324;328,326;329,328;329,331;328,333;329,335;329,337;329,338;329,340;329,343;328,344;329,346;328,349;329,350;329,352;328,355;329,357;329,359;329,361;328,362;329,365;329,366;329,368;328,371;329,373;329,374;329,377;329,378;329,381;328,383;328,385;329,387;329,388;329,390;329,393;329,394;329,396;328,398;328,400;329,403;328,405;329,407;328,409;328,411;328,413;329,414;328,417;328,419;328,421;329,422;328,425;329,426;328,428;328,431;328,432;328,434;328,437;329,438;328,441;329,443;329,445;328,447;329,448;329,450;329,453;329,454;328,456;328,458;328,460;328,462;329,465;329,467;329,468;329,471;329,472;328,475;329,477;329,479;329,480;328,482;328,485;328,486;329,489;329,490;329,492;329,494;328,497;328,498;329,501;329,502;329,505;328,506;329,508;328,511
330,0;330,2;330,5;331,7;331,8;331,10;330,12;330,14;330,17;331,18;331,20;331,23;331,24;331,27;330,28;330,30;330,33;330,35;330,37;330,38;330,40;330,42;330,44;330,47;330,48;330,51;330,52;330,55;331,56;330,59;330,61;330,63;330,64;331,67;330,69;331,70;330,73;330,74;331,77;331,78;330,80;331,83;331,84;330,86;330,88;330,90;330,93;331,94;330,96;331,98;330,101;331,103;331,104;330,106;331,109;330,111;330,113;331,115;331,117;331,118;331,121;331,123;331,124;330,127;331,128;331,131;330,133;331,134;330,136;331,138;330,141;331,143;330,145;331,146;330,149;331,151;331,152;331,154;330,157;331,159;331,161;331,163;330,165;330,166;331,169;330,170;330,173;330,174;330,176;331,178;330,181;331,183;331,184;331,187;331,188;330,191;330,193;331,195;331,197;330,199;331,201;330,202;330,205;331,207;331,208;330,211;331,212;331,214;330,217;330,219;331,221;330,222;330,224;330,226;330,228;330,231;330,233;331,234;330,236;331,239;331,241;330,242;331,244;330,247;331,249;331,250;330,252;331,254;331,256;330,259;331,261;330,262;331,265;331,266;330,269;330,270;330,273;330,275;331,277;331,278;330,281;330,282;330,284;330,286;330,289;330,290;330,293;331,294;330,296;331,298;331,301;331,303;331,305;330,307;330,309;331,310;331,313;331,315;330,317;331,318;331,320;330,322;330,324;330,327;331,329;330,331;330,333;331,334;330,336;331,339;330,340;330,343;330,344;331,347;330,348;330,350;331,352;331,354;330,357;330,358;331,361;331,362;330,365;330,367;331,368;330,370;330,372;331,374;331,377;330,378;331,380;331,383;330,384;331,386;330,388;330,391;331,392;330,394;331,397;331,398;330,400;330,402;330,404;331,406;331,408;330,411;330,413;331,415;330,417;331,419;331,421;330,422;330,425;331,427;331,429;330,431;331,432;330,435;331,437;331,438;331,441;330,443;331,445;330,446;331,449;331,451;331,453;330,455;331,457;330,459;331,460;331,463;330,464;330,467;331,469;331,471;330,472;331,474;331,476;330,479;330,481;331,483;330,484;330,486;331,489;330,491;330,493;331,495;330,497;331,498;331,501;330,502;330,505;330,506;331,509;330,510
332,0;333,3;332,4;333,7;333,9;333,11;332,12;333,14;333,16;332,18;333,21;333,22;332,25;332,26;333,29;332,30;332,33;332,35;332,37;332,38;333,40;333,43;332,45;333,46;333,49;332,50;332,53;332,54;333,56;333,58;333,60;332,62;332,64;333,67;333,69;333,71;332,73;332,75;332,77;332,78;333,80;332,82;332,84;332,86;333,88;332,91;333,93;332,94;332,96;333,98;333,101;332,103;332,105;333,107;332,108;333,110;332,113;332,114;332,116;332,119;332,120;333,122;333,125;333,127;332,128;332,131;333,132;332,135;333,136;333,138;333,140;333,142;332,144;332,146;333,148;333,151;333,153;333,155;333,157;332,158;333,161;333,162;332,164;332,166;332,169;333,170;332,172;333,175;332,177;333,179;332,180;332,183;332,185;332,186;333,189;333,191;333,192;332,195;333,196;332,199;332,201;333,203;333,204;332,206;332,208;333,211;333,213;333,214;332,217;332,218;333,221;333,223;332,225;333,226;333,229;333,230;333,232;332,235;332,236;332,238;333,240;333,242;332,244;333,246;332,249;332,250;332,252;332,254;332,256;333,258;332,261;332,263;332,265;332,267;332,268;332,271;333,273;332,275;333,277;332,279;333,280;333,283;333,284;333,286;332,288;333,290;333,293;332,294;333,296;333,299;333,301;333,302;332,304;332,306;333,308;332,310;333,312;332,315;332,317;333,319;332,321;333,322;333,324;333,326;333,328;332,330;333,332;332,335;333,336;333,339;332,341;333,342;333,344;333,347;333,348;332,351;333,352;333,355;332,356;332,359;332,361;332,362;333,364;333,366;333,368;333,370;332,372;332,374;332,376;333,379;333,380;333,382;333,385;333,387;333,389;332,391;333,392;333,394;333,397;333,398;333,401;332,402;333,405;333,407;332,408;333,410;332,413;333,415;333,416;332,418;333,421;333,422;333,425;332,426;333,429;333,430;332,433;332,435;333,436;332,438;333,441;333,443;332,445;332,446;332,449;333,450;333,452;333,454;333,457;332,458;332,461;333,462;333,464;332,466;333,468;333,471;332,473;332,474;333,477;333,478;332,481;332,482;333,484;333,487;332,488;332,491;332,492;332,494;333,496;332,498;332,501;332,502;332,505;333,507;332,509;333,511
334,1;335,3;335,4;335,6;335,8;334,11;334,12;335,15;334,17;335,18;334,20;334,23;334,25;334,26;334,29;335,30;335,32;335,35;335,37;334,38;335,40;335,42;335,44;335,47;335,48;334,50;335,53;334,54;334,56;334,59;335,60;335,63;335,65;335,66;334,68;334,71;334,73;334,75;334,77;334,79;334,81;335,83;334,85;334,86;335,88;334,91;334,93;334,95;334,97;334,98;334,101;334,102;335,105;334,106;335,109;335,110;334,112;334,115;335,117;334,118;335,121;334,123;334,124;335,126;334,128;335,131;334,132;334,135;334,136;335,139;334,141;335,142;335,144;334,147;334,149;334,151;335,152;335,155;335,156;334,159;334,160;334,163;335,164;335,167;335,168;335,171;334,173;334,174;334,177;335,178;335,181;334,182;335,185;334,187;335,188;335,191;335,192;335,195;334,196;335,198;335,201;335,202;335,204;335,206;334,208;334,210;334,212;334,215;335,216;335,218;335,220;334,223;334,224;335,227;334,228;334,231;335,232;334,235;335,236;335,238;335,240;334,243;334,244;335,246;334,248;334,250;334,253;335,254;334,256;335,259;334,261;335,263;335,264;335,266;335,268;335,270;334,273;334,275;335,276;335,278;334,280;335,282;334,285;334,287;334,288;335,290;335,292;334,294;334,296;335,298;334,301;334,303;335,304;335,306;335,308;335,310;335,313;334,314;334,317;335,319;335,321;335,322;334,324;334,326;335,329;334,330;335,333;335,335;334,336;334,338;335,341;335,343;334,344;335,347;335,348;334,350;335,352;334,355;334,356;334,358;335,360;335,362;335,365;335,366;335,369;335,370;335,373;335,375;335,376;334,379;334,380;335,382;334,384;335,387;335,388;335,391;335,392;334,395;335,396;335,399;334,400;335,402;335,404;334,407;334,409;334,411;335,412;335,415;334,417;334,418;334,420;335,423;334,424;334,427;334,428;334,431;334,433;335,434;334,436;335,438;335,441;335,443;334,444;334,447;335,449;335,451;335,452;334,455;334,456;334,458;334,460;335,462;335,465;334,466;335,469;335,470;334,472;334,474;335,476;335,479;335,481;334,483;335,484;334,486;334,489;334,490;335,493;334,494;335,497;334,498;334,501;334,502;335,504;334,506;334,509;335,510
336,1;337,3;337,5;336,7;336,8;336,10;336,13;337,14;337,17;337,18;336,20;337,22;336,24;337,27;337,29;337,31;336,32;337,35;337,37;337,38;337,40;337,42;337,44;337,46;337,48;337,51;336,53;336,54;336,56;337,58;337,61;336,63;337,64;337,67;336,69;336,71;337,72;337,74;336,77;336,79;336,80;336,83;336,84;336,87;336,89;336,91;337,93;336,94;336,96;336,99;336,101;336,103;337,104;337,107;336,108;336,111;337,112;337,115;336,116;337,118;336,120;337,122;337,124;337,126;336,129;337,131;337,133;337,135;336,136;337,139;337,141;336,143;336,144;337,146;337,148;337,150;337,152;336,154;336,157;336,158;337,160;337,162;336,164;336,167;336,169;337,171;336,173;336,174;336,176;336,178;337,181;337,182;337,184;336,187;337,189;337,190;337,193;336,194;336,196;337,199;337,201;337,202;336,204;337,206;336,208;336,211;337,212;337,214;336,216;337,218;337,220;336,222;336,224;337,226;337,228;337,231;336,233;336,235;336,236;337,238;337,240;337,242;336,245;336,246;336,248;337,250;337,253;336,254;337,257;337,259;337,260;337,263;337,265;337,267;336,268;336,270;336,272;336,274;337,276;337,278;336,280;337,283;336,284;337,286;336,289;337,291;337,292;337,294;336,296;337,298;337,300;337,302;337,305;337,307;337,309;337,311;337,313;336,315;336,316;337,318;337,320;336,323;336,325;336,327;337,328;336,331;336,332;336,334;336,337;337,339;337,340;337,342;337,345;336,346;336,349;336,350;336,353;336,355;337,357;336,358;337,360;337,362;337,365;336,366;336,369;336,371;337,372;337,375;337,376;337,378;336,380;337,383;336,384;336,386;336,388;336,390;337,392;336,395;337,396;337,398;336,400;337,402;336,404;336,407;336,409;337,411;337,412;337,415;336,417;337,418;336,421;336,423;337,424;337,426;336,428;337,430;336,433;336,434;336,436;336,438;337,441;337,442;337,444;336,446;336,449;337,451;337,453;337,455;337,457;336,458;336,460;336,463;337,465;337,467;336,468;336,471;337,472;337,475;337,477;337,479;337,481;336,482;337,484;337,487;337,489;337,490;336,493;336,495;337,497;336,498;337,501;337,502;337,504;336,507;336,509;336,511
338,0;338,3;339,4;338,6;338,9;338,10;338,13;339,15;338,17;338,18;339,20;339,22;339,24;339,27;338,28;338,31;339,32;338,35;339,37;339,39;338,41;338,43;338,44;338,47;339,48;338,51;339,53;338,55;338,56;338,59;339,61;338,62;338,65;338,67;339,68;339,71;339,73;338,75;338,76;339,78;339,80;338,83;338,85;339,86;338,88;338,90;338,93;338,95;339,97;339,99;339,101;339,103;339,105;338,106;338,108;338,110;339,112;338,115;339,117;339,118;339,121;338,123;339,125;338,127;339,129;339,131;338,132;338,134;339,136;339,138;339,141;338,143;339,144;339,147;338,148;339,150;338,152;339,155;339,156;339,159;338,161;339,163;339,165;338,166;338,169;338,170;338,172;339,174;338,176;339,179;338,181;339,183;339,184;338,187;338,189;339,190;338,192;339,195;339,196;339,199;339,201;338,202;338,204;338,207;338,208;339,210;338,212;338,214;339,217;339,219;339,221;338,222;338,224;339,227;338,229;339,230;339,232;338,235;339,237;339,239;338,241;339,243;339,245;339,247;339,248;339,250;339,252;339,255;338,256;339,259;338,260;339,263;339,265;338,267;339,269;339,271;339,272;338,274;338,277;338,279;338,281;339,282;339,285;339,286;338,288;338,291;338,293;338,295;338,296;338,298;338,301;339,303;339,305;339,307;339,308;338,310;339,312;338,315;339,317;338,319;338,320;338,322;339,324;338,326;338,329;338,330;338,332;339,335;338,336;339,338;338,341;339,343;339,344;338,347;339,348;338,350;338,353;338,354;338,357;339,359;338,360;339,362;338,364;338,367;338,368;339,371;339,373;339,375;339,377;339,379;338,381;339,382;338,385;338,387;338,389;338,390;339,393;338,394;338,397;339,398;338,400;339,403;338,404;338,407;338,408;339,411;339,412;338,415;338,416;339,418;339,421;339,423;339,425;338,426;338,429;338,431;339,433;339,435;339,437;338,439;339,441;338,442;338,444;339,447;338,448;338,450;338,452;338,455;339,456;338,458;339,460;338,463;339,464;339,467;338,469;339,471;339,473;338,474;339,477;339,478;339,481;338,483;338,485;339,486;338,488;339,490;338,493;338,494;339,497;339,498;338,501;338,502;338,504;338,506;338,508;339,511
340,1;341,2;341,4;340,7;341,9;341,10;341,12;340,15;340,16;341,19;340,20;340,23;340,24;340,26;341,28;340,31;341,32;340,35;340,36;340,38;340,40;340,42;340,45;340,47;340,49;341,51;341,52;340,54;340,56;340,59;340,61;340,63;341,65;340,66;341,68;340,71;340,73;341,74;341,76;340,79;340,81;340,82;340,85;340,87;341,89;341,90;340,92;340,95;341,97;340,98;340,101;340,103;341,104;340,106;340,109;341,110;341,112;341,114;341,117;340,119;341,121;341,123;341,125;341,126;340,129;340,131;341,132;340,134;340,136;340,139;340,140;340,142;341,145;341,146;341,148;341,150;341,152;341,154;341,156;340,159;341,161;341,163;340,165;340,167;340,169;340,170;341,173;341,174;340,177;341,179;340,180;340,183;340,185;340,187;340,189;340,190;341,192;340,194;341,196;340,198;340,200;341,202;340,204;341,206;341,209;341,211;341,212;340,215;340,217;341,219;340,221;340,222;341,225;341,227;341,229;340,230;341,233;340,234;341,236;340,238;340,240;341,243;341,244;341,247;341,249;341,250;340,252;341,255;340,257;341,258;340,261;341,263;340,265;340,266;340,269;340,270;341,273;341,274;340,277;340,278;341,280;341,282;341,284;341,286;341,288;340,290;341,292;341,295;341,296;341,298;340,300;340,303;341,305;341,306;341,309;341,311;341,312;341,314;341,317;340,319;341,320;341,322;341,324;340,326;340,328;340,330;341,333;340,334;341,337;340,339;341,341;341,342;341,344;340,346;341,349;340,350;341,353;341,354;340,357;341,358;341,361;340,362;341,364;341,367;340,369;340,370;340,373;340,375;341,377;340,378;340,380;340,382;341,384;341,387;341,388;341,391;340,393;340,394;340,397;341,399;341,400;341,403;340,404;340,407;341,409;341,410;340,412;340,415;341,417;340,419;341,421;341,423;341,424;341,427;341,428;341,431;341,433;341,434;340,436;341,439;340,441;341,443;340,444;340,447;340,449;340,450;340,453;341,455;340,457;340,459;340,461;340,462;341,464;340,466;340,468;340,471;341,472;341,474;340,476;341,478;340,481;340,482;341,485;340,486;340,488;341,490;340,493;341,495;340,497;341,499;340,501;341,502;340,505;341,506;341,509;341,511
342,1;342,2;342,4;343,7;342,9;342,10;343,12;343,14;342,16;342,18;343,20;343,23;343,25;342,27;342,28;342,31;342,32;342,34;342,37;343,38;342,40;342,42;343,44;343,47;343,49;342,50;342,52;343,55;343,56;342,58;342,60;343,63;342,64;343,67;343,69;343,70;342,72;343,74;342,77;342,79;342,81;342,82;342,85;343,86;342,89;343,90;342,92;342,94;343,97;342,99;343,100;343,102;343,105;342,107;343,108;343,110;342,112;342,115;343,116;343,119;343,120;342,122;342,124;342,126;343,129;343,130;342,132;342,134;343,137;342,139;343,140;343,142;343,145;342,146;343,148;343,150;342,152;342,154;342,157;342,159;342,160;342,162;343,165;342,167;343,168;342,171;342,172;342,174;342,176;342,178;342,180;343,183;343,184;342,186;342,189;343,191;342,193;342,195;342,196;342,199;343,200;343,202;343,204;342,206;342,209;343,210;343,212;342,215;342,216;342,218;342,220;343,223;343,225;342,226;343,228;342,231;343,233;342,235;343,237;343,239;342,241;343,242;342,244;343,246;343,248;343,251;343,252;342,255;342,257;343,259;342,261;342,262;342,264;342,266;343,269;343,271;342,273;343,275;342,277;342,279;343,280;343,282;343,284;343,287;343,289;343,290;343,293;342,295;342,297;343,299;343,300;343,303;342,305;343,307;342,308;343,310;342,313;343,315;342,316;343,319;342,321;343,323;343,324;343,326;343,329;342,330;342,333;343,335;343,337;342,338;342,341;343,342;342,345;342,347;343,348;342,350;343,352;343,355;342,357;342,358;342,361;343,363;342,365;343,367;342,369;342,370;343,373;342,375;342,376;342,379;342,381;342,383;343,385;343,387;342,388;343,391;343,393;342,395;343,397;342,399;342,400;342,402;343,404;342,407;342,408;343,411;343,412;342,415;343,417;342,418;343,420;342,422;342,424;342,427;342,428;343,430;343,433;343,434;342,436;342,438;342,441;343,442;343,445;342,446;343,449;342,451;342,452;342,454;343,456;343,458;343,460;342,463;342,464;343,467;343,468;343,470;343,473;343,475;342,476;343,479;342,480;342,482;342,484;343,487;342,489;342,490;342,492;343,494;342,497;343,498;343,501;342,502;343,505;342,507;343,509;342,510
345,0;345,3;344,5;344,7;345,9;345,11;344,13;344,14;344,16;345,19;344,21;345,23;344,24;345,27;345,28;344,30;344,32;344,35;345,37;345,38;345,40;345,42;344,44;344,46;344,48;344,51;345,52;345,54;345,56;345,58;344,61;344,63;345,64;344,67;344,68;344,71;344,73;345,75;345,76;344,79;344,80;344,82;344,85;345,86;344,89;344,90;344,93;344,94;344,96;344,99;345,101;345,102;344,105;345,107;345,109;345,110;345,113;345,114;345,117;345,118;345,121;344,122;345,125;345,127;345,128;344,130;345,133;344,134;345,137;344,139;345,141;344,142;345,144;344,146;344,148;345,151;345,153;344,154;345,156;344,159;344,160;344,163;345,165;345,166;344,169;344,171;345,173;345,174;344,177;344,179;344,180;344,183;345,184;344,186;344,188;344,190;345,193;344,194;345,196;345,199;345,200;344,202;345,205;345,207;344,208;344,210;345,213;345,214;344,217;345,219;345,221;345,223;344,224;345,226;345,228;344,230;344,232;344,235;345,236;344,239;345,241;345,242;345,245;344,246;345,248;344,251;344,253;345,254;345,257;344,259;345,261;344,262;345,265;344,266;344,268;345,271;344,272;345,275;344,276;344,279;344,280;345,282;344,285;345,286;345,289;345,291;344,293;345,295;345,296;344,298;345,301;344,303;344,305;344,307;344,308;344,311;344,313;344,314;345,317;344,319;345,321;344,322;345,325;345,326;345,329;344,330;345,333;345,334;344,336;345,339;345,340;344,343;345,344;345,346;344,348;345,351;344,353;344,355;344,357;344,359;344,360;344,362;344,364;344,366;345,369;344,370;344,372;345,374;345,376;344,378;345,380;344,382;344,385;344,387;344,388;344,390;344,392;344,394;345,397;344,399;344,401;345,402;345,405;344,406;344,409;345,411;344,413;345,415;345,417;344,418;344,421;345,423;345,424;345,426;344,428;345,430;345,433;345,434;345,436;345,438;345,441;345,442;344,444;345,447;344,448;345,450;344,452;345,454;344,456;345,458;345,460;345,463;344,464;344,466;344,469;345,471;344,473;345,475;345,477;345,478;344,480;344,483;345,484;345,487;344,488;345,491;344,492;345,495;345,496;345,499;344,501;345,503;345,504;345,507;345,508;345,511
346,0;347,3;347,5;347,6;346,9;347,11;346,13;346,15;346,16;346,18;347,21;346,23;346,24;346,26;346,28;347,31;346,32;346,35;347,37;346,38;347,40;346,43;347,44;347,47;347,49;346,51;347,53;347,54;347,57;347,59;347,60;347,63;346,65;347,66;346,68;347,71;346,72;346,75;346,76;347,79;346,81;346,82;347,85;347,86;346,89;346,91;346,93;347,95;347,97;346,98;347,100;346,102;346,104;346,106;347,109;346,111;347,113;347,115;347,116;347,118;347,121;347,122;346,125;347,127;347,129;347,131;346,132;347,135;346,136;346,138;346,141;346,143;346,145;347,146;347,149;346,151;347,153;347,155;346,157;346,159;346,161;347,163;346,164;347,166;346,169;346,171;346,172;347,175;346,176;346,179;347,181;346,183;346,185;346,186;346,189;347,191;346,192;346,195;347,196;346,199;346,201;346,203;346,204;346,206;346,208;346,210;347,213;346,215;346,217;347,219;346,221;346,223;346,225;346,226;347,229;346,230;347,232;347,234;347,237;347,238;347,241;347,243;347,244;347,246;347,248;347,250;347,252;347,255;347,257;346,259;346,260;346,262;347,265;347,267;347,269;347,270;347,272;347,274;346,276;347,278;346,281;347,282;347,285;346,287;347,288;347,290;346,293;347,295;347,297;347,299;347,300;347,303;347,304;347,307;347,308;347,311;347,313;347,315;346,317;346,318;347,320;347,323;346,325;347,327;346,328;347,331;346,332;346,335;346,336;346,339;347,341;346,342;347,345;347,346;346,348;346,350;347,353;346,354;347,357;346,358;346,360;347,363;347,365;347,366;347,368;346,371;346,372;346,375;346,376;347,378;346,381;347,383;347,384;347,387;347,388;346,391;346,393;346,395;347,397;346,398;347,401;346,402;347,404;346,406;347,408;346,411;347,413;346,415;346,416;346,418;347,420;346,422;347,424;347,427;347,429;346,431;347,432;347,435;346,436;346,438;347,440;346,443;346,445;346,446;346,448;346,451;346,453;347,455;347,456;346,459;347,461;347,462;347,465;346,467;347,468;346,471;346,473;347,475;346,476;346,478;347,480;347,482;346,485;347,487;346,489;347,490;346,492;346,495;347,496;347,499;347,500;346,503;346,505;346,507;346,508;347,511
348,1;349,3;349,4;349,7;349,8;349,11;349,12;348,14;348,17;348,19;348,21;349,22;349,25;349,27;348,28;349,30;349,33;348,35;349,37;349,38;348,40;348,42;348,44;349,46;348,48;348,50;348,53;349,55;348,57;349,58;349,60;349,63;348,64;348,67;349,69;349,71;349,73;348,75;348,76;349,79;349,80;348,82;348,85;348,87;348,88;348,90;349,92;349,94;348,96;348,98;349,101;348,102;349,104;348,107;349,109;348,110;349,113;349,115;349,116;348,119;349,120;348,122;348,125;348,126;348,128;349,130;348,132;349,134;348,137;349,139;348,140;348,143;349,145;348,146;348,148;349,151;348,153;348,154;348,157;349,159;349,161;349,163;349,164;349,167;348,168;349,171;348,172;348,174;349,176;349,179;348,181;349,182;348,184;349,186;348,189;348,191;348,193;348,194;349,196;349,198;348,201;349,202;349,204;349,206;348,208;349,211;348,212;349,214;348,216;349,218;349,220;349,222;348,224;349,226;349,228;348,230;348,232;349,234;349,237;348,239;349,241;348,242;348,245;349,246;349,249;349,250;349,253;349,255;349,256;348,259;349,261;348,263;348,265;348,267;349,268;349,271;348,272;348,275;348,277;349,279;349,280;349,282;348,284;349,287;348,288;348,290;348,292;348,295;348,296;349,298;348,300;348,302;348,304;348,306;349,308;348,310;349,313;348,315;349,317;348,318;349,321;349,323;348,324;349,327;348,328;349,331;349,333;349,334;348,336;349,338;349,340;349,343;348,345;348,347;349,349;349,350;348,352;349,355;349,357;348,359;349,361;348,363;349,364;348,366;348,368;349,371;349,372;349,374;348,377;348,378;348,380;348,382;349,385;349,387;349,389;348,391;348,393;349,394;348,397;349,398;349,401;349,403;348,404;349,406;348,409;348,411;349,413;348,414;348,417;349,418;348,420;349,423;349,424;348,427;349,429;348,431;349,433;349,435;349,437;348,438;348,441;349,443;348,445;348,447;349,449;349,450;349,453;348,455;349,456;349,459;349,460;349,462;348,465;348,467;348,468;348,470;349,473;349,475;349,477;348,478;348,481;349,482;348,484;348,486;348,488;349,490;348,493;348,495;349,496;348,498;348,500;349,503;349,505;348,507;348,509;349,510
350,1;350,2;351,4;351,7;351,9;351,11;350,12;351,14;350,17;351,19;351,20;350,22;350,24;351,27;350,28;351,30;351,32;351,35;351,37;351,38;350,40;350,42;350,45;351,46;351,48;350,51;351,52;350,55;351,56;351,58;351,61;350,63;350,64;351,66;351,68;351,71;350,72;351,74;350,77;350,78;350,80;350,83;351,84;350,86;351,89;351,90;350,93;351,94;350,97;351,98;351,101;350,103;350,104;350,106;350,109;350,111;351,113;351,115;350,117;351,118;351,120;350,122;350,125;350,127;350,129;351,131;350,132;350,135;351,136;351,139;351,141;350,143;351,144;350,147;350,148;350,151;350,152;351,154;350,157;350,159;351,161;351,162;351,164;350,166;351,169;351,170;350,173;351,174;350,176;351,178;351,181;350,182;351,185;351,187;350,189;350,191;350,193;350,194;351,196;350,199;351,201;351,203;350,204;351,207;350,208;351,210;351,212;350,214;350,217;350,219;350,221;351,223;351,225;351,227;351,229;350,231;351,233;351,235;351,236;351,239;351,241;351,243;350,245;350,246;350,248;351,251;350,253;351,255;350,257;350,258;350,260;350,263;350,265;350,267;350,268;351,270;350,273;350,275;350,276;351,278;351,281;350,282;350,285;350,287;350,289;350,290;350,292;351,295;351,297;351,299;350,301;350,302;350,304;350,307;350,308;350,311;351,312;351,315;351,316;350,319;350,321;351,322;350,325;351,327;350,328;350,331;351,333;350,334;351,336;351,338;351,340;351,342;351,344;351,346;351,349;350,351;350,352;350,354;350,356;350,358;350,361;350,362;350,365;351,366;350,368;350,370;350,372;350,375;350,376;351,378;350,381;351,382;351,385;350,386;350,389;351,391;350,393;350,394;351,396;350,399;350,400;351,403;350,405;351,407;350,408;351,410;350,413;351,414;351,416;350,419;351,420;350,423;350,424;350,426;350,429;351,430;351,432;351,435;351,436;350,439;351,440;350,442;351,445;351,446;350,448;351,451;351,452;351,455;351,456;351,459;350,460;351,462;351,465;351,467;350,468;350,470;350,473;350,474;351,477;351,479;350,480;351,483;350,484;350,487;350,488;350,490;351,492;351,494;351,497;350,498;350,501;350,502;351,504;350,507;351,508;351,511
352,1;353,3;353,5;353,6;353,9;352,10;353,13;353,15;353,17;353,19;352,21;352,23;353,24;352,26;352,28;353,30;352,33;353,35;353,37;353,38;352,40;352,42;352,45;352,47;352,49;353,51;353,53;352,54;353,56;352,59;352,61;352,63;353,64;353,67;352,69;353,71;353,73;353,74;353,76;353,79;353,81;352,82;353,84;352,86;353,89;353,91;352,92;353,94;353,96;352,99;353,101;352,102;352,105;352,106;352,108;353,110;353,113;352,114;352,116;352,118;353,120;352,123;353,125;353,127;353,128;352,131;353,133;353,134;353,136;353,138;352,140;353,143;352,144;352,147;352,149;353,150;353,153;352,154;352,156;352,158;353,161;353,162;352,164;353,166;353,168;353,171;352,173;353,175;352,176;353,179;353,180;353,182;352,184;353,186;353,188;352,190;352,192;352,195;353,197;352,198;352,201;353,203;353,204;353,207;352,209;352,210;352,213;353,215;352,216;353,218;352,221;353,223;352,224;352,226;353,229;353,230;353,232;353,234;353,237;353,239;353,240;352,243;352,245;353,246;352,249;352,250;352,253;353,254;353,256;353,259;353,260;352,263;352,264;353,267;352,268;353,271;352,273;353,274;353,277;353,279;352,280;353,283;352,284;353,286;353,289;353,291;352,292;353,295;353,296;353,299;352,301;353,303;353,305;352,306;352,308;353,310;353,312;352,314;353,316;353,318;353,320;352,322;353,325;352,326;353,329;353,330;353,333;353,334;353,336;352,338;353,340;353,342;353,344;352,347;353,348;352,351;353,352;353,355;353,357;353,358;353,360;352,362;353,365;353,366;352,368;352,371;352,372;353,374;353,376;353,378;353,380;352,383;352,384;353,387;353,388;352,390;352,393;352,394;353,396;353,398;352,400;352,402;353,405;352,406;352,408;352,411;353,412;353,414;352,417;353,418;352,420;352,422;352,424;353,427;352,429;353,430;353,433;352,435;352,436;352,438;353,440;353,443;352,444;352,446;353,448;353,450;352,453;353,454;353,457;353,458;353,461;353,463;353,464;352,466;353,468;352,471;353,473;352,475;352,476;353,478;352,480;353,482;353,485;353,486;353,488;352,490;352,493;353,495;353,497;353,499;352,501;352,503;353,505;353,507;353,508;352,510
355,1;355,3;354,5;355,7;355,8;354,10;354,13;355,15;354,17;355,19;355,21;354,23;354,25;354,27;354,29;355,30;354,32;355,35;355,37;355,38;355,41;354,42;354,45;355,46;354,49;355,50;354,53;354,54;354,57;354,58;354,60;355,63;355,65;355,66;354,69;354,71;354,72;354,74;354,77;355,79;355,80;354,83;355,84;355,87;355,88;355,91;354,93;355,94;354,97;355,99;354,101;354,102;355,104;354,107;355,109;355,110;355,113;355,115;354,117;354,119;355,120;355,123;354,124;355,127;355,128;354,131;354,133;354,134;355,136;354,139;354,140;354,143;354,144;354,147;354,149;354,151;355,152;355,154;355,156;355,159;355,160;354,162;355,165;354,166;354,168;354,170;354,172;354,175;354,177;355,178;355,181;354,183;355,185;355,186;355,189;354,191;354,192;355,195;355,196;354,198;354,201;354,202;355,205;355,206;354,208;355,211;355,213;354,214;355,217;354,218;355,221;355,223;355,224;354,227;355,229;355,230;355,232;354,235;354,236;354,239;355,241;354,243;355,245;355,247;355,248;354,251;355,252;355,254;355,257;355,258;354,260;355,262;355,265;354,266;354,269;355,271;354,273;354,275;354,277;355,278;354,280;354,283;355,285;355,287;355,289;355,291;355,292;355,295;355,296;354,298;355,301;355,303;354,304;354,307;355,309;355,310;354,313;355,315;354,316;355,318;355,321;355,322;354,324;354,327;355,329;354,330;354,332;355,334;354,337;354,338;354,341;354,343;354,344;354,346;354,349;355,351;355,353;354,354;355,356;355,358;355,361;354,363;354,365;354,367;355,368;354,370;354,373;355,374;355,377;355,378;355,381;354,382;355,384;355,387;354,388;355,391;355,393;355,394;354,397;354,399;355,401;354,402;354,404;355,406;354,408;354,410;355,413;354,415;354,417;354,419;355,420;355,422;355,425;354,427;354,428;355,430;354,432;355,434;355,437;355,439;355,440;354,443;354,444;355,446;354,449;354,450;354,452;354,455;354,457;355,458;354,460;355,462;354,465;355,466;355,469;354,471;355,472;355,475;354,476;354,479;354,480;354,482;355,484;354,486;355,488;354,490;354,492;354,494;354,496;354,498;355,500;354,502;354,505;354,507;354,508;354,511
357,0;357,3;356,4;357,6;356,9;356,10;356,13;356,14;356,16;357,18;356,21;357,22;356,24;356,27;356,29;356,31;357,32;357,35;357,37;357,38;357,40;356,42;357,44;356,47;357,48;356,51;357,53;356,55;356,56;357,58;356,61;357,63;356,65;356,67;356,68;356,71;356,73;357,75;356,76;357,79;357,81;356,83;357,85;356,86;356,89;357,90;356,93;356,95;356,97;357,99;356,101;357,102;357,104;357,107;356,109;356,111;357,113;356,115;357,117;356,118;357,121;356,122;356,125;356,126;356,129;356,131;356,133;357,135;356,137;356,139;357,140;357,143;357,144;357,146;357,148;357,151;356,152;356,154;356,156;357,159;357,160;357,163;357,165;356,166;356,169;357,171;357,173;356,174;357,177;357,178;356,180;356,183;357,185;357,187;357,189;356,191;356,192;357,194;357,197;356,199;356,200;356,203;356,204;356,207;356,209;357,210;357,213;357,215;356,217;356,219;357,221;357,222;357,225;357,226;356,229;356,230;356,233;357,234;356,237;356,239;357,240;356,242;356,244;356,247;357,248;356,251;356,252;357,254;357,256;357,259;356,260;357,262;356,264;356,267;357,269;357,271;356,272;357,275;357,276;357,278;356,280;356,282;356,285;357,286;357,288;356,291;356,292;356,295;356,297;357,298;357,301;356,303;357,305;356,307;356,308;357,310;357,313;356,314;357,317;357,319;357,320;356,323;357,324;357,326;357,329;356,331;356,332;357,334;357,337;357,339;356,341;357,342;357,345;357,346;357,348;357,350;356,352;356,354;357,356;356,358;357,360;357,362;357,365;357,366;357,369;357,370;357,373;356,374;357,377;357,378;357,381;356,383;357,385;356,387;356,389;357,391;357,392;356,395;357,396;357,398;356,401;356,402;357,404;357,407;357,409;357,410;356,413;357,414;356,416;356,418;356,421;357,422;356,425;356,426;356,429;356,430;357,432;356,435;356,437;356,439;357,440;356,442;357,445;357,446;357,449;356,451;356,452;357,454;356,457;357,459;356,460;356,462;357,465;357,466;356,468;356,471;357,472;357,475;356,476;357,479;357,481;356,483;357,485;357,486;357,489;357,491;357,492;357,494;357,496;357,498;357,501;357,502;357,505;357,506;356,509;356,510
359,0;359,3;358,5;358,7;359,8;359,11;359,12;358,15;359,17;359,19;358,21;359,23;358,24;358,26;358,28;359,30;358,32;359,35;358,37;359,38;358,40;359,42;359,44;359,47;358,48;358,50;358,53;358,54;358,56;359,59;358,61;358,62;358,65;358,67;359,69;358,71;359,73;359,75;358,77;359,78;358,80;359,83;358,85;359,86;359,89;359,90;359,93;359,95;359,97;359,99;358,101;358,103;358,104;359,106;358,109;359,111;358,112;358,114;359,117;359,119;359,121;359,122;359,124;358,127;359,129;359,130;359,132;359,134;359,137;358,139;358,141;358,142;358,145;359,146;358,148;358,150;359,152;358,154;358,156;359,158;359,161;358,162;359,165;359,166;359,169;358,170;358,172;359,174;358,176;359,179;359,180;358,182;358,185;359,186;359,188;359,190;358,192;358,195;358,196;358,199;358,200;358,203;358,204;359,206;358,209;359,211;358,212;358,215;358,217;359,219;358,221;359,223;358,224;359,226;358,228;358,231;359,232;358,234;359,237;359,238;358,241;359,243;359,244;358,246;359,249;359,251;358,253;358,254;359,256;358,259;358,261;358,263;358,264;359,267;358,268;359,270;358,273;358,275;358,276;359,279;358,281;358,282;358,284;359,286;358,289;358,291;359,293;359,295;359,296;359,299;359,300;358,303;359,304;359,307;358,308;358,310;359,313;359,314;359,317;358,318;359,321;359,323;359,325;359,327;358,329;358,330;358,333;358,335;359,337;359,339;359,341;358,342;358,345;358,347;358,348;359,350;359,353;358,354;359,357;359,358;359,361;359,363;358,365;359,367;358,368;358,370;359,372;358,374;359,377;358,378;359,380;358,383;358,384;358,387;359,389;359,390;359,393;359,394;358,397;358,398;358,400;358,402;359,405;359,406;359,409;359,410;358,412;358,414;358,417;358,418;359,421;358,423;358,424;358,427;358,429;359,430;358,432;358,435;358,437;359,439;358,440;359,443;359,445;358,446;358,448;358,450;358,452;359,455;359,457;359,458;359,461;359,463;358,464;358,466;359,469;359,470;358,473;359,474;358,476;359,478;358,480;358,483;358,484;359,487;358,488;358,490;359,492;359,494;358,497;358,499;359,501;358,503;358,504;358,506;358,508;358,511
361,1;360,2;360,5;361,6;360,8;361,10;361,12;360,14;360,16;361,18;361,21;361,23;360,24;361,27;361,29;361,31;361,32;361,35;361,37;361,38;361,41;360,43;361,45;361,47;361,49;361,50;360,53;360,54;361,57;360,58;361,61;361,62;360,64;360,66;361,69;360,70;360,73;360,74;361,77;361,78;361,80;361,83;360,84;360,86;360,88;361,90;361,93;361,95;361,96;360,99;360,100;360,102;361,105;360,107;361,109;361,110;361,112;361,115;360,117;360,119;360,120;361,122;361,124;360,126;361,128;360,131;361,133;360,135;360,136;360,138;361,140;361,143;361,144;360,147;360,149;361,150;360,153;361,154;361,157;361,158;360,161;361,163;360,165;361,167;360,168;360,171;361,173;361,175;361,176;361,178;360,181;361,183;360,184;361,187;360,188;360,190;360,193;360,194;361,197;361,198;360,200;361,202;361,204;361,207;360,208;360,211;361,212;360,214;360,217;360,218;361,221;361,222;360,225;360,227;360,229;360,230;360,233;360,235;361,237;361,239;361,240;361,243;360,244;360,246;361,248;360,251;361,253;360,254;361,256;360,258;360,260;360,262;360,264;360,266;361,269;361,270;361,273;361,275;360,276;361,279;361,280;360,283;361,284;361,286;360,289;360,291;361,292;360,294;361,297;360,299;360,300;360,303;360,304;360,306;360,308;360,310;360,312;360,315;360,316;361,319;360,321;360,323;360,324;360,327;361,329;361,330;361,332;360,334;361,337;361,338;361,340;361,343;361,345;360,346;361,349;361,351;361,352;360,355;361,357;360,358;360,361;360,362;361,364;360,367;360,368;361,371;361,372;360,374;360,376;361,378;361,380;360,382;360,384;361,387;360,388;361,391;361,393;361,394;361,397;361,399;361,400;360,402;361,405;361,406;360,408;360,411;361,413;360,415;360,416;360,419;360,421;361,423;360,425;360,426;360,429;360,430;360,432;361,435;361,437;360,438;360,440;361,442;360,444;360,446;360,449;361,451;361,452;361,455;361,457;361,458;360,460;360,462;360,464;361,467;361,468;361,470;361,472;360,474;361,477;360,479;360,480;361,482;360,484;360,487;361,488;361,490;360,493;361,494;361,496;361,498;361,501;361,502;361,505;360,506;360,509;360,511
362,1;363,3;363,5;363,6;362,9;362,11;363,13;363,15;363,16;363,19;362,20;363,23;362,25;362,27;363,29;363,30;363,33;363,35;362,37;362,39;363,40;362,42;363,45;363,47;363,49;363,50;363,52;363,55;363,57;363,58;362,61;363,62;362,65;363,67;363,68;362,70;363,73;362,75;362,76;362,79;363,81;363,82;363,84;362,87;363,88;362,90;363,93;362,95;362,97;363,99;362,100;363,102;362,104;362,106;363,109;363,110;363,113;363,114;363,117;362,118;362,121;363,123;362,125;363,126;362,128;362,131;362,133;362,134;363,137;363,139;363,141;363,143;363,144;362,147;363,149;362,150;362,153;363,154;362,156;362,158;362,161;363,163;363,164;362,166;363,168;362,171;363,173;363,174;363,176;363,179;362,181;363,183;363,185;362,186;363,189;362,190;363,193;363,195;363,196;362,199;363,200;362,202;363,204;362,207;362,208;363,211;362,212;362,215;362,216;363,219;362,221;363,223;363,224;363,226;362,229;363,230;363,233;363,235;363,237;363,239;363,240;363,242;362,244;363,247;362,249;363,251;363,252;363,254;362,256;362,259;362,260;362,262;362,264;363,266;362,268;362,270;362,273;363,275;363,276;363,279;362,281;362,283;363,285;363,286;363,288;362,291;363,293;362,294;362,297;362,299;362,300;363,303;363,304;363,306;363,308;362,311;362,313;362,315;363,317;363,318;362,321;362,323;362,325;363,327;363,329;363,330;363,332;362,335;362,337;363,338;363,341;362,343;362,345;362,346;363,348;363,351;362,353;362,354;363,356;362,359;363,361;362,362;362,365;362,366;363,369;362,370;363,373;362,375;363,376;363,379;362,380;362,383;362,385;362,386;362,389;362,391;362,393;363,394;363,397;362,398;363,400;363,402;362,404;363,407;363,408;362,410;362,412;363,414;362,416;363,418;362,420;362,423;363,425;362,427;362,429;363,430;363,433;363,435;362,436;362,439;362,441;362,442;362,445;362,447;363,448;363,451;362,452;363,454;362,456;363,459;362,460;363,462;362,465;362,466;363,468;362,471;363,473;362,475;362,476;363,479;362,481;363,483;362,484;362,487;363,489;363,490;362,492;363,495;362,496;362,499;362,500;363,503;362,504;363,507;363,508;362,510
364,0;365,2;364,5;364,6;365,9;365,10;364,13;364,14;365,17;364,19;364,21;365,23;364,25;365,26;365,29;364,31;364,33;365,35;365,37;364,38;365,40;364,42;365,45;365,47;365,48;365,50;365,53;364,55;365,56;364,58;364,60;364,62;365,64;364,66;365,68;364,71;365,72;364,75;365,76;364,78;364,80;364,83;364,84;365,86;364,89;364,90;364,93;364,94;365,97;365,99;364,100;365,103;365,104;364,107;365,108;364,110;365,113;364,115;364,117;365,118;364,120;365,122;365,125;365,126;365,129;364,130;364,132;365,134;364,137;364,138;365,141;365,143;364,145;365,146;365,149;364,150;364,152;364,154;364,156;364,159;364,160;364,163;365,165;364,167;365,169;364,171;365,173;364,174;364,176;364,179;365,181;364,183;365,185;364,187;364,189;365,191;364,192;365,195;365,196;365,199;364,201;365,202;364,204;365,207;365,208;365,210;364,213;364,215;365,217;364,219;364,220;364,223;364,225;364,227;365,228;364,231;365,232;364,234;364,237;365,238;365,241;365,243;364,245;364,247;365,249;365,250;364,253;364,254;365,257;365,259;364,260;364,262;364,265;365,267;364,269;364,271;364,273;364,275;364,276;365,279;364,281;364,282;365,285;365,286;365,288;364,290;365,293;365,294;364,297;364,298;365,301;365,303;364,304;364,307;365,308;365,310;364,313;365,315;365,316;364,319;365,321;364,323;365,325;364,326;364,329;365,330;364,333;365,334;364,336;364,338;365,340;365,342;364,344;364,347;365,348;365,350;364,352;365,355;365,357;365,359;365,361;364,363;364,364;365,367;365,368;365,371;365,373;365,375;364,376;364,379;364,380;365,383;365,384;364,386;364,389;364,390;364,392;365,394;364,397;364,398;365,400;364,403;364,405;364,406;365,408;364,410;365,412;364,414;364,416;365,419;365,421;364,422;365,424;364,427;365,428;364,431;365,432;364,435;365,437;365,439;364,441;365,443;365,444;364,446;364,449;365,451;365,453;365,455;364,456;365,459;364,461;365,462;364,465;364,466;364,469;364,471;365,472;365,474;364,477;364,478;364,481;364,482;364,484;365,487;365,488;364,490;365,492;364,494;364,496;365,498;364,501;364,502;364,504;364,506;365,508;365,511
366,0;367,3;366,5;366,7;366,9;367,10;366,13;367,14;366,16;367,19;367,20;367,23;367,25;366,26;366,28;366,31;366,33;367,35;367,37;367,38;367,40;366,42;367,44;367,46;367,48;366,51;367,53;366,54;366,56;366,58;366,60;366,63;367,64;366,67;366,68;367,71;367,72;366,74;366,76;367,79;367,81;367,82;366,84;367,87;366,88;366,90;367,93;366,94;367,97;366,98;366,101;367,102;366,105;367,106;367,109;367,111;367,112;366,115;367,117;367,118;367,121;367,122;366,125;366,127;366,128;366,130;366,132;367,134;367,137;366,139;367,140;366,143;367,145;366,147;366,148;366,150;366,153;367,154;366,156;366,159;367,161;366,163;366,165;367,166;367,169;366,170;367,172;366,174;367,176;367,179;367,180;366,182;366,184;366,186;366,189;367,190;366,192;367,194;367,197;367,199;366,200;366,202;366,204;367,206;367,209;367,210;366,213;367,215;367,216;367,219;366,221;367,222;366,224;366,226;366,229;367,230;367,233;367,234;367,237;366,238;367,241;367,242;367,245;366,246;367,249;366,250;367,253;366,254;366,257;367,258;367,260;367,262;366,265;367,266;366,268;366,271;367,273;366,274;367,276;367,278;366,280;366,283;366,284;367,287;366,288;366,290;366,292;367,295;367,297;367,299;366,300;367,303;367,304;366,307;366,308;366,311;366,313;367,314;367,316;367,318;367,320;366,323;366,324;366,327;366,328;366,330;366,332;367,334;366,337;367,338;367,341;367,342;367,345;367,347;367,348;366,350;367,353;367,355;366,357;366,359;366,361;366,363;366,365;367,367;366,368;367,371;366,373;367,374;366,376;366,378;366,380;367,383;367,384;367,386;366,389;367,391;366,392;366,395;367,396;367,399;367,400;366,403;367,405;367,407;366,409;366,410;366,412;367,414;366,417;367,419;366,421;366,423;367,424;366,426;367,429;366,430;366,433;366,434;367,437;366,438;367,440;366,442;367,445;366,447;367,449;366,450;367,453;366,454;366,457;367,459;367,460;367,462;367,465;367,466;366,469;366,471;367,473;366,474;367,477;367,479;367,481;366,482;367,484;367,486;367,488;366,490;367,493;366,495;367,496;366,498;367,501;367,502;367,504;366,506;366,509;367,511
369,0;368,2;368,5;368,7;368,9;369,11;368,12;369,15;369,16;368,19;368,21;368,22;368,24;369,27;369,29;368,31;369,33;369,34;368,37;368,38;369,40;368,43;369,45;369,46;368,48;368,50;368,52;368,54;368,57;368,58;369,61;368,62;369,65;369,67;368,68;368,71;369,73;368,75;368,76;369,79;368,81;368,82;368,84;369,87;369,88;369,91;369,92;369,95;368,97;368,99;368,101;368,102;369,104;369,106;369,108;368,111;369,112;368,115;368,117;369,119;369,121;369,122;368,124;368,126;369,129;369,131;369,133;368,135;369,136;369,139;369,140;369,143;368,145;369,147;368,149;369,151;368,153;368,155;369,156;369,159;368,160;368,162;369,164;368,166;369,169;368,170;368,172;369,175;369,176;369,178;369,181;369,182;369,184;369,186;368,188;368,191;368,193;369,194;369,197;369,198;369,200;369,203;369,205;368,206;369,208;369,210;368,213;369,215;369,217;369,218;369,221;369,223;368,224;369,227;369,228;368,230;369,233;369,235;368,236;368,238;369,241;369,243;369,245;369,246;369,248;368,251;369,253;368,254;368,257;368,258;369,261;369,263;368,264;369,267;369,269;368,271;369,273;368,275;369,276;369,278;368,280;368,282;369,284;369,287;369,288;368,291;369,293;368,295;369,296;368,299;368,300;368,302;368,305;369,306;369,308;368,311;369,313;368,315;368,316;368,318;368,321;368,322;369,324;368,327;368,328;369,331;368,332;368,335;369,337;368,339;369,340;368,343;369,345;368,347;369,349;368,350;368,352;369,355;368,356;369,358;368,360;369,362;368,364;368,366;368,369;369,371;368,373;368,375;368,376;369,379;368,381;369,383;368,384;369,387;368,389;368,391;368,392;369,395;368,396;368,398;368,401;369,402;368,405;368,406;368,408;369,411;369,412;368,414;369,416;368,418;369,421;369,422;369,425;369,426;368,429;369,431;368,433;369,435;369,437;369,438;369,441;368,442;368,445;369,447;368,448;369,451;368,453;368,455;369,457;368,459;369,461;369,463;369,464;368,466;368,469;368,471;369,472;369,475;368,477;369,478;369,481;369,482;369,484;369,487;368,489;369,491;369,492;368,494;368,497;368,498;368,501;368,502;368,504;368,506;369,508;369,510
370,0;370,3;371,4;371,6;370,8;371,11;371,12;370,14;371,17;371,18;370,21;371,23;370,24;370,26;370,28;371,30;371,32;370,34;371,36;370,38;371,40;370,42;371,45;370,46;371,49;370,51;370,52;371,54;371,57;371,59;370,61;371,63;371,65;371,66;371,69;370,70;370,73;370,74;370,76;370,79;371,81;371,83;371,85;370,87;371,88;371,91;370,93;370,94;371,96;370,98;371,100;370,102;371,105;371,107;371,108;371,110;370,112;370,115;371,117;371,119;371,120;370,123;370,125;370,127;370,129;370,130;370,132;371,135;371,137;371,138;370,140;370,143;370,145;370,147;370,148;371,151;370,153;370,155;370,156;371,159;371,160;371,162;370,164;370,167;370,168;371,171;371,172;371,175;371,176;371,179;370,181;370,183;371,185;370,187;371,189;370,191;371,192;371,195;370,197;370,199;370,200;370,203;370,204;370,206;370,208;371,211;371,212;370,215;371,216;371,219;371,221;371,222;370,225;371,226;371,229;370,231;370,233;371,235;370,237;371,239;370,241;370,242;371,244;371,247;370,249;371,250;371,252;370,255;370,257;370,259;370,261;370,263;370,264;371,267;370,268;371,270;371,273;370,275;370,276;371,279;370,280;371,282;371,284;370,287;371,288;371,290;371,292;371,294;371,297;371,299;371,301;371,302;370,304;370,306;370,308;371,310;371,312;371,315;370,317;370,318;370,321;371,322;371,325;371,326;371,328;371,331;371,332;370,335;370,336;371,338;370,340;371,343;370,344;370,347;370,348;371,350;371,353;370,355;371,357;371,359;371,361;370,362;370,364;370,366;371,368;371,371;370,373;371,374;370,377;370,378;370,380;370,383;371,385;371,386;371,388;371,390;371,392;370,395;370,396;371,398;370,401;371,402;370,405;371,406;371,408;371,410;370,412;370,414;370,417;371,419;370,420;371,423;371,425;371,426;370,429;371,430;370,432;370,434;371,436;371,439;371,441;371,443;370,444;371,446;371,449;370,451;370,452;371,455;371,457;371,458;371,460;371,462;370,465;371,466;370,469;371,471;370,473;370,474;370,476;371,478;371,481;371,483;370,484;370,487;370,489;371,491;371,492;370,494;371,496;370,499;371,500;371,503;371,505;371,506;370,509;370,511
372,0;373,3;373,4;372,6;372,9;372,11;373,12;372,15;373,16;372,18;373,20;372,23;373,25;372,26;372,28;372,31;372,32;373,34;372,36;372,38;373,40;372,42;372,45;372,47;372,49;373,50;373,53;372,55;373,57;373,58;373,60;373,63;373,64;373,66;372,69;372,70;373,73;373,74;373,77;372,79;372,80;372,82;373,85;372,86;373,88;372,91;373,92;373,95;372,96;372,99;372,100;372,102;372,105;373,106;373,109;372,110;373,112;373,115;373,117;373,118;373,121;372,123;373,124;372,127;372,129;373,130;372,133;373,135;372,137;372,139;372,141;372,142;373,145;373,147;372,148;372,151;372,153;372,154;373,156;373,158;373,161;372,163;373,164;372,167;372,169;372,170;372,173;373,174;372,176;372,178;373,180;373,182;373,185;372,187;373,188;373,190;372,193;372,195;372,197;372,199;372,200;373,203;372,204;372,207;372,208;373,210;373,213;372,215;373,217;373,218;372,221;372,222;372,224;372,226;372,228;373,231;372,232;373,235;372,237;373,238;373,241;373,243;372,244;372,247;373,248;373,250;372,253;372,255;372,257;372,258;372,260;372,262;372,264;373,266;373,268;373,270;372,273;373,275;373,276;373,279;373,281;372,282;372,285;372,287;372,288;373,291;373,292;373,294;372,296;372,298;373,300;373,302;373,304;372,307;372,308;373,311;373,312;372,315;372,316;372,318;372,320;372,322;373,325;372,327;372,329;373,331;372,332;373,335;372,337;372,339;373,341;373,343;372,344;372,346;372,349;372,350;373,353;373,354;373,356;372,358;372,360;372,362;372,365;372,366;373,368;372,370;372,372;372,375;373,376;373,378;372,380;373,383;372,385;372,386;373,388;372,390;373,393;372,395;373,396;373,399;372,401;372,402;373,404;372,407;372,408;372,410;372,412;373,415;373,416;372,419;373,421;373,422;372,424;373,426;373,429;373,430;372,432;373,434;373,436;372,439;373,441;372,443;373,445;372,446;373,448;373,450;372,452;373,455;373,456;373,458;373,461;372,462;373,465;372,466;373,469;372,470;373,473;373,475;372,477;372,479;373,481;373,483;373,485;373,487;372,488;372,491;373,492;373,494;372,496;372,498;372,500;372,503;372,505;372,506;372,509;372,510
375,1;375,2;375,5;375,7;375,9;375,10;375,12;375,14;375,17;374,18;374,21;374,23;375,24;374,27;374,29;374,31;375,32;375,35;374,36;375,38;374,40;374,42;374,45;374,47;374,49;375,50;375,52;375,55;375,56;374,58;375,60;374,62;375,65;374,66;375,69;375,70;374,73;374,74;375,77;374,79;374,81;374,82;374,85;375,87;375,88;374,91;374,92;374,95;374,96;374,99;375,101;375,102;375,104;374,106;374,108;374,111;374,112;375,115;374,117;375,118;375,121;375,122;375,124;375,127;375,128;375,130;375,133;374,134;374,137;374,139;374,141;375,143;374,144;374,146;374,148;375,151;374,152;374,155;374,156;375,158;374,160;375,162;375,165;374,167;374,168;375,170;375,173;375,175;374,177;374,178;374,181;374,182;374,184;374,187;374,189;375,191;375,193;375,194;375,196;374,199;374,201;375,203;375,204;374,207;374,209;374,210;374,212;374,215;374,217;374,219;374,220;375,222;374,225;375,226;375,228;374,231;374,232;374,235;375,236;374,238;374,240;374,243;375,245;375,247;374,249;374,250;375,252;375,255;375,257;375,258;374,260;375,262;374,265;375,266;375,268;375,271;374,273;374,275;374,276;375,279;375,280;375,283;375,284;375,286;375,289;374,290;374,292;374,295;375,297;375,298;375,301;375,302;375,304;375,307;374,308;374,310;375,313;374,314;374,317;374,318;375,321;375,323;374,325;374,327;375,328;375,330;375,333;375,334;375,337;375,338;374,341;374,343;374,345;375,346;374,349;374,351;374,353;374,354;375,356;375,359;375,360;375,363;374,364;375,367;375,368;375,370;375,372;374,375;374,377;374,378;374,380;374,382;374,385;375,386;375,389;375,391;375,392;374,394;374,396;375,398;374,400;374,402;374,405;375,406;375,409;375,410;374,413;375,414;375,416;375,418;375,421;374,423;375,424;374,427;374,428;374,430;375,433;375,434;374,436;375,438;375,440;374,442;374,444;374,446;375,449;374,450;374,453;374,455;375,457;374,458;375,460;374,463;374,465;374,466;374,468;375,471;374,472;375,474;374,477;375,478;374,481;374,483;375,484;375,486;374,489;374,490;374,492;375,495;375,496;374,499;374,500;375,502;375,505;374,507;375,509;374,511
377,0;376,3;377,5;377,6;376,8;377,10;377,13;377,15;377,16;376,19;377,21;376,22;376,24;377,26;377,29;376,30;377,32;377,35;376,37;377,38;376,40;377,43;376,45;376,47;377,48;376,50;377,52;377,54;376,56;376,59;376,61;377,63;377,65;376,67;377,68;376,71;376,72;376,74;376,76;376,78;376,80;376,83;376,84;377,86;377,88;377,90;376,93;377,94;377,96;377,98;377,101;376,102;376,105;376,106;376,108;376,111;377,113;376,115;376,117;376,118;376,121;377,123;376,125;376,127;376,128;377,131;376,133;377,135;376,136;376,138;377,141;377,143;377,145;376,147;377,149;377,151;376,153;376,155;377,157;376,158;377,160;377,163;376,164;376,167;376,168;376,170;376,172;376,174;377,176;376,178;377,180;377,183;376,184;377,187;377,188;377,190;377,192;376,195;377,197;376,199;376,201;377,203;376,205;377,206;376,209;376,210;377,213;376,215;377,216;377,218;377,221;377,223;377,224;376,227;377,229;376,231;377,233;377,235;376,236;376,239;377,240;376,243;377,245;377,246;377,249;376,251;377,253;377,254;377,257;376,259;377,261;377,263;376,264;376,266;376,268;377,271;376,273;376,275;376,277;376,278;377,280;377,283;377,284;377,287;376,289;377,291;377,292;376,295;376,297;376,298;376,301;376,302;377,305;376,307;377,309;376,310;377,312;377,315;377,317;377,319;377,321;377,323;377,324;377,326;376,329;376,330;376,332;376,335;376,337;377,338;377,340;377,343;376,345;377,346;377,349;377,350;376,352;377,354;376,356;377,358;376,360;376,363;377,365;377,367;376,368;377,371;376,372;377,375;377,376;377,378;377,380;377,382;376,384;376,387;376,389;377,391;376,392;376,395;377,396;377,399;376,400;376,402;377,405;377,407;376,408;376,411;376,412;377,415;376,417;377,419;376,421;377,423;377,425;376,427;377,429;377,430;376,433;377,434;376,437;376,438;376,440;377,443;376,445;376,447;376,449;376,451;377,453;377,454;376,457;377,458;376,461;376,463;376,465;377,466;377,468;377,470;377,473;377,474;377,477;377,478;376,481;377,482;376,484;377,486;377,489;377,491;376,492;376,494;376,496;376,498;376,501;377,502;377,505;376,506;376,509;376,511
379,0;378,3;379,4;379,6;379,9;378,11;378,13;379,14;378,16;379,18;379,20;379,23;378,25;379,27;378,28;378,31;379,33;379,35;379,37;379,39;378,40;379,42;378,44;378,47;378,48;378,50;379,53;379,55;378,57;378,58;379,61;378,63;379,64;379,66;379,68;379,71;379,73;378,75;378,76;378,78;379,80;379,83;379,84;378,87;378,89;378,91;379,92;379,94;379,97;378,98;379,100;378,102;379,105;378,106;378,109;379,110;378,113;378,114;379,117;379,118;378,120;379,122;379,125;379,127;379,129;379,131;378,132;379,135;379,137;378,139;379,141;379,143;379,144;379,147;378,149;378,151;378,152;378,155;378,156;379,158;379,161;379,162;378,165;378,167;378,169;378,170;378,172;378,175;378,177;378,178;378,180;378,182;378,184;379,187;378,189;378,190;378,193;378,195;379,197;378,199;378,200;378,203;379,205;379,207;378,208;378,210;378,212;378,214;378,217;379,218;379,221;379,223;378,224;378,227;378,229;379,231;379,233;378,235;378,236;379,238;378,240;379,242;378,244;378,247;379,249;379,250;378,252;379,255;379,257;379,259;378,260;378,263;379,264;378,267;379,269;379,270;379,273;378,275;378,277;378,279;378,280;379,282;378,284;379,287;378,288;379,290;379,293;379,294;378,296;378,298;378,301;378,303;378,305;379,307;378,308;379,310;379,312;379,315;378,317;378,318;378,320;379,322;378,325;378,326;379,329;379,331;379,332;379,334;378,336;379,338;379,341;379,342;379,345;379,346;379,348;378,351;378,352;379,354;378,356;379,358;378,361;379,362;379,365;379,366;378,369;378,371;379,373;379,374;379,376;379,379;378,381;378,382;378,384;378,387;378,388;378,391;378,392;378,394;379,396;378,398;379,401;379,402;379,404;379,407;379,408;379,411;379,413;378,415;378,416;378,419;378,420;379,423;379,424;378,427;379,429;378,430;378,433;378,435;378,437;379,438;378,440;378,443;379,445;379,447;379,449;378,451;379,452;378,454;379,456;379,459;378,461;378,463;379,464;378,467;378,468;379,470;378,473;379,474;378,476;379,479;379,480;378,482;378,485;379,486;378,488;378,491;378,492;379,494;379,497;379,499;379,500;379,502;378,504;378,507;379,508;379,510
381,0;381,2;380,4;380,6;381,8;381,10;381,13;380,15;381,17;380,19;380,21;381,23;381,24;381,27;381,29;380,30;381,32;381,34;381,37;381,38;380,40;381,43;381,45;380,47;380,48;381,50;380,53;381,55;381,56;380,58;380,61;381,62;380,65;380,67;381,69;380,71;381,72;381,75;381,77;380,79;381,81;380,82;380,84;380,86;380,88;380,91;381,92;380,95;381,97;380,98;381,101;381,102;380,104;380,106;381,108;380,110;380,113;380,114;381,117;380,118;380,121;380,122;381,125;380,126;380,129;380,130;380,132;381,134;380,137;380,139;381,141;381,143;381,144;381,146;380,149;380,150;381,152;380,154;381,157;381,158;380,160;380,162;380,165;381,166;380,168;380,170;381,173;381,175;380,177;381,178;381,181;381,182;381,185;381,186;381,189;380,190;380,193;381,194;381,197;381,199;381,201;380,203;380,204;380,207;380,208;380,210;380,212;381,214;380,216;380,218;380,220;380,222;380,225;381,227;380,229;381,231;380,233;381,234;380,237;380,238;381,240;381,243;380,244;381,246;381,248;380,250;380,253;380,254;380,257;381,258;381,260;381,262;380,264;381,266;380,268;381,270;380,273;381,275;380,276;380,278;380,280;380,283;381,284;380,286;380,288;381,290;380,293;381,295;381,296;380,299;380,300;381,303;380,305;381,306;381,308;380,310;380,313;381,315;380,317;380,318;380,320;380,323;380,324;380,326;380,328;381,330;380,333;380,335;381,337;381,339;380,341;381,343;380,344;380,347;381,348;380,350;380,352;381,355;380,356;380,358;380,360;381,363;381,364;381,367;380,369;381,371;380,373;381,374;380,377;380,379;380,381;380,383;381,384;381,387;381,388;381,391;380,393;381,395;380,397;381,399;380,401;380,402;380,405;380,406;380,408;381,410;380,413;381,415;381,416;380,418;380,420;381,422;380,424;380,426;380,428;381,430;380,432;380,435;381,437;381,438;380,440;380,442;381,444;381,446;380,449;381,451;381,452;381,454;380,457;381,458;380,461;381,463;381,464;380,466;381,468;381,470;381,472;380,475;380,477;381,478;381,481;381,482;380,484;381,487;380,488;381,491;381,492;380,494;380,496;381,498;380,501;381,503;381,504;380,506;380,508;381,510
382,0;383,2;383,5;383,6;382,9;382,11;383,12;382,15;383,16;383,19;382,21;383,23;383,24;383,27;383,29;383,30;382,33;382,35;382,36;382,38;382,40;382,43;382,45;382,47;382,48;382,50;382,52;383,54;383,56;383,58;382,60;383,63;383,65;383,66;383,68;382,70;382,73;382,75;383,76;383,79;383,80;383,83;382,84;382,86;382,89;382,91;383,92;383,94;383,97;382,98;382,101;382,102;383,104;382,107;383,109;382,111;382,113;383,114;382,116;382,119;382,121;382,123;382,124;382,127;383,128;383,131;383,133;383,135;383,137;383,138;382,141;383,142;383,145;382,146;383,149;382,150;382,152;383,155;383,157;382,158;382,160;382,162;383,164;383,166;382,168;383,170;383,172;383,175;382,176;382,178;382,181;382,183;382,185;382,186;382,189;382,190;382,192;383,194;382,196;383,199;383,200;382,203;383,205;383,207;383,208;383,210;383,212;382,215;383,216;383,219;382,221;383,223;382,225;383,226;382,228;382,230;382,232;382,235;383,236;382,239;383,240;383,242;383,245;382,247;383,249;382,251;382,253;383,254;382,257;383,258;383,260;383,263;383,265;383,266;382,268;382,271;383,273;382,275;383,277;382,278;383,280;383,282;383,285;383,287;382,288;382,291;382,293;383,294;383,297;382,299;382,300;383,303;382,305;383,306;382,308;382,310;382,313;382,315;382,317;382,318;383,320;382,322;383,325;382,326;383,328;382,331;383,332;382,335;383,337;382,338;382,341;382,342;383,344;382,347;383,348;383,351;382,353;382,355;383,357;383,358;383,360;382,363;382,364;382,367;382,369;382,370;382,373;382,375;383,377;383,379;382,381;382,383;383,385;383,387;382,388;382,391;382,392;383,394;382,396;382,398;382,400;382,402;382,405;382,407;382,409;382,411;382,413;382,415;383,416;383,418;382,421;382,422;382,424;383,426;383,428;383,430;382,433;383,434;382,437;383,439;383,441;382,442;382,445;383,446;382,448;383,450;382,452;383,454;383,457;383,458;383,460;382,463;382,465;382,467;382,469;383,470;382,473;383,475;382,477;383,479;383,481;382,482;382,485;383,487;383,489;382,490;382,493;382,494;383,496;382,499;383,500;383,502;383,505;382,507;382,508;383,510
385,0;385,3;385,4;384,7;385,8;385,11;384,12;384,14;385,17;384,18;385,21;385,23;384,25;385,27;385,29;384,31;385,32;384,35;385,36;385,38;384,40;385,43;384,45;384,47;384,49;385,50;384,53;385,55;384,56;385,59;385,60;384,62;385,64;385,67;385,68;385,71;385,73;384,74;385,77;385,79;384,81;384,82;384,84;384,86;385,89;385,91;385,92;384,95;385,97;385,99;385,100;384,102;385,105;385,107;385,109;385,110;385,112;384,115;384,117;385,118;384,120;384,123;385,124;385,126;385,128;384,131;385,132;384,135;385,136;385,138;385,140;384,142;384,145;384,146;384,149;385,151;385,152;385,155;385,157;384,159;384,160;385,162;384,165;384,166;385,169;384,170;385,172;384,175;385,177;384,179;385,181;385,182;384,184;385,187;385,189;384,190;384,192;384,195;384,197;385,198;384,200;384,203;384,205;385,206;385,208;385,210;384,213;384,214;384,216;384,218;385,220;384,222;384,225;385,226;385,228;385,230;385,233;385,235;385,236;385,239;384,240;385,243;385,245;385,246;385,248;385,250;384,252;385,255;384,257;385,259;385,260;384,262;385,264;384,266;385,268;384,270;385,273;384,274;384,277;384,279;384,281;385,283;384,284;385,287;384,289;385,290;385,292;384,294;385,297;385,298;384,301;385,303;384,305;385,306;385,308;385,311;385,313;385,314;384,316;385,319;385,320;385,322;384,325;384,326;385,328;384,331;385,333;384,334;384,337;384,339;384,341;384,342;384,344;384,346;384,348;384,350;384,352;385,355;385,356;384,359;385,360;385,362;384,365;384,366;384,369;384,370;384,372;385,375;385,377;385,379;385,380;384,382;385,385;384,386;385,388;385,391;384,392;384,395;385,397;385,398;384,401;385,403;385,405;384,406;385,409;385,410;385,413;385,415;384,416;385,418;385,420;385,423;384,424;384,427;384,428;385,430;385,433;385,435;385,437;384,438;384,440;384,442;384,444;384,447;384,449;385,451;384,452;385,454;384,457;385,459;385,460;385,463;384,465;385,467;385,469;385,470;384,472;385,475;385,476;384,479;384,480;384,483;385,484;384,487;385,489;385,491;384,493;385,495;385,496;385,499;384,500;384,503;385,504;384,506;384,509;384,510
387,1;387,2;386,4;386,6;387,8;387,11;386,12;386,14;387,16;386,19;386,20;387,23;386,24;387,26;386,29;387,31;387,32;387,34;386,37;386,38;387,40;386,42;387,45;386,47;386,49;387,50;387,52;387,55;386,56;387,58;386,60;387,62;386,64;386,66;387,69;386,71;387,73;386,75;387,76;387,78;386,81;386,82;386,85;386,86;387,88;387,90;386,92;386,95;387,97;387,98;386,100;387,103;386,105;387,107;387,108;387,111;387,112;387,115;387,117;386,119;387,121;386,123;386,125;387,126;387,129;386,131;386,132;386,135;386,137;387,138;386,141;387,142;387,144;386,147;386,149;386,150;387,152;386,155;386,156;387,158;386,160;387,163;387,164;387,167;386,169;387,170;386,173;386,174;387,177;386,178;387,181;387,183;387,185;386,186;386,189;386,191;386,192;386,195;386,196;387,199;387,200;387,202;386,205;386,207;386,208;386,211;387,213;386,215;386,216;387,218;387,220;386,223;386,225;386,227;386,229;387,231;387,233;386,235;386,237;387,238;386,240;386,242;386,244;386,246;386,248;386,251;387,253;387,255;387,256;387,259;386,260;386,262;387,264;387,266;386,269;386,270;387,273;387,275;386,276;386,278;387,281;386,283;387,285;386,287;386,288;387,290;386,293;386,295;386,297;386,299;386,300;386,303;386,305;387,306;386,309;387,311;387,312;387,315;387,316;386,319;386,320;386,322;387,324;386,327;386,329;387,331;386,332;386,335;387,337;387,339;387,341;387,342;387,345;387,346;387,349;387,351;386,353;387,355;387,356;386,358;386,360;386,362;386,365;386,366;386,368;386,371;387,373;386,375;386,376;387,378;387,380;387,383;386,385;387,387;386,389;387,390;386,393;387,394;386,396;387,399;387,401;386,402;386,404;387,407;386,409;387,410;386,412;386,414;387,416;386,418;386,421;386,423;386,425;387,427;387,429;386,431;386,433;386,434;387,436;387,438;386,440;386,443;387,444;386,446;386,449;386,450;387,453;386,454;386,456;387,458;387,460;387,462;387,464;386,466;387,468;386,471;386,472;387,475;386,477;386,478;387,480;386,482;387,484;386,487;386,489;386,490;386,493;386,495;386,496;386,499;386,500;386,503;387,505;387,506;387,508;387,511
389,0;389,2;389,5;389,6;388,8;389,10;389,12;389,14;389,17;389,19;388,21;389,22;389,24;388,26;389,28;389,31;388,33;389,35;388,37;388,38;389,40;388,42;389,45;388,47;388,49;389,50;388,53;389,54;389,57;389,59;389,60;388,62;389,65;389,66;389,69;388,71;388,72;389,74;388,76;389,78;388,81;388,82;388,84;388,86;388,88;388,90;388,92;388,94;388,97;389,98;389,100;388,103;389,104;388,107;389,109;388,110;388,112;389,115;389,117;388,118;389,121;388,123;388,125;389,127;388,128;388,131;389,132;389,134;389,137;388,138;388,140;388,143;388,145;389,146;388,148;388,151;389,153;388,154;388,157;389,159;388,161;388,162;388,164;389,166;388,169;389,170;389,172;389,174;389,177;389,178;389,180;389,182;389,184;389,186;388,189;389,191;389,192;389,195;388,196;388,199;389,200;388,202;388,205;389,206;389,209;389,210;388,212;389,215;389,216;388,219;388,220;388,222;389,225;389,226;388,228;389,231;389,233;388,235;388,236;388,239;388,240;389,243;388,244;388,246;389,249;388,251;388,253;388,254;389,257;388,259;388,261;389,262;389,265;388,266;388,269;388,271;388,272;389,275;389,277;389,279;389,281;388,283;389,285;389,287;389,289;389,290;389,293;388,294;388,297;388,299;389,300;389,302;389,305;389,306;388,309;389,311;388,312;388,314;388,317;389,319;389,320;389,323;388,324;388,326;388,328;389,330;389,333;389,335;388,336;388,339;388,340;388,342;388,345;389,347;388,348;388,351;389,352;389,355;388,356;389,359;388,361;388,363;389,365;388,366;388,369;388,371;388,372;388,375;388,377;388,379;388,380;388,382;388,385;388,386;388,389;388,390;389,393;388,394;389,397;388,399;389,400;388,403;388,405;389,406;389,409;389,410;388,413;388,414;389,416;388,419;388,421;388,423;389,424;389,426;388,428;388,431;389,432;389,434;388,436;388,438;388,441;388,443;389,445;388,446;388,449;388,450;388,453;388,454;389,457;388,458;388,460;388,463;388,465;389,467;389,468;389,470;389,473;389,474;388,476;388,479;389,480;388,483;389,484;389,486;389,488;388,491;388,493;389,494;388,496;388,499;389,501;389,503;388,505;389,506;389,508;388,510
391,0;391,2;390,5;390,7;391,8;391,11;390,12;391,15;390,16;391,18;390,21;391,23;391,25;391,26;390,29;391,30;391,33;390,35;391,37;390,38;390,41;391,43;391,45;390,47;390,49;390,50;391,53;391,54;390,56;391,59;390,60;391,62;391,64;390,67;391,68;391,71;391,73;391,75;391,76;391,78;390,81;391,82;390,84;391,86;391,89;391,90;391,93;391,95;391,96;391,99;391,100;391,102;391,104;391,106;391,109;390,111;391,113;390,115;390,116;390,118;390,120;391,123;390,125;391,126;390,128;391,130;391,133;391,135;391,136;391,139;390,140;390,143;391,145;390,146;391,149;391,150;391,153;391,155;391,157;390,158;391,160;391,163;391,165;391,167;391,169;391,171;390,172;391,175;391,176;391,178;391,180;390,182;391,184;391,187;391,188;390,191;391,192;390,194;390,196;391,199;390,200;390,203;391,205;390,207;391,208;391,210;390,212;391,214;390,217;391,218;391,220;391,222;390,224;390,226;390,229;391,230;390,232;391,234;391,236;391,238;391,240;391,243;391,244;391,246;390,248;391,250;390,253;391,255;390,257;391,259;390,261;390,263;390,264;390,266;391,269;391,270;391,272;391,275;390,277;391,279;390,280;390,283;391,284;390,287;390,289;390,290;391,292;391,294;391,296;391,299;390,301;390,302;391,304;391,307;390,308;390,310;390,313;390,314;391,317;390,319;390,320;391,323;391,325;390,327;390,329;390,331;390,333;390,335;390,337;390,339;390,341;391,342;390,345;390,347;390,349;390,350;390,353;391,355;390,357;391,358;390,361;390,362;390,364;390,367;391,368;390,370;391,372;391,374;390,376;390,379;390,381;390,383;391,385;391,387;390,389;391,391;391,392;391,395;390,396;390,399;391,400;391,403;391,404;390,407;390,409;390,411;391,412;391,414;390,416;390,419;391,420;390,423;391,424;390,426;391,429;390,430;391,433;391,434;391,437;390,438;391,441;391,443;390,445;390,447;390,448;391,451;391,453;391,455;390,456;390,459;390,461;390,462;391,464;391,466;390,468;391,471;390,472;390,475;391,477;390,478;391,481;391,482;391,484;391,486;390,489;390,491;390,493;390,495;390,496;391,498;390,500;390,503;390,505;390,506;391,509;391,510
392,1;393,2;393,5;393,6;392,9;393,10;392,13;393,15;392,16;393,18;393,21;392,23;392,24;392,27;393,29;392,31;393,33;392,35;392,37;393,38;392,40;392,43;393,45;392,47;393,48;392,50;393,53;392,55;393,56;393,58;392,60;393,62;392,65;393,66;393,68;392,71;392,73;392,74;392,76;392,78;392,81;392,82;392,85;393,87;393,88;393,90;393,93;393,95;392,97;393,99;393,101;392,102;393,104;393,107;393,108;393,110;393,112;392,114;393,116;392,119;393,120;393,123;393,125;393,127;392,128;392,130;393,133;392,135;393,137;392,138;393,141;392,143;392,144;393,147;392,149;392,150;392,152;392,155;393,156;392,158;393,161;392,162;393,164;393,167;392,169;393,170;392,173;393,174;393,177;392,179;393,181;393,183;393,184;393,187;392,189;392,191;393,193;392,194;392,196;393,199;393,201;393,203;393,205;392,206;393,208;393,211;392,213;392,214;393,217;392,218;393,221;393,223;393,224;393,226;393,228;392,230;393,232;392,234;393,237;392,238;392,241;392,243;393,245;393,246;392,249;393,251;392,253;393,255;393,256;392,258;392,260;393,262;393,264;392,266;393,269;393,271;393,273;392,274;393,277;392,278;392,281;393,282;392,285;393,287;392,289;393,291;392,293;393,295;393,296;393,298;393,301;393,303;393,304;392,306;392,308;393,310;393,313;392,315;393,316;392,318;392,321;392,322;393,324;392,326;392,328;392,331;392,332;392,335;393,337;392,339;393,341;393,343;393,345;393,346;392,349;393,350;392,353;392,354;393,357;392,358;392,361;393,363;393,365;393,366;393,369;392,370;393,372;392,375;393,376;393,379;393,380;392,383;392,385;392,387;393,389;392,391;392,393;392,395;392,397;392,398;392,401;392,403;392,404;392,406;392,408;392,410;392,412;393,414;392,417;393,418;392,421;392,423;393,424;393,427;392,428;392,431;392,432;393,434;392,436;393,438;392,441;392,442;392,445;393,446;393,449;392,450;392,452;393,455;392,457;393,459;392,461;392,463;393,465;393,466;392,468;392,470;392,472;393,474;392,476;392,478;393,481;392,483;392,484;392,487;393,488;392,491;392,493;392,494;392,496;392,498;392,501;393,503;393,504;393,506;392,508;393,511
395,1;395,2;395,5;395,7;394,8;395,11;394,13;395,14;395,17;394,18;395,21;394,23;395,24;394,26;395,29;394,30;394,32;395,35;395,37;395,38;394,40;394,43;394,44;394,47;394,49;394,50;395,52;394,54;394,57;395,59;395,61;394,63;395,64;394,66;395,68;394,70;394,73;395,74;394,76;394,78;394,80;394,83;394,85;394,86;394,89;394,91;394,92;395,94;394,96;395,99;394,101;395,103;395,105;394,107;394,108;395,111;395,112;394,114;394,116;395,119;394,121;395,123;395,124;395,126;394,129;395,130;394,133;395,135;394,137;395,138;395,140;394,143;395,145;395,147;394,148;394,150;394,152;395,155;395,157;395,158;394,160;395,163;394,165;394,167;395,168;394,170;395,172;394,174;394,176;394,179;394,181;395,182;394,185;395,186;395,189;394,191;394,192;395,194;394,196;394,199;395,201;394,203;395,204;395,207;395,208;395,211;395,212;394,215;394,217;395,219;394,220;394,222;394,224;395,227;394,229;395,230;395,232;394,234;395,236;394,238;394,240;395,242;394,244;394,247;394,249;395,251;394,253;395,254;395,256;394,259;395,260;395,263;395,265;394,266;394,268;395,270;394,272;395,274;395,276;394,278;395,280;395,282;395,285;395,287;395,288;395,291;394,292;394,294;394,296;395,298;394,300;394,302;394,305;395,306;394,309;394,311;395,312;395,314;394,316;394,318;394,320;394,322;395,324;395,327;395,329;394,331;394,332;395,334;394,336;395,339;394,341;395,342;395,345;395,346;395,349;395,350;395,352;394,354;394,357;395,359;394,360;395,363;394,364;394,367;395,369;395,371;394,373;394,374;394,376;394,378;394,381;394,382;394,384;394,386;394,389;394,390;395,393;395,395;395,397;395,399;395,400;394,402;395,404;394,406;394,409;394,410;395,413;394,415;395,416;394,418;395,420;394,423;394,425;394,426;395,428;395,430;394,432;394,434;395,437;394,439;394,441;394,443;395,444;395,447;395,449;395,451;394,453;394,455;394,456;394,458;394,460;395,462;394,464;395,467;394,469;394,470;395,473;394,475;394,477;395,479;394,480;395,482;395,484;395,487;394,489;395,491;395,492;395,495;395,496;394,498;395,500;394,502;394,505;394,506;394,509;394,510
396,0;396,3;397,4;396,6;396,8;396,11;397,12;397,14;396,16;397,19;396,20;397,23;397,25;396,26;396,29;396,31;397,32;396,35;396,36;397,38;397,40;396,43;396,44;396,47;396,49;396,51;397,53;397,55;396,56;397,59;396,61;397,63;397,65;397,67;396,68;397,71;397,73;397,74;397,76;396,79;396,81;397,82;397,85;397,86;397,88;397,90;396,93;396,94;397,96;397,99;396,101;397,103;396,104;396,106;397,109;397,111;397,112;397,115;396,116;397,118;396,121;397,123;397,124;397,126;396,128;396,131;396,132;397,134;397,137;397,139;397,141;397,143;396,145;396,146;397,148;397,150;396,153;397,154;397,157;396,158;396,160;397,163;397,165;397,167;396,169;396,170;396,172;397,174;397,177;397,179;397,180;396,183;396,184;396,187;396,189;397,190;396,192;397,194;396,196;397,198;397,201;397,203;397,204;397,207;397,209;397,210;397,212;396,214;397,216;397,219;396,221;397,223;397,224;397,226;397,229;397,230;396,232;396,234;396,236;397,239;396,241;396,243;397,244;397,247;397,248;396,250;397,252;396,254;397,257;396,258;397,260;396,262;396,264;396,266;397,269;397,271;397,273;397,275;397,277;397,278;397,280;396,283;397,285;396,286;397,289;396,291;397,293;397,295;396,297;396,299;397,300;397,303;397,305;397,307;396,308;397,311;396,313;397,314;397,316;397,318;397,321;397,323;396,325;396,326;397,329;396,330;397,333;396,334;397,337;396,339;397,341;396,342;397,345;396,347;397,348;397,350;396,352;397,354;396,356;397,358;396,360;396,362;397,364;397,367;397,368;396,371;397,372;396,375;396,376;396,379;396,381;397,382;397,385;397,386;397,389;396,391;397,393;397,394;396,397;397,399;396,400;396,403;397,405;396,407;397,409;396,411;396,412;396,414;397,416;396,418;396,421;397,422;396,425;396,426;396,429;397,430;397,433;396,435;397,436;397,438;396,441;397,442;397,445;397,446;397,449;396,451;396,453;397,454;397,456;397,459;397,460;396,463;396,465;397,467;397,469;397,470;397,472;397,475;396,476;396,479;396,480;397,483;396,484;397,487;397,488;397,491;396,493;397,494;396,497;397,498;397,501;397,503;397,504;397,506;397,509;396,510
398,1;399,3;399,5;398,6;399,9;398,10;399,13;399,14;399,17;398,18;398,21;399,23;398,24;398,26;398,29;399,30;399,32;399,35;399,37;398,38;398,40;398,42;398,45;399,47;398,49;398,50;399,53;399,54;398,56;398,59;398,61;399,62;398,65;399,66;399,68;398,71;398,73;399,74;398,76;399,79;399,81;398,83;399,84;398,86;398,89;398,91;399,92;399,95;398,97;398,99;398,100;398,103;399,105;399,107;399,109;398,110;399,112;399,114;398,116;399,118;398,120;398,123;398,124;399,127;398,129;399,130;399,132;399,135;399,137;399,139;398,140;398,143;399,145;399,147;399,148;398,151;399,152;399,155;399,156;399,159;398,160;398,163;399,165;398,166;398,168;399,171;398,172;398,175;399,177;399,178;399,180;399,182;398,184;398,187;399,188;399,190;398,192;399,195;399,197;398,198;399,200;399,202;399,204;399,206;399,208;399,211;398,213;398,214;398,217;398,218;399,221;399,222;399,224;399,227;398,229;399,230;399,232;398,235;399,236;398,239;399,241;398,242;399,245;398,247;398,249;398,250;399,253;399,255;398,256;399,258;398,260;398,263;399,264;399,267;398,269;398,270;398,272;399,275;398,277;398,278;399,280;399,282;399,285;399,287;398,289;398,291;398,292;398,294;399,297;398,299;399,300;398,303;399,304;399,306;399,309;398,310;398,313;399,315;399,316;398,318;399,321;398,323;399,325;399,326;398,328;399,331;399,333;399,334;399,337;399,339;398,340;398,343;399,344;399,347;398,348;398,351;398,352;399,354;399,356;398,358;399,361;399,363;399,364;398,366;398,369;398,371;399,372;399,375;399,377;399,379;398,381;398,383;399,384;398,387;399,388;399,390;399,392;398,395;398,397;398,399;398,400;399,402;398,405;399,407;398,409;399,411;399,412;399,415;399,417;398,419;398,421;398,423;398,424;399,427;399,429;398,430;398,433;398,434;398,436;399,439;398,440;399,442;398,445;398,447;398,449;399,451;399,453;398,454;399,457;399,458;399,461;399,463;399,464;398,466;398,469;399,471;399,473;399,474;399,476;399,478;398,480;398,483;398,485;398,487;398,488;398,490;399,492;399,494;399,496;399,498;398,501;398,503;399,504;398,506;398,508;399,510
401,1;400,3;401,4;400,7;401,8;401,10;400,13;400,15;400,17;401,18;401,20;400,22;400,25;400,27;401,29;400,31;401,33;400,34;401,36;401,38;401,40;400,43;400,45;401,47;400,49;400,50;400,53;400,54;401,57;400,59;400,60;400,63;400,65;401,66;401,68;401,71;401,73;400,74;400,76;400,79;401,80;400,82;401,85;400,86;400,88;401,90;400,93;401,95;400,96;400,98;401,100;401,103;401,104;401,107;401,109;400,111;400,112;400,114;401,117;400,118;400,120;401,123;400,125;400,126;400,129;400,130;401,133;400,134;401,137;401,139;400,141;400,143;400,145;401,146;401,148;400,150;401,152;400,155;401,156;401,158;400,160;401,162;400,165;400,167;401,168;401,171;401,172;401,174;401,176;401,179;400,181;400,182;401,184;401,186;401,188;400,191;401,193;401,195;400,196;400,199;400,200;401,202;401,205;401,207;401,209;400,210;400,212;401,214;401,217;401,218;401,221;400,223;400,224;400,227;401,228;401,230;400,232;400,235;401,237;400,239;400,241;400,242;401,245;401,247;401,249;400,250;401,252;400,254;401,256;401,258;401,261;400,263;400,264;400,266;401,269;401,271;401,272;400,274;400,277;401,279;400,281;400,282;400,285;401,287;401,288;401,291;400,292;400,294;400,296;401,298;401,301;401,302;401,305;401,306;401,308;400,310;400,313;401,314;400,316;401,318;400,320;401,322;400,324;401,326;401,328;401,330;401,332;400,335;401,337;401,339;400,340;400,342;400,345;401,346;401,349;401,350;400,352;400,355;401,357;400,359;401,361;401,362;400,364;400,367;400,369;400,371;400,372;401,374;401,377;401,378;400,380;401,383;401,385;400,387;400,389;401,391;401,392;400,394;400,397;400,398;400,401;400,403;401,405;400,407;401,409;401,410;401,412;400,414;400,416;401,418;401,420;400,422;400,424;401,427;400,429;401,430;401,433;401,435;400,437;401,439;400,441;401,443;400,444;400,446;401,449;401,451;401,453;400,455;400,457;400,458;400,461;400,462;400,465;401,467;401,469;401,470;401,473;401,475;400,476;401,478;400,481;401,483;400,485;401,486;400,488;401,491;400,492;400,495;401,496;401,499;401,501;401,503;400,505;401,507;400,509;401,510
402,1;403,3;402,5;402,7;402,8;403,10;403,12;403,15;402,17;402,18;403,20;403,23;403,25;403,27;403,29;403,30;403,33;403,35;402,37;403,38;402,40;403,43;403,45;402,46;402,49;402,50;403,53;402,55;403,57;403,58;403,61;402,63;403,64;402,66;403,69;402,71;403,73;403,74;403,76;403,79;403,80;403,82;403,84;402,87;403,88;403,91;402,92;402,95;402,97;403,98;402,101;403,103;403,105;402,107;403,109;403,111;402,112;403,115;402,117;402,119;402,120;403,123;402,125;403,126;402,128;402,131;403,132;402,134;402,136;403,139;403,141;403,142;402,144;402,147;402,148;403,151;403,153;403,155;403,156;403,159;402,160;403,163;403,164;402,166;403,169;402,170;403,172;403,174;402,177;402,178;402,180;402,182;402,184;402,186;402,189;402,191;402,193;403,195;402,196;402,198;403,201;402,202;403,204;402,206;403,209;402,210;402,212;402,215;403,217;403,219;402,221;402,223;402,224;402,226;402,229;403,230;403,233;402,234;403,237;403,238;403,241;403,243;402,244;402,246;402,249;402,251;402,253;403,254;402,256;403,259;403,260;402,262;402,264;402,266;403,269;403,271;403,273;403,275;403,277;403,278;403,281;402,283;403,284;402,286;402,289;403,290;403,293;402,294;402,296;403,299;402,301;403,302;402,304;403,306;402,309;402,310;402,313;402,315;402,316;403,319;403,321;402,322;403,324;402,327;402,329;402,330;402,333;403,334;402,336;402,338;402,340;403,343;403,344;403,347;402,348;403,350;402,353;403,354;402,356;402,359;403,361;402,363;402,365;403,367;402,369;403,371;403,372;403,375;403,376;403,378;403,381;403,382;402,384;403,387;402,388;402,391;403,393;403,394;403,396;403,399;403,401;402,402;402,405;402,406;403,409;402,410;402,412;403,415;402,416;403,419;403,421;403,422;402,425;402,426;403,428;403,431;402,433;402,435;403,436;402,438;403,440;403,443;403,445;402,447;403,448;403,450;402,452;403,454;403,457;403,458;402,460;403,462;402,465;402,466;402,468;403,470;402,472;403,474;403,476;403,479;403,480;403,482;403,485;403,486;402,489;403,491;403,492;403,494;403,497;403,498;402,501;402,502;403,505;402,507;403,508;403,510
404,0;404,3;405,5;405,7;405,8;405,10;405,12;404,14;405,16;404,19;405,20;404,22;404,24;404,27;404,29;404,30;404,32;405,35;404,37;404,38;404,41;404,42;405,45;404,46;404,49;404,50;405,52;405,54;404,57;404,59;405,60;405,63;404,65;405,66;404,68;404,71;404,73;404,74;405,77;405,79;405,80;404,82;404,85;404,87;404,89;404,91;404,93;405,95;405,97;405,98;404,100;404,103;405,104;405,106;405,109;404,111;404,113;405,114;405,117;404,119;404,120;405,123;405,125;405,127;405,128;404,130;405,132;404,134;405,137;405,139;405,140;405,142;405,144;404,146;404,149;404,150;404,152;404,155;404,157;404,158;404,161;404,162;405,164;405,166;405,169;404,170;405,173;404,175;404,177;405,179;405,180;404,183;404,184;405,187;405,189;404,190;405,192;405,194;404,197;405,198;404,200;404,202;404,204;405,206;404,209;405,211;405,213;404,215;404,216;405,218;405,220;405,223;404,224;404,226;404,229;405,230;405,233;405,235;405,237;405,239;404,241;404,243;404,244;404,247;404,248;405,251;404,253;404,254;404,256;405,258;404,261;405,263;405,265;404,267;404,268;404,271;405,273;405,274;404,276;405,279;405,281;404,283;404,285;405,287;404,289;404,291;404,293;404,294;405,297;405,298;404,300;404,302;404,305;405,307;405,309;405,311;405,312;405,315;404,316;404,319;405,321;405,323;404,325;404,327;404,328;404,330;404,333;405,334;404,336;405,338;405,341;405,342;404,344;405,347;404,349;404,351;404,352;404,354;404,357;404,359;405,361;404,363;405,364;405,367;405,368;405,371;405,372;405,374;404,377;404,379;405,381;404,383;405,385;405,386;405,388;404,391;405,392;404,394;405,396;404,399;405,401;404,402;405,404;404,407;404,409;404,411;405,413;404,414;405,417;404,419;404,420;404,423;405,425;404,427;405,429;404,431;405,432;405,434;404,436;405,439;405,440;404,442;404,444;404,447;404,449;405,451;405,452;405,454;405,456;405,459;405,460;404,463;405,465;405,466;405,468;404,471;405,472;405,474;404,477;405,478;405,480;405,483;405,485;405,487;405,488;405,490;405,493;404,494;404,496;404,498;405,501;404,502;404,504;404,507;404,508;404,511
407,0;406,3;407,4;407,6;407,9;407,11;407,12;406,15;406,17;406,18;407,20;407,23;406,25;407,27;406,28;406,31;407,33;407,35;407,37;406,38;406,40;406,43;406,45;406,47;406,49;406,50;407,53;407,54;407,56;406,59;406,60;406,63;406,65;406,67;407,69;407,70;406,73;407,74;406,76;407,79;407,80;406,82;407,85;407,87;407,88;407,90;407,92;407,95;406,97;407,98;406,100;406,103;407,104;407,106;406,108;407,111;406,113;407,115;406,117;407,118;406,121;406,122;406,124;407,126;407,128;407,131;407,132;406,135;407,137;407,139;406,141;406,143;406,144;406,147;407,148;406,150;407,152;407,155;406,156;407,159;406,161;406,162;407,165;407,166;406,169;407,170;406,173;406,175;407,176;406,179;406,180;406,183;406,184;406,187;407,189;406,190;406,192;407,195;407,196;407,198;407,200;407,203;406,205;407,207;407,209;406,210;407,212;407,214;407,216;407,219;407,221;407,223;407,225;407,227;406,228;407,230;407,232;407,235;407,236;406,239;407,240;407,243;407,244;407,246;406,248;406,251;406,253;407,255;407,256;407,258;407,260;406,262;406,264;406,266;406,268;407,271;407,273;406,275;407,277;407,279;406,280;407,283;407,285;407,287;407,289;406,291;406,292;407,295;407,296;406,298;407,300;407,303;407,304;406,306;406,309;406,310;407,312;407,315;406,316;406,319;407,320;406,322;406,324;406,327;406,328;406,330;407,333;406,334;407,337;407,338;406,341;407,342;406,345;406,346;407,348;407,350;406,353;407,355;407,356;407,358;406,361;407,363;407,365;407,367;407,368;407,371;407,372;407,374;407,376;406,378;407,381;406,383;406,385;407,387;406,388;406,390;407,393;407,395;406,396;406,399;407,401;407,402;407,405;407,406;407,409;407,411;406,413;407,414;407,416;406,418;407,421;406,422;406,425;407,427;406,429;407,431;406,432;406,435;406,437;406,438;406,440;406,442;406,444;406,447;406,449;406,451;406,452;406,455;407,456;406,458;406,460;407,463;407,465;406,467;407,468;407,471;406,473;407,475;406,477;407,478;407,480;406,482;407,485;406,487;406,489;406,491;407,493;406,494;407,496;406,499;406,501;406,503;406,505;407,506;407,509;407,510
409,1;408,2;408,5;408,7;409,9;409,10;409,12;408,14;408,16;408,19;408,20;408,22;408,25;409,27;408,28;409,31;409,32;409,35;409,37;408,38;409,40;409,43;409,45;409,47;408,49;408,50;409,53;409,54;409,57;409,58;408,61;408,62;408,65;409,66;409,69;408,70;408,72;408,74;408,76;408,78;408,80;408,82;409,84;408,86;408,88;408,90;408,92;409,95;409,97;408,99;409,100;409,103;409,105;409,107;409,109;408,111;409,112;409,114;408,116;408,118;408,121;408,123;408,124;409,127;408,128;409,130;408,132;409,135;409,137;408,139;409,140;408,143;408,145;408,146;408,149;408,151;409,152;409,155;408,156;409,158;409,161;409,163;408,165;408,167;409,169;409,170;408,173;408,175;408,177;408,179;409,181;409,183;408,184;409,187;408,189;409,190;409,192;408,194;409,196;408,198;409,200;408,202;409,204;408,207;409,208;408,211;408,212;408,214;409,217;408,219;409,220;409,223;408,224;409,226;408,228;408,231;409,233;408,234;409,236;409,239;408,240;409,242;408,245;408,247;408,248;408,251;409,252;408,255;409,256;409,258;408,260;409,263;409,264;409,266;408,268;409,270;408,272;409,275;408,276;409,279;408,281;408,282;408,285;409,286;409,289;409,291;409,292;408,295;408,296;409,299;409,301;408,302;408,304;408,307;409,308;409,310;409,313;408,314;409,317;408,318;409,320;409,323;408,324;409,327;409,328;409,330;408,333;408,335;409,337;408,338;409,340;409,342;409,344;408,346;408,348;409,351;408,353;409,354;409,356;409,358;409,360;408,363;408,365;409,366;408,368;408,371;408,372;408,375;408,377;409,379;408,381;409,382;409,385;409,387;408,389;409,390;408,392;409,394;408,396;408,399;408,401;408,403;409,405;409,406;409,409;409,410;409,413;408,414;409,417;409,418;408,420;408,422;408,425;408,427;408,428;409,430;408,432;408,434;408,436;408,438;409,441;408,442;409,445;409,446;408,449;408,451;409,453;408,455;409,456;409,458;408,461;409,463;408,464;409,467;409,469;408,471;409,473;409,474;409,476;409,479;409,481;409,482;408,484;409,487;408,488;409,490;408,493;409,494;408,496;409,498;408,500;408,503;409,504;408,506;408,508;408,511
410,0;410,2;410,4;411,7;411,8;410,10;411,13;411,14;411,17;410,18;410,20;411,23;411,24;411,26;411,29;410,30;410,32;411,34;411,37;411,38;411,41;411,43;411,45;411,46;410,49;410,50;411,53;411,54;411,57;410,58;410,60;411,63;411,64;411,66;411,68;411,71;410,73;411,74;410,77;411,79;411,80;411,82;411,84;410,86;411,89;411,90;411,93;411,95;411,96;411,99;411,100;411,103;410,104;410,106;411,108;411,111;410,112;411,115;411,116;411,118;411,121;410,123;411,125;411,127;411,129;410,130;410,132;411,135;410,136;411,138;411,140;410,142;410,144;411,147;411,148;411,151;410,152;411,155;411,156;411,158;411,160;410,162;411,165;410,166;411,168;410,171;410,172;410,175;410,176;411,178;411,181;411,183;411,184;410,187;411,189;411,191;411,193;410,195;411,197;410,199;411,201;410,202;410,205;410,207;411,209;410,211;410,212;411,214;411,217;410,218;410,220;411,222;410,225;411,226;410,229;411,231;411,232;411,234;411,237;410,239;410,241;411,243;411,244;410,246;410,249;411,250;411,252;411,255;411,256;411,258;410,261;410,262;411,264;410,266;411,268;411,270;410,273;411,275;411,276;411,279;411,280;410,283;410,285;411,286;410,289;410,290;410,292;411,295;410,296;411,299;410,300;410,302;411,304;411,307;411,309;411,311;410,312;411,315;410,316;410,319;410,320;410,323;411,324;410,326;410,328;411,331;410,333;411,335;411,337;411,339;410,341;411,343;410,344;411,346;411,348;411,351;410,352;410,354;410,356;411,358;410,361;410,362;411,364;411,366;410,368;410,371;411,372;410,375;410,376;411,378;411,380;411,382;411,385;411,387;411,388;411,390;411,393;410,395;410,397;410,398;410,401;410,403;411,404;410,407;411,408;410,410;411,413;411,415;410,416;410,418;410,421;411,423;411,425;410,426;410,428;411,431;410,432;411,434;411,437;410,439;411,440;410,442;410,445;411,447;411,448;411,450;410,452;410,455;411,457;411,459;411,460;410,463;410,464;411,467;411,468;411,470;410,472;411,474;411,476;410,478;410,480;410,483;410,484;410,486;411,489;410,491;411,492;411,495;411,496;411,498;411,501;410,502;411,504;411,506;411,508;410,510
412,1;412,2;412,4;413,6;412,8;413,11;412,13;413,15;413,16;412,19;412,20;413,23;413,25;413,27;412,28;412,30;413,32;412,35;413,36;412,38;413,40;413,42;412,45;413,47;412,49;413,51;412,52;412,55;412,56;412,59;413,61;412,62;413,64;413,67;413,69;413,71;413,72;412,74;413,77;412,78;412,81;413,82;413,84;413,87;413,88;412,91;413,93;412,95;412,97;413,98;412,100;413,103;412,104;413,107;413,108;413,111;412,113;412,115;412,117;413,119;413,120;412,123;413,124;412,126;412,128;413,130;413,133;413,135;413,136;412,139;413,141;413,142;413,145;412,146;412,149;412,151;413,153;412,154;413,156;412,159;413,160;413,163;412,164;412,166;413,168;412,171;412,173;412,175;412,177;413,179;413,180;413,183;412,185;412,187;412,188;412,190;413,193;412,194;412,196;412,199;413,201;412,202;413,205;413,206;412,208;413,210;413,212;413,215;413,217;413,218;412,220;413,223;413,225;413,226;412,228;412,230;413,232;412,235;413,236;413,239;413,241;412,243;413,244;412,247;412,248;412,251;413,253;413,255;413,256;413,259;413,260;413,262;413,265;413,267;412,269;412,271;413,272;413,275;412,277;412,279;412,280;412,282;413,284;412,287;412,289;413,290;413,293;412,294;413,297;413,299;412,301;413,302;412,304;412,307;413,308;412,310;413,312;413,314;412,316;412,319;412,320;412,323;412,325;412,327;413,329;412,331;412,333;412,334;413,336;413,339;413,340;413,343;412,344;413,347;412,348;412,350;413,353;413,354;413,356;413,359;412,360;412,362;412,365;412,366;413,368;413,371;412,372;413,374;413,377;413,378;412,380;413,383;413,384;413,386;413,389;413,391;413,392;413,395;412,396;413,398;412,400;412,402;413,405;412,407;412,408;413,411;413,412;412,415;412,416;412,418;413,420;413,423;413,425;413,426;413,428;412,430;413,433;413,434;413,436;412,439;412,441;412,442;412,444;412,446;412,449;413,451;413,452;413,455;413,457;412,459;412,460;413,462;412,465;412,467;413,468;412,470;413,472;412,475;412,476;413,479;413,480;412,482;413,485;413,487;413,488;413,490;413,493;413,494;412,497;413,499;413,501;412,502;413,504;412,507;413,508;413,510
415,0;415,3;414,4;415,6;414,8;414,11;415,13;414,15;415,17;414,18;415,20;415,23;415,24;415,26;414,29;414,30;415,33;415,35;415,37;415,38;415,40;414,43;414,45;414,47;414,49;414,50;415,52;414,55;415,56;414,59;415,60;414,63;415,65;414,67;414,69;414,71;414,73;415,74;415,76;415,79;414,80;415,82;414,84;414,86;414,88;415,91;414,92;415,95;414,96;415,98;415,101;415,103;415,104;414,106;414,109;414,110;415,112;415,115;414,117;415,119;414,120;415,122;414,124;415,127;414,128;414,131;414,132;415,135;415,137;414,139;415,140;415,142;414,145;414,147;414,148;415,151;415,152;414,155;415,156;415,158;415,161;415,163;415,165;415,167;415,168;415,171;415,173;415,175;415,176;415,178;414,181;415,183;414,185;414,187;415,189;415,190;414,192;414,195;415,197;414,199;414,201;415,202;415,204;415,207;415,209;415,210;415,212;414,214;415,216;414,219;415,221;415,222;414,224;415,227;414,229;415,231;414,233;414,235;415,236;415,238;415,241;414,242;415,244;415,247;414,248;415,250;414,253;414,255;414,257;415,259;415,260;414,262;414,264;415,267;414,268;414,271;414,272;415,275;414,277;414,279;415,280;415,282;415,285;415,287;415,288;414,291;414,293;415,294;414,296;415,299;414,301;415,303;414,304;415,307;415,308;414,311;415,313;414,314;414,316;415,318;414,320;414,323;415,324;415,326;415,329;415,331;414,333;415,335;415,337;415,338;414,340;414,342;415,344;415,346;415,349;414,351;415,353;414,355;415,356;415,359;414,360;414,363;415,365;415,366;415,369;414,370;414,373;415,375;414,377;415,379;415,380;415,382;415,384;415,386;415,388;415,391;415,392;415,395;415,396;415,399;415,401;414,402;415,404;414,406;415,408;415,410;414,413;414,414;415,416;415,419;415,421;415,423;415,425;414,427;415,429;414,430;414,432;414,434;415,437;414,439;414,440;414,442;414,445;415,447;415,448;414,451;414,452;415,455;414,456;414,459;414,460;414,462;414,464;415,467;415,468;414,471;415,473;415,475;414,477;414,479;415,481;415,482;414,484;414,487;415,488;415,490;415,492;415,495;414,496;415,499;414,501;415,503;415,504;415,506;414,509;414,511
417,1;416,3;416,5;417,6;417,9;417,10;416,12;417,15;417,16;416,18;416,21;417,23;417,25;417,27;417,29;416,30;417,33;416,35;417,37;417,38;416,40;417,43;416,45;417,47;416,49;416,50;417,52;416,55;416,57;417,58;416,61;416,63;416,64;416,66;417,68;417,70;417,73;417,74;417,77;416,79;416,81;417,82;417,85;416,87;417,88;416,90;416,93;416,94;416,96;416,98;416,101;417,102;417,105;417,107;416,108;416,110;417,112;416,114;416,116;417,119;417,120;417,122;417,125;416,126;417,129;416,131;416,132;416,135;416,136;416,138;416,141;416,143;417,145;416,147;416,148;416,151;416,152;416,155;416,156;416,158;417,160;417,163;416,164;417,166;417,168;417,170;417,173;417,174;417,177;416,179;417,181;417,182;416,184;417,186;416,188;416,190;416,193;417,195;416,196;416,198;416,201;417,203;417,204;417,206;416,209;417,211;417,212;416,214;417,217;417,219;416,221;417,223;416,225;417,227;416,228;416,230;416,232;417,235;416,237;417,238;416,241;417,242;416,245;416,247;417,249;417,250;417,252;416,255;416,257;417,259;416,261;416,263;417,264;416,266;416,269;417,270;416,272;417,275;416,277;417,278;416,280;416,282;417,285;416,286;417,288;416,290;417,292;416,294;416,296;416,298;416,301;417,302;416,304;417,307;417,309;417,311;417,312;416,314;416,317;417,318;417,321;417,323;417,325;416,326;417,328;417,330;416,333;416,335;417,336;417,339;417,341;417,343;416,344;416,347;417,348;416,350;416,353;416,355;417,357;416,358;417,361;416,362;416,364;417,367;417,368;416,371;417,372;417,375;416,377;417,378;417,380;416,383;416,385;416,386;416,389;416,390;416,393;416,394;417,396;416,398;417,400;416,403;416,405;416,407;416,408;416,411;416,412;417,415;417,417;416,418;417,421;416,423;417,425;416,427;416,429;416,431;417,433;417,435;416,436;416,438;417,441;416,443;417,444;416,446;417,449;417,451;417,452;416,455;416,456;417,458;417,461;416,463;417,464;417,466;417,468;417,470;417,473;416,474;416,476;416,478;417,480;417,482;417,485;416,486;417,489;417,490;416,492;417,494;417,497;416,499;417,501;417,502;416,504;416,507;416,508;416,510
418,1;418,3;418,5;418,7;419,9;419,10;419,12;419,15;418,17;419,19;418,21;419,22;418,24;418,26;419,28;419,31;418,32;418,35;419,37;419,38;419,40;418,42;418,44;418,47;419,49;418,51;418,53;419,54;419,56;418,59;418,60;419,63;419,64;418,67;419,69;418,71;418,73;418,74;419,76;418,79;418,80;418,82;418,85;419,86;418,88;419,91;418,92;418,95;419,97;418,98;418,100;418,102;419,105;419,106;419,109;418,110;419,113;418,114;419,117;418,118;419,120;418,122;419,124;419,126;419,128;418,130;419,133;418,135;418,137;418,138;418,140;418,143;418,145;418,147;418,149;419,151;419,152;419,155;419,156;419,159;418,161;419,162;419,164;418,166;419,169;418,170;419,173;419,174;418,177;418,179;419,180;418,182;418,185;418,187;418,188;418,190;419,193;419,195;419,196;418,199;418,201;419,203;418,204;418,206;418,208;419,210;418,212;418,215;419,216;419,218;419,221;418,223;418,225;419,226;418,229;419,231;418,232;419,234;418,237;419,238;418,240;418,243;419,245;419,247;419,248;419,251;418,252;418,255;419,256;418,258;418,261;418,263;418,265;419,266;418,269;418,270;418,272;419,275;418,276;418,279;418,280;418,283;419,284;418,286;418,288;418,291;418,292;418,294;418,296;419,299;418,300;418,303;418,304;419,307;419,309;418,310;419,312;418,315;418,317;418,318;418,320;419,323;418,324;419,327;419,328;419,331;419,333;418,334;419,337;419,339;418,340;418,342;418,345;418,347;418,348;418,350;419,353;419,355;419,357;418,358;419,360;418,363;419,364;419,367;418,369;418,370;418,372;418,375;418,376;419,379;418,380;418,383;418,385;419,387;418,389;419,391;418,393;418,394;418,396;418,399;418,400;418,402;418,404;418,407;419,408;418,411;418,412;418,414;418,416;419,418;419,420;419,422;418,424;418,427;418,428;419,430;419,432;418,434;419,436;419,439;418,441;419,443;418,444;419,447;418,449;418,451;418,452;419,454;419,457;418,458;419,460;419,462;419,465;418,466;419,469;419,471;419,473;418,475;418,477;419,478;418,481;419,482;418,485;419,487;418,489;418,490;418,492;419,494;419,497;418,499;419,500;418,502;418,504;419,507;419,508;419,510
420,1;421,2;420,5;421,7;420,9;420,11;420,12;421,14;420,17;420,19;420,20;421,23;421,24;420,27;421,28;421,31;421,32;420,34;421,36;421,38;420,41;420,42;420,45;421,46;421,49;420,50;420,52;420,55;420,56;421,59;420,61;420,62;421,65;421,66;421,68;420,71;421,73;421,74;420,76;421,79;421,81;421,82;421,85;421,86;420,88;420,90;420,93;421,94;421,96;421,98;421,100;421,102;421,105;420,107;420,108;420,111;421,112;421,115;421,116;421,118;420,120;421,123;420,125;421,126;421,128;421,131;420,132;421,135;421,136;421,139;420,140;421,142;421,144;420,146;421,149;421,150;421,152;420,155;420,156;420,158;420,161;421,162;420,165;420,166;421,169;421,170;421,172;421,174;421,176;420,178;420,181;420,182;420,185;420,186;421,188;421,190;420,192;421,194;420,196;421,198;420,201;421,202;421,205;421,206;420,209;420,211;420,213;421,215;421,217;420,219;421,220;420,223;421,225;421,227;421,229;421,230;420,233;420,235;420,236;420,239;421,240;421,243;420,244;420,247;420,249;420,250;421,253;421,254;421,256;421,258;420,261;421,262;421,264;421,267;420,268;421,270;421,273;420,275;420,277;421,279;420,280;421,283;421,285;420,287;421,288;421,291;420,292;421,294;421,296;421,299;420,300;421,303;420,304;421,307;421,308;421,311;420,312;421,315;420,316;421,319;421,320;421,322;420,324;421,327;420,329;420,331;420,332;420,335;421,337;421,338;420,340;421,342;421,345;421,346;421,348;420,350;421,352;421,355;421,357;421,359;420,361;421,362;421,365;421,366;421,369;421,370;420,372;421,375;420,377;421,378;421,381;420,383;421,384;421,386;421,389;420,391;421,392;421,394;421,396;421,399;420,401;421,402;421,405;421,407;420,408;420,411;420,413;420,414;421,417;420,419;421,420;420,422;421,425;421,426;421,429;421,430;420,433;421,435;421,436;421,439;420,441;420,443;421,444;421,446;420,449;421,451;421,453;420,454;421,456;421,458;420,460;421,463;420,464;420,466;421,469;420,471;420,473;420,475;420,477;420,479;420,480;421,483;420,484;420,487;421,488;420,490;420,493;420,495;420,496;421,499;420,501;421,502;421,504;420,507;421,509;420,510
422,0;423,2;423,4;423,7;422,8;422,11;423,12;423,14;423,17;423,19;422,21;423,22;422,25;423,27;422,29;422,31;423,33;422,34;423,36;423,38;422,40;423,43;422,44;423,47;423,49;423,50;422,52;423,54;422,56;422,59;423,60;422,63;422,64;422,67;422,68;422,70;423,73;422,74;423,76;423,79;422,80;422,82;422,85;422,87;423,88;423,90;423,92;423,94;423,96;423,98;422,100;422,103;422,104;422,106;423,108;423,111;423,113;422,115;422,117;422,119;423,121;422,123;422,125;422,127;423,129;422,130;422,133;422,135;423,137;422,139;422,141;423,142;423,144;422,146;422,149;422,150;422,153;423,155;423,157;423,159;423,160;422,162;422,164;422,167;422,168;423,170;422,172;422,175;423,176;423,179;423,181;423,183;422,184;422,187;422,189;423,191;423,193;422,195;422,197;423,199;423,200;422,203;423,205;423,206;423,209;422,211;422,213;423,215;422,216;422,218;422,220;422,223;423,225;422,226;423,228;422,230;422,232;422,235;422,236;422,238;422,241;422,243;422,245;423,247;422,248;422,251;422,253;422,254;423,256;422,259;423,260;423,263;423,265;422,266;423,269;422,271;423,273;422,274;423,277;422,278;423,280;423,282;423,285;423,287;423,288;423,290;422,293;423,295;423,296;422,299;422,301;423,302;423,305;423,307;423,308;422,311;423,312;423,314;422,317;423,319;422,321;422,322;423,325;422,327;422,328;422,331;422,332;423,334;422,337;423,339;422,341;422,343;422,344;423,346;422,349;422,350;422,353;423,355;422,356;422,358;422,360;422,363;422,365;422,367;423,369;423,371;422,372;423,375;422,377;423,379;423,380;423,382;422,384;423,386;422,389;423,390;423,393;422,395;422,396;423,399;422,401;422,402;422,405;423,407;422,408;423,411;422,413;422,415;423,416;423,419;423,420;422,422;423,424;422,426;422,428;423,431;422,432;422,435;422,437;423,438;423,441;422,443;423,444;423,446;422,448;423,450;422,453;423,454;423,456;422,458;423,461;422,463;422,464;422,466;422,469;422,471;423,473;423,475;422,476;423,479;423,481;423,482;423,484;423,487;422,489;423,491;422,492;423,495;423,496;422,499;423,501;422,502;423,504;423,507;423,508;422,510
424,0;424,3;424,5;425,7;425,8;424,10;424,12;424,14;424,16;424,18;425,20;424,22;425,25;424,27;425,28;425,30;425,32;425,35;424,37;424,38;425,40;425,42;424,45;424,46;425,49;425,50;425,52;425,54;424,56;424,58;425,61;425,62;425,65;424,67;425,68;424,71;425,73;424,74;424,76;425,79;424,80;425,82;424,85;425,86;425,88;424,91;424,92;424,95;425,97;424,98;424,101;424,102;425,105;424,107;425,109;425,110;425,113;424,115;425,117;424,119;425,121;424,123;425,125;424,127;425,129;425,131;425,132;424,135;425,136;425,138;424,141;425,142;425,145;425,147;424,148;424,151;424,152;424,155;424,156;424,158;425,160;425,162;425,164;425,167;424,168;425,170;425,172;424,175;425,176;425,178;424,180;424,183;424,184;425,187;424,189;425,190;425,193;425,194;425,196;424,199;425,200;424,202;425,205;424,206;424,208;424,210;425,212;424,215;425,216;425,218;424,221;424,223;424,224;425,226;425,229;425,230;425,233;424,234;425,236;425,239;425,240;424,243;425,244;425,246;425,248;424,250;424,253;425,255;424,256;424,258;425,261;424,262;424,264;424,267;424,269;425,270;425,273;424,275;424,277;424,279;424,280;425,283;424,285;424,286;424,289;425,290;424,292;425,294;424,296;424,299;425,301;424,303;425,304;424,306;424,308;425,310;424,312;424,314;425,317;425,319;424,321;424,323;425,325;425,327;425,328;425,330;424,332;424,335;425,336;424,339;424,341;424,343;425,345;425,347;424,349;425,351;425,352;425,354;424,356;425,359;424,360;424,362;425,365;425,366;424,369;425,371;425,373;424,375;424,377;424,378;425,380;424,382;424,384;424,386;424,389;424,391;424,393;424,394;425,397;425,399;424,401;425,403;424,405;424,407;424,408;425,411;424,412;425,414;425,417;425,419;424,420;424,423;425,425;424,426;425,429;424,430;425,433;424,435;424,436;425,439;425,440;424,442;424,445;424,446;425,448;424,450;424,452;425,454;425,456;424,458;425,461;425,463;425,465;425,467;425,469;425,471;425,472;425,474;425,477;424,478;424,480;425,483;425,485;424,487;424,489;425,490;424,492;425,495;425,496;425,498;424,501;424,503;425,505;425,506;424,508;425,511
427,1;426,3;427,4;426,6;427,8;427,10;427,13;427,14;427,17;426,18;426,20;426,22;426,25;426,27;427,28;427,31;427,32;426,35;426,36;427,38;426,40;426,42;426,45;427,47;427,49;426,50;427,52;426,55;426,57;426,59;426,61;426,63;427,64;426,67;426,68;426,71;427,73;427,75;427,76;426,79;427,81;426,82;426,85;426,86;427,89;426,91;427,92;426,94;426,97;427,98;426,100;427,103;426,105;427,106;426,108;426,111;426,112;427,115;427,116;427,119;426,121;426,123;427,124;426,127;427,128;426,130;426,132;426,135;427,137;426,138;427,141;427,142;426,145;426,147;427,148;426,151;427,152;427,155;427,156;427,158;426,161;426,163;426,164;427,167;427,169;426,171;427,172;427,175;427,177;426,178;427,181;427,183;426,185;426,187;427,189;427,190;427,193;427,194;426,197;426,198;427,201;427,203;426,205;426,206;426,208;427,211;427,212;426,215;427,217;427,219;426,220;426,222;426,224;427,227;426,229;427,230;427,232;427,235;427,236;426,239;427,240;427,243;426,244;426,247;427,249;427,251;426,252;427,255;427,257;427,259;427,261;427,263;427,265;426,266;427,269;426,270;427,273;427,275;426,277;427,279;426,281;427,283;426,284;426,287;426,289;426,290;426,292;427,295;427,297;427,299;427,301;426,302;426,305;427,306;426,309;427,310;427,312;427,315;427,317;427,318;427,320;427,323;426,325;426,326;426,329;427,331;427,332;427,335;426,337;427,338;427,341;426,342;426,344;426,346;426,349;426,350;427,353;426,355;426,357;427,359;426,360;427,363;426,364;427,366;426,369;427,371;427,373;427,374;426,376;427,378;427,381;426,383;426,384;426,386;426,388;426,390;427,393;427,394;426,396;426,399;426,401;426,403;426,404;427,406;427,409;427,411;426,412;427,415;426,416;427,418;426,421;426,423;427,425;427,427;426,428;426,430;426,433;426,434;426,436;427,438;426,441;427,442;427,445;427,447;427,448;427,451;426,452;427,455;427,456;426,459;427,461;426,462;427,464;426,466;427,468;426,471;426,472;427,474;426,477;426,479;427,480;427,483;427,485;426,486;426,489;427,490;427,493;426,495;427,497;427,499;426,501;427,503;426,505;427,506;426,508;426,510
429,0;428,2;429,5;429,7;428,9;428,10;428,13;429,14;429,17;428,18;429,20;428,22;428,24;428,27;428,29;428,31;429,33;428,35;428,37;428,39;429,40;429,42;428,44;429,47;428,49;428,50;429,53;429,55;429,56;428,58;428,61;428,63;428,64;428,67;428,68;428,71;428,73;428,74;428,76;428,78;428,80;429,83;429,85;429,87;429,89;428,90;428,93;429,95;429,96;429,98;428,100;429,102;428,105;429,107;428,109;429,111;428,113;429,114;428,117;428,118;428,121;429,123;428,125;429,127;429,129;428,131;428,132;429,134;429,137;428,138;428,140;428,143;429,145;428,146;429,149;429,151;429,153;428,154;429,157;429,159;428,160;428,162;429,164;428,166;428,168;429,170;428,172;428,174;428,177;428,179;428,181;428,183;429,184;429,186;429,189;428,191;429,192;428,195;428,196;428,198;429,200;429,202;429,204;428,206;429,208;428,210;428,213;428,214;429,216;429,218;428,220;428,222;429,224;429,227;428,228;428,231;428,233;428,235;429,236;429,239;429,240;428,242;429,245;429,246;429,249;429,250;429,253;428,254;428,256;429,259;428,261;428,262;428,264;429,266;428,269;428,270;428,273;428,275;429,276;428,278;428,280;428,283;429,285;428,287;428,288;428,291;428,293;428,295;428,297;428,298;429,301;429,302;429,304;429,306;429,308;428,310;429,313;428,314;429,316;428,318;428,321;429,323;429,325;428,327;428,329;429,331;428,332;429,335;429,336;429,338;428,341;428,343;429,344;428,347;428,348;428,351;429,353;429,354;429,357;429,359;428,361;428,363;429,365;429,366;428,368;429,370;428,373;428,375;429,376;428,378;428,381;428,382;428,385;428,387;428,389;429,390;429,392;429,395;429,397;428,399;428,400;429,403;429,404;429,406;428,409;429,411;429,412;428,415;428,416;428,419;428,421;428,422;429,424;428,427;428,429;429,431;429,432;428,434;428,436;428,438;428,440;428,442;429,445;428,447;429,449;429,450;428,452;429,454;428,456;428,458;428,460;429,463;429,465;429,466;428,468;428,471;428,472;429,475;428,476;428,479;428,481;428,483;428,485;429,486;429,488;429,490;428,493;428,495;428,496;429,499;428,501;429,502;429,505;428,506;428,508;429,510
430,0;431,3;431,5;430,7;431,8;431,10;430,13;430,14;431,17;431,19;430,21;430,22;431,24;430,27;431,28;430,31;430,33;431,35;431,36;430,38;430,40;431,43;430,45;431,46;430,49;430,50;431,53;431,54;430,57;431,59;430,61;431,62;430,65;430,67;431,69;430,71;431,73;431,75;431,77;430,79;431,80;430,82;431,84;430,86;430,88;430,91;430,93;431,94;430,97;430,98;431,100;431,102;430,105;431,106;431,109;430,110;430,113;430,114;430,117;431,119;430,121;431,123;431,124;430,127;431,128;431,131;431,133;431,134;431,136;431,139;430,141;431,143;431,144;431,147;430,148;430,151;431,152;430,154;430,156;430,159;431,160;431,163;430,164;430,167;430,169;430,170;431,173;431,174;431,177;431,178;430,180;431,182;431,185;430,187;430,189;430,190;431,193;430,195;430,196;431,198;431,201;431,203;431,204;430,206;430,208;430,210;430,212;430,214;430,217;430,218;431,220;431,223;430,225;431,227;430,229;430,231;431,233;430,234;430,236;431,239;430,240;431,243;430,245;431,246;431,249;430,250;430,252;430,254;430,257;430,259;430,260;430,262;430,264;430,267;430,269;430,271;431,272;430,274;431,277;430,279;430,281;431,283;431,285;431,287;430,288;431,291;430,292;430,294;430,297;431,298;431,301;431,302;431,305;430,306;430,308;431,310;431,312;431,315;431,317;430,318;431,321;430,323;430,325;431,327;430,329;431,331;431,333;431,334;430,337;430,339;430,340;430,342;431,345;431,346;431,349;430,351;430,353;431,355;430,356;430,358;430,361;431,363;430,365;431,366;430,369;430,370;430,372;431,375;431,376;430,378;430,380;431,383;430,384;430,386;430,389;431,391;431,393;430,395;431,397;431,398;431,400;431,402;430,405;431,406;430,408;430,411;431,412;431,415;431,416;431,418;430,420;431,422;431,424;431,427;430,428;430,431;430,433;430,435;431,436;430,439;431,441;430,443;431,445;430,447;431,449;430,451;430,453;431,455;430,456;430,458;431,461;431,462;431,464;430,466;430,468;430,471;430,472;430,475;430,476;430,478;431,481;430,483;430,484;430,487;430,489;431,491;430,493;430,495;430,496;430,498;430,501;431,502;431,505;431,506;431,509;431,510
433,0;432,3;433,5;432,7;433,9;433,10;432,13;432,15;432,17;432,19;432,20;432,22;433,25;432,27;432,29;433,30;432,32;432,35;432,37;432,38;432,40;433,42;433,45;433,47;432,49;433,50;432,52;433,55;433,57;433,58;433,60;432,63;433,65;432,66;432,69;432,71;432,73;432,74;433,77;433,79;433,81;432,82;433,85;433,86;433,88;433,90;433,93;432,94;433,97;432,98;433,100;432,103;432,104;432,106;433,108;432,111;433,113;433,115;432,117;432,119;433,120;432,123;433,125;432,127;432,128;433,131;433,133;432,135;433,137;433,138;432,141;432,142;432,144;433,147;432,148;433,150;433,153;432,155;433,156;432,159;433,161;432,163;433,165;432,166;432,168;433,170;432,172;432,174;433,177;433,178;433,180;432,182;433,184;433,186;432,188;433,190;433,192;433,194;433,196;433,199;432,200;433,203;432,205;432,206;432,209;433,210;433,212;433,215;432,217;432,218;433,221;432,222;433,224;433,227;433,228;433,231;433,233;433,234;433,237;432,238;432,241;433,243;432,244;432,247;433,249;433,251;433,253;432,255;433,256;432,258;433,260;433,262;433,265;433,267;433,268;433,271;433,272;433,274;432,277;432,279;433,281;433,283;432,284;433,287;432,288;433,290;432,293;433,294;433,296;433,298;432,300;433,303;432,304;432,307;432,308;433,311;432,313;432,315;433,316;433,318;433,321;432,323;432,324;432,327;432,328;432,331;432,332;432,335;432,336;433,338;433,341;432,342;432,344;432,347;432,349;432,350;432,353;433,354;432,357;432,359;433,361;432,362;432,364;433,366;433,369;433,371;433,373;432,375;432,376;432,378;432,380;432,382;432,385;432,386;432,389;432,390;433,392;432,394;433,397;432,398;432,400;433,403;433,405;433,406;432,408;432,410;433,413;432,415;432,417;432,419;433,420;432,423;432,424;432,427;432,428;433,431;432,433;432,434;433,436;432,439;432,440;433,442;433,445;433,446;433,449;432,451;433,453;432,454;433,456;433,458;433,461;432,462;432,464;432,467;433,468;433,471;432,473;433,475;433,476;432,478;433,480;432,482;433,484;433,486;433,488;432,490;432,493;432,495;433,496;432,499;433,500;432,503;433,505;433,506;432,509;433,510
434,1;435,2;434,4;435,7;435,9;435,10;434,12;435,14;434,16;434,19;435,20;434,23;434,25;435,27;435,29;435,31;435,33;435,34;435,37;434,38;434,40;434,42;434,44;435,47;435,49;435,51;435,52;435,55;434,56;435,59;434,60;435,62;434,64;435,67;435,68;434,70;435,73;435,74;435,76;435,79;435,80;434,82;434,85;434,86;434,88;435,90;435,93;435,94;435,96;434,99;435,101;435,102;435,105;435,106;435,109;434,111;434,113;435,115;435,116;435,118;435,121;434,122;435,124;434,127;434,128;435,130;435,133;434,134;434,136;434,138;435,140;435,143;435,145;434,147;434,148;434,151;434,153;435,155;435,156;434,159;435,161;434,163;435,164;435,166;434,169;435,171;434,173;434,174;435,176;434,179;434,181;435,183;435,184;435,186;434,189;435,191;434,192;435,195;435,197;434,199;434,200;434,203;434,204;435,207;435,208;434,211;434,212;434,214;434,217;435,218;434,221;435,223;435,224;434,227;434,229;435,231;434,232;434,235;435,237;434,239;435,240;434,243;434,245;434,247;435,248;435,251;435,253;435,254;435,256;435,258;435,261;434,262;435,264;434,267;434,268;435,270;434,273;434,275;434,276;434,278;434,281;435,283;434,284;435,286;434,289;434,290;434,292;434,294;435,296;434,299;434,301;434,303;435,305;434,306;434,309;435,311;435,313;434,315;435,316;434,318;435,321;434,322;435,324;434,327;434,329;434,330;434,332;434,335;434,336;435,339;435,341;435,343;435,345;435,347;434,349;435,350;435,352;434,355;434,357;434,358;435,360;435,363;435,365;435,367;435,368;434,371;434,372;434,375;434,376;435,379;434,380;434,382;434,384;434,386;434,389;435,391;435,393;435,394;435,397;435,398;434,401;435,402;435,405;434,406;435,409;434,410;435,412;435,414;435,416;434,419;434,421;435,422;434,424;434,426;434,429;434,431;435,433;435,435;435,436;434,438;434,440;435,442;435,445;435,446;434,448;435,450;434,452;435,455;434,457;435,458;435,460;434,462;435,464;434,467;435,469;434,470;434,472;435,474;435,477;435,479;434,480;435,483;434,484;434,487;435,489;435,490;434,493;434,495;435,496;434,498;434,500;435,502;435,504;434,507;434,508;435,511
437,1;436,2;436,4;437,7;436,9;437,11;437,12;437,15;437,16;436,19;436,20;437,23;437,25;437,26;437,28;437,30;436,32;437,34;436,36;436,38;437,40;437,43;436,45;437,47;437,49;437,51;436,53;436,55;437,56;437,58;437,61;436,63;436,65;437,66;436,69;436,70;436,73;437,74;436,76;437,79;437,81;437,82;436,84;436,86;436,89;436,91;437,92;437,94;436,96;437,99;437,101;436,103;436,104;436,106;437,109;437,110;436,112;437,115;436,117;436,118;437,121;436,123;436,125;437,126;437,128;436,131;437,133;436,135;437,137;436,139;436,141;437,142;437,145;436,146;437,148;437,150;437,152;436,155;436,156;437,159;436,160;436,162;437,165;437,166;436,168;436,171;437,172;437,175;436,176;436,179;437,181;437,182;436,185;437,187;437,189;437,190;437,193;437,194;437,196;437,199;437,201;437,202;436,205;436,207;437,208;437,211;437,213;436,215;437,217;437,218;436,220;436,223;436,225;437,226;436,228;437,231;436,232;436,234;436,236;437,238;436,240;437,243;436,244;436,247;436,248;436,250;436,253;437,254;437,256;436,259;437,260;437,263;436,264;437,267;436,268;437,271;436,272;436,275;436,276;436,278;437,280;437,282;436,284;437,287;436,288;437,291;436,292;437,295;436,296;436,298;437,301;437,303;436,305;436,307;436,308;436,310;436,312;436,315;436,317;437,319;437,320;437,322;437,324;436,326;437,328;437,330;437,332;436,334;436,336;436,339;436,340;436,342;437,345;437,347;437,348;437,351;436,353;437,355;437,356;436,359;436,361;437,362;436,364;436,366;436,369;437,371;436,373;436,375;436,376;436,378;436,380;436,382;436,385;436,387;437,389;437,390;437,393;437,394;437,396;436,399;436,401;436,402;437,405;436,406;437,408;437,411;437,412;436,415;437,416;437,418;436,420;437,423;437,424;436,426;436,429;436,430;436,432;437,435;437,436;436,438;437,440;437,442;436,445;437,447;437,448;437,451;436,453;437,455;437,457;436,458;437,461;437,463;437,465;436,467;436,469;437,471;436,473;436,475;437,476;436,479;437,480;437,482;437,485;436,487;437,489;436,491;437,492;436,495;436,496;436,498;437,501;437,503;436,504;437,507;437,509;437,510
439,0;439,3;439,5;438,6;439,8;439,10;439,13;438,15;439,17;439,18;439,21;439,23;439,24;438,27;438,29;439,30;439,32;438,35;439,37;438,39;439,41;438,42;439,44;438,47;438,49;438,50;438,53;439,54;439,56;438,58;438,60;439,62;439,64;438,67;439,68;438,71;439,72;439,74;438,77;439,78;438,80;438,82;439,84;438,87;439,88;438,90;438,92;438,94;439,96;438,99;438,101;438,102;439,104;439,107;439,109;439,110;438,112;439,114;439,117;438,119;438,120;438,123;438,125;439,127;439,128;438,130;439,133;438,135;439,136;438,139;438,140;438,143;438,145;439,146;439,149;438,150;439,152;439,154;439,156;438,159;439,161;438,162;439,165;438,167;439,169;438,170;438,173;438,174;438,177;439,178;439,181;438,183;438,185;439,187;438,188;438,191;439,193;439,195;438,196;439,199;438,200;439,202;439,204;438,206;438,208;439,211;439,213;439,215;438,217;439,219;439,221;439,223;439,224;439,226;439,228;438,231;438,232;439,235;438,236;439,238;438,240;438,243;438,244;438,247;438,249;439,251;439,253;439,254;438,256;439,258;438,261;438,262;438,265;438,266;439,269;439,270;439,272;439,274;439,277;439,278;438,280;439,283;438,284;438,286;438,288;438,290;438,292;439,294;439,296;438,298;438,300;439,302;438,304;438,306;439,308;439,310;438,312;439,315;439,316;439,319;438,320;438,323;439,325;438,327;438,328;439,331;439,332;439,334;438,336;439,338;438,341;439,343;439,345;439,346;439,348;439,351;439,352;439,354;439,356;438,358;439,360;439,362;438,364;438,366;438,369;438,371;439,372;439,374;439,376;439,379;438,381;439,382;439,384;439,387;438,389;439,390;438,392;438,394;438,396;439,399;439,400;439,403;439,404;438,406;438,408;438,411;439,412;438,415;438,417;439,418;439,421;438,422;438,425;439,426;438,429;438,430;439,433;439,435;439,437;439,438;439,441;439,443;439,445;439,446;439,448;438,451;438,453;439,455;438,456;438,459;439,461;438,463;439,464;439,467;439,469;439,470;439,472;439,475;439,477;439,479;438,481;439,483;439,484;439,486;438,489;439,490;438,492;439,495;438,496;439,498;438,501;439,503;439,504;438,506;439,509;439,510
440,1;441,3;441,4;440,6;441,9;441,10;440,13;440,14;441,17;441,19;440,20;440,23;441,24;440,27;441,29;440,31;440,33;441,34;441,36;440,38;441,40;440,43;440,45;441,47;440,49;441,50;441,52;441,55;440,57;440,59;440,60;440,62;440,65;440,66;441,68;440,70;440,73;440,74;440,76;441,79;441,80;441,82;441,85;440,87;440,88;441,91;441,92;440,95;441,97;440,98;441,100;441,103;441,104;441,106;441,109;441,111;440,112;440,114;440,116;440,118;441,121;440,123;440,125;441,127;441,129;440,131;441,132;441,134;441,137;441,139;440,140;440,142;441,145;440,147;441,149;440,150;440,152;441,155;440,156;441,159;440,160;440,163;441,164;440,167;440,169;440,170;441,173;440,175;441,176;441,179;441,180;440,183;440,184;440,186;440,188;441,190;440,193;440,194;440,196;440,199;441,201;440,202;440,204;440,206;440,208;441,211;440,213;441,214;441,217;441,218;441,220;441,222;441,225;441,226;441,229;441,231;441,232;440,234;441,237;441,239;441,240;440,242;440,244;441,247;440,248;440,250;441,253;440,254;441,256;441,258;441,261;441,262;441,265;440,266;440,269;440,270;441,273;440,274;440,276;441,279;441,280;440,283;440,285;440,287;440,288;440,290;440,292;440,295;440,296;441,299;441,300;440,302;441,305;441,307;440,309;441,310;441,312;440,314;440,317;440,318;440,321;440,322;441,325;440,327;440,328;441,331;441,332;441,335;440,336;440,338;440,341;441,343;441,345;440,347;441,348;440,351;441,352;440,354;441,356;440,359;441,360;440,363;440,365;440,366;441,369;441,371;440,372;441,374;441,376;440,378;440,381;441,382;440,385;440,386;441,388;441,390;441,392;441,394;440,396;441,399;440,401;440,403;440,405;441,407;440,409;441,410;440,413;441,414;440,416;441,418;440,421;440,423;441,425;441,426;440,429;440,431;441,432;441,434;440,436;441,439;441,440;440,443;441,445;441,446;440,449;441,451;440,453;440,454;441,456;441,459;440,460;440,463;441,465;440,467;440,468;440,471;440,473;441,475;441,477;441,478;441,481;440,482;440,484;441,486;441,489;441,490;441,493;440,495;440,497;440,499;441,501;441,503;440,504;440,506;441,508;440,510
442,0;442,3;443,5;443,7;442,9;443,10;443,13;442,14;443,17;442,18;442,21;443,22;443,24;443,26;443,29;442,31;443,33;443,35;442,36;442,39;442,40;443,42;443,45;442,47;443,49;443,51;442,53;442,54;442,56;443,58;443,61;442,63;442,65;442,67;443,69;442,71;442,72;442,74;442,76;442,78;443,81;442,82;443,85;442,87;443,88;442,91;443,93;443,95;442,97;443,98;442,101;442,103;442,104;442,106;442,109;442,111;442,112;443,114;442,117;443,118;443,121;442,122;443,125;442,127;443,129;442,130;442,133;442,135;442,137;443,138;443,141;442,143;442,144;443,147;443,149;443,151;443,152;442,154;442,156;442,159;442,160;442,162;443,165;442,167;442,169;442,171;442,172;442,175;442,177;443,179;442,180;442,183;442,185;442,186;443,188;443,190;442,192;443,194;442,196;442,199;442,201;442,203;443,205;443,206;442,209;443,210;442,212;442,215;443,217;442,218;442,221;442,222;442,224;443,227;442,229;443,231;442,232;443,234;442,237;443,238;442,241;442,242;442,244;443,246;442,248;442,250;442,252;442,254;443,257;442,258;443,261;443,262;442,265;442,267;442,268;442,270;443,272;442,274;443,277;442,278;442,280;443,282;443,285;442,287;442,288;443,290;443,292;442,295;443,296;443,298;443,300;442,302;443,304;442,306;442,309;443,310;443,313;442,315;442,317;443,318;443,320;443,322;442,324;443,326;443,328;443,330;443,333;443,334;443,336;442,338;443,340;443,342;443,345;442,347;443,349;442,351;442,352;443,354;443,357;442,359;442,361;442,363;442,365;442,367;443,369;443,371;442,373;442,375;443,377;442,378;443,380;443,382;442,384;442,387;443,388;443,390;443,392;443,394;443,396;443,398;442,401;442,402;442,405;442,407;443,408;442,410;442,412;443,415;442,417;443,418;443,420;443,422;442,424;443,427;443,428;442,431;443,432;442,434;443,437;443,438;443,440;443,442;443,444;442,447;442,448;442,450;443,452;443,455;443,456;443,458;443,460;442,463;443,465;442,466;443,469;442,470;442,473;443,475;443,477;443,478;442,480;442,482;443,484;443,487;442,488;443,491;443,492;443,494;442,496;443,498;442,501;443,503;443,505;443,507;443,508;442,511
445,1;445,3;444,4;444,7;445,8;445,11;444,12;444,15;444,16;445,18;444,21;445,23;444,24;444,27;445,28;445,30;445,33;444,34;445,36;445,38;445,41;444,43;444,44;444,47;445,49;445,50;445,52;445,55;445,56;444,59;445,61;445,62;445,65;444,66;444,68;444,70;444,73;445,74;445,76;445,79;444,81;444,83;445,85;444,87;445,88;445,91;444,93;445,95;444,96;444,98;444,100;444,102;444,104;445,107;445,108;445,110;444,113;445,115;445,116;444,119;445,120;444,122;445,124;445,127;444,129;445,130;445,132;444,134;445,136;444,139;444,141;445,142;445,144;445,147;444,149;444,150;445,153;445,154;444,157;445,158;444,161;445,163;444,164;445,166;445,169;445,171;445,172;444,174;444,177;445,179;444,180;445,183;444,184;444,186;444,189;445,190;445,193;445,195;444,197;444,199;444,200;445,203;445,204;444,206;445,208;444,210;445,212;444,215;444,217;445,218;444,220;444,223;445,225;445,227;444,229;444,230;445,232;445,234;445,236;445,239;445,241;445,243;445,245;445,246;444,249;445,250;444,252;445,254;444,256;445,259;444,260;444,262;444,264;445,267;444,269;445,270;444,273;444,275;444,276;444,278;445,281;445,283;444,284;444,286;444,288;444,291;445,292;445,295;444,297;444,299;445,300;445,303;444,305;444,306;445,309;444,311;444,313;445,314;444,316;445,319;445,321;445,322;445,325;445,327;444,329;445,330;444,332;444,334;445,337;445,338;445,341;445,343;445,345;445,346;444,348;444,351;444,352;445,355;444,357;445,359;444,361;444,362;444,365;444,367;444,368;445,370;444,373;444,375;445,376;444,378;444,380;445,383;444,385;444,387;445,388;445,391;444,393;445,394;444,396;444,399;444,401;444,402;445,404;444,406;444,408;444,410;445,412;445,414;445,416;445,418;444,421;444,423;445,424;445,427;444,428;445,431;444,432;445,435;445,436;444,438;445,440;445,443;444,445;445,447;445,449;444,451;445,452;444,454;444,457;445,458;444,460;444,462;444,465;445,467;444,469;445,470;444,473;445,475;445,476;445,478;445,481;445,482;445,484;444,487;444,489;444,490;444,492;444,494;444,497;445,499;445,500;445,503;444,504;444,506;445,508;445,510
446,1;447,3;447,5;447,7;446,8;447,11;447,13;446,14;446,17;446,19;446,21;446,22;447,25;447,27;446,29;447,31;446,33;446,35;447,36;447,38;446,41;446,43;446,44;447,47;447,48;447,50;447,52;446,55;446,56;446,58;447,61;446,62;446,65;447,67;446,69;446,70;447,73;447,74;447,76;447,79;446,81;447,82;446,85;446,87;447,89;446,91;447,93;446,95;446,97;446,98;447,101;447,102;446,104;447,106;446,108;446,110;447,113;446,114;446,117;446,118;446,121;446,122;446,124;447,127;446,129;446,130;447,132;447,135;446,137;447,138;446,140;446,143;446,144;446,147;447,149;447,151;446,152;447,154;447,157;446,159;446,160;446,162;447,164;446,166;447,169;447,170;447,172;446,175;447,177;447,178;447,181;446,183;446,184;447,186;447,189;447,190;446,193;447,194;446,196;446,199;447,201;447,202;447,204;446,207;447,209;447,210;446,212;446,215;446,217;447,218;447,220;447,222;447,224;447,227;446,229;447,231;446,232;446,234;446,236;447,239;446,240;446,243;447,245;447,246;446,248;447,251;447,253;447,255;447,256;446,259;447,260;447,263;447,264;446,267;446,268;446,271;447,273;447,275;447,276;447,278;446,281;447,283;447,284;447,287;447,288;446,290;447,293;447,295;447,297;446,299;447,301;447,303;446,304;446,306;446,309;447,310;446,312;447,314;446,317;446,319;446,321;447,322;447,324;447,326;447,328;446,330;447,333;447,334;446,337;447,338;447,340;446,343;447,345;447,346;446,349;447,350;446,352;447,354;447,357;447,358;447,361;446,363;446,365;446,367;447,368;447,371;447,373;447,375;447,377;447,378;447,381;446,383;447,384;446,386;447,388;447,391;446,393;447,395;447,397;446,399;447,401;446,402;446,404;446,406;446,408;446,411;447,412;446,415;446,416;447,418;447,421;446,423;446,425;447,427;446,429;446,430;446,433;446,435;447,436;447,438;447,441;447,443;447,445;447,446;446,449;447,451;447,452;447,454;446,456;446,459;447,461;446,463;446,465;446,466;446,469;446,471;446,473;446,474;446,477;446,478;447,480;446,482;446,484;446,486;446,489;446,491;446,493;447,494;446,496;447,498;446,500;446,502;446,504;446,507;447,509;447,510
448,0;448,2;449,5;448,7;449,8;449,10;449,12;449,14;448,17;448,19;449,20;448,23;449,25;449,27;449,28;449,30;449,33;449,34;448,37;448,39;448,40;448,42;448,45;448,47;448,49;448,50;449,53;448,54;449,57;448,58;449,60;448,63;448,65;448,66;449,69;448,71;449,73;448,74;449,76;449,78;448,80;449,82;449,85;448,86;449,89;448,90;448,93;449,95;449,96;448,98;449,101;449,102;448,104;448,106;448,109;449,111;449,112;449,114;448,117;448,119;449,120;448,122;448,124;448,126;449,128;448,130;449,132;448,134;449,136;448,139;449,140;449,143;448,145;449,147;449,149;449,151;448,152;449,154;449,156;448,159;448,160;449,163;448,165;448,166;449,168;448,171;449,173;448,175;449,177;448,178;449,181;449,183;449,185;448,187;449,188;449,191;448,192;448,194;449,196;449,199;449,201;449,202;449,205;449,206;448,209;449,210;448,212;449,214;449,216;448,219;449,221;449,222;448,225;448,226;448,229;448,230;449,233;449,235;448,237;449,239;448,241;448,243;449,244;448,247;449,248;448,251;448,252;449,254;448,257;449,258;448,261;448,262;448,264;449,266;448,268;449,271;449,272;448,275;448,276;449,278;448,280;448,283;448,284;449,286;449,289;448,290;448,292;449,294;448,296;448,298;449,301;449,302;448,304;449,307;449,308;449,311;448,313;449,315;448,317;449,319;449,320;448,322;449,324;448,326;449,328;449,331;449,333;449,334;448,336;449,338;448,341;449,343;449,344;449,347;448,348;449,350;448,353;448,355;449,357;448,359;449,361;449,363;449,364;449,367;448,369;449,371;449,372;449,374;448,377;449,379;448,381;449,383;449,384;448,386;449,388;449,390;448,392;449,395;448,396;448,398;448,401;448,402;449,405;449,407;448,409;448,411;449,413;448,415;449,416;448,418;449,420;449,422;448,424;448,427;449,428;449,431;448,433;449,435;448,436;449,438;449,441;449,442;449,444;449,447;449,448;449,451;448,452;449,455;449,456;448,458;449,461;448,462;448,464;449,466;449,468;449,470;449,472;448,474;449,477;448,479;448,481;449,483;448,484;449,486;448,489;448,491;449,492;449,495;448,496;449,499;448,500;449,503;449,504;449,506;449,509;449,511
450,1;450,3;450,5;451,7;450,9;450,10;450,12;451,15;450,16;450,18;450,21;451,22;451,25;450,26;450,29;451,31;451,33;450,34;451,37;451,39;451,40;450,43;451,45;451,47;450,49;451,50;450,53;450,54;451,57;450,59;450,61;450,62;450,64;451,66;450,69;450,70;451,72;451,74;451,77;450,79;450,81;451,82;451,84;450,87;450,89;451,91;451,93;451,94;451,96;450,98;450,100;450,103;451,105;451,107;450,109;451,111;450,112;451,114;451,116;451,118;450,121;451,122;451,124;451,127;450,129;450,131;450,132;450,134;450,136;450,139;450,140;451,142;450,145;451,147;451,148;451,151;451,152;451,155;450,156;450,159;450,161;450,162;451,165;450,166;450,168;450,171;451,173;450,175;450,177;451,179;450,180;451,182;451,185;451,186;451,188;450,191;450,192;451,195;451,197;451,199;450,200;450,202;450,204;450,206;451,209;450,210;450,212;450,215;451,217;450,218;451,220;450,222;450,225;451,226;450,229;451,230;451,233;451,234;451,237;451,239;451,240;450,242;451,245;450,247;451,249;451,250;451,252;450,255;450,257;451,259;451,261;450,262;451,264;451,267;450,269;451,270;451,273;451,275;451,276;451,278;450,280;451,283;451,285;450,286;451,289;450,290;451,292;450,295;450,296;450,298;450,300;450,303;450,304;450,307;450,309;450,310;451,313;450,315;451,316;450,319;451,320;450,323;450,324;451,327;450,329;450,331;451,333;450,335;451,336;451,339;450,341;450,342;451,344;450,346;451,348;450,350;451,352;450,355;451,356;450,359;450,361;450,362;450,365;450,366;451,368;451,370;451,373;451,375;450,377;451,378;451,380;450,382;451,384;450,387;450,388;451,391;451,393;451,395;450,397;451,398;450,401;451,403;451,405;451,406;451,409;451,411;451,412;450,415;450,417;451,418;450,420;450,422;451,425;451,427;450,429;450,430;450,432;451,435;450,437;451,438;450,441;450,442;450,444;451,446;450,448;451,450;451,452;451,455;450,457;451,458;450,461;450,463;450,464;451,466;451,468;451,470;450,473;451,474;451,476;451,478;451,481;451,483;451,484;450,487;450,489;451,490;451,492;451,495;450,497;451,498;450,500;450,503;450,505;451,506;451,509;450,510
452,0;453,2;452,5;453,7;453,9;453,10;453,12;453,14;453,17;452,19;452,21;452,22;452,24;453,26;453,28;452,31;452,33;453,34;452,36;453,38;453,41;452,42;452,44;453,47;453,49;452,51;453,53;453,54;452,57;452,59;452,60;453,63;452,64;453,67;452,69;452,70;452,73;453,74;453,77;453,79;452,81;452,82;452,85;453,87;452,88;452,91;452,93;453,95;452,97;452,98;453,100;452,103;452,104;452,106;453,109;452,111;453,112;453,115;452,117;453,118;452,120;453,123;452,124;452,127;453,129;453,130;452,132;453,135;452,137;452,138;452,140;452,143;452,145;452,147;453,149;452,151;452,152;453,154;452,157;453,159;453,161;452,162;453,165;452,166;452,168;453,171;452,172;452,174;452,176;452,179;453,181;452,183;452,185;453,186;452,188;452,190;452,193;453,194;452,197;453,198;453,200;452,203;453,205;452,206;452,209;453,211;453,212;452,215;453,217;453,218;452,221;453,222;453,225;453,226;452,228;453,231;453,232;452,234;453,237;452,239;453,241;452,242;452,244;452,247;453,249;452,250;452,253;452,254;452,257;452,258;453,260;452,263;453,264;453,267;452,269;452,270;452,272;452,274;452,276;453,279;453,281;453,282;453,284;453,287;453,288;452,290;453,292;452,294;452,297;452,299;452,301;453,303;453,305;453,306;452,308;453,310;453,312;452,314;452,316;453,319;452,320;453,322;452,325;452,326;453,328;452,331;452,333;453,335;453,336;452,339;453,341;452,342;452,345;453,347;452,348;453,351;452,352;453,354;452,356;452,359;452,361;452,363;452,365;453,367;452,368;452,371;453,373;453,375;452,377;452,379;453,380;452,382;452,384;453,386;453,388;452,391;452,392;452,394;453,397;453,399;453,400;452,403;453,404;453,406;452,409;452,410;453,412;453,414;452,416;453,419;452,421;452,423;453,425;452,426;452,429;453,430;452,432;452,435;453,437;453,438;453,440;452,442;453,445;453,446;453,448;452,450;452,453;452,454;453,457;452,458;452,460;453,462;453,465;453,466;452,469;452,470;453,472;453,474;452,476;453,478;453,481;453,483;452,484;452,486;453,489;452,490;452,492;452,494;453,496;453,499;453,500;453,502;453,505;453,506;452,508;453,511
454,1;455,2;454,4;455,6;455,9;454,11;454,13;454,15;454,17;455,18;454,21;455,22;454,24;455,27;454,28;455,31;455,33;455,35;454,37;454,39;454,40;454,42;455,45;454,47;454,49;454,50;454,52;455,54;454,57;454,58;454,60;455,62;454,64;455,66;455,69;455,71;454,73;454,74;454,76;454,78;454,80;455,82;455,85;454,87;454,88;455,91;454,93;454,94;455,96;455,99;454,100;454,103;454,105;454,106;455,109;455,111;454,112;454,115;455,116;455,118;455,121;454,122;455,125;455,127;455,128;455,131;454,133;454,135;454,137;455,138;454,141;454,143;455,144;455,147;455,149;454,151;455,153;455,154;454,156;455,159;455,160;455,163;454,165;454,167;455,169;454,170;455,173;455,175;455,177;455,179;454,180;454,183;454,185;455,186;454,189;454,191;455,192;454,194;454,197;454,198;455,201;454,203;455,205;455,207;455,209;454,210;455,212;455,214;455,216;454,219;454,221;455,223;454,225;455,226;454,228;454,231;455,232;454,234;454,236;455,239;455,240;454,243;454,244;454,246;455,249;455,251;454,253;455,255;454,257;454,258;455,261;455,263;454,264;454,266;455,268;455,271;454,272;454,275;454,277;455,279;455,281;454,283;454,284;455,286;455,289;455,291;454,292;454,294;455,297;455,299;455,301;454,303;454,304;455,307;455,308;454,310;455,312;455,314;454,316;454,318;454,321;455,323;454,324;455,327;455,329;454,330;454,332;454,334;455,337;454,338;455,340;455,343;454,345;455,346;455,349;454,351;454,353;455,355;455,357;455,359;455,360;455,363;455,364;454,366;454,369;454,371;454,373;454,375;454,377;454,379;454,381;455,383;454,384;454,386;455,389;454,391;455,393;455,395;455,397;455,399;454,400;455,402;455,404;454,407;455,409;455,411;455,413;454,414;454,417;454,419;455,420;455,422;455,425;454,427;455,429;454,431;455,433;454,434;454,437;455,439;454,440;454,442;455,444;454,447;455,449;455,451;455,452;455,454;455,456;455,459;454,460;454,462;455,464;455,467;454,469;454,470;454,472;454,475;455,477;455,478;455,481;454,483;454,485;454,487;455,488;455,491;455,492;454,494;454,496;454,499;455,500;454,503;455,504;455,506;455,509;455,510
456,1;457,2;457,4;457,7;457,9;457,10;457,13;456,14;457,17;457,19;457,21;457,22;456,24;457,26;457,28;456,31;457,32;456,34;457,37;457,38;457,40;456,42;457,45;457,47;456,48;456,50;456,52;457,55;456,57;456,59;456,61;457,62;456,64;457,67;456,68;457,71;457,73;456,74;457,77;456,78;457,80;457,82;456,84;456,86;456,89;457,91;456,92;457,95;457,96;456,99;457,101;456,102;456,104;456,106;456,109;457,111;456,113;457,114;456,116;457,119;456,121;457,122;456,125;457,127;456,129;456,131;456,132;457,134;456,136;456,139;457,141;456,143;457,144;457,146;457,148;457,150;457,152;456,154;457,156;456,158;457,161;457,163;456,165;457,166;456,169;457,170;457,172;457,174;457,177;456,178;457,180;457,183;456,184;456,186;456,189;456,190;457,192;456,194;456,196;457,199;457,200;456,203;456,204;456,207;456,208;456,210;456,212;457,214;457,216;456,218;457,220;457,223;456,224;456,227;456,229;456,230;456,232;456,235;456,237;457,238;456,241;457,242;456,244;456,247;456,249;456,251;457,253;456,255;456,257;456,259;457,261;457,263;457,265;456,266;456,269;456,271;456,272;456,274;456,276;457,279;457,280;456,283;456,284;457,286;456,288;456,290;457,293;457,294;457,296;456,298;456,300;456,303;457,304;456,306;457,308;456,310;456,312;456,314;457,317;456,319;456,320;457,323;457,324;456,327;456,328;456,331;456,333;456,335;456,336;457,339;457,340;456,343;456,344;457,347;457,348;457,351;456,352;456,355;457,356;457,359;457,361;457,362;456,365;456,366;457,369;457,370;457,372;457,375;456,377;456,378;457,381;457,382;457,385;457,386;456,388;457,391;456,392;457,395;456,396;457,399;457,401;457,402;456,405;457,406;456,408;457,411;456,412;457,414;456,416;457,419;457,421;457,423;456,424;456,427;457,429;457,431;457,433;457,435;456,437;456,439;457,440;457,443;456,444;456,446;456,448;456,451;456,453;457,455;456,457;457,458;457,460;457,462;457,464;456,466;456,468;456,471;456,473;457,474;457,477;457,479;457,481;457,482;456,485;457,486;457,489;457,491;456,492;457,495;457,497;456,499;456,500;456,503;456,505;457,507;456,508;457,511
458,0;458,2;458,4;458,6;459,9;458,10;458,12;459,14;458,17;458,19;458,20;458,23;458,25;459,27;458,28;459,31;459,33;458,35;459,37;458,38;458,41;459,43;458,45;458,47;459,49;458,50;459,53;459,55;458,56;458,59;458,61;459,63;459,64;459,67;459,68;459,70;458,73;458,75;458,77;459,78;458,81;459,82;458,85;458,86;459,88;459,91;458,92;458,95;459,96;459,99;458,101;459,103;458,104;459,106;459,108;458,110;458,112;459,115;459,117;458,119;458,120;459,122;458,125;458,126;458,129;459,131;458,132;458,135;459,137;458,138;458,140;458,143;459,144;458,147;458,148;459,150;458,153;458,155;459,157;459,158;459,160;458,163;458,164;458,167;459,168;459,170;459,172;458,174;458,177;458,179;458,181;459,182;458,184;458,186;459,188;458,191;459,193;459,194;459,197;459,199;459,201;459,202;458,204;458,207;459,208;459,211;458,212;458,214;458,216;458,218;458,221;459,223;458,225;458,226;459,228;458,230;458,232;458,234;458,237;459,238;458,240;458,242;459,244;458,246;458,249;459,250;458,252;459,255;459,257;458,259;458,260;458,262;459,264;459,267;459,268;459,270;459,272;459,275;459,276;459,279;459,280;458,283;458,285;458,287;458,289;459,290;458,293;459,294;458,297;459,298;459,300;459,303;459,305;459,307;459,308;459,310;459,312;459,315;458,317;459,319;458,320;458,322;459,324;459,326;458,328;459,330;458,333;459,334;458,337;459,339;459,340;458,342;458,344;458,347;458,348;459,350;458,352;458,355;459,356;458,358;459,360;458,363;458,364;459,366;459,369;458,371;458,373;458,374;458,376;459,379;458,381;459,382;459,385;458,386;459,388;459,391;459,393;458,395;459,397;459,398;458,400;459,402;459,405;459,406;459,409;458,410;459,413;459,415;459,417;458,418;459,421;459,422;459,424;459,427;458,428;459,430;459,433;458,434;459,436;458,439;458,441;459,442;459,444;459,446;459,448;458,450;459,453;459,454;459,456;458,458;459,461;458,463;458,464;459,466;458,469;459,471;459,472;459,474;459,477;458,479;458,480;458,482;458,484;458,487;458,488;458,490;458,493;458,494;459,496;459,499;458,500;459,503;459,504;458,506;458,508;458,511
461,0;460,3;460,4;461,7;461,9;461,11;461,12;460,14;461,16;461,18;461,20;461,23;461,25;461,27;461,28;461,31;460,32;460,35;461,37;460,39;461,40;461,43;460,45;461,47;461,49;461,51;461,52;461,55;461,57;461,58;461,60;460,63;461,65;460,66;461,68;460,71;461,72;460,74;461,76;460,78;461,81;461,82;460,85;461,87;460,89;460,90;461,93;461,95;460,97;461,98;461,100;460,102;461,105;460,107;461,109;460,111;460,113;461,115;460,116;460,119;460,120;461,123;460,125;460,126;460,129;461,131;460,133;461,135;461,137;461,139;461,141;461,143;461,144;461,147;461,149;461,150;460,153;461,154;461,157;460,158;460,161;461,162;461,164;460,167;461,168;460,170;460,173;461,174;461,176;460,178;460,180;460,183;461,185;460,187;461,188;460,191;460,193;461,195;461,197;461,198;461,200;461,203;461,205;461,207;460,209;460,210;461,212;460,214;461,217;461,218;460,221;460,222;460,224;461,227;461,229;460,231;460,232;461,235;461,236;461,239;461,240;461,243;461,244;461,246;460,248;461,250;460,252;461,255;461,256;460,258;460,261;461,262;461,264;461,266;460,268;460,270;460,273;460,274;461,276;460,279;461,281;461,283;461,285;461,287;460,289;461,291;461,293;460,295;461,297;461,298;460,300;461,303;461,305;461,306;461,308;460,311;460,313;460,315;460,317;460,319;460,321;461,323;460,324;461,327;460,328;460,331;460,333;460,334;461,336;461,339;460,341;460,342;461,345;461,347;460,348;461,351;460,353;460,354;461,357;461,359;461,360;461,363;460,365;461,367;460,369;461,371;460,372;460,374;461,376;461,379;460,381;460,382;460,384;460,387;460,388;460,390;461,393;461,395;461,396;460,398;461,401;461,402;461,405;460,407;461,408;461,411;461,412;461,415;461,416;461,419;460,421;460,422;460,424;461,427;461,429;460,431;460,432;460,434;460,436;460,439;461,440;461,442;461,444;460,446;461,448;460,451;460,453;460,455;460,457;460,458;460,460;460,462;461,465;460,467;460,469;460,470;461,472;461,475;460,477;460,478;461,480;461,483;461,485;460,487;460,488;461,490;460,493;461,495;460,497;460,498;461,501;460,503;461,504;460,507;461,508;461,510
463,1;463,3;462,5;462,7;462,8;463,11;463,13;463,14;462,17;463,18;463,20;463,22;463,24;463,26;462,29;462,31;462,32;463,35;463,36;462,39;463,41;463,43;463,45;462,46;463,49;462,51;463,53;463,55;463,56;462,58;463,61;462,62;462,64;463,66;463,68;462,70;462,73;462,74;462,76;463,78;463,81;463,82;463,84;463,86;463,88;462,91;462,92;462,95;463,96;463,99;463,100;463,102;463,105;462,106;462,108;462,111;463,113;463,114;463,116;463,118;463,121;463,122;462,125;463,126;463,128;462,130;463,132;463,134;462,137;462,139;462,140;462,143;462,144;462,146;462,148;462,150;463,152;462,154;462,156;463,159;462,161;462,162;462,164;462,167;462,168;463,171;462,173;463,175;462,177;463,178;462,181;463,182;462,184;463,187;462,189;463,190;462,193;462,195;463,196;462,199;463,200;463,203;463,205;462,207;462,208;462,210;462,213;463,214;463,216;463,219;463,221;463,223;463,224;463,226;462,229;463,231;463,232;462,235;463,237;462,239;463,241;462,243;463,245;463,247;462,249;463,250;463,253;462,254;462,257;462,259;462,260;463,263;463,265;462,267;462,269;462,271;462,273;463,274;462,277;463,278;462,280;463,282;462,285;462,287;462,289;462,291;463,293;463,294;462,297;463,298;462,301;462,302;462,305;463,306;462,308;463,311;463,313;463,315;462,316;462,319;462,321;463,323;462,325;462,327;463,329;463,330;463,333;463,335;462,337;462,338;463,341;462,342;462,344;462,347;463,349;463,351;462,353;462,354;463,357;462,359;462,361;462,363;462,364;463,367;463,368;462,371;462,372;462,375;463,377;463,379;462,381;462,382;463,384;462,386;462,389;463,391;463,392;463,395;463,397;463,399;463,401;463,402;463,405;462,406;462,409;463,410;462,412;463,415;462,416;463,418;463,420;463,423;462,424;463,426;462,428;462,431;463,433;463,435;462,436;462,439;463,441;462,443;462,444;462,447;462,448;462,451;462,453;463,455;463,456;462,458;463,460;462,463;463,464;462,467;463,469;463,470;462,473;463,475;463,476;462,478;463,480;463,482;463,485;462,487;462,488;463,491;462,493;463,495;463,497;462,499;463,500;463,503;463,504;462,506;463,509;462,510
465,1;465,3;465,5;465,6;464,9;465,10;465,13;464,14;465,17;464,18;464,20;464,23;465,24;465,26;464,28;465,31;464,32;465,35;464,37;464,39;464,40;465,43;464,45;465,47;464,49;464,50;465,52;465,54;465,56;465,59;465,61;464,63;465,65;464,67;464,69;465,70;464,73;465,74;465,77;464,79;464,80;464,82;465,85;464,87;464,88;464,90;464,93;464,94;464,96;464,99;464,101;464,103;464,104;464,107;465,109;464,111;465,113;464,114;465,116;464,118;464,121;464,122;465,124;464,127;464,128;464,130;465,132;465,134;464,136;464,139;465,140;464,143;465,144;464,146;464,148;465,150;464,152;464,154;465,157;465,158;464,160;464,162;465,164;464,167;464,168;464,170;464,172;464,174;465,176;464,179;464,181;464,182;464,185;464,186;465,189;465,191;464,193;464,195;465,196;465,198;464,201;465,202;465,205;464,206;464,209;465,210;465,212;465,214;464,216;464,218;465,220;464,223;464,225;464,226;464,228;465,230;465,232;465,234;465,236;465,239;465,241;465,242;464,245;465,247;465,248;465,251;465,252;464,254;465,256;465,259;464,261;464,262;464,265;464,267;464,269;465,271;464,273;465,274;464,276;465,279;465,281;464,283;464,284;465,287;465,288;465,291;465,293;465,295;465,296;464,298;464,300;465,302;464,305;464,307;464,309;465,311;464,313;464,314;465,316;464,318;465,320;464,323;464,325;465,326;465,328;464,330;465,333;464,334;465,337;465,339;465,341;465,343;464,345;465,346;465,349;464,351;465,353;465,354;464,356;464,358;464,360;465,362;465,365;464,366;465,368;465,370;464,372;464,374;465,377;465,378;465,380;465,382;464,384;464,387;464,389;465,390;465,392;465,395;465,397;464,399;465,400;464,403;464,405;465,406;465,408;465,411;465,413;465,414;465,417;464,419;464,421;464,423;464,425;464,427;465,428;465,430;465,433;465,435;465,436;464,439;464,441;464,443;465,444;465,447;464,449;465,450;464,452;465,454;465,456;464,459;464,460;465,463;465,465;464,467;465,469;464,470;465,473;464,475;465,476;464,478;465,481;464,483;464,485;465,487;465,488;464,491;464,492;465,494;465,497;465,499;464,500;465,503;465,504;464,507;465,508;465,511
467,1;466,2;466,5;466,6;466,8;466,10;467,12;467,15;466,16;466,19;467,21;466,23;466,25;466,26;467,28;466,31;467,32;466,34;466,36;466,39;466,40;467,43;467,45;466,47;467,49;466,50;467,52;466,55;466,56;467,59;467,60;467,62;467,64;467,66;466,69;467,70;466,72;466,75;467,76;467,78;467,80;467,82;466,84;467,86;466,89;467,90;467,93;466,94;466,96;466,98;467,100;467,102;466,105;466,107;466,108;466,111;466,113;467,115;466,116;466,118;466,121;466,123;467,125;466,126;467,128;466,131;467,133;466,135;466,137;467,138;466,141;466,143;466,144;466,147;466,148;466,150;467,152;467,155;466,157;467,158;467,161;466,163;467,164;466,167;466,169;467,171;467,173;467,175;467,177;466,178;466,181;466,182;467,184;467,186;466,188;466,190;466,192;466,194;467,197;467,199;467,201;467,203;467,205;467,206;467,209;466,210;466,213;466,215;467,217;467,218;467,220;467,223;467,225;466,226;466,228;466,231;466,232;467,234;467,237;467,239;466,240;466,243;467,245;467,247;466,248;466,250;466,252;467,254;467,256;466,259;467,261;466,262;467,264;466,266;467,269;467,271;467,273;466,274;466,277;467,279;466,280;466,282;466,284;467,287;467,289;466,291;467,293;467,295;467,297;467,299;467,301;467,302;466,305;467,306;467,308;466,310;467,313;467,314;467,316;467,319;466,320;466,323;467,325;466,327;466,329;466,330;467,332;467,335;466,337;467,339;467,341;466,342;466,345;466,346;467,349;467,351;467,352;466,355;467,356;467,359;466,360;466,362;466,365;466,367;467,369;467,371;466,372;467,374;466,376;466,378;466,381;467,382;466,385;467,386;466,389;466,391;466,392;466,395;467,397;467,398;466,400;467,403;467,405;466,407;466,408;467,410;467,413;466,414;466,416;467,418;466,421;466,422;467,425;466,427;467,429;466,430;467,433;466,435;466,436;467,438;467,441;467,442;467,444;466,446;467,448;466,451;466,453;467,455;467,457;467,459;466,461;466,463;467,464;466,467;467,468;467,470;467,473;466,475;466,476;466,478;466,481;466,483;467,484;466,486;466,489;467,490;467,492;467,495;466,496;466,499;466,501;466,502;467,505;467,506;467,509;467,510
469,0;469,2;469,5;469,7;469,9;469,11;468,13;469,15;468,16;469,19;468,21;468,22;468,24;469,27;469,29;468,31;468,32;468,34;468,36;469,38;468,41;469,42;469,44;468,47;468,49;468,51;468,52;468,55;468,57;469,59;468,60;468,63;468,64;469,67;468,69;469,71;469,73;469,74;469,76;468,79;468,80;469,82;468,84;469,87;468,88;469,90;469,93;468,95;469,97;469,99;469,100;469,103;468,105;468,107;468,108;469,111;468,113;468,115;468,117;469,118;469,120;469,122;469,124;468,126;468,129;469,131;469,133;469,134;468,136;468,139;468,140;468,143;468,145;469,146;469,148;468,150;468,153;469,155;469,156;469,158;468,160;468,162;469,165;468,166;469,169;468,171;469,172;469,175;468,176;468,178;469,181;468,182;469,185;469,187;469,188;468,191;469,193;469,195;469,197;469,199;468,201;469,202;469,204;468,207;469,209;468,210;468,212;468,215;469,216;469,219;469,221;469,223;468,224;468,226;469,228;469,230;469,232;468,235;468,237;468,238;468,241;468,243;468,245;469,246;468,249;469,251;468,252;469,254;469,257;468,259;469,261;469,262;468,264;469,267;468,269;469,270;469,273;469,274;468,277;468,278;469,281;469,283;468,284;469,286;469,288;468,290;468,293;468,295;468,297;469,299;468,300;469,302;469,304;468,306;469,308;468,311;468,313;468,314;469,316;469,318;469,321;469,322;469,325;469,327;468,328;468,331;469,333;469,335;469,336;469,339;468,341;468,342;468,344;468,347;469,349;469,351;468,353;469,355;469,356;469,359;469,360;468,363;469,364;469,367;469,369;468,371;469,372;468,374;468,376;469,378;469,380;468,383;469,384;468,386;469,389;469,390;469,392;469,394;469,396;468,398;469,400;468,403;469,404;468,406;468,409;469,410;469,413;468,414;469,416;469,419;468,421;469,423;469,424;469,426;468,429;469,430;468,433;468,434;469,437;469,439;469,441;468,442;469,445;468,446;468,449;468,450;468,452;468,455;468,456;468,458;469,461;468,462;469,465;468,467;468,468;468,470;469,473;469,475;468,477;468,478;468,481;469,483;468,485;468,487;468,488;468,491;469,493;468,494;468,496;468,499;469,501;469,502;469,505;469,506;468,509;469,511
470,0;470,2;471,4;471,6;470,9;471,11;471,13;470,15;471,17;471,19;470,20;470,23;471,24;470,27;470,29;471,30;471,33;470,34;470,36;471,38;470,41;471,42;471,44;471,46;470,49;470,50;471,52;471,54;471,56;471,58;471,60;470,62;470,64;470,67;470,69;470,71;470,73;470,74;470,76;471,78;470,81;471,82;471,84;470,87;470,88;471,91;471,92;471,94;470,97;470,99;470,101;470,102;471,104;470,107;470,108;470,111;471,113;470,114;471,117;470,119;471,120;470,123;470,124;470,126;470,129;470,131;471,132;470,134;471,136;471,138;470,140;471,143;471,144;471,146;470,149;471,150;470,152;471,155;470,157;470,159;471,160;471,163;470,164;470,167;470,168;471,170;471,172;471,174;470,177;471,179;470,181;470,183;470,185;470,186;471,189;470,190;470,193;471,194;471,197;471,198;471,201;470,203;470,204;471,207;470,208;470,211;470,213;470,215;470,217;470,218;471,221;471,222;471,225;470,227;470,228;470,230;471,233;470,235;470,236;470,238;470,241;470,242;471,244;470,246;471,248;470,251;471,253;471,254;470,257;470,259;471,261;471,263;470,264;470,267;471,269;471,271;470,273;471,274;470,276;470,278;470,281;470,282;470,285;470,287;470,289;470,290;471,292;470,295;471,296;470,298;471,301;470,302;470,305;471,306;470,309;471,311;471,312;471,315;471,316;470,319;470,320;470,322;470,325;471,327;470,328;470,330;470,333;471,335;470,337;470,338;470,341;471,342;470,344;470,346;470,349;470,351;470,352;470,354;470,356;471,359;470,361;471,363;471,364;471,367;470,368;471,370;470,372;470,374;470,376;470,379;471,380;471,382;470,385;470,387;471,389;471,391;471,393;471,394;470,397;470,398;471,400;470,402;470,405;470,407;470,409;471,410;470,412;471,414;470,417;470,418;470,420;471,422;471,424;471,426;471,428;470,431;471,432;471,435;470,436;470,439;470,440;470,442;471,444;470,447;471,448;470,450;471,453;471,454;470,456;471,458;470,461;470,463;470,465;471,467;470,469;471,471;470,473;471,475;471,476;471,478;470,480;471,483;470,485;470,487;471,489;471,490;471,493;471,494;470,496;471,499;470,500;470,503;470,504;470,507;470,508;470,510
472,0;472,3;472,5;472,7;472,9;472,11;472,12;472,15;473,17;472,18;472,20;473,23;472,25;472,27;473,28;473,30;472,32;473,35;472,36;473,39;473,40;472,43;473,45;472,47;473,49;472,51;473,52;472,54;472,56;472,59;473,61;473,62;472,64;473,67;472,68;473,70;473,73;473,74;473,76;472,78;472,80;472,83;473,85;473,87;473,88;473,90;472,93;472,95;472,96;472,98;472,100;473,103;473,104;473,106;472,108;473,111;472,113;473,114;472,117;472,118;472,120;472,122;473,125;473,127;472,129;473,130;473,133;473,135;473,136;473,138;472,140;473,143;472,144;473,147;473,148;472,151;472,153;473,154;473,157;473,159;472,160;472,163;473,164;473,166;472,169;473,170;472,173;472,174;473,177;473,179;472,180;472,182;472,185;473,187;473,189;473,190;472,193;472,194;473,197;473,198;473,200;472,203;473,204;472,206;472,208;472,210;473,212;472,214;472,217;473,219;473,221;472,223;472,225;473,226;473,229;472,230;472,232;472,235;472,236;472,239;472,240;473,243;473,244;472,247;473,248;472,250;472,253;473,255;473,257;472,259;472,261;473,263;472,264;472,266;472,269;473,270;472,273;472,274;472,277;473,278;473,281;473,283;473,284;473,286;472,289;473,291;472,293;472,295;473,296;473,299;473,301;472,302;473,304;473,307;472,309;472,311;473,312;472,315;472,316;472,318;472,321;472,322;472,324;472,326;473,329;472,331;472,332;473,335;472,337;473,338;473,340;472,343;473,345;472,347;473,349;472,351;473,353;473,354;473,357;473,359;473,360;473,362;473,365;472,367;472,368;472,370;473,372;473,375;472,376;472,378;473,381;473,383;472,385;473,387;473,388;473,390;473,392;473,395;473,396;473,399;472,401;473,403;473,404;473,406;472,408;472,411;472,413;473,415;473,416;472,419;472,421;472,423;472,424;472,426;472,429;472,430;472,432;472,435;472,437;472,438;473,440;473,443;473,445;472,447;472,449;473,451;472,452;472,454;472,456;472,458;472,461;473,463;472,465;473,467;473,468;473,471;472,473;472,475;472,477;473,479;473,481;472,483;472,485;473,487;473,489;473,490;473,493;473,494;472,496;473,498;473,500;472,503;473,504;473,506;473,509;473,510
474,1;474,3;474,5;474,6;474,9;475,10;475,13;474,15;474,17;475,18;475,20;475,22;475,24;475,27;475,28;474,30;474,32;474,35;474,37;475,38;474,40;474,43;475,44;475,46;474,48;474,50;475,53;474,55;475,57;475,59;475,61;474,63;474,65;475,67;475,69;474,70;475,73;475,75;474,76;475,79;474,80;475,82;474,84;475,87;475,89;475,91;474,93;475,94;474,97;474,98;474,101;474,103;475,104;474,106;474,109;475,110;475,112;474,114;474,116;474,118;475,121;474,123;475,125;475,126;475,128;474,131;475,133;474,135;474,137;474,139;474,141;475,142;475,145;474,147;475,148;474,150;475,152;474,155;474,156;474,159;475,160;475,162;474,165;474,167;475,169;474,171;475,173;475,175;474,176;475,178;474,181;474,182;474,184;474,186;474,189;475,191;474,193;475,194;475,196;474,198;474,200;474,203;474,205;474,207;475,209;474,210;475,213;475,214;474,217;474,218;475,221;475,222;474,224;475,227;474,229;475,231;474,233;475,235;474,236;474,239;475,240;474,242;475,244;474,246;475,248;474,251;475,252;474,255;474,257;474,258;475,261;475,262;474,265;474,266;474,269;474,270;474,273;475,275;474,277;475,279;474,280;474,283;474,285;475,287;474,289;475,291;474,292;475,294;474,296;475,299;474,300;475,302;474,304;475,306;474,309;475,311;474,312;475,315;474,316;474,318;474,320;475,322;475,325;475,327;475,328;474,331;474,333;474,334;474,336;474,339;474,341;475,342;474,344;475,346;474,349;474,350;474,352;474,355;474,356;475,359;475,361;474,363;474,365;474,366;474,368;474,371;474,372;475,374;475,377;475,379;474,380;474,383;474,385;475,386;474,389;475,390;474,392;475,395;475,397;474,398;474,401;474,403;475,405;474,406;475,409;475,410;475,412;474,415;474,417;475,418;474,421;474,422;474,424;475,427;474,429;474,430;475,433;474,434;474,437;474,438;474,441;475,443;474,445;475,447;474,448;475,450;475,453;474,455;474,457;475,458;475,461;475,463;475,465;475,467;475,469;474,470;475,473;474,475;475,476;475,479;474,480;474,482;475,484;475,487;474,489;475,491;474,493;475,495;474,497;475,499;475,501;475,503;474,505;475,507;475,508;475,510
476,0;477,3;477,5;477,6;476,8;477,10;476,13;476,15;476,17;477,19;476,21;476,22;476,24;477,27;477,29;477,30;477,32;477,34;477,37;476,38;477,40;476,42;476,45;476,47;477,49;476,50;476,52;476,54;477,56;477,58;477,60;477,63;477,65;476,66;476,69;477,70;476,73;476,74;476,77;476,79;476,81;476,82;477,85;477,87;477,89;476,91;476,92;476,95;476,96;476,99;476,100;477,103;476,105;477,106;476,108;476,110;476,112;476,114;476,116;477,118;476,120;476,123;476,125;477,127;477,128;477,131;476,132;477,135;477,136;477,139;477,140;476,143;476,144;476,146;476,149;476,151;476,153;476,154;476,156;477,158;476,160;477,163;476,164;476,166;477,169;476,170;476,172;476,174;476,176;477,178;477,181;476,182;477,185;476,186;476,188;476,191;477,192;477,195;476,197;476,199;476,201;477,202;476,205;477,206;476,208;477,211;476,213;476,214;477,217;476,219;476,220;476,222;477,224;477,226;476,228;476,231;477,232;476,235;477,236;477,239;477,241;477,243;476,245;476,246;476,249;476,251;477,252;476,255;477,257;476,258;477,260;476,263;476,265;477,266;476,268;476,271;477,272;477,275;476,276;476,279;476,280;477,283;477,284;477,287;477,288;476,291;476,293;477,294;476,297;477,299;476,301;477,302;476,304;477,306;476,309;476,310;476,312;476,314;476,317;476,318;476,321;477,322;477,325;477,327;477,328;477,330;476,332;476,335;476,337;476,339;476,341;477,343;476,345;477,346;476,348;476,350;476,353;477,355;476,357;477,358;477,361;476,363;477,365;477,367;477,369;477,371;477,373;476,374;477,377;476,378;477,381;477,383;476,384;477,386;477,388;477,391;476,393;477,395;477,397;476,399;476,400;477,403;476,404;477,407;476,408;477,410;476,413;477,415;476,416;476,419;477,421;477,422;477,425;477,426;477,429;477,430;477,433;476,434;476,436;476,439;477,440;477,442;476,445;477,447;477,449;476,451;477,452;477,455;477,456;477,458;476,460;477,463;476,465;477,466;476,468;476,470;477,472;476,475;476,477;476,479;477,481;477,483;476,484;477,486;476,488;477,490;476,492;477,495;477,497;476,498;477,501;476,502;477,504;476,507;476,509;477,510
479,0;478,3;478,4;479,7;478,8;478,10;478,13;479,15;478,16;478,18;479,21;479,23;478,25;479,26;479,29;478,31;478,33;479,35;479,36;479,38;478,40;479,42;478,44;479,46;478,49;479,51;478,52;478,54;478,57;479,59;478,60;478,62;479,64;479,66;479,69;479,70;478,73;479,74;479,76;478,78;478,80;479,82;478,84;478,86;478,89;479,90;478,93;479,94;478,97;479,99;478,100;478,102;478,105;478,107;479,109;478,111;478,113;478,115;479,117;478,118;479,120;479,123;479,125;478,126;479,128;478,131;478,132;479,135;479,136;478,139;478,140;479,143;479,144;479,147;479,148;478,150;479,152;478,154;478,156;479,158;479,160;479,162;478,164;479,166;479,168;478,170;479,172;479,175;478,176;478,179;479,180;478,182;478,184;478,186;478,188;479,191;479,192;479,194;478,196;478,199;478,200;479,202;478,205;478,207;479,208;479,211;479,213;478,215;478,216;479,218;478,221;478,223;479,224;478,226;479,229;478,231;478,233;479,234;478,236;478,239;478,241;478,242;479,245;478,247;479,248;479,250;479,253;479,254;479,257;478,259;479,260;479,262;479,264;479,267;479,269;479,270;479,273;479,275;479,276;478,279;478,281;479,283;478,285;479,286;478,289;478,290;478,293;478,295;479,297;478,299;479,300;479,302;478,305;479,307;478,309;479,310;478,313;478,314;478,317;479,318;478,321;478,322;479,324;479,326;478,329;478,331;479,332;478,334;479,337;479,339;478,341;479,342;478,345;478,347;479,349;478,351;478,353;479,355;478,357;478,359;479,360;478,363;478,365;479,366;478,368;478,370;479,373;479,375;479,376;478,379;479,380;479,383;478,384;478,387;479,388;478,391;479,393;479,394;478,397;478,399;479,401;478,403;478,404;479,407;479,408;479,410;479,412;479,415;478,417;479,419;478,420;479,422;478,424;478,426;479,428;478,431;478,433;478,435;479,437;478,438;478,441;479,443;478,445;479,447;479,449;478,450;479,452;478,454;479,456;479,458;478,460;478,463;478,465;478,466;478,469;478,470;478,473;478,475;479,476;478,479;478,480;478,483;478,485;478,487;478,489;479,490;478,493;479,494;479,496;478,499;479,501;478,503;479,505;478,506;478,508;478,511
480,1;480,2;481,5;481,7;480,8;481,11;480,13;480,15;480,16;480,18;480,20;481,22;480,24;480,27;480,29;480,30;481,33;481,35;480,36;481,38;480,41;481,43;481,45;480,46;480,49;480,50;480,53;481,54;480,56;481,59;481,60;481,62;480,65;481,66;480,68;480,71;481,73;480,75;481,77;480,79;481,80;480,83;480,84;481,86;481,88;480,90;481,93;481,94;481,96;480,98;480,101;481,102;481,104;481,106;480,108;480,111;480,112;480,114;480,116;481,118;481,120;481,122;480,125;480,126;481,129;480,131;480,132;481,134;480,136;480,139;481,141;481,143;480,144;481,146;480,148;480,150;480,152;480,155;480,157;480,158;481,160;480,163;481,164;481,166;481,168;481,170;481,172;481,175;481,177;480,179;480,180;480,183;481,185;481,187;480,188;481,190;480,193;480,194;480,196;481,198;481,201;481,202;481,204;480,206;480,209;481,210;480,212;481,214;481,217;481,219;480,220;481,223;481,224;480,226;480,228;480,231;480,232;480,235;480,236;481,239;480,240;480,242;481,244;481,247;480,249;481,251;480,253;480,254;481,256;480,258;480,261;480,263;481,264;480,266;481,268;480,270;481,273;481,275;480,276;480,279;480,280;481,283;480,285;480,287;481,288;480,291;481,293;480,295;481,297;481,299;480,300;480,303;480,304;480,307;481,309;480,311;480,313;480,314;480,317;481,319;481,320;481,322;480,325;481,327;481,328;480,330;481,333;480,334;480,337;480,339;480,341;481,343;480,345;481,347;481,349;480,350;481,353;481,354;481,356;480,359;481,361;480,363;480,364;481,366;481,369;481,370;480,373;480,375;480,377;481,378;481,380;480,383;480,384;481,386;480,388;481,391;480,393;481,395;480,397;480,399;481,400;480,403;480,404;480,406;481,408;480,410;480,412;481,415;480,417;480,418;480,420;480,423;481,424;480,427;480,429;480,430;480,432;481,435;480,436;480,439;480,441;481,443;480,444;480,446;481,449;481,450;480,452;481,455;480,456;481,458;480,461;481,463;480,464;481,466;481,469;480,470;480,472;480,475;481,477;480,479;480,481;480,482;480,485;480,486;481,489;480,490;481,492;481,494;481,496;480,498;480,500;481,502;481,504;480,506;480,509;480,510
483,0;482,3;482,5;483,6;482,9;482,10;482,13;483,14;482,17;482,18;483,21;482,23;483,25;483,27;482,28;483,30;483,33;482,34;482,36;482,38;483,41;482,43;483,44;482,47;483,49;483,51;482,53;483,55;483,57;482,59;483,61;483,63;483,65;483,67;482,68;483,70;483,72;483,74;483,76;483,79;482,81;483,82;483,84;482,87;482,89;483,90;482,92;482,94;482,97;482,98;482,101;482,102;483,105;483,106;482,108;482,110;482,112;483,115;482,117;482,118;482,121;482,123;482,124;483,127;483,128;482,131;483,133;483,135;483,137;483,139;482,140;482,143;482,145;482,147;483,149;483,150;482,152;482,154;483,157;482,159;482,161;483,163;483,164;483,166;482,169;482,171;482,173;483,174;483,176;483,179;483,181;482,182;482,185;483,187;483,189;482,190;482,193;482,195;482,197;482,199;482,200;482,202;483,204;483,206;482,208;483,210;482,212;483,215;483,216;483,219;482,220;483,222;483,225;483,227;483,229;483,231;483,232;482,235;483,236;483,239;483,240;482,243;483,245;483,247;483,248;482,250;483,253;483,254;482,257;483,259;482,261;483,263;483,265;483,267;482,268;482,270;482,273;482,275;483,277;482,279;482,281;482,283;483,285;482,286;483,288;482,290;483,293;482,294;483,296;483,298;482,301;483,302;482,305;483,307;483,309;482,310;483,312;483,315;483,317;483,318;483,320;483,323;483,324;483,326;482,329;483,330;483,332;482,335;482,336;483,338;483,340;482,343;482,345;482,346;483,348;482,350;482,353;483,354;482,357;483,358;483,360;483,363;482,364;483,367;482,369;483,371;482,372;483,375;483,376;483,379;482,381;482,383;483,385;483,387;483,388;483,390;482,393;483,394;483,396;482,399;483,401;482,403;483,405;482,406;483,408;482,410;482,413;482,415;482,417;482,419;483,421;482,422;483,424;483,427;482,429;483,430;482,433;483,434;482,436;483,439;483,441;483,443;482,445;483,446;482,449;482,450;483,452;482,455;482,457;482,458;482,460;482,462;483,464;483,466;482,469;483,470;483,472;482,474;483,477;483,478;482,480;482,483;483,484;482,487;482,489;483,490;483,492;482,495;482,497;483,499;482,500;483,502;483,504;482,507;482,508;483,510
484,0;485,2;484,5;484,6;485,8;485,11;485,13;484,14;484,17;484,19;484,21;484,22;485,25;485,26;485,29;485,31;484,33;484,34;485,37;484,38;484,40;485,43;484,45;484,47;485,48;484,50;485,53;484,54;484,57;485,58;485,61;485,62;485,65;484,67;485,68;484,70;485,72;485,74;484,76;484,78;484,80;485,82;485,85;484,86;485,88;484,90;484,92;485,95;485,97;485,99;485,100;485,102;485,105;485,106;484,109;485,111;484,113;484,114;485,117;484,118;485,121;485,123;485,124;485,127;485,129;485,131;485,133;484,135;485,136;485,139;484,140;485,142;484,145;485,147;485,149;484,151;485,153;484,155;485,156;485,158;485,161;484,162;484,165;484,167;485,168;484,171;484,173;485,175;484,177;484,179;485,180;485,183;485,185;484,187;485,188;484,190;485,192;485,195;485,197;484,199;484,200;484,203;485,205;485,207;484,208;484,211;485,213;484,215;484,217;485,218;484,220;484,222;485,224;485,227;484,229;484,231;484,232;484,235;484,236;484,239;485,241;485,242;484,244;484,246;485,248;484,251;485,253;485,254;484,256;485,259;485,261;484,263;484,265;484,266;484,268;485,270;485,272;485,275;485,277;485,278;484,281;485,283;485,284;484,287;485,289;485,291;485,293;484,295;484,297;485,299;484,301;484,302;484,305;485,307;484,308;485,310;484,313;485,314;484,316;485,318;484,321;485,322;484,324;485,327;485,329;484,330;485,332;484,335;484,337;484,338;485,340;485,342;484,344;484,346;485,348;485,350;485,353;484,354;485,357;484,358;484,360;484,363;484,365;484,366;484,368;485,370;484,373;484,375;485,377;485,379;484,380;484,383;485,384;484,386;484,388;485,390;485,393;485,394;484,397;484,399;484,400;484,402;484,404;484,407;485,409;484,410;485,413;485,415;484,417;485,419;484,420;485,423;485,425;484,426;485,428;484,430;485,432;484,434;484,437;485,439;485,441;484,442;484,444;484,446;485,449;485,450;485,452;485,455;484,456;484,458;485,460;485,462;485,465;485,467;484,469;484,471;485,472;484,475;484,476;484,479;484,481;485,483;484,484;484,486;485,489;484,490;484,492;484,495;485,496;484,498;484,501;485,503;484,505;485,507;484,509;485,511
487,0;487,2;487,4;486,6;487,9;486,10;486,13;487,14;487,16;486,19;487,21;486,22;486,24;486,26;486,29;487,31;487,32;486,35;486,36;487,39;487,41;487,42;486,44;486,47;487,49;486,51;486,52;487,54;487,57;487,58;486,61;487,62;487,64;487,67;486,69;487,71;487,73;487,74;486,77;487,78;487,80;486,82;486,85;486,87;486,88;487,90;486,93;487,95;486,96;487,98;486,101;487,102;487,104;486,107;487,109;486,110;487,112;486,114;487,116;487,118;486,120;486,122;487,124;487,127;486,128;486,131;487,132;487,134;486,137;487,139;486,140;486,143;487,145;487,146;486,149;487,151;487,152;487,154;487,156;486,159;486,160;486,162;486,165;487,167;486,169;486,170;487,173;487,175;486,177;486,178;486,180;486,183;486,185;486,186;487,189;486,191;487,193;486,195;486,196;486,198;487,200;487,203;486,205;486,206;486,209;486,211;486,213;487,215;487,216;486,218;487,221;487,222;487,224;487,226;487,229;487,231;487,232;487,235;487,237;486,238;486,240;486,242;487,245;486,247;486,248;486,251;486,252;486,255;487,256;486,258;486,261;486,262;487,265;486,267;487,268;486,271;486,272;487,275;486,277;487,279;486,280;486,283;486,284;486,287;486,288;486,290;486,292;486,294;486,297;486,299;486,301;486,302;487,305;486,306;486,308;486,311;486,313;486,314;487,316;486,318;486,320;486,323;486,325;486,326;486,328;486,330;486,332;486,334;487,337;486,338;487,340;486,343;486,344;487,347;486,348;486,350;486,352;486,354;486,356;486,359;487,361;487,363;486,365;487,366;486,369;487,371;486,373;486,374;487,377;487,379;487,380;486,382;486,384;487,386;486,389;487,391;487,392;487,395;487,397;487,399;487,400;487,402;486,405;486,406;487,409;487,410;487,413;486,414;486,417;486,418;486,421;487,423;486,425;487,427;486,428;487,431;486,433;487,435;487,437;486,439;487,441;486,443;487,445;487,446;487,448;486,451;486,453;486,454;486,457;486,459;487,460;486,462;486,464;487,467;487,469;487,471;486,472;487,474;486,477;487,478;487,480;487,482;487,485;486,486;486,489;486,491;487,493;487,495;487,496;487,499;486,500;486,502;486,504;486,506;487,509;487,510
488,0;488,2;488,5;489,7;488,9;488,10;488,13;489,14;489,17;489,19;489,20;488,23;489,24;489,26;489,28;488,30;488,33;489,34;489,37;488,38;489,40;489,42;489,45;488,47;488,48;489,50;489,52;488,54;489,56;488,58;489,60;489,62;488,64;489,67;488,68;488,70;488,73;488,74;489,77;488,79;489,81;489,83;488,84;489,87;488,89;488,90;489,93;489,94;489,96;489,99;488,101;488,102;488,104;489,106;488,109;489,111;488,112;489,114;489,117;489,119;488,121;488,123;488,125;488,127;488,128;488,130;489,132;488,134;488,136;488,139;489,140;489,143;489,144;488,147;489,148;488,150;489,152;489,154;488,156;488,159;488,160;488,162;489,164;489,167;488,168;489,170;488,173;489,174;488,177;488,179;488,180;488,182;489,184;488,187;489,188;488,190;489,192;489,194;488,197;488,198;489,200;489,202;489,205;488,206;488,209;488,210;488,212;489,215;488,217;489,218;488,220;488,223;489,224;488,227;488,229;488,230;488,232;489,235;489,236;489,238;488,241;488,242;488,245;489,247;489,249;489,250;488,253;489,254;489,257;489,259;489,260;489,263;489,264;489,266;489,268;489,271;489,272;489,275;489,276;489,279;489,281;489,282;489,285;489,286;489,289;488,291;489,293;489,294;489,296;489,299;489,300;489,303;489,304;488,307;489,308;489,311;489,312;488,314;489,317;489,318;489,320;489,322;489,324;488,326;489,329;488,330;488,333;488,334;489,336;488,338;489,340;488,343;489,345;488,347;489,349;489,351;489,353;489,354;489,357;489,359;489,360;488,363;488,365;488,366;489,368;489,371;488,373;489,375;489,377;489,378;489,381;488,382;489,385;488,386;489,389;489,391;489,393;488,395;488,396;489,399;489,400;488,402;489,405;489,407;488,408;489,410;489,412;489,415;488,416;489,418;488,420;488,423;488,424;488,427;488,428;488,430;489,433;489,434;488,437;488,439;488,441;489,442;489,445;488,446;489,448;488,450;488,453;489,454;488,457;489,459;489,460;488,463;488,465;489,467;489,468;488,471;488,472;489,475;488,476;489,478;488,481;488,483;488,485;489,487;488,488;489,490;489,492;489,495;488,497;489,498;488,500;488,502;488,504;488,506;489,509;489,511
491,0;491,3;491,4;491,6;490,8;490,10;490,13;491,14;490,16;491,18;491,20;491,22;490,25;490,27;490,28;490,30;490,33;491,35;491,37;490,38;490,40;490,43;490,44;491,46;491,49;490,51;490,52;490,54;490,57;490,59;491,60;490,63;490,65;490,66;490,68;490,71;491,73;490,75;491,77;490,78;490,81;490,83;491,84;491,87;491,89;491,91;491,92;490,95;491,96;490,98;490,101;490,103;490,104;490,106;491,109;490,110;490,112;491,114;490,117;491,118;491,121;491,123;491,125;491,127;491,128;491,130;491,133;490,134;490,137;491,138;490,141;490,143;491,145;491,147;491,148;490,151;490,152;491,155;491,157;490,159;490,160;491,163;490,164;491,166;491,168;491,171;491,173;491,174;491,177;491,179;491,181;490,183;491,185;491,187;491,188;491,191;491,192;491,195;490,196;491,198;491,200;491,202;491,205;491,206;490,209;490,211;490,212;490,214;491,216;491,218;490,220;490,222;491,225;491,227;490,228;491,230;490,232;491,234;491,236;490,239;491,240;490,243;491,245;490,246;491,249;490,251;491,253;490,254;491,257;491,258;490,260;490,263;490,264;490,266;491,268;490,271;490,273;490,275;491,277;490,279;491,280;490,282;490,285;490,287;491,288;491,290;490,292;490,294;491,297;490,298;491,300;490,302;490,305;490,306;490,309;491,311;491,312;490,314;491,317;491,318;491,320;490,322;490,324;491,326;491,329;491,331;490,333;490,335;491,336;491,339;490,341;490,343;491,344;490,347;490,348;491,350;491,352;490,355;490,356;490,359;490,360;491,363;491,364;491,367;491,368;491,371;491,372;491,375;490,377;491,378;490,381;491,383;490,385;491,386;490,388;490,390;490,393;491,395;490,397;491,399;491,401;491,403;491,405;490,407;490,409;490,410;490,412;491,415;491,417;491,419;490,420;490,422;490,424;491,426;490,429;490,431;490,433;491,434;490,436;491,439;491,440;490,443;491,445;491,447;490,449;491,450;491,453;490,454;491,457;491,459;491,460;490,463;490,464;491,466;491,469;491,470;491,473;491,474;490,477;490,478;491,480;491,482;490,484;490,486;490,489;490,490;491,492;490,495;491,497;490,499;490,501;491,503;490,504;491,506;491,508;491,510
492,1;493,2;493,4;493,7;492,9;492,11;492,13;493,14;493,16;492,19;493,21;492,23;492,24;492,27;492,28;493,30;493,33;493,35;492,37;492,39;492,41;492,43;493,45;493,47;492,48;493,51;493,52;492,54;493,56;492,58;492,61;492,62;493,65;493,66;493,69;493,71;493,73;493,74;492,76;492,79;492,80;492,83;492,85;492,86;492,88;493,91;492,93;492,95;492,97;493,98;492,100;492,102;492,105;493,106;492,109;492,111;493,113;492,114;492,116;493,118;493,120;493,123;492,124;492,126;492,128;493,130;493,132;493,135;492,136;493,139;492,140;493,143;493,145;492,147;493,149;493,150;493,153;493,155;492,156;493,158;493,160;493,162;492,164;493,166;492,168;493,170;492,172;492,175;492,176;492,179;492,181;492,183;492,184;492,187;492,189;492,191;492,192;492,195;492,196;493,199;492,200;493,202;492,204;492,206;493,208;493,211;492,213;493,215;492,217;492,218;493,221;493,222;492,225;493,227;493,229;492,231;492,233;493,234;492,236;493,238;492,240;492,242;493,244;493,246;493,249;492,250;492,253;493,255;492,256;492,259;492,260;493,262;493,265;492,266;493,269;493,271;493,273;492,274;492,277;493,278;493,281;493,282;493,284;493,286;493,289;492,291;492,292;493,295;492,296;493,298;493,301;492,302;493,305;492,306;492,308;493,311;493,313;492,315;492,317;493,318;493,320;493,323;493,325;493,327;492,329;492,330;492,333;493,334;493,336;492,339;493,341;492,343;492,344;492,347;492,348;493,351;492,352;492,354;492,356;493,358;493,360;492,362;492,365;492,366;492,368;493,370;492,373;493,374;492,377;492,379;492,381;493,382;492,384;493,386;492,389;492,390;493,392;492,395;493,397;493,399;492,400;492,402;493,404;492,407;492,409;492,411;493,412;493,414;492,416;492,419;493,421;492,423;492,424;492,426;493,428;492,430;492,432;492,434;492,437;493,438;493,441;493,442;492,445;493,446;492,449;492,451;492,453;493,454;492,457;492,459;492,461;493,462;492,465;492,467;492,469;493,471;492,473;492,475;493,477;493,479;493,480;493,482;493,484;493,486;493,488;493,491;492,492;493,495;492,497;493,498;492,501;492,502;492,504;492,506;492,509;492,511
495,0;495,3;495,5;495,7;494,8;495,11;494,12;494,14;494,16;494,19;495,21;495,22;495,24;495,26;494,28;494,30;495,33;494,35;495,36;495,38;494,41;495,43;494,45;494,47;494,49;495,51;495,52;494,55;494,57;495,58;495,61;494,62;495,64;495,67;495,68;495,71;495,73;494,75;495,76;494,79;495,80;495,82;494,84;495,87;494,88;495,91;494,92;495,94;495,97;494,98;495,101;495,102;494,104;495,107;495,109;494,110;495,113;494,114;494,116;494,119;495,121;494,122;495,124;494,127;494,128;495,131;494,132;494,135;494,137;495,139;494,140;494,143;495,144;495,147;494,149;494,150;495,153;495,154;494,156;495,159;494,161;494,163;495,164;494,167;495,168;494,170;494,172;495,174;494,176;495,178;494,181;494,183;495,184;495,187;495,188;494,191;495,193;494,195;495,197;495,199;495,201;495,202;495,204;495,207;494,208;494,210;495,213;494,215;494,216;494,218;494,221;495,222;495,225;494,227;494,229;494,230;495,232;494,234;495,237;494,238;494,240;494,242;494,245;494,247;494,249;494,251;495,253;494,254;494,256;495,259;495,261;494,263;495,265;495,266;495,268;494,270;494,272;494,274;494,277;495,278;495,280;495,282;495,284;494,287;495,288;495,291;494,292;495,294;495,297;494,298;495,300;494,302;494,305;495,306;495,309;495,310;494,312;494,314;495,317;495,318;495,320;495,323;495,325;494,327;495,328;495,331;494,332;495,335;495,337;495,338;495,341;494,343;495,344;494,346;495,348;494,351;495,352;495,354;494,357;494,358;494,361;494,363;494,365;495,367;495,368;495,371;494,372;495,374;494,376;494,378;495,381;494,382;495,385;494,386;494,388;494,391;494,392;494,394;494,397;495,399;495,400;495,402;494,405;495,407;495,409;495,411;494,412;495,414;495,416;494,418;495,420;495,423;494,425;494,426;495,428;494,431;495,433;495,435;494,437;495,439;494,441;495,442;495,444;495,447;494,449;494,451;494,452;495,455;495,456;495,459;495,460;494,462;494,465;495,467;494,469;495,471;494,473;494,474;495,477;494,479;495,480;494,482;494,485;494,486;495,488;495,491;495,492;495,494;494,497;495,498;494,501;494,503;494,505;494,507;494,509;494,511
497,0;496,3;497,5;497,7;496,9;497,10;496,13;497,14;497,17;496,19;497,20;497,23;497,24;497,27;497,29;496,31;497,33;497,34;496,36;496,38;497,41;496,43;497,45;497,47;497,49;497,50;496,52;496,54;496,57;497,59;496,60;496,62;497,64;496,67;496,69;496,71;496,73;496,74;496,77;497,78;496,81;497,83;496,85;497,86;497,89;496,91;497,92;496,95;496,97;496,99;496,100;496,103;497,105;497,107;496,108;496,111;497,112;496,114;496,117;496,119;496,121;496,123;496,124;497,127;496,129;496,131;497,132;496,134;497,136;496,138;496,140;496,143;497,144;497,146;497,149;497,150;496,153;497,154;497,156;496,159;497,160;497,163;496,164;496,167;497,168;496,170;497,172;497,175;497,176;496,179;496,181;497,182;496,185;496,187;496,189;496,191;496,192;496,194;496,197;496,198;496,201;497,202;496,205;496,207;497,208;497,210;497,212;497,215;497,216;496,219;497,221;497,223;497,225;496,226;497,229;497,230;497,232;496,235;496,236;497,238;497,241;497,242;497,244;496,247;496,248;496,250;496,253;497,254;496,257;496,259;496,260;496,263;497,265;496,266;496,269;496,270;497,272;497,274;497,276;496,279;496,280;496,283;496,284;496,287;497,288;496,291;496,293;496,294;497,296;496,298;496,301;497,302;497,305;497,306;497,309;497,310;496,312;496,315;497,316;496,319;496,321;497,323;497,324;497,326;497,328;496,331;496,332;496,334;497,336;496,339;497,341;497,343;496,345;496,347;496,349;496,350;496,352;497,354;497,357;497,358;497,361;497,363;496,364;497,367;496,369;497,371;496,373;496,374;496,377;496,379;497,381;497,383;497,385;497,386;496,389;496,390;496,393;497,394;496,396;496,398;497,401;496,402;496,405;497,407;496,408;496,411;496,413;496,414;497,416;497,419;496,421;496,423;497,425;496,427;497,429;496,431;497,432;496,435;496,436;497,439;497,440;497,443;496,445;496,446;496,448;497,451;497,452;496,454;497,456;496,458;496,461;496,462;497,465;497,466;496,468;497,470;496,472;496,475;497,477;497,478;496,481;497,482;497,484;497,487;496,489;497,490;496,493;496,494;496,496;497,499;497,501;496,503;496,504;497,507;497,508;497,511
498,0;499,2;498,4;498,7;498,8;499,11;499,12;499,15;498,17;499,19;498,21;498,23;499,24;498,27;498,29;498,30;498,32;498,34;499,36;498,39;498,40;499,42;499,44;499,47;498,49;499,50;499,53;499,55;499,56;498,59;499,61;498,63;498,64;499,66;499,69;499,70;499,73;499,75;499,77;498,78;499,81;499,83;499,85;498,86;499,89;498,90;499,93;498,95;498,96;498,98;499,101;498,102;498,105;499,107;499,108;499,110;498,113;499,114;499,116;499,119;499,121;498,123;499,124;499,127;499,129;498,131;498,132;498,134;499,137;499,138;498,140;498,142;498,144;498,147;498,148;498,150;499,152;498,154;498,157;498,159;499,161;498,162;498,165;498,166;499,169;499,171;498,172;499,175;498,177;498,178;499,181;499,183;499,184;499,186;499,189;499,191;499,192;498,195;498,196;499,198;499,200;498,202;499,205;499,207;499,208;499,211;498,213;499,215;498,217;499,219;499,220;499,223;498,225;499,226;498,229;499,230;498,232;498,235;498,237;498,239;498,241;498,243;498,244;499,247;499,249;499,250;499,253;499,254;498,257;499,259;498,260;499,262;499,265;499,266;498,269;498,271;499,273;499,274;499,277;499,278;499,281;499,282;498,285;498,287;499,289;499,290;498,293;499,294;498,297;499,298;498,301;499,303;498,305;499,307;498,308;499,311;498,313;498,315;499,317;498,319;499,321;498,322;499,324;499,327;498,328;498,330;498,332;498,335;498,337;499,338;499,341;498,342;499,344;499,347;498,348;498,350;499,353;499,355;499,356;499,359;498,360;499,363;499,364;499,366;498,369;499,370;498,373;498,374;498,376;499,378;499,380;499,382;498,384;498,387;499,389;499,391;499,392;499,395;499,396;498,398;499,401;499,402;498,405;499,407;498,409;498,411;498,412;498,415;499,417;498,419;499,421;499,422;499,425;499,427;499,428;499,430;498,433;498,434;499,437;498,439;498,441;498,443;498,444;499,446;498,448;499,451;498,452;498,455;498,457;499,459;498,461;498,462;498,464;499,467;499,468;498,471;498,472;499,475;498,476;498,479;499,481;499,483;498,485;499,487;498,489;498,491;498,493;499,495;499,496;499,499;498,500;498,502;499,504;499,506;498,508;499,510
501,0;501,3;500,4;500,7;501,8;500,11;501,12;501,14;500,16;501,19;501,21;501,22;500,24;501,26;501,28;501,30;500,33;501,34;501,36;501,38;501,40;500,42;501,44;501,47;501,49;500,50;500,53;500,55;501,57;501,59;500,61;500,62;500,65;501,67;500,68;500,70;501,73;501,74;501,76;501,78;500,80;501,83;501,84;501,86;501,88;500,91;500,92;500,95;500,97;501,99;500,100;501,102;501,104;500,107;500,109;501,110;500,113;501,114;500,116;500,119;501,121;501,122;500,125;501,127;500,128;500,131;500,132;501,135;500,136;501,139;500,141;501,143;500,144;500,146;500,148;501,150;500,153;500,154;500,157;501,158;501,160;500,163;501,164;501,167;501,169;501,171;500,172;501,175;501,176;501,179;500,180;500,183;501,184;500,187;500,188;500,191;500,192;501,194;500,197;500,199;500,201;500,203;500,205;501,207;501,208;501,211;500,212;501,214;501,217;500,218;501,220;501,222;501,225;501,226;501,228;501,231;501,233;500,234;501,237;501,239;501,240;500,243;500,244;500,247;500,249;501,250;500,253;500,254;500,257;501,259;500,260;500,262;500,264;500,267;501,269;500,270;501,273;501,274;500,276;500,279;500,281;501,283;500,285;500,287;501,289;501,290;501,292;500,295;500,296;500,298;500,301;500,303;500,305;501,306;500,309;501,311;500,313;501,314;500,317;500,319;501,321;501,323;500,324;501,327;501,329;501,331;501,332;500,335;501,337;500,338;500,341;500,343;501,344;501,346;500,349;500,350;500,352;500,354;500,357;501,359;500,360;500,362;501,365;500,366;500,368;501,370;500,372;501,374;501,377;500,378;500,381;500,382;501,385;501,386;501,389;500,390;501,392;501,395;500,397;501,399;501,400;500,403;501,405;501,407;501,408;501,411;500,412;501,415;500,416;500,419;500,420;500,423;500,425;500,426;501,429;501,431;501,433;500,435;500,437;500,439;501,441;501,442;500,445;501,446;500,448;500,451;500,452;500,455;500,457;500,459;500,461;501,462;500,465;501,467;501,469;501,471;501,473;501,475;500,476;501,479;501,480;501,482;501,485;500,487;500,488;501,491;501,492;501,495;500,497;500,498;500,500;501,502;501,505;500,506;501,509;501,511
503,1;503,2;502,4;502,6;502,8;502,11;503,13;503,14;502,16;502,18;502,21;502,22;503,25;503,27;502,28;502,30;503,33;502,34;502,37;503,39;503,41;502,43;503,45;502,47;503,49;503,51;502,53;502,54;502,57;502,59;502,61;502,62;503,65;502,67;502,69;503,70;503,73;503,74;503,76;503,79;502,81;503,82;502,85;503,86;502,88;503,90;503,92;503,95;502,97;502,99;503,101;503,103;503,105;502,106;503,109;503,111;503,112;503,115;503,116;503,118;503,121;502,122;502,125;503,127;502,129;502,130;502,132;502,135;503,137;502,139;502,140;503,143;502,145;502,147;503,149;502,150;503,152;502,154;502,157;502,158;503,160;503,163;503,164;502,167;502,169;503,170;502,173;503,174;503,176;503,178;503,180;503,183;503,185;503,187;503,189;503,191;503,192;503,195;503,197;503,199;502,200;502,203;503,204;502,207;503,208;503,210;502,212;502,215;503,216;502,219;502,221;502,222;503,224;503,227;502,228;502,230;502,233;502,234;502,237;502,238;503,240;503,243;502,244;502,247;502,249;503,250;503,252;502,254;503,257;503,258;502,260;502,262;502,265;502,267;503,269;502,270;502,273;503,274;502,276;502,279;502,281;503,282;502,284;502,287;502,288;503,291;502,293;502,294;503,297;503,299;502,300;502,303;503,304;503,306;502,308;503,311;503,313;502,314;503,316;502,319;502,320;503,323;502,325;502,327;503,328;503,330;503,332;503,334;503,337;503,338;503,340;503,342;503,344;503,346;502,349;502,350;502,353;502,354;503,357;503,358;502,361;503,363;503,364;502,366;502,368;502,371;502,372;503,375;503,377;503,378;503,381;502,382;502,385;503,386;502,388;502,391;503,392;502,394;503,397;503,399;502,401;502,402;502,405;502,407;502,408;503,411;503,412;503,414;502,417;502,419;502,420;502,422;502,424;503,426;503,429;502,430;503,432;503,435;502,436;503,439;503,441;503,442;502,444;502,447;503,449;503,451;502,452;503,454;502,457;502,459;502,460;502,462;502,465;503,466;503,469;503,470;502,473;502,475;503,476;502,478;503,480;502,483;503,484;502,486;502,489;502,491;502,492;502,494;502,496;502,499;502,501;502,503;503,505;503,507;503,508;502,510
504,1;505,2;504,5;504,7;505,8;504,11;505,12;504,15;505,17;505,19;504,21;504,23;504,25;505,26;505,28;505,31;504,32;505,35;505,37;505,38;505,40;505,43;505,45;504,46;505,49;505,50;504,53;505,54;504,56;504,58;504,61;505,63;505,65;505,66;505,69;504,71;504,73;504,74;505,77;504,78;505,80;505,82;504,84;505,86;504,88;505,90;505,93;504,94;505,97;505,98;504,101;504,102;505,104;505,107;504,109;505,110;504,112;504,115;504,117;505,119;504,120;505,123;504,125;505,127;505,128;504,130;505,133;504,135;504,136;505,139;505,140;505,143;504,144;504,147;504,149;504,150;505,152;505,154;504,157;505,158;505,160;504,163;504,165;504,166;505,168;504,170;504,172;504,174;505,177;505,179;505,181;505,183;505,184;505,187;504,188;505,190;504,192;504,194;504,197;504,199;504,200;504,203;504,204;505,207;505,208;505,210;505,212;504,215;504,217;505,218;504,221;504,223;505,224;504,227;505,229;504,230;505,233;504,234;505,236;504,239;504,240;504,243;504,244;505,246;504,248;505,250;505,253;504,254;505,257;505,259;505,260;505,263;504,265;504,266;505,268;504,270;505,273;505,275;504,277;505,278;505,281;504,282;504,284;504,287;505,288;504,291;505,293;504,294;504,296;505,299;504,301;504,302;505,305;505,306;504,309;505,310;504,313;505,314;504,317;505,318;504,321;505,322;504,324;505,326;504,329;505,331;504,333;504,334;504,337;505,338;505,341;505,343;504,344;505,347;504,348;504,351;505,353;505,354;505,357;504,358;505,361;505,362;505,364;504,367;505,368;505,371;505,372;505,374;505,377;505,379;505,380;504,383;505,384;504,387;505,388;505,390;504,392;504,395;504,397;505,399;504,401;505,402;505,404;504,406;505,409;504,410;505,412;504,414;505,417;505,419;504,420;504,423;505,424;504,426;505,429;504,430;505,433;505,435;504,436;505,439;504,440;504,442;504,444;505,447;505,449;504,450;504,452;505,455;505,456;504,458;504,460;505,463;504,465;505,467;504,468;504,470;505,472;504,475;504,476;505,478;504,480;505,483;505,485;505,487;505,488;505,490;505,493;505,495;505,497;504,499;505,500;505,503;505,505;504,507;504,508;505,510
506,1;507,3;506,4;507,7;506,9;507,11;507,13;507,14;507,17;507,18;506,20;507,23;507,25;507,26;506,28;506,30;507,33;507,35;506,36;507,38;506,41;506,43;507,45;507,47;506,49;507,51;507,52;507,54;506,57;506,58;507,60;506,63;507,64;506,66;506,68;507,70;506,72;507,74;506,76;506,79;507,81;507,82;507,84;506,86;507,88;507,91;506,92;507,94;507,97;506,98;507,100;507,103;507,105;506,107;507,109;506,110;507,112;507,114;506,116;507,119;507,121;506,123;507,124;506,127;507,129;506,131;506,132;506,134;507,137;507,139;507,141;506,143;507,144;507,146;506,149;506,151;507,153;507,155;506,156;506,159;506,160;507,163;507,165;507,166;507,169;506,171;507,172;507,174;507,177;507,178;507,180;507,183;507,185;506,186;507,189;507,190;507,192;507,195;507,196;507,199;507,200;507,203;507,204;506,207;506,208;507,211;506,212;507,215;506,216;506,219;506,220;507,223;507,225;506,227;507,228;506,231;506,232;507,234;506,237;507,239;507,241;507,243;507,244;506,247;506,249;507,250;507,252;506,255;506,256;507,258;506,260;506,263;506,264;507,267;506,268;507,271;506,273;506,275;506,276;507,278;506,281;507,283;507,285;507,286;506,289;507,291;506,293;506,294;506,296;506,298;507,301;506,302;507,304;506,306;507,309;506,311;506,313;506,314;507,316;506,319;507,321;506,322;507,324;507,327;507,328;506,330;507,332;507,334;506,336;506,338;507,341;506,343;506,345;506,347;507,349;507,350;506,353;507,355;506,356;506,359;506,361;506,363;506,364;507,367;507,368;507,370;507,373;506,374;506,377;507,379;506,381;507,383;506,384;506,386;507,389;507,391;506,393;506,394;507,396;507,399;507,400;507,402;507,404;506,407;506,408;507,411;506,413;507,414;506,416;506,419;506,420;506,422;506,424;506,427;507,428;506,431;507,432;506,434;506,436;507,438;507,441;507,442;507,444;507,446;506,448;506,450;506,452;507,454;507,456;507,458;507,461;507,462;507,464;506,466;507,468;506,471;507,473;507,474;506,476;506,479;506,481;506,483;506,485;507,487;507,488;507,491;507,492;506,494;507,497;506,498;507,500;507,503;506,504;506,507;507,508;506,511
508,0;509,3;509,5;509,6;509,8;509,11;509,13;508,15;509,17;508,18;508,20;508,23;509,24;508,27;509,28;509,31;509,32;508,34;508,37;509,38;508,40;509,42;508,45;508,47;509,48;508,51;509,52;508,55;508,57;509,59;508,60;508,62;508,64;509,66;508,69;509,71;508,73;509,74;508,77;508,79;509,80;508,83;509,85;509,87;508,88;508,90;509,92;509,94;509,96;509,99;509,100;508,103;509,105;509,106;509,108;509,110;508,112;509,115;508,117;508,118;509,121;509,123;508,124;509,127;508,129;508,130;508,133;509,135;509,136;509,138;509,141;509,143;508,145;509,146;508,148;508,151;509,153;509,154;508,156;508,159;509,161;509,163;509,165;508,167;509,169;509,171;509,172;508,174;509,177;509,179;509,180;509,183;508,184;508,187;509,188;509,191;508,192;508,195;509,196;508,199;508,200;508,203;509,205;509,206;508,208;509,211;509,213;509,215;508,217;508,219;509,220;508,222;508,225;508,227;508,228;508,230;508,233;509,234;508,236;508,239;508,240;508,242;508,244;509,247;509,249;509,251;509,253;509,254;509,257;508,258;509,260;509,262;508,265;509,267;508,268;509,270;508,272;508,274;509,276;509,278;509,280;508,283;509,284;508,287;508,289;509,291;508,292;509,295;508,296;509,298;508,300;509,303;509,304;509,307;509,309;508,310;508,313;508,315;509,317;508,318;509,320;508,323;508,325;509,327;508,328;509,331;508,333;509,335;509,337;508,339;509,340;508,343;509,345;508,346;508,349;509,350;508,353;508,355;508,356;509,358;508,361;509,362;508,365;509,366;508,369;508,371;508,372;509,375;509,376;508,378;508,381;509,383;509,385;509,386;509,389;509,391;509,392;508,394;508,397;509,398;508,400;508,402;509,405;509,407;509,409;508,411;508,413;508,415;508,417;508,418;509,421;508,422;508,424;508,426;509,429;509,431;508,432;508,435;508,436;508,438;508,440;509,442;508,445;508,447;508,448;508,451;509,453;508,454;509,456;508,458;508,460;509,463;509,465;508,467;509,469;508,471;509,473;509,475;509,477;508,478;509,480;508,482;509,485;509,486;508,489;509,490;509,493;509,495;509,497;509,498;508,500;509,503;508,504;509,507;509,508;508,510
510,0;511,3;511,4;510,6;510,8;510,11;511,12;511,14;511,16;511,19;510,21;511,23;510,25;510,27;510,29;510,31;510,32;510,35;510,37;511,38;510,40;510,43;511,44;511,47;510,48;511,50;511,52;510,54;510,56;510,59;511,61;511,63;511,64;511,67;510,68;511,70;510,73;511,74;510,76;511,79;511,80;511,83;511,84;511,86;511,89;510,91;510,93;510,95;511,97;510,99;511,101;510,102;511,104;511,106;511,108;510,110;510,112;511,114;510,117;510,118;511,120;510,123;510,124;511,126;511,128;510,131;511,133;511,134;510,137;511,138;511,141;511,142;510,145;511,147;511,148;510,150;510,152;510,154;511,156;510,158;510,161;511,163;511,165;511,167;510,169;510,171;511,173;510,175;511,176;510,178;510,180;511,182;510,184;511,187;511,188;511,191;510,193;511,195;511,197;511,199;510,200;511,202;510,205;510,207;511,209;510,211;510,213;510,215;510,216;510,219;510,220;511,223;511,225;511,227;510,229;510,231;511,233;510,234;511,236;510,239;510,240;510,243;511,244;511,246;510,248;510,250;510,253;511,255;510,257;511,259;510,261;511,263;511,265;510,266;511,269;510,270;510,272;510,274;511,276;511,279;510,281;511,283;511,284;510,287;511,289;511,290;510,292;511,295;511,296;510,299;510,301;511,302;511,304;511,306;510,309;510,310;511,313;511,315;511,317;510,318;511,321;511,323;511,325;510,327;510,329;510,331;511,332;511,334;510,336;510,339;511,340;510,343;510,345;511,347;510,348;511,350;511,352;511,354;511,357;510,358;511,361;511,362;510,364;510,367;511,369;511,370;511,373;510,374;511,376;510,378;510,380;510,382;510,385;511,387;510,388;510,390;510,393;511,395;511,396;510,399;510,401;510,403;510,404;510,407;511,408;511,410;510,412;510,415;511,416;510,419;511,421;511,422;511,425;510,427;511,428;510,430;511,433;511,435;510,437;511,439;510,440;510,443;510,445;511,446;511,449;511,451;510,453;511,454;511,456;510,459;510,460;510,462;510,464;510,466;511,469;510,470;510,473;510,474;511,476;511,479;511,480;510,483;511,484;510,486;511,488;511,490;511,493;511,495;511,497;510,498;510,501;510,502;510,504;510,506;511,508;511,510
